x,y,z
1.252134819111146546e+00,-4.300364127087055732e-02,1.436876104081660777e-01
1.282248759830352247e+00,-4.062624592617025687e-02,1.407463165818222395e-01
1.311042432533034985e+00,-3.658560729987132137e-02,1.320428520176285536e-01
1.337337020875633886e+00,-3.104714961208933366e-02,1.179335375774568373e-01
1.360056021321920161e+00,-2.423761797130322138e-02,9.899601025226173467e-02
1.378269315324253563e+00,-1.643579540297275543e-02,7.600557463580169537e-02
1.391231248486207495e+00,-7.961089439720634223e-03,4.990346186347614788e-02
1.398411157741168864e+00,8.395444605819461824e-04,2.175829549905207091e-02
1.399515096760636235e+00,9.605807312026015329e-03,-7.277658039594367065e-03
1.394497870151445218e+00,1.797880728348130036e-02,-3.601566340301129432e-02
1.383564883760475039e+00,2.561575277233071185e-02,-6.327918327504820917e-02
1.367163735335143793e+00,3.220398633295774166e-02,-8.795204594881628202e-02
1.345965889819037198e+00,3.747378490930575873e-02,-1.090241415275132186e-01
1.320839189498226096e+00,4.120940232848401691e-02,-1.256327759422810331e-01
1.292812324436106053e+00,4.325790197443495771e-02,-1.370979897487474841e-01
1.263032717781337411e+00,4.353541803096487584e-02,-1.429503957465703967e-01
1.232719550129321551e+00,4.203058895811265933e-02,-1.429503957465703967e-01
1.203113846125377862e+00,3.880502263493081777e-02,-1.370979897487475119e-01
1.175427666769950363e+00,3.399077412567832329e-02,-1.256327759422810608e-01
1.150794487498838281e+00,2.778493932997419535e-02,-1.090241415275132325e-01
1.130222793565676342e+00,2.044158585350914700e-02,-8.795204594881625426e-02
1.114554792537159944e+00,1.226135145041709791e-02,-6.327918327504818141e-02
1.104431934216308475e+00,3.579135878297348694e-03,-3.601566340301130126e-02
1.100268649612162752e+00,-5.249609937210505083e-03,-7.277658039594370534e-03
1.102235384085581638e+00,-1.386343610508598313e-02,2.175829549905206398e-02
1.110251619296142023e+00,-2.190969156993466394e-02,4.990346186347614788e-02
1.123989169632455987e+00,-2.905896168763076604e-02,7.600557463580169537e-02
1.142885618169660944e+00,-3.501855449955224714e-02,9.899601025226173467e-02
1.166167342084405645e+00,-3.954448357575660739e-02,1.179335375774568373e-01
1.192881184864133637e+00,-4.245145684808995096e-02,1.320428520176285536e-01
1.221933478646699989e+00,-4.362046248922812203e-02,1.407463165818222395e-01
1.252134819111146546e+00,-4.300364127087055732e-02,1.436876104081660777e-01
1.247901105653975495e+00,4.223594828452960359e-02,1.692614694590410807e-01
1.277913432837981977e+00,4.597796586983843303e-02,1.667296390877219814e-01
1.306609920524975488e+00,5.132375379148695904e-02,1.584177927486267179e-01
1.332815731137356519e+00,5.805445486385947540e-02,1.446662184074783974e-01
1.355457995709602015e+00,6.589451339422924825e-02,1.260379071335449574e-01
1.373609737269771314e+00,7.452295646519517536e-02,1.032955041791148720e-01
1.386527821385652004e+00,8.358653460363291154e-02,7.737008619326142533e-02
1.393683380175729347e+00,9.271418385562957276e-02,4.932304283443271486e-02
1.394783464222395075e+00,1.015322171883552005e-01,2.030262335312685643e-02
1.389783035955524548e+00,1.096796232810930832e-01,-8.503072867336987362e-03
1.378886813495888486e+00,1.168228463711269427e-01,-3.591473723916746574e-02
1.362540889471236527e+00,1.226694420658577256e-01,-6.081013300224795415e-02
1.341414467931702381e+00,1.269800500505973151e-01,-8.217003972895321751e-02
1.316372467057363327e+00,1.295781935279755603e-01,-9.911998032820938664e-02
1.288440109306325576e+00,1.303575041987596883e-01,-1.109660222403495017e-01
1.258760948686828751e+00,1.292860769925227027e-01,-1.172231871176397516e-01
1.228550053521788588e+00,1.264077762649752634e-01,-1.176353058948181735e-01
1.199044261408891421e+00,1.218404399860891496e-01,-1.121855063807251779e-01
1.171451542944022428e+00,1.157710554397612113e-01,-1.010969040077919906e-01
1.146901547263140086e+00,1.084481039424404769e-01,-8.482346746002202009e-02
1.126399354073921888e+00,1.001713879888375264e-01,-6.403143314172844713e-02
1.110784325574439846e+00,9.127975730256573939e-02,-3.957202938086262778e-02
1.100695742866150573e+00,8.213723628864330606e-02,-1.244662704125226727e-02
1.096546633710489660e+00,7.311812083158079900e-02,1.623425671821951757e-02
1.098506863123789312e+00,6.459165457789145526e-02,4.529642314657920943e-02
1.106496179083552134e+00,5.690691205781854556e-02,7.355006373559019872e-02
1.120187498055680519e+00,5.037850753305276458e-02,9.983847111987655121e-02
1.139020295832793739e+00,4.527371465189298366e-02,1.230853948123688951e-01
1.162223555461137314e+00,4.180152423468159323e-02,1.423391030256990208e-01
1.188847332765259335e+00,4.010408816506425694e-02,1.568113466833985226e-01
1.217801647174168167e+00,4.025089967517139072e-02,1.659096304297048019e-01
1.247901105653975495e+00,4.223594828452960359e-02,1.692614694590410807e-01
1.235256916034814134e+00,1.267870791087666316e-01,1.946400227536712602e-01
1.264863744876424168e+00,1.332396954960980706e-01,1.929218634655690823e-01
1.293172367040368753e+00,1.411782136762951834e-01,1.853883062766012446e-01
1.319023824209134110e+00,1.502776297823244511e-01,1.723477759032394918e-01
1.341359754688813855e+00,1.601654126496689923e-01,1.543341531911665288e-01
1.359265722861209280e+00,1.704367552859745727e-01,1.320849179707253296e-01
1.372008656285480743e+00,1.806711477168793656e-01,1.065109565460150148e-01
1.379066857770007148e+00,1.904495927137720424e-01,7.865926990257604556e-02
1.380151363716709101e+00,1.993717595895612982e-01,4.967010936402503629e-02
1.375217774324704045e+00,2.070723737840422518e-01,2.073029456889202357e-02
1.364468071323373222e+00,2.132361712473091475e-01,-6.975375064826448701e-03
1.348342348816627290e+00,2.176108053870002834e-01,-3.231262616704788648e-02
1.327500795778584486e+00,2.200171781674390981e-01,-5.424414870064682426e-02
1.302796667839400735e+00,2.203567724042576059e-01,-7.187206355625318233e-02
1.275241354899518065e+00,2.186156850694998266e-01,-8.447468182848644203e-02
1.245962974708306970e+00,2.148651964832198336e-01,-9.153605084453658725e-02
1.216160187590859421e+00,2.092588520888036263e-01,-9.276707732721087285e-02
1.187053123153442469e+00,2.020261762844760556e-01,-8.811736290766916668e-02
1.159833428034058755e+00,1.934632756674696807e-01,-7.777726744056573382e-02
1.135615479749074064e+00,1.839207163951428192e-01,-6.217011564923344280e-02
1.115390763946764174e+00,1.737891719653076039e-01,-4.193486616177183324e-02
1.099987282868378546e+00,1.634834289973274568e-01,-1.789995246973856424e-02
1.090035656839098532e+00,1.534254058191848458e-01,8.950633236332140863e-03
1.085943306597829228e+00,1.440268790815605049e-01,3.751762482282387096e-02
1.087877773444279050e+00,1.356726255733727571e-01,6.663148629770666853e-02
1.095759860078463932e+00,1.287046694148298864e-01,9.510029275146536509e-02
1.109266872947474836e+00,1.234082795497627866e-01,1.217585279029403250e-01
1.127845833357447480e+00,1.200002908015466441e-01,1.455148004728205602e-01
1.150736116486262617e+00,1.186202266299551111e-01,1.653965258708516572e-01
1.177000591453132516e+00,1.193245870243238027e-01,1.805897439232346802e-01
1.205563987566968587e+00,1.220845353873484251e-01,1.904724424977777553e-01
1.235256916034814134e+00,1.267870791087666316e-01,1.946400227536712602e-01
1.214302725883791734e+00,2.097958911436947349e-01,2.195754430151485304e-01
1.243234763325169689e+00,2.189201190506090966e-01,2.186598458159733638e-01
1.270897849099232646e+00,2.294144232928758131e-01,2.118940563154549928e-01
1.296159453224115854e+00,2.408491658217880582e-01,1.995550667306911774e-01
1.317985362658834481e+00,2.527562069346869777e-01,1.821480367450517834e-01
1.335482022106695199e+00,2.646480709693925237e-01,1.603856122113880844e-01
1.347933116274132592e+00,2.760379036150892307e-01,1.351587493470846335e-01
1.354828895902990382e+00,2.864594037850136665e-01,1.075002388818365184e-01
1.355887046965043474e+00,2.954859140377349425e-01,7.854242348382800554e-02
1.351064248631483888e+00,3.027478879829366698e-01,4.947083951785238853e-02
1.340557946832742209e+00,3.079480195540565957e-01,2.147568104724274091e-02
1.324798270798897004e+00,3.108734147535835990e-01,-4.296926850922644370e-03
1.304430423518457394e+00,3.114043075583295961e-01,-2.679185058114008644e-02
1.280288267052204665e+00,3.095189631544911224e-01,-4.508814532285310150e-02
1.253360184122450427e+00,3.052945677634798516e-01,-5.843675861961268592e-02
1.224748613608254155e+00,2.989040686289491933e-01,-6.629119667465403765e-02
1.195624916568183815e+00,2.906090935363185856e-01,-6.832989787114639169e-02
1.167181420580948981e+00,2.807492397404984796e-01,-6.446939754256821031e-02
1.140582605714235864e+00,2.697281708143733914e-01,-5.486774502596099279e-02
1.116917430573915793e+00,2.579970906146995535e-01,-3.991803310350090783e-02
1.097154750210773688e+00,2.460362709431949402e-01,-2.023230473780997241e-02
1.082103651080892570e+00,2.343353891625476471e-01,3.383504038845436268e-03
1.072380326951078988e+00,2.233734807476525919e-01,2.996255924040940738e-02
1.068382851853649784e+00,2.135993275169851269e-01,5.841671122402351812e-02
1.070274882888776702e+00,2.054130844522229771e-01,8.758104366425768783e-02
1.077978960083577853e+00,1.991498973062802713e-01,1.162615653643452041e-01
1.091179677612507115e+00,1.950661816968051465e-01,1.432840923960662094e-01
1.109336596548911702e+00,1.933291254206657150e-01,1.675423193277300327e-01
1.131706370498188008e+00,1.940098437659025510e-01,1.880431114985336161e-01
1.157373178286515758e+00,1.970804680434806722e-01,2.039471640682635201e-01
1.185286217787318908e+00,2.024152865346929842e-01,2.146033632560681581e-01
1.214302725883791734e+00,2.097958911436947071e-01,2.195754430151485304e-01
1.185180838221862931e+00,2.905103577831167905e-01,2.438447703652400489e-01
1.213170058251926031e+00,3.022465938799029916e-01,2.437145089858801517e-01
1.239931233994612025e+00,3.152395753423947178e-01,2.376999808063667841e-01
1.264368759770710948e+00,3.289573679829070896e-01,2.260474213170464153e-01
1.285482160403661922e+00,3.428383637589653143e-01,2.092338876725293173e-01
1.302407050790832521e+00,3.563142730725498142e-01,1.879477279157283076e-01
1.314450523931181891e+00,3.688333906130103479e-01,1.630603999281045047e-01
1.321119518619296107e+00,3.798831822373065492e-01,1.355907938416080483e-01
1.322141005429070093e+00,3.890112681780444337e-01,1.066635185569617672e-01
1.317473164570492239e+00,3.958439435243055193e-01,7.746286012312962599e-02
1.307307097996760703e+00,4.001014777446087467e-01,4.918429692732435854e-02
1.292059005667866023e+00,4.016095668877357472e-01,2.298555666937238118e-02
1.272353146275328140e+00,4.003064696069740802e-01,-6.078114634451570186e-05
1.248996280018017657e+00,3.962455348581054304e-01,-1.901119674182112640e-02
1.222944639744824036e+00,3.895930177868880961e-01,-3.308985787599937056e-02
1.195264782669469561e+00,3.806212732238553054e-01,-4.172038250787361846e-02
1.167089925392864380e+00,3.696976054455528571e-01,-4.454943594497122461e-02
1.139573549882318071e+00,3.572692306943008878e-01,-4.146119640717783883e-02
1.113842179784268804e+00,3.438449680926876639e-01,-3.258209678402342047e-02
1.090949260413838884e+00,3.299744085289071371e-01,-1.827564845732984611e-02
1.071832030579857209e+00,3.162254143412220331e-01,8.724408974718350640e-04
1.057273151917906162e+00,3.031608709671144153e-01,2.407824625239092520e-02
1.047868666631001533e+00,2.913156423473389212e-01,5.039171920963076562e-02
1.044003595451769462e+00,2.811746735333444103e-01,7.873558309462015681e-02
1.045836174848414180e+00,2.731531369798890774e-01,1.079494367896450258e-01
1.053291378805118139e+00,2.675794353359618460e-01,1.368372616919490137e-01
1.066063990395944794e+00,2.646817566017473089e-01,1.642163868558564332e-01
1.083631097401647203e+00,2.645787320850869762e-01,1.889659076802463755e-01
1.105273500397364828e+00,2.672745796217977365e-01,2.100725758746230520e-01
1.130105156861578308e+00,2.726589308969781245e-01,2.266722819631805108e-01
1.157109455861047298e+00,2.805113499367877239e-01,2.380854320282704828e-01
1.185180838221862931e+00,2.905103577831167905e-01,2.438447703652400489e-01
1.148106070016540192e+00,3.681915935988093747e-01,2.672201433016659911e-01
1.174890248680638294e+00,3.824521865573024537e-01,2.678493534411240384e-01
1.200498990730237248e+00,3.978593207476357474e-01,2.625611410478947971e-01
1.223883871256927547e+00,4.137822262857955846e-01,2.515720061586957379e-01
1.244087510504339189e+00,4.295690175481876594e-01,2.353318452470590794e-01
1.260282769107856637e+00,4.445733814456605537e-01,2.145055324088451232e-01
1.271806611277389587e+00,4.581810375573137639e-01,1.899456993386383075e-01
1.278187249560523542e+00,4.698348868431044822e-01,1.626578284879906522e-01
1.279163459876253794e+00,4.790578193440033772e-01,1.337590884957164106e-01
1.274695276059554461e+00,4.854722471197749911e-01,1.044325971725570401e-01
1.264965626080870598e+00,4.888155627436159834e-01,7.587898451899907637e-02
1.250372842953514807e+00,4.889508904810634937e-01,4.926723879198630085e-02
1.231514356933300247e+00,4.858726899986459680e-01,2.568684798832988891e-02
1.209162236653672728e+00,4.797069831857868616e-01,6.103196078109898726e-03
1.184231580545142437e+00,4.707061948038443466e-01,-8.681959928487956168e-03
1.157743052598020350e+00,4.592388181867229635e-01,-1.806331400737144766e-02
1.130781096258731910e+00,4.457743290804870862e-01,-2.165679242028879792e-02
1.104449537187702779e+00,4.308639652511564444e-01,-1.931527773879936072e-02
1.079826392507127419e+00,4.151181587457971056e-01,-1.113463184907963199e-02
1.057919736653325504e+00,3.991815447327922706e-01,2.550228644960170210e-03
1.039626430690874681e+00,3.837065700623068509e-01,2.117904394679132052e-02
1.025695404715249337e+00,3.693267820155829995e-01,4.398914816916385528e-02
1.016696996566718081e+00,3.566308908048068105e-01,7.004669296514046128e-02
1.012999602132149457e+00,3.461386677078514551e-01,9.828487938914234889e-02
1.014754593174120423e+00,3.382796655710901268e-01,1.275476327711248248e-01
1.021890120153170045e+00,3.333756328653952883e-01,1.566369325494020304e-01
1.034114053756386875e+00,3.316273412659375697e-01,1.843618593732037070e-01
1.050925944705804138e+00,3.331063660362142409e-01,2.095873514808227756e-01
1.071637512210639631e+00,3.377521557283521547e-01,2.312806742615038935e-01
1.095400822263739249e+00,3.453745111664981438e-01,2.485537005317487447e-01
1.121243002159458602e+00,3.556613722234256980e-01,2.606992705665591159e-01
1.148106070016540192e+00,3.681915935988093747e-01,2.672201433016659911e-01
1.103379022908538287e+00,4.421324846198095848e-01,2.894711994863911064e-01
1.128698638847993152e+00,4.588126547047961523e-01,2.908282618475835912e-01
1.152907601329074661e+00,4.765323389615276906e-01,2.862357060156888178e-01
1.175014792583375156e+00,4.945660914345591519e-01,2.758815517660671013e-01
1.194115141603458774e+00,5.121756081787686155e-01,2.601896993902593769e-01
1.209426677856247467e+00,5.286399535096177882e-01,2.398025751682454354e-01
1.220322545248523127e+00,5.432850751947833068e-01,2.155548303610601013e-01
1.226356665689035896e+00,5.555114002317457222e-01,1.884391704900985065e-01
1.227282001577972181e+00,5.648183814369596156e-01,1.595657138564325894e-01
1.223060669555316338e+00,5.708249899063597699e-01,1.301165431671316985e-01
1.213865491450061729e+00,5.732853143834621967e-01,1.012973109303464680e-01
1.200072918934224520e+00,5.720986288950986598e-01,7.428787989996690766e-02
1.182247621547162009e+00,5.673135164845923839e-01,5.019401935585016128e-02
1.161119369058283946e+00,5.591258802162560881e-01,3.000213477958077468e-02
1.137553154606949057e+00,5.478709228809222065e-01,1.453888429815688998e-02
1.112513781781707900e+00,5.340094237543004940e-01,4.437335203142794837e-03
1.087026365448026999e+00,5.181088742392917501e-01,1.110461013700270172e-04
1.062134363425251582e+00,5.008202447012757297e-01,1.737135776982479118e-03
1.038856857200880057e+00,4.828513336648666554e-01,9.249031927603207359e-03
1.018146830614729437e+00,4.649377904591524002e-01,2.233919664221548085e-02
1.000852154588560916e+00,4.478129976477268070e-01,4.047171703937402221e-02
9.876808751909244011e-01,4.321780462603674877e-01,6.290424560353842509e-02
9.791722261479186562e-01,4.186730330439016323e-01,8.871839197958167333e-02
9.756745525510881478e-01,4.078508548261830513e-01,1.168573219818350994e-01
9.773310495684462973e-01,4.001545728549971148e-01,1.461690245098225815e-01
9.840739000174723028e-01,3.958992738185188598e-01,1.754534750180694880e-01
9.956270508085318660e-01,3.952591701592781948e-01,2.035117646619913345e-01
1.011517514590801303e+00,3.982604677962933160e-01,2.291951837668569913e-01
1.031094733909984296e+00,4.047802932516674224e-01,2.514522501368395835e-01
1.053557215106927902e+00,4.145517241052104618e-01,2.693717568596577516e-01
1.077985341562199828e+00,4.271747168296840536e-01,2.822200772246267197e-01
1.103379022908538287e+00,4.421324846198095293e-01,2.894711994863911064e-01
1.051304775797719193e+00,5.116155417299663721e-01,3.103487474881511110e-01
1.074907351977589798e+00,5.305862958426111886e-01,3.123936263864520724e-01
1.097476879364242430e+00,5.504930371087801699e-01,3.084578000002035081e-01
1.118089358854660764e+00,5.705207812020933744e-01,2.987024015240984376e-01
1.135900913116643318e+00,5.898495899262106157e-01,2.835268181179592117e-01
1.150182335025935698e+00,6.076881395809279329e-01,2.635523399494886232e-01
1.160348941491575969e+00,6.233061178474406105e-01,2.395967245018052472e-01
1.165984510450335243e+00,6.360641228604830832e-01,2.126407174860026894e-01
1.166858321046890579e+00,6.454398403958194752e-01,1.837879009965041610e-01
1.162934599372750455e+00,6.510494274759530686e-01,1.542195127304517022e-01
1.154373983054272079e+00,6.526632269467247394e-01,1.251460859775956336e-01
1.141526944729363890e+00,6.502151696681875981e-01,9.775789024518050097e-02
1.124919443656509976e+00,6.438054793929596231e-01,7.317620148446773998e-02
1.105231392880931862e+00,6.336965695940151022e-01,5.240739692154669505e-02
1.083268823514629497e+00,6.203023002262694208e-01,3.630175385545428290e-02
1.059930885727951466e+00,6.041710342513979537e-01,2.551863920564903521e-02
1.036173037435975663e+00,5.859631875937550971e-01,2.049951495285615155e-02
1.012967927739204299e+00,5.664241916348359274e-01,2.144986463370701646e-02
9.912655765551078302e-01,5.463539751649331144e-01,2.833078082060630498e-02
9.719544806910810353e-01,5.265742152044748936e-01,4.086055799638899089e-02
9.558252386807545298e-01,5.078946974502653866e-01,5.852622561129226797e-02
9.435381835871368139e-01,4.910801635539121524e-01,8.060454915753409444e-02
9.355963488894281088e-01,4.768190025087557515e-01,1.061916394750385406e-01
9.323248742332785888e-01,4.656950679236002144e-01,1.342399580798515069e-01
9.338576941754929139e-01,4.581637749873684884e-01,1.636012035127543951e-01
9.401320548875381489e-01,4.545334557177593271e-01,1.930733229359243852e-01
9.508910833046572142e-01,4.549527358122149034e-01,2.214497243173498275e-01
9.656943035393208419e-01,4.594044498944049315e-01,2.475686744503896031e-01
9.839356700158177205e-01,4.677063442667503401e-01,2.703608604477507615e-01
1.004868379047330063e+00,4.795185383982161209e-01,2.888931675367331642e-01
1.027635443066619469e+00,4.943574396731861276e-01,3.024068808876602121e-01
1.051304775797719193e+00,5.116155417299663721e-01,3.103487474881511110e-01
9.923111105316357872e-01,5.759840247498776433e-01,3.296025472065181594e-01
1.013957468258988692e+00,5.970883467986460857e-01,3.322849773806473839e-01
1.034662006348653573e+00,6.190291560699224815e-01,3.289569697705536644e-01
1.053577078578559201e+00,6.409081932542051163e-01,3.197547733988185259e-01
1.069928299669186789e+00,6.618297279984917125e-01,3.050551272661129465e-01
1.083046248707899339e+00,6.809372302121752263e-01,2.854598366122448883e-01
1.092393875319758179e+00,6.974484365095913185e-01,2.617711349389327813e-01
1.097588486572974587e+00,7.106873761649393773e-01,2.349588404759861415e-01
1.098417414472500520e+00,7.201120454332200493e-01,2.061206517090289347e-01
1.094846722612734746e+00,7.253365972472384238e-01,1.764372074745236274e-01
1.087022595537954661e+00,7.261471378418696832e-01,1.471237514670874491e-01
1.075265353929897527e+00,7.225104835899351929e-01,1.193803800198497689e-01
1.060056340641414518e+00,7.145755195437979435e-01,9.434291001956818246e-02
1.042018214463519277e+00,7.026671040638253762e-01,7.303637842983203010e-02
1.021889458401324502e+00,6.872727690789470767e-01,5.633307715733629206e-02
1.000494146093045211e+00,6.690227604722015498e-01,4.491684131873147079e-02
9.787082041384244091e-01,6.486642357402336856e-01,3.925505295060080502e-02
9.574235515608241487e-01,6.270306752775955950e-01,3.957950633396750684e-02
9.375115845376115198e-01,6.050077595914630235e-01,4.587691830919482516e-02
9.197875013382739162e-01,5.834971094376089074e-01,5.788947209010250616e-02
9.049769280114834391e-01,5.633793733607261878e-01,7.512537231348509481e-02
8.936862111694072741e-01,5.454781738395360069e-01,9.687897919906490740e-02
8.863775940861631231e-01,5.305263880857374881e-01,1.222596975250060947e-01
8.833502924038649784e-01,5.191361439648515264e-01,1.502284377009368288e-01
8.847282442090789178e-01,5.117737594094838860e-01,1.796401562178670808e-01
8.904550359929970238e-01,5.087406513083748694e-01,2.092907338639835302e-01
9.002962122271163103e-01,5.101609954635588640e-01,2.379662725066592210e-01
9.138488740001227129e-01,5.159766428184394682e-01,2.644927922246302909e-01
9.305581737466592784e-01,5.259495000869981451e-01,2.877842941839092727e-01
9.497400307718434354e-01,5.396712773208991454e-01,3.068872215576479712e-01
9.706091375952915490e-01,5.565802033479462230e-01,3.210194982546669129e-01
9.923111105316357872e-01,5.759840247498776433e-01,3.296025472065181594e-01
9.268561609642745891e-01,6.345957546157801055e-01,3.469629021032665794e-01
9.463160141346076415e-01,6.576572189251578271e-01,3.502241322598370066e-01
9.649404012684569265e-01,6.814599732497853557e-01,3.474467712664336405e-01
9.819668377682901905e-01,7.050295300309076252e-01,3.387445246084523909e-01
9.966982593232827092e-01,7.274009488446002702e-01,3.244736632865415915e-01
1.008531559804104694e+00,7.476583411761004161e-01,3.052184380399753372e-01
1.016982282498717582e+00,7.649723670032139156e-01,2.817671600527409392e-01
1.021704453827086079e+00,7.786341880742673194e-01,2.550799274010439044e-01
1.022504747540195158e+00,7.880844878294156475e-01,2.262493185252614503e-01
1.019350399519399764e+00,7.929363698863201027e-01,1.964556619402207938e-01
1.012370549143291276e+00,7.929911976234991222e-01,1.669187134471194489e-01
1.001850952306365228e+00,7.882467263869507024e-01,1.388477191877091621e-01
9.882222825391254739e-01,7.788971953865506670e-01,1.133919089651719420e-01
9.720424991831435602e-01,7.653253755199787012e-01,9.159344664094914990e-02
9.539740044700573129e-01,7.480868986871934689e-01,7.434476382380506010e-02
9.347565246963782659e-01,7.278875101551640636e-01,6.235202361490768674e-02
9.151768257419988783e-01,7.055541752637193298e-01,5.610621020749648191e-02
8.960365027826284745e-01,6.820012233673702351e-01,5.586302793632275110e-02
8.781191628891161782e-01,6.581929150841078213e-01,6.163243271214105534e-02
8.621583440619002836e-01,6.351039653524063189e-01,7.317822442555310669e-02
8.488074840990836867e-01,6.136796384871178178e-01,9.002771700723893877e-02
8.386131687762033993e-01,5.947970489473588529e-01,1.114910902511729168e-01
8.319927545603595931e-01,5.792292521674972106e-01,1.366896311349092286e-01
8.292172819874144007e-01,5.676135955768388808e-01,1.645917084339647563e-01
8.304003792306082765e-01,5.604256255209871806e-01,1.940550078253613642e-01
8.354936101497970613e-01,5.579596183385792108e-01,2.238732983702245438e-01
8.442884572727197279e-01,5.603165326534063073e-01,2.528258157501472314e-01
8.564248585248133150e-01,5.673998761164937843e-01,2.797272405018191299e-01
8.714059482128504452e-01,5.789196558142053473e-01,3.034762251351234563e-01
8.886183987647996441e-01,5.944042506122000358e-01,3.231004834287856120e-01
9.073575304326868540e-01,6.132197193800852375e-01,3.377965959425106024e-01
9.268561609642745891e-01,6.345957546157801055e-01,3.469629021032665794e-01
8.554635395890550775e-01,6.868444081728305450e-01,3.621420785195020864e-01
8.725242822175197643e-01,7.116611553623444220e-01,3.659120604206245186e-01
8.888726878843560275e-01,7.371291065317342461e-01,3.636173406068181069e-01
9.038394509407077226e-01,7.622056007677679990e-01,3.553518651768782233e-01
9.168118303485275344e-01,7.858640034500594673e-01,3.414540236660586481e-01
9.272587353706694957e-01,8.071357367930515059e-01,3.224927953387394242e-01
9.347524684880681445e-01,8.251499335343593922e-01,2.992444551104908035e-01
9.389862353864205646e-01,8.391690903428156156e-01,2.726607927618212024e-01
9.397867051514621206e-01,8.486192612915011146e-01,2.438301465527328571e-01
9.371211064569604510e-01,8.531135552714288472e-01,2.139328465264829504e-01
9.310985692266631197e-01,8.524679753590032050e-01,1.841928916589297138e-01
9.219656568423967302e-01,8.467089516716915787e-01,1.558278391966471665e-01
9.100962718102446614e-01,8.360722593159088945e-01,1.299989577201932645e-01
8.959763481480166325e-01,8.209933657264592011e-01,1.077636846719787628e-01
8.801839571894650716e-01,8.020896025785894112e-01,9.003233474313121487e-02
8.633656412759600496e-01,7.801348921566710892e-01,7.753083148308276273e-02
8.462099442370687452e-01,7.560280628849465057e-01,7.077098790416408436e-02
8.294192223252722096e-01,7.307560511862323249e-01,7.002955279674399902e-02
8.136808896684654124e-01,7.053534961888091592e-01,7.533688060123522323e-02
7.996392754547936299e-01,6.808603814789450093e-01,8.647568869373728484e-02
7.878692450199841213e-01,6.582794580506804438e-01,1.029899529621889215e-01
7.788526647929578939e-01,6.385351915623144192e-01,1.242035774870958731e-01
7.729586746276126963e-01,6.224359146037335977e-01,1.492480739879135099e-01
7.704285751738320087e-01,6.106407334652068641e-01,1.770981178352949437e-01
7.713659490005276842e-01,6.036325442484206105e-01,2.066135249618871739e-01
7.757324199130982700e-01,6.016982630433371781e-01,2.365859311320144265e-01
7.833492240793443750e-01,6.049170795497610387e-01,2.657882625154635026e-01
7.939045286417635294e-01,6.131572150417244904e-01,2.930249722342677110e-01
8.069661981913744953e-01,6.260813174040115170e-01,3.171809861923617913e-01
8.219994864421353853e-01,6.431602723673928157e-01,3.372673543400901419e-01
8.383889288067235546e-01,6.636948655089752735e-01,3.524617384054367641e-01
8.554635395890550775e-01,6.868444081728305450e-01,3.621420785195020864e-01
7.787301505532491230e-01,7.321773732967749027e-01,3.748348399359650029e-01
7.932043243250275211e-01,7.585220563367502944e-01,3.790311016991709248e-01
8.071078963064931555e-01,7.854342176715247703e-01,3.771393030616257969e-01
8.198716526271245808e-01,8.118120702540081446e-01,3.692368944818276155e-01
8.309730436034772350e-01,8.365757017002072304e-01,3.556474014955268714e-01
8.399575769846213680e-01,8.587112860291117311e-01,3.369271795422804083e-01
8.464574249182951204e-01,8.773125898174753967e-01,3.138426367083868018e-01
8.502064828663939977e-01,8.916180735026424387e-01,2.873388568897842221e-01
8.510512639560273707e-01,9.010420689017188955e-01,2.585009079463082560e-01
8.489571827501281032e-01,9.051987565357942911e-01,2.285094188960198336e-01
8.440099711793096482e-01,9.039179611247394330e-01,1.985922448244881178e-01
8.364121686665542121e-01,8.972521185831701107e-01,1.699741983533203937e-01
8.264748301394376773e-01,8.854741292879413361e-01,1.438269056675238744e-01
8.146047914048480942e-01,8.690661855046546425e-01,1.212208400018315729e-01
8.012880132432497193e-01,8.487000303796495837e-01,1.030814963406967988e-01
7.870696861172334913e-01,8.252094566966652334e-01,9.015150154488885126e-02
7.725319100099209413e-01,7.995561713023083827e-01,8.296021112055793068e-02
7.582698631832617275e-01,7.727904227147568417e-01,8.180203734261692894e-02
7.448674355100585176e-01,7.460080038260270552e-01,8.672439598161441054e-02
7.328733239539706457e-01,7.203053900122242670e-01,9.752576509651719738e-02
7.227785688513526097e-01,6.967348493028141521e-01,1.137639353666542452e-01
7.149964506621890870e-01,6.762613624038613658e-01,1.347741141932620457e-01
7.098455702195043404e-01,6.597231162745411659e-01,1.596961423865881913e-01
7.075368051738246677e-01,6.477971886545497160e-01,1.875097091841838315e-01
7.081646766373886903e-01,6.409718284218860473e-01,2.170761238934001414e-01
7.117034794787061580e-01,6.395264666264215414e-01,2.471849340221355662e-01
7.180083346936619870e-01,6.435202765498851951e-01,2.766034813460846453e-01
7.268211207689667663e-01,6.527897511447575685e-01,3.041273670812724705e-01
7.377810412072391966e-01,6.669553970320076797e-01,3.286297601117811329e-01
7.504393955780003234e-01,6.854372710046188200e-01,3.491075295880325946e-01
7.642779493660177836e-01,7.074787229706241964e-01,3.647223132216335095e-01
7.787301505532491230e-01,7.321773732967749027e-01,3.748348399359650029e-01
6.973222883998154709e-01,7.701139183149762202e-01,3.847193808680314797e-01
7.090494422079913761e-01,7.977386371278513133e-01,3.892472299939093716e-01
7.203686202583314824e-01,8.258550549758429948e-01,3.876673884513550661e-01
7.308164140715077695e-01,8.533120824087156997e-01,3.800445351387443660e-01
7.399650897412453077e-01,8.789856254973036354e-01,3.666907505663427047e-01
7.474400994107012197e-01,9.018246063710471105e-01,3.481527402435472540e-01
7.529354153057316035e-01,9.208939944695084812e-01,3.251894524910970419e-01
7.562260585479217978e-01,9.354130868033788682e-01,2.987410070076490509e-01
7.571773098163022686e-01,9.447874700265888048e-01,2.698902062588561246e-01
7.557502247721783473e-01,9.486333557885366918e-01,2.398182054171989763e-01
7.520032284449317261e-01,9.467932930742560815e-01,2.097561557304450375e-01
7.460897233044534449e-01,9.393426142674676793e-01,1.809348010449109700e-01
7.382518089460017308e-01,9.265863510339391595e-01,1.545340910077878660e-01
7.288103705043277314e-01,9.090467462892484196e-01,1.316348737899473154e-01
7.181519415785553306e-01,8.874418735124590674e-01,1.131746460348314887e-01
7.067128795012179721e-01,8.626562387335175996e-01,9.990917163571941262e-02
6.949615008177945086e-01,8.357045687524624622e-01,9.238154067313786300e-02
6.833789083523126306e-01,8.076902681050047716e-01,9.089993524315395645e-02
6.724392948012060112e-01,7.797602455511919439e-01,9.552501244615255183e-02
6.625905292286070614e-01,7.530579594960153944e-01,1.060674210780193361e-01
6.542358212542386253e-01,7.286766046679594711e-01,1.220955536906853656e-01
6.477172136042080863e-01,7.076143565983723516e-01,1.429532166517623049e-01
6.433015788416114322e-01,6.907335061979319457e-01,1.677864947889524394e-01
6.411696935724444657e-01,6.787251574654480368e-01,1.955787107775328881e-01
6.414088374301126771e-01,6.720809336089496044e-01,2.251920480294844484e-01
6.440092198369850029e-01,6.710728499337847985e-01,2.554141330382928565e-01
6.488643808317920980e-01,6.757421775040596268e-01,2.850076700927532403e-01
6.557755495529493661e-01,6.858977535004244785e-01,3.127610963087630869e-01
6.644597819409848727e-01,7.011238074483585603e-01,3.375381831561497514e-01
6.745615445015783473e-01,7.207969829102480741e-01,3.583245537881972198e-01
6.856672698885923900e-01,7.441118577711833826e-01,3.742692117489345716e-01
6.973222883998154709e-01,7.701139183149762202e-01,3.847193808680314797e-01
6.119630348300911793e-01,8.002276850798563101e-01,3.914442679385496393e-01
6.208197979656780996e-01,8.288656066345284623e-01,3.961960927907828278e-01
6.294542362739304897e-01,8.579296953670694226e-01,3.948257406879593923e-01
6.375128548360050607e-01,8.862300640698836940e-01,3.873893140061783202e-01
6.446657328611231641e-01,9.126080923231257858e-01,3.741912609275348522e-01
6.506200306825088431e-01,9.359838605508212783e-01,3.557719112957740681e-01
6.551319786477542984e-01,9.554003620551922982e-01,3.328853554490018296e-01
6.580168570770309477e-01,9.700626829833076670e-01,3.064685716726412434e-01
6.591565587084855515e-01,9.793705461936208501e-01,2.776030661983367454e-01
6.585044240234170232e-01,9.829428866726741543e-01,2.474705962117592362e-01
6.560871514924546677e-01,9.806334523815229964e-01,2.173047885745740815e-01
6.520037045370333795e-01,9.725367918313939652e-01,1.883406349957796322e-01
6.464212599552929817e-01,9.589843832565266846e-01,1.617639313260351985e-01
6.395683636843191300e-01,9.405310638563165737e-01,1.386627309362102600e-01
6.317255741026267524e-01,9.179323146951812173e-01,1.199827996845400091e-01
6.232139759371788656e-01,8.921133312190178133e-01,1.064888961512665266e-01
6.143820350169393318e-01,8.641311456449422002e-01,9.873346233250843151e-02
6.055913320408917722e-01,8.351313519381241557e-01,9.703400660003042022e-02
5.972017594217391423e-01,8.063012050602520464e-01,1.014601048711977205e-01
5.895567872482426752e-01,7.788210146119042276e-01,1.118305521627442622e-01
5.829694015794312234e-01,7.538158228188214238e-01,1.277207811440784213e-01
5.777092907585710257e-01,7.323093451709977719e-01,1.484802439736815916e-01
5.739918043407048476e-01,7.151820593902389334e-01,1.732590458041766146e-01
5.719691366565662349e-01,7.031351585687798389e-01,2.010427395772373671e-01
5.717240959587971405e-01,6.966618442417017443e-01,2.306938576053493284e-01
5.732667142423553130e-01,6.960271346581373697e-01,2.609984796325832135e-01
5.765338365334619075e-01,7.012570149030130651e-01,2.907159308725021374e-01
5.813917064616485053e-01,7.121373730646187727e-01,3.186295753796916097e-01
5.876414422612796784e-01,7.282227660014304327e-01,3.435966252683132494e-01
5.950271790144056050e-01,7.488546558366617756e-01,3.645949265824230956e-01
6.032465437905663030e-01,7.731883705763141768e-01,3.807648063990258791e-01
6.119630348300911793e-01,8.002276850798563101e-01,3.914442679385495838e-01
5.234519454480014433e-01,8.222130404560212824e-01,3.946485030117841686e-01
5.293613552918587928e-01,8.515839548243042678e-01,3.995045207327212466e-01
5.352589258107056658e-01,8.813286896222717326e-01,3.982309205554445120e-01
5.409032097745655188e-01,9.102294919124368500e-01,3.908798438208533899e-01
5.460631295347825320e-01,9.371031594533402176e-01,3.777522444741767682e-01
5.505274373701087853e-01,9.608494811383353484e-01,3.593855679750950771e-01
5.541133639932320776e-01,9.804962797675642605e-01,3.365317482174736696e-01
5.566741011468732125e-01,9.952392130967455675e-01,3.101264232673991983e-01
5.581048119510882977e-01,1.004474703703161387e+00,2.812506302308217521e-01
5.583469229374513620e-01,1.007824649516260829e+00,2.510865474674204290e-01
5.573905220537338501e-01,1.005151903360854027e+00,2.208690960696580996e-01
5.552747644644876468e-01,9.965658877785774639e-01,1.918353820481589478e-01
5.520862695340071902e-01,9.824181152561834995e-01,1.651740490662796934e-01
5.479555746193788268e-01,9.632877972630317087e-01,1.419766152288721162e-01
5.430517908557433993e-01,9.399581312654786691e-01,1.231927862028223963e-01
5.375756797265542897e-01,9.133842365305835376e-01,1.095915741554631673e-01
5.317514338648561267e-01,8.846540514310929915e-01,1.017298143060879345e-01
5.258174985805468271e-01,8.549437931206335106e-01,9.992936802664767471e-02
5.200168098813736650e-01,8.254698030652425356e-01,1.042639457993661256e-01
5.145868486442329859e-01,7.974387498808345187e-01,1.145560895009368751e-01
5.097499181201663454e-01,7.719982281782880040e-01,1.303844375589421900e-01
5.057040428131446275e-01,7.501897759052396086e-01,1.511009755441353186e-01
5.026148613336071103e-01,7.329062336601324112e-01,1.758575659573126115e-01
5.006088451342897150e-01,7.208551916932108838e-01,2.036406710781827056e-01
4.997681207540892734e-01,7.145300210785382466e-01,2.333128473187209839e-01
5.001271075479122308e-01,7.141896750442551234e-01,2.636593122973071024e-01
5.016711085542401305e-01,7.198480873969941296e-01,2.934376781721594885e-01
5.043369121904616170e-01,7.312736020701987583e-01,3.214288151455523268e-01
5.080153801424911464e-01,7.479984571507071189e-01,3.464867627809759543e-01
5.125559155001709888e-01,7.693379351064361105e-01,3.675856457580522485e-01
5.177726282124675006e-01,7.944183952025960505e-01,3.838616733286862592e-01
5.234519454480014433e-01,8.222130404560212824e-01,3.946485030117841131e-01
4.326443487219592265e-01,8.358644618375513646e-01,3.939487135765449288e-01
4.355839934668800928e-01,8.656835369091696597e-01,3.987792305555640793e-01
4.387481694890931760e-01,8.958407622440295315e-01,3.974821593005096743e-01
4.420073350504741261e-01,9.251014974935980462e-01,3.901106020609630409e-01
4.452280595300043275e-01,9.522678047187674855e-01,3.769663512564324637e-01
4.482784860890727807e-01,9.762274921098340608e-01,3.585875340592392102e-01
4.510337299059413163e-01,9.959996472498634512e-01,3.357265814048557839e-01
4.533809909750199374e-01,1.010774795784293634e+00,3.093194233810005467e-01
4.552241721523490603e-01,1.019948041396118388e+00,2.804471721398794082e-01
4.564878133839642693e-01,1.023143830332179371e+00,2.502918610396493437e-01
4.571201810493716322e-01,1.020231326617944800e+00,2.200880520598523793e-01
4.570953859420494592e-01,1.011329768497680082e+00,1.910722926889182882e-01
4.564144431766047338e-01,9.968035868067176564e-01,1.644324915247001029e-01
4.551052306298621342e-01,9.772474851302392906e-01,1.412592851569046126e-01
4.532213476173112543e-01,9.534620925686243531e-01,1.225013873769655037e-01
4.508399205308328273e-01,9.264211858880104788e-01,1.089267487239528875e-01
4.480584452751530389e-01,8.972318229850735349e-01,1.010911164992734368e-01
4.449907957740488751e-01,8.670890198066643073e-01,9.931528240685319475e-02
4.417625619585290875e-01,8.372268262565358832e-01,1.036719493030875405e-01
4.385059081003023773e-01,8.088678040472890851e-01,1.139827547333579494e-01
4.353541619909651605e-01,7.831729748802143121e-01,1.298255731118810596e-01
4.324363564865481568e-01,7.611942880804257738e-01,1.505517975927878616e-01
4.298719468872297944e-01,7.438315536678928863e-01,1.753128941106021910e-01
4.277659204233114631e-01,7.317956040294993914e-01,2.030951404645793545e-01
4.262044980656736204e-01,7.255791923576051516e-01,2.327611282247121771e-01
4.252516046290972240e-01,7.254368192764549805e-01,2.630963283664953245e-01
4.249462516828360070e-01,7.313743135567190023e-01,2.928588142318894749e-01
4.253009404123873627e-01,7.431485934849376696e-01,3.208301061526217524e-01
4.263011498194892446e-01,7.602776186574301542e-01,3.458650561509702404e-01
4.279059312134953497e-01,7.820601247710599058e-01,3.669387304325206767e-01
4.300495846555811852e-01,8.076043334661989759e-01,3.831883702961349503e-01
4.326443487219592265e-01,8.358644618375512536e-01,3.939487135765449288e-01
3.404534948324071109e-01,8.411450605619943399e-01,3.889684063297768057e-01
3.404653095115526829e-01,8.711341736025250970e-01,3.936380533285734340e-01
3.409635581715967367e-01,9.014462265276982356e-01,3.921945023693039767e-01
3.419278424538553796e-01,9.308402403292423966e-01,3.846968525978509135e-01
3.433186844465143661e-01,9.581128206284721394e-01,3.714520586767940391e-01
3.450791429149772105e-01,9.821474247835449978e-01,3.530023640254585371e-01
3.471371444826999997e-01,1.001960073276406238e+00,3.301031013106172640e-01
3.494084343236951717e-01,1.016739633949870658e+00,3.036917690383648671e-01
3.518000255650072239e-01,1.025881029853441984e+00,2.748496502551271425e-01
3.542140061802167561e-01,1.029010011164759764e+00,2.447575446926949783e-01
3.565515475193064554e-01,1.025998477021298871e+00,2.146474266884665083e-01
3.587169503652045122e-01,1.016969719984732734e+00,1.857520080113235772e-01
3.606215628709758536e-01,1.002293378428972481e+00,1.592542704969759360e-01
3.621874099768516708e-01,9.825703035017074871e-01,1.362390346326129431e-01
3.633503857183382757e-01,9.586079602078232398e-01,1.176485468786969968e-01
3.640628777319352971e-01,9.313873696972270189e-01,1.042439039881629670e-01
3.642957165108918205e-01,9.020229461437062612e-01,9.657389361592799704e-02
3.640393696082400155e-01,8.717168724977152339e-01,9.495252688781932737e-02
3.633043318962939083e-01,8.417098829751334943e-01,9.944618274818825543e-02
3.621206959053437924e-01,8.132304672526868838e-01,1.098708903981291118e-01
3.605369198319305357e-01,7.874445759562416214e-01,1.257998610816022100e-01
3.586178436545854331e-01,7.654078865051879843e-01,1.465809608672515030e-01
3.564420345774909071e-01,7.480225835548530711e-01,1.713634090881770433e-01
3.540985704799099465e-01,7.360004234507099286e-01,1.991326094024000459e-01
3.516833930573427525e-01,7.298335948399660156e-01,2.287516874863137484e-01
3.492953799572405815e-01,7.297745684105167996e-01,2.590080348030688318e-01
3.470322967165012651e-01,7.358257607113192211e-01,2.886629529385474902e-01
3.449867942289016054e-01,7.477394352185935400e-01,3.165023660599782795e-01
3.432426156066203382e-01,7.650278446982146097e-01,3.413865253231776475e-01
3.418711677273859051e-01,7.869831996347848024e-01,3.622966703241456421e-01
3.409285978285124252e-01,8.127066452175564226e-01,3.783767372697049991e-01
3.404534948324071109e-01,8.411450605619942289e-01,3.889684063297768057e-01
2.478345888577547784e-01,8.381852964353170288e-01,3.793429211294879755e-01
2.450323634309150844e-01,8.680878236606651699e-01,3.837177401922873266e-01
2.430013983065960614e-01,8.983220546540100493e-01,3.820092026473065894e-01
2.418248414356156117e-01,9.276501964461127958e-01,3.742872562223819033e-01
2.415508611945112460e-01,9.548715514660945924e-01,3.608680383114398760e-01
2.421906743665450390e-01,9.788716742410636940e-01,3.423009332724455955e-01
2.437180869252791315e-01,9.986679969247183042e-01,3.193460805672376779e-01
2.460705664210955657e-01,1.013450055740420463e+00,2.929432545626481366e-01
2.491518020670310252e-01,1.022612671463437151e+00,2.641733900575050642e-01
2.528356477137110869e-01,1.025780725529506388e+00,2.342143286849646400e-01
2.569712862875271897e-01,1.022824517432932678e+00,2.042925979376588319e-01
2.613894042593503664e-01,1.013865074680529776e+00,1.756331969880365329e-01
2.659091233603074200e-01,9.992691979112704459e-01,1.494094450783118311e-01
2.703454057593606685e-01,9.796344440350313043e-01,1.266949456928289641e-01
2.745166295338518636e-01,9.557646621824907873e-01,1.084196331052698359e-01
2.782520242923552933e-01,9.286370840272725191e-01,9.533170076022723372e-02
2.813986625345676340e-01,8.993623158064060208e-01,8.796697014567395057e-02
2.838277205211384158e-01,8.691388699704928333e-01,8.662695419828891907e-02
2.854397523326952513e-01,8.392040979431594216e-01,9.136651332840323159e-02
2.861687611974672585e-01,8.107835328083911053e-01,1.019916094283555008e-01
2.859849014068757689e-01,7.850407158420799059e-01,1.180672498154179267e-01
2.848957002023502216e-01,7.630295609954792502e-01,1.389352958833365015e-01
2.829457496091796198e-01,7.456512075342096590e-01,1.637414073741994547e-01
2.802148808337578401e-01,7.336171272908456054e-01,1.914700191689764353e-01
2.768148959646140606e-01,7.274199969244946606e-01,2.209859186428158040e-01
2.728849907817723075e-01,7.273135276804870708e-01,2.510807214032875767e-01
2.685860560651623929e-01,7.333020784221822019e-01,2.805223426893888594e-01
2.640940907071857024e-01,7.451404771785903325e-01,3.081054390664231257e-01
2.595929962973813065e-01,7.623440585136710412e-01,3.327007553278383267e-01
2.552670481697427163e-01,7.842085057862313580e-01,3.533013563360651310e-01
2.512933511488928406e-01,8.098386859559690842e-01,3.690638510653589943e-01
2.478345888577547784e-01,8.381852964353169178e-01,3.793429211294879755e-01
1.557625298990230056e-01,8.273573095272478417e-01,3.647766968186902936e-01
1.503371251118131302e-01,8.569554805110703999e-01,3.687347141184346144e-01
1.459849886910388195e-01,8.869203959622151690e-01,3.666573614236660061e-01
1.428842976131209086e-01,9.160252887213842232e-01,3.586296857977869790e-01
1.411619945351050842e-01,9.430786010593376067e-01,3.449803412241326805e-01
1.408885907473673427e-01,9.669727671903300958e-01,3.262681334732785987e-01
1.420752794331012481e-01,9.867295571455138026e-01,3.032591425291356613e-01
1.446734774180828131e-01,1.001540125622798927e+00,2.768953591843987261e-01
1.485768141715316515e-01,1.010798126208557912e+00,2.482561198268143643e-01
1.536254866281389075e-01,1.014124535271040628e+00,2.185139182806498104e-01
1.596128015443373238e-01,1.011383169232392465e+00,1.888864037717652988e-01
1.662936375439780790e-01,1.002686259940332780e+00,1.605865302252397486e-01
1.733944804162709519e-01,9.883898598831217797e-01,1.347728977891618496e-01
1.806246208197106740e-01,9.690792653588574668e-01,1.125023196084377203e-01
1.876880559566750373e-01,9.455450543762616844e-01,9.468655577046797278e-02
1.942956079627382593e-01,9.187507202981143317e-01,8.205498574004246870e-02
2.001767628824177858e-01,8.897932263097751981e-01,7.512474747835326538e-02
2.050907455422955605e-01,8.598580956174881607e-01,7.417956575410239450e-02
2.088363769149076954e-01,8.301708759890238376e-01,7.925813641813475585e-02
2.112603104117664887e-01,8.019469656840716443e-01,9.015254219075818920e-02
2.122633099107104626e-01,7.763418549066851693e-01,1.064167648196032295e-01
2.118043124944053446e-01,7.544038199005633771e-01,1.273849451192798354e-01
2.099021095710046636e-01,7.370310063964665703e-01,1.521986433246626802e-01
2.066345775516917338e-01,7.249346594204711947e-01,1.798419837157377021e-01
2.021354895812559616e-01,7.186100048390351436e-01,2.091832446889396735e-01
1.965890388498273689e-01,7.183159747538376827e-01,2.390211915725739544e-01
1.902222977020309458e-01,7.240646067911137296e-01,2.681342553154146269e-01
1.832959212685177919e-01,7.356205512798219548e-01,2.953305436671900264e-01
1.760934762142906118e-01,7.525107064948284297e-01,3.194966373873503462e-01
1.689098314861207928e-01,7.740435874971220986e-01,3.396431737595967393e-01
1.620390863432220885e-01,7.993376356084628265e-01,3.549453512177319081e-01
1.557625298990230056e-01,8.273573095272478417e-01,3.647766968186902936e-01
6.517828532066032021e-02,8.092776625247276590e-01,3.450820903873136891e-01
5.738811123048061930e-02,8.384086037979886497e-01,3.485250675606714754e-01
5.098185678316852210e-02,8.679676678327633566e-01,3.460003337168529036e-01
4.622179478849993556e-02,8.967447030744258862e-01,3.376112517560674875e-01
4.330280274382013184e-02,9.235615743190241922e-01,3.237012716794651079e-01
4.234438452640528622e-02,9.473203957069560310e-01,3.048398697057351225e-01
4.338577789068572693e-02,9.670484782990564909e-01,2.817992338478026437e-01
4.638434806996929310e-02,9.819381520760536164e-01,2.555226504448512292e-01
5.121733324879908233e-02,9.913798320440547762e-01,2.270858859087651616e-01
5.768687044610214254e-02,9.949869747158197608e-01,1.976531447208297598e-01
6.552809604888255868e-02,9.926119032465451353e-01,1.684294067634792835e-01
7.441998935965760120e-02,9.843518533412422000e-01,1.406110953023311794e-01
8.399851522153103933e-02,9.705449924135486350e-01,1.153370952771176072e-01
9.387152766028877826e-02,9.517565749720814372e-01,9.364212721843975795e-02
1.036348243866583585e-01,9.287558010344396653e-01,7.641438566767036478e-02
1.128886948855235689e-01,9.024843249881064899e-01,6.435917638807162056e-02
1.212542846113772443e-01,8.740177041491863363e-01,5.797004106397726786e-02
1.283891053379278557e-01,8.445213653195102754e-01,5.750855164624724125e-02
1.340010566663246416e-01,8.152028920764381459e-01,6.299360156586608639e-02
1.378603846498066832e-01,7.872625861593154362e-01,7.420063223465866997e-02
1.398090879472785042e-01,7.618443269752357416e-01,9.067082650027440127e-02
1.397673864167786328e-01,7.399887410417140821e-01,1.117298926743132970e-01
1.377369873238654951e-01,7.225905986147910243e-01,1.365156701132750339e-01
1.338010154459647327e-01,7.103621816896197316e-01,1.640134261766032497e-01
1.281206099342146187e-01,7.038041230918947733e-01,1.930973995002162047e-01
1.209283272576855278e-01,7.031849105111460663e-01,2.225768887990234035e-01
1.125186203142119062e-01,7.085298945831840500e-01,2.512450003174387381e-01
1.032357834941581565e-01,7.196202510320902634e-01,2.779280582015382639e-01
9.345985722762431558e-02,7.360019393617850403e-01,3.015336549264207022e-01
8.359106908458481533e-02,7.570042913272840845e-01,3.210953745886294675e-01
7.403344841114908870e-02,7.817674681714481544e-01,3.358123580867894420e-01
6.517828532066032021e-02,8.092776625247276590e-01,3.450820903873136891e-01
-2.303569090359408947e-02,7.848159145897738442e-01,3.202477258803557714e-01
-3.287168498260997773e-02,8.133848280804542030e-01,3.231153112892553581e-01
-4.101732701897514710e-02,8.424660474587791770e-01,3.201013705262536480e-01
-4.713913347064847825e-02,8.708689841865019376e-01,3.113292946803108974e-01
-5.098647686221678688e-02,8.974308186967862033e-01,2.971582135672350966e-01
-5.240184650318557846e-02,9.210641063638979054e-01,2.781682929128269643e-01
-5.132729699415472524e-02,9.408012976139520367e-01,2.551369822998988957e-01
-4.780682051827818413e-02,9.558343495181499394e-01,2.290071862910082467e-01
-4.198454579611672621e-02,9.655478071652251471e-01,2.008486618048796468e-01
-3.409883743888389440e-02,9.695440004578235182e-01,1.718142221424614202e-01
-2.447253727325618758e-02,9.676593247730134184e-01,1.430925406749346818e-01
-1.349974715905664924e-02,9.599709389547708138e-01,1.158594864162343502e-01
-1.629694412808699658e-03,9.467936064218416270e-01,9.122998380745954428e-02
1.065165961138428430e-02,9.286668087163947316e-01,7.021236757925726490e-02
2.284151483677402186e-02,9.063326590662996729e-01,5.366710140947511531e-02
3.444081715818588657e-02,8.807055201823821289e-01,4.227155043909019971e-02
4.497468977572111060e-02,8.528345701416109037e-01,3.649224986375046442e-02
5.401187470674033431e-02,8.238608489133527613e-01,3.656580492804931137e-02
6.118238853834348512e-02,7.949705440489600594e-01,4.248920427901201058e-02
6.619266959176513254e-02,7.673464280240479551e-01,5.401994325124026552e-02
6.883759637199515780e-02,7.421194353943720845e-01,7.068595203640676283e-02
6.900888526588523642e-02,7.203223622022371098e-01,9.180492227667387539e-02
6.669952368599392500e-02,7.028475831851764832e-01,1.165122408490314176e-01
6.200405716674045609e-02,6.904105178493479267e-01,1.437963872281404210e-01
5.511471865911693468e-02,6.835203411108934368e-01,1.725403452554891137e-01
4.631355849108838296e-02,6.824591376150467292e-01,2.015673339121661078e-01
3.596089719402629364e-02,6.872703531576138669e-01,2.296889848720407579e-01
2.448057393781843949e-02,6.977570160089884288e-01,2.557539944406620469e-01
1.234259450545469039e-02,7.134898009599044411e-01,2.786952580637821475e-01
4.388920104803593902e-05,7.338246059459476722e-01,2.975735577131863874e-01
-1.191203153520260100e-02,7.579289216617514091e-01,3.116160135831220757e-01
-2.303569090359407559e-02,7.848159145897738442e-01,3.202477258803557714e-01
-1.081573506756965813e-01,7.551036296145182680e-01,2.905498500654707383e-01
-1.196836173335619757e-01,7.830875614902940152e-01,2.928296257872184949e-01
-1.292330730143076423e-01,8.116829390091516716e-01,2.893274943800281940e-01
-1.364147618803504547e-01,8.397190640556551067e-01,2.801868335151932454e-01
-1.409346647457019319e-01,8.660481343762956863e-01,2.657818629225019991e-01
-1.426077362559886597e-01,8.895922347386118201e-01,2.467023237905314192e-01
-1.413654806670018582e-01,9.093874669074560879e-01,2.237293346930950555e-01
-1.372587560685135100e-01,9.246234117519949169e-01,1.978034125030535550e-01
-1.304556922481053816e-01,9.346763079001454422e-01,1.699859675210337318e-01
-1.212348074379110685e-01,9.391345886024371481e-01,1.414158492130104527e-01
-1.099736057454678284e-01,9.378157313230925940e-01,1.132627215793605702e-01
-9.713312209119934204e-02,9.307737302340872709e-01,8.667917697325779047e-02
-8.323904738460413677e-02,9.182968856874048624e-01,6.275354883430978026e-02
-6.886020667665465611e-02,9.008960011647537680e-01,4.246535518966704226e-02
-5.458527139537641681e-02,8.792834709230084034e-01,2.664519707090279299e-02
-4.099865906841861779e-02,8.543441144896302131e-01,1.594075361018884585e-02
-2.865660720080608070e-02,8.270989520472517009e-01,1.079026598052557073e-02
-1.806440084612837699e-02,7.986634037474344971e-01,1.140459575062793829e-02
-9.655686177077425769e-03,7.702016242786081657e-01,1.775859218752734447e-02
-3.774716960186191850e-03,7.428788422363435950e-01,2.959212193053417650e-02
-6.622607661787432987e-04,7.178136555277415676e-01,4.642071888158916249e-02
-4.457419173358040387e-04,6.960322358416868305e-01,6.755541830423972272e-02
-3.134024720768915917e-03,6.784263170593344272e-01,9.213096312090093831e-02
-8.617050562645708900e-03,6.657166875642416271e-01,1.191412276392747605e-01
-1.667034372077152993e-02,6.584236810812554852e-01,1.474804084564076134e-01
-2.696420142703098016e-02,6.568458741526813638e-01,1.759882961799337509e-01
-3.907719193745284175e-02,6.610478623795594810e-01,2.034977745369174196e-01
-5.251340799732452658e-02,6.708576158701688996e-01,2.288826022511972480e-01
-6.672276934246650082e-02,6.858735221640068769e-01,2.511035214935599669e-01
-8.112354304987959286e-02,7.054808282931096519e-01,2.692508052193761658e-01
-9.512615975196324347e-02,7.288768088407912016e-01,2.825815015006956088e-01
-1.081573506756965675e-01,7.551036296145182680e-01,2.905498500654707383e-01
-1.897005524970040158e-01,7.214011680549244909e-01,2.565841742155167138e-01
-2.025628738047958732e-01,7.488371514241739524e-01,2.583104855359736884e-01
-2.131982114462048772e-01,7.769871823408982525e-01,2.543585244685490077e-01
-2.211711534485926722e-01,8.046987952318784831e-01,2.448900847636787670e-01
-2.261552866296006048e-01,8.308374734093817437e-01,2.302928054553748938e-01
-2.279465599911873475e-01,8.543330963176567483e-01,2.111643008736266980e-01
-2.264716385914639640e-01,8.742237503942200672e-01,1.882876942435148804e-01
-2.217909058858309745e-01,8.896951099241248162e-01,1.625995565283634148e-01
-2.140959916212197278e-01,9.001137756304090631e-01,1.351515631044585275e-01
-2.037019264917374617e-01,9.050532061149163532e-01,1.070674380475772486e-01
-1.910342447450359693e-01,9.043111805132522107e-01,7.949694873729280797e-02
-1.766115627602146410e-01,8.979180774407334864e-01,5.356883424536326710e-02
-1.610243468323251936e-01,8.861356312883066355e-01,3.034459462551229725e-02
-1.449107394128755777e-01,8.694462167858305612e-01,1.077503297650889147e-02
-1.289304334828865195e-01,8.485331005239595825e-01,-4.338670548410916705e-03
-1.137376646447379736e-01,8.242524679396416865e-01,-1.437775915115213632e-02
-9.995442663973831687e-02,7.975983709837319857e-01,-1.893123136477570245e-02
-8.814500685127391044e-02,7.696620315173288152e-01,-1.781266750184562486e-02
-7.879288431303241302e-02,7.415871665605671126e-01,-1.106786169833590128e-02
-7.228093602055717104e-02,7.145231643834334401e-01,1.027052903676717310e-03
-6.887576190206352866e-02,6.895780284149447548e-01,1.797690907929376525e-02
-6.871677018605364118e-02,6.677730154525801654e-01,3.908777772516187909e-02
-7.181047001206164460e-02,6.500008252889990512e-01,6.349537739849749063e-02
-7.803020494571646926e-02,6.369890534776420088e-01,9.020045810090306093e-02
-8.712133830804649759e-02,6.292704034852844019e-01,1.181097106907083444e-01
-9.871167803103508831e-02,6.271608777495161213e-01,1.460805270876887885e-01
-1.123267142446160161e-01,6.307468405018181734e-01,1.729677787821206070e-01
-1.274090457665064680e-01,6.398814820057788788e-01,1.976706985305158315e-01
-1.433412001721014739e-01,6.541908289649510655e-01,2.191779458959053350e-01
-1.594709131880873987e-01,6.730890550335493216e-01,2.366090116441558755e-01
-1.751378324684289001e-01,6.958024646158781357e-01,2.492502658954707240e-01
-1.897005524970039880e-01,7.214011680549244909e-01,2.565841742155167138e-01
-2.674436245500874110e-01,6.849651291485203686e-01,2.193040116647415605e-01
-2.813218675110046307e-01,7.119281085823747635e-01,2.205468938011665991e-01
-2.927755338013580122e-01,7.396971330797492694e-01,2.162055287380577895e-01
-3.013357089774718611e-01,7.671353355149996833e-01,2.064576524711875805e-01
-3.066519384618581201e-01,7.931193926565748287e-01,1.917023442002484257e-01
-3.085065751947956292e-01,8.165855141521015659e-01,1.725436879795276546e-01
-3.068236901305273490e-01,8.365729942304008793e-01,1.497660414457481770e-01
-3.016721807813150802e-01,8.522635431086379443e-01,1.243019241242627193e-01
-2.932629505451920804e-01,8.630147878721765586e-01,9.719383997011962761e-02
-2.819402742960679387e-01,8.683865712971798878e-01,6.955159713365416385e-02
-2.681677037299397548e-01,8.681589719390704341e-01,4.250687228441683840e-02
-2.525090895039930894e-01,8.623413077423111028e-01,1.716687963535573624e-02
-2.356054971244473384e-01,8.511717545626635850e-01,-5.430958537153918186e-03
-2.181489616494088069e-01,8.351075952196694852e-01,-2.436148408319634140e-02
-2.008541556922814331e-01,8.148064982842896375e-01,-3.884967906267419724e-02
-1.844291306410034137e-01,7.910995930503360585e-01,-4.830239507083711192e-02
-1.695463289510325822e-01,7.649574430035298578e-01,-5.233263680366384563e-02
-1.568150542722112906e-01,7.374503108383595462e-01,-5.077540569107924506e-02
-1.467565264857517149e-01,7.097043417776179863e-01,-4.369445495779933353e-02
-1.397825429010583764e-01,6.828554590546648262e-01,-3.137967955882105253e-02
-1.361786192254968997e-01,6.580028590827875501e-01,-1.433524784590316237e-02
-1.360923005177877565e-01,6.361640102248913298e-01,6.741039143991711668e-03
-1.395271206759666760e-01,6.182329975191742655e-01,3.098631574513872194e-02
-1.463424577591835862e-01,6.049439187326129952e-01,5.740797748478788931e-02
-1.562592910664833412e-01,5.968408303121296443e-01,8.492431842690451038e-02
-1.688716242770867682e-01,5.942554736497313028e-01,1.124088163402855722e-01
-1.836631069874655187e-01,5.972936935509431944e-01,1.387362526510658722e-01
-2.000281741575312411e-01,6.058311049360338707e-01,1.628287790233396426e-01
-2.172968380145277045e-01,6.195181851797945116e-01,1.837000445966743278e-01
-2.347621174311676218e-01,6.377945836088820819e-01,2.004955773062280233e-01
-2.517089818160505588e-01,6.599120623242238359e-01,2.125277660694803450e-01
-2.674436245500874110e-01,6.849651291485203686e-01,2.193040116647415605e-01
-3.414758809367112735e-01,6.468610609671027190e-01,1.799793037942322149e-01
-3.561211947813197609e-01,6.734310304585343632e-01,1.808184386195458848e-01
-3.682098020473689171e-01,7.008747419742726859e-01,1.761428727451405662e-01
-3.772467937330356569e-01,7.280686467403639783e-01,1.661440243872700229e-01
-3.828621943369073244e-01,7.538994231005364810e-01,1.512312475725203220e-01
-3.848261086984798296e-01,7.773095560356173550e-01,1.320150731358641361e-01
-3.830581339330403345e-01,7.973406319526704644e-01,1.092822135165428671e-01
-3.776306511352141015e-01,8.131725762501003096e-01,8.396335465836907153e-02
-3.687658620884463057e-01,8.241572272681956246e-01,5.709505361783601129e-02
-3.568266922978800548e-01,8.298448721036337794e-01,2.977730179643442443e-02
-3.423019327775340681e-01,8.300026579085820755e-01,3.128491163432001176e-03
-3.257862288887580782e-01,8.246241249136468943e-01,-2.176037284275376960e-02
-3.079557354892713539e-01,8.139294708915917331e-01,-4.387033720539230963e-02
-2.895404350738429722e-01,7.983565362346480843e-01,-6.229621738566670786e-02
-2.712942522051864369e-01,7.785428787174131227e-01,-7.628365568404753272e-02
-2.539641877537799908e-01,7.552996718066485871e-01,-8.526000473314486461e-02
-2.382597365944603973e-01,7.295784951242418881e-01,-8.885777174821239688e-02
-2.248238408028848112e-01,7.024323766656807022e-01,-8.692966372493364513e-02
-2.142065675314110407e-01,6.749726817101920906e-01,-7.955461763232467287e-02
-2.068425891952498930e-01,6.483236133956308267e-01,-6.703456872394802923e-02
-2.030333879327145541e-01,6.235761877099276207e-01,-4.988208927315587737e-02
-2.029349128910553079e-01,6.017435671683544207e-01,-2.879940380399449718e-02
-2.065511956500480362e-01,5.837195818211069476e-01,-4.649639936681680685e-03
-2.137341851686443972e-01,5.702421357460299989e-01,2.157850815857800808e-02
-2.241898090119875953e-01,5.618629971689699243e-01,4.881125701708808468e-02
-2.374900127114475679e-01,5.589252090077785340e-01,7.593369470086903938e-02
-2.530902843648608069e-01,5.615490446549503689e-01,1.018354254243957480e-01
-2.703519470177824791e-01,5.696270839708026390e-01,1.254560292885228967e-01
-2.885683061730427434e-01,5.828286110766152106e-01,1.458284759957499954e-01
-3.069935819464939541e-01,6.006131539015622245e-01,1.621187151842223284e-01
-3.248734413830929868e-01,6.222526111727956222e-01,1.736598225475420310e-01
-3.414758809367112180e-01,6.468610609671026079e-01,1.799793037942322149e-01
-4.121273089450816496e-01,6.077583297142035157e-01,1.400318326639320987e-01
-4.273919312157433703e-01,6.339862057564625841e-01,1.405242439591441184e-01
-4.400404186038676668e-01,6.611206508162211781e-01,1.355352258464142534e-01
-4.495549405496506168e-01,6.880507775245708890e-01,1.252690293134623989e-01
-4.555459714067229826e-01,7.136740633299162306e-01,1.101459536525744715e-01
-4.577682376678798848e-01,7.369414879007781805e-01,9.078513935819311487e-02
-4.561307594912845098e-01,7.569004801414191963e-01,6.797922044232944383e-02
-4.507005754258821550e-01,7.727339165644256935e-01,4.266187390498062115e-02
-4.416999978453298725e-01,7.837935744222896961e-01,1.586959488804758761e-02
-4.294975114532984528e-01,7.896266700228559143e-01,-1.130073755755729541e-02
-4.145926874764089276e-01,7.899943957468773537e-01,-3.773676682913247593e-02
-3.975957311595176291e-01,7.848816968600066390e-01,-6.235619878219805789e-02
-3.792024998912956746e-01,7.744978878553889778e-01,-8.415111097993513423e-02
-3.601660147209769791e-01,7.592680830937190706e-01,-1.022292171561749313e-01
-3.412656315881263946e-01,7.398157925713658711e-01,-1.158503975199748626e-01
-3.232751343989035964e-01,7.169373953478614947e-01,-1.244569993468202379e-01
-3.069310562220289307e-01,6.915695356936337745e-01,-1.276966673466872759e-01
-2.929025255384113957e-01,6.647507767635237874e-01,-1.254367691310165067e-01
-2.817638720425206245e-01,6.375790816992006338e-01,-1.177698251982843280e-01
-2.739711135172145928e-01,6.111668628891361310e-01,-1.050097211339244274e-01
-2.698432864121295682e-01,5.865954396747183885e-01,-8.767885709758022061e-02
-2.695493844539468831e-01,5.648707690093653921e-01,-6.648676069918980913e-02
-2.731014400233664485e-01,5.468822614626570600e-01,-4.230103885526882712e-02
-2.803540315480275158e-01,5.333663686471155074e-01,-1.611185785980905755e-02
-2.910102370787671089e-01,5.248764328026588322e-01,1.100859414013724905e-02
-3.046337903091057564e-01,5.217600329002844983e-01,3.795000265317450411e-02
-3.206669413690937942e-01,5.241447547181568023e-01,6.360938324929786558e-02
-3.384532911705201985e-01,5.319329674648595185e-01,8.693623787205283227e-02
-3.572646644627070489e-01,5.448058207954661336e-01,1.069755623523947902e-01
-3.763309214128298108e-01,5.622362985821257597e-01,1.229069443915778576e-01
-3.948714872211603333e-01,5.835107950162584656e-01,1.340781513370599975e-01
-4.121273089450816496e-01,6.077583297142034047e-01,1.400318326639320987e-01
-4.798575073724472562e-01,5.678414296231768521e-01,1.008698932617715094e-01
-4.957068151575251269e-01,5.937243826834176508e-01,1.010274599238003279e-01
-5.089540410032277196e-01,6.205056145214614682e-01,9.569554917176731346e-02
-5.190568419269488976e-01,6.470886983591975783e-01,8.509245005833361575e-02
-5.256016080718428629e-01,6.723853196209292893e-01,6.965225470701448540e-02
-5.283203959429604302e-01,6.953598316599746143e-01,5.000708652963878342e-02
-5.271018980454137415e-01,7.150716552540643534e-01,2.696122101959759487e-02
-5.219959998262960754e-01,7.307137860292156617e-01,1.458158618646197835e-03
-5.132117373586154718e-01,7.416458333136214387e-01,-2.545800230203786735e-02
-5.011087393799059653e-01,7.474202378069971786e-01,-5.268531095184716267e-02
-4.861825040494575645e-01,7.478005947109201967e-01,-7.910907811558559599e-02
-4.690441131954572462e-01,7.427713321690541104e-01,-1.036475116609088393e-01
-4.503952145531431306e-01,7.325383487807759497e-01,-1.252960052353279119e-01
-4.309992962240840608e-01,7.175205840883264186e-01,-1.431682669683160269e-01
-4.116504293835953621e-01,6.983328671427267986e-01,-1.565326043646231291e-01
-3.931407589135220149e-01,6.757607453301909262e-01,-1.648418798810013797e-01
-3.762280728977027144e-01,6.507283239698357091e-01,-1.677559108015118927e-01
-3.616047786887813809e-01,6.242604333333389155e-01,-1.651553963578848427e-01
-3.498695556698352971e-01,5.974406719732034965e-01,-1.571468019169898200e-01
-3.415028452500902811e-01,5.713670440707018239e-01,-1.440580002762069101e-01
-3.368471815371775202e-01,5.471070070156833776e-01,-1.264248485125786525e-01
-3.360931679505207992e-01,5.256537695756139383e-01,-1.049692499311154215e-01
-3.392716738949507760e-01,5.078856298119384105e-01,-8.056959925866805095e-02
-3.462525709636438687e-01,4.945300174542493488e-01,-5.422482106060380613e-02
-3.567500604103871487e-01,4.861337128416883813e-01,-2.701347365173141155e-02
-3.703343737838283856e-01,4.830404616716177379e-01,-4.959279216766587783e-05
-3.864493676983697945e-01,4.853769020103815279e-01,2.556291706757538723e-02
-4.044352924097187052e-01,4.930473797159908855e-01,4.877547676449778269e-02
-4.235558020469360474e-01,5.057378645299350772e-01,6.863776137724754423e-02
-4.430281006989096326e-01,5.229288065128627760e-01,8.433660664005931951e-02
-4.620549901709297136e-01,5.439164064801429443e-01,9.522929998333762303e-02
-4.798575073724472562e-01,5.678414296231767411e-01,1.008698932617715094e-01
-5.451332413881567751e-01,5.268173657778942864e-01,6.370926573422301675e-02
-5.616424324810307400e-01,5.522840699262400177e-01,6.349424732258034110e-02
-5.756301911089012346e-01,5.785981798335448900e-01,5.774421497550090432e-02
-5.865238567900515898e-01,6.046823927484270556e-01,4.669457569287421839e-02
-5.938774415715439847e-01,6.294688179293864705e-01,3.079770300520857929e-02
-5.973898888284145947e-01,6.519426962172333306e-01,1.070441674814014144e-02
-5.969173985572721053e-01,6.711839443942945183e-01,-1.276266157810571067e-02
-5.924793145653324267e-01,6.864048234994506448e-01,-3.864278702958791334e-02
-5.842573325326781974e-01,6.969821889537591852e-01,-6.587642422953714216e-02
-5.725880613697682531e-01,7.024830021727329621e-01,-9.334862487117097374e-02
-5.579492424090932712e-01,7.026820592168693258e-01,-1.199346738323744388e-01
-5.409401906188913145e-01,6.975712106673928048e-01,-1.445461351449476850e-01
-5.222572585779321486e-01,6.873596952644185354e-01,-1.661754126910300888e-01
-5.026653277191238667e-01,6.724655736483461377e-01,-1.839370013065527998e-01
-4.829664939937802770e-01,6.534986129081226114e-01,-1.971037394666982911e-01
-4.639672299691315338e-01,6.312353226449760601e-01,-2.051365793641641844e-01
-4.464453677466656001e-01,6.065871645781052424e-01,-2.077066555897295608e-01
-4.311182544245015236e-01,5.805632371948034054e-01,-2.047087489207486954e-01
-4.186133838229081361e-01,5.542289631398246152e-01,-1.962655940084886974e-01
-4.094427068135745307e-01,5.286624706871254631e-01,-1.827228546070861492e-01
-4.039816719907716180e-01,5.049104550416547710e-01,-1.646349720588385912e-01
-4.024538547617893536e-01,4.839453265146814176e-01,-1.427424664005074728e-01
-4.049218041434931026e-01,4.666253999313977885e-01,-1.179416193860049200e-01
-4.112844819982242051e-01,4.536597551211284385e-01,-9.124778060608053354e-02
-4.212813995470270911e-01,4.455792071058043979e-01,-6.375379895677725506e-02
-4.345032818108657824e-01,4.427145744705970887e-01,-3.658528127722325551e-02
-4.504088233763535731e-01,4.451831356121719319e-01,-1.085450987338475171e-02
-4.683468495029775580e-01,4.528838273473492215e-01,1.238509445022784039e-02
-4.875829752934851546e-01,4.655013824516979204e-01,3.218209956206825872e-02
-5.073296714978643429e-01,4.825192367367462931e-01,4.772601374680840447e-02
-5.267785060533692887e-01,5.032406772485514823e-01,5.838046733139266864e-02
-5.451332413881567751e-01,5.268173657778941754e-01,6.370926573422301675e-02
-6.082936201554294264e-01,4.840353468696257933e-01,2.947758211226070291e-02
-6.256264134089521978e-01,5.089410306587557331e-01,2.881891932733129935e-02
-6.405713509395994931e-01,5.346031305574338033e-01,2.255328969950762263e-02
-6.525165852489109852e-01,5.599710371806394527e-01,1.093720884193297160e-02
-6.609730770407580280e-01,5.840061854506162220e-01,-5.553759530251944909e-03
-6.655946165475867815e-01,6.057245735731811020e-01,-2.624447323428347190e-02
-6.661919973989797183e-01,6.242370481867942633e-01,-5.028785202006282040e-02
-6.627407627526917810e-01,6.387857064056507994e-01,-7.669955713512319195e-02
-6.553822065606447200e-01,6.487749244528759895e-01,-1.043982902688103953e-01
-6.444175889779346633e-01,6.537957425679331580e-01,-1.322500620321683251e-01
-6.302958027366853955e-01,6.536426078672707973e-01,-1.591146176167609616e-01
-6.135949954248534066e-01,6.483217897035267185e-01,-1.838921189605036699e-01
-5.949989000560464980e-01,6.380511229974938914e-01,-2.055681722471509598e-01
-5.752688429596118924e-01,6.232510900508696494e-01,-2.232553573083193299e-01
-5.552125749912611985e-01,6.045276059514188560e-01,-2.362295587094485338e-01
-5.356512021181298877e-01,5.826472123380888046e-01,-2.439596111207724127e-01
-5.173855692440078036e-01,5.585056950962463684e-01,-2.461290452883287683e-01
-5.011634735248822192e-01,5.330914107782804834e-01,-2.426490443224001703e-01
-4.876490494655093544e-01,5.074448231702202161e-01,-2.336620798714144631e-01
-4.773955791747575006e-01,4.826159065820856409e-01,-2.195360793159185087e-01
-4.708228409310614704e-01,4.596211597762688283e-01,-2.008493627783888846e-01
-4.681999234103822460e-01,4.394019903887680933e-01,-1.783669666294680489e-01
-4.696342091641961813e-01,4.227861735899590689e-01,-1.530093228090621538e-01
-4.750669783652206046e-01,4.104539628718606448e-01,-1.258145762345753149e-01
-4.842758128040423604e-01,4.029102403902449780e-01,-9.789608302601404688e-02
-4.968837017167440084e-01,4.004638470298591546e-01,-7.039682957562048982e-02
-5.123744766498754544e-01,4.032149384223164823e-01,-4.444263855067888402e-02
-5.301139434575854459e-01,4.110508845627701136e-01,-2.109607758123827059e-02
-5.493758462844676727e-01,4.236508808955453675e-01,-1.312957616491999824e-03
-5.693716005656119794e-01,4.404990820903417204e-01,1.409679808778532828e-02
-5.892825777713469604e-01,4.609057208106646097e-01,2.450231232249119873e-02
-6.082936201554293154e-01,4.840353468696257377e-01,2.947758211226070291e-02
-6.694634141918982539e-01,4.386499762851924222e-01,-1.187779428792640202e-03
-6.878331471097414163e-01,4.627813053377982100e-01,-2.364433294514411976e-03
-7.039830512199370949e-01,4.875435731533452888e-01,-9.231989883313196366e-03
-7.172519475506806685e-01,5.119230095780221701e-01,-2.150929062153995874e-02
-7.270966059271622983e-01,5.349215176201405075e-01,-3.869370137445009294e-02
-7.331139848787506796e-01,5.555975356582459890e-01,-6.008169034673696562e-02
-7.350577322041557116e-01,5.731045850845295497e-01,-8.479763075689310259e-02
-7.328482706594948715e-01,5.867259252384883217e-01,-1.118296491005270343e-01
-7.265760558600069530e-01,5.959038968537795355e-01,-1.400710513705231142e-01
-7.164978730165373344e-01,6.002627526941074487e-01,-1.683656312397238120e-01
-7.030263241188335899e-01,5.996240406892251462e-01,-1.955550052838121444e-01
-6.867129359616075401e-01,5.940139097836579785e-01,-2.205260373348071901e-01
-6.682255805727578268e-01,5.836620393958423803e-01,-2.422564104065696999e-01
-6.483211324540758547e-01,5.689922363157484675e-01,-2.598564804723311195e-01
-6.278144820502139511e-01,5.506050840051039952e-01,-2.726056985956788470e-01
-6.075451740381352383e-01,5.292533546399055266e-01,-2.799821102886735358e-01
-5.883430362693968796e-01,5.058111905290858523e-01,-2.816837243899123489e-01
-5.709942065204063333e-01,4.812383166256792855e-01,-2.776408766181593935e-01
-5.562089479194882724e-01,4.565407492744814055e-01,-2.680190816362046924e-01
-5.445925706909582331e-01,4.327296097846912160e-01,-2.532122568611224755e-01
-5.366206506834189094e-01,4.107797290047107142e-01,-2.338265954389324719e-01
-5.326195592386395727e-01,3.915897376326739621e-01,-2.106557486259777456e-01
-5.327531015104778334e-01,3.759452761700802781e-01,-1.846483336132395958e-01
-5.370158102626340080e-01,3.644868307073544367e-01,-1.568690970270809615e-01
-5.452331696979478837e-01,3.576835113480505979e-01,-1.284553240772609295e-01
-5.570687601556389978e-01,3.558138467860947896e-01,-1.005702779668216779e-01
-5.720380311717466748e-01,3.589543813083296842e-01,-7.435557575987840340e-02
-5.895281390320566972e-01,3.669765410624178936e-01,-5.088445044488008884e-02
-6.088230366657675363e-01,3.795518978854632297e-01,-3.111781264996284213e-02
-6.291327886967009730e-01,3.961656151915886048e-01,-1.586491084893199011e-02
-6.496259114904160414e-01,4.161375254422522985e-01,-5.750200633661523009e-03
-6.694634141918982539e-01,4.386499762851923667e-01,-1.187779428792640202e-03
-7.285053821251883388e-01,3.898098113906468543e-01,-2.789620805178538721e-02
-7.481292620251870362e-01,4.128969578028869325e-01,-2.963966778689935966e-02
-7.657158331707452081e-01,4.364630797123671968e-01,-3.715651933043001565e-02
-7.805450992728295567e-01,4.595433773192117988e-01,-5.013902189699266654e-02
-7.920099484348556151e-01,4.811929405275766625e-01,-6.805567030613296486e-02
-7.996410083850677974e-01,5.005254336759955569e-01,-9.017295486686391359e-02
-8.031258626324926375e-01,5.167493822235009748e-01,-1.155853913505985736e-01
-8.023218408347878583e-01,5.292005758103248692e-01,-1.432525916218583550e-01
-7.972618597388199113e-01,5.373692611080694848e-01,-1.720418572507798893e-01
-7.881530755651802167e-01,5.409210111808655519e-01,-2.007745523199200299e-01
-7.753684030081743339e-01,5.397104169634197035e-01,-2.282743569171998832e-01
-7.594312480644213048e-01,5.337870403252331641e-01,-2.534154258113169300e-01
-7.409940797298546489e-01,5.233933850018402945e-01,-2.751684806877958689e-01
-7.208117178423667504e-01,5.089549684633835058e-01,-2.926429489241182402e-01
-6.997104306689581055e-01,4.910629011793892218e-01,-3.051234237375262115e-01
-6.785541073858042393e-01,4.704496864866927197e-01,-3.120989530227651909e-01
-6.582088903538797497e-01,4.479592318167628928e-01,-3.132839577913077989e-01
-6.395077151489332312e-01,4.245122990263029417e-01,-3.086299238086975816e-01
-6.232162100811499128e-01,4.010688082986518244e-01,-2.983273877730084345e-01
-6.100013512821753636e-01,3.785885388986928723e-01,-2.827981367200381180e-01
-6.004041566239197714e-01,3.579918356969797877e-01,-2.626779400125046626e-01
-5.948175363833143603e-01,3.401219301426007258e-01,-2.387905208676372459e-01
-5.934702074494097035e-01,3.257104182685766069e-01,-2.121138330318794174e-01
-5.964173296270642854e-01,3.153473090643107990e-01,-1.837400232396046995e-01
-6.035382473880526177e-01,3.094568694382395235e-01,-1.548307185974899802e-01
-6.145414295225676282e-01,3.082802546807514310e-01,-1.265694694342825166e-01
-6.289764044612033977e-01,3.118656355382644074e-01,-1.001132946112797545e-01
-6.462522026339343473e-01,3.200662260972075290e-01,-7.654531303420400445e-02
-6.656615508337490050e-01,3.325462932165692553e-01,-5.683040063794100871e-02
-6.864098280648452954e-01,3.487949014821371541e-01,-4.177568825239760808e-02
-7.076475974195630680e-01,3.681468309623885937e-01,-3.199751757149152387e-02
-7.285053821251883388e-01,3.898098113906468543e-01,-2.789620805178538721e-02
-7.850160655083732175e-01,3.367871987822708135e-01,-5.042773130137676030e-02
-8.060714968234264921e-01,3.585233718718174312e-01,-5.274294947599614258e-02
-8.252685795659250312e-01,3.805696334532130964e-01,-6.090303575618263854e-02
-8.418213829128293746e-01,4.020234069869898508e-01,-7.457391525085593775e-02
-8.550522331502454776e-01,4.220063724639634417e-01,-9.319590054724401218e-02
-8.644194577148945902e-01,4.397004249296078138e-01,-1.160066053793223778e-01
-8.695395613324978790e-01,4.543811677970166496e-01,-1.420721568111217303e-01
-8.702029263593640263e-01,4.654475697282841606e-01,-1.703254281044518925e-01
-8.663823945533510873e-01,4.724465709280971648e-01,-1.996097270129456036e-01
-8.582343789354905939e-01,4.750916314649877292e-01,-2.287261508985300174e-01
-8.460924602225289304e-01,4.732744622497940812e-01,-2.564826699462948723e-01
-8.304537299931896710e-01,4.670694584036945152e-01,-2.817429290051720048e-01
-8.119584397005348286e-01,4.567306535132054091e-01,-3.034727701013367196e-01
-7.913637887022497708e-01,4.426813194653013150e-01,-3.207825709871640063e-01
-7.695129244299732107e-01,4.254966376466301492e-01,-3.329636663805728980e-01
-7.473004238343797789e-01,4.058801509499626592e-01,-3.395173608049393277e-01
-7.256356692997109059e-01,3.846349606454997350e-01,-3.401753452405033018e-01
-7.054056184221164649e-01,3.626308473205099858e-01,-3.349106817271629288e-01
-6.874384918614554474e-01,3.407686619598919719e-01,-3.239389062077260850e-01
-6.724698658901688830e-01,3.199434450010071318e-01,-3.077092044610874044e-01
-6.611125578142601489e-01,3.010077832730113090e-01,-2.868860223836632306e-01
-6.538315371607840154e-01,2.847369049918944683e-01,-2.623218634963233042e-01
-6.509248897707773374e-01,2.717969418262325410e-01,-2.350223873500815186e-01
-6.525116141299036610e-01,2.627176573884087984e-01,-2.061052377059171825e-01
-6.585267495564680607e-01,2.578707586500784132e-01,-1.767542860678832650e-01
-6.687240356993585655e-01,2.574546782150750057e-01,-1.481711638446311929e-01
-6.826859944657550638e-01,2.614864504652950061e-01,-1.215260674183552270e-01
-6.998410216233008629e-01,2.698010141711013055e-01,-9.790985016741296509e-02
-7.194867883445357215e-01,2.820579701174584786e-01,-7.828936280084569654e-02
-7.408189946316128260e-01,2.977555170877914104e-01,-6.346787037675008514e-02
-7.629642974527114374e-01,3.162509956647512332e-01,-5.405216653641997659e-02
-7.850160655083732175e-01,3.367871987822708135e-01,-5.042773130137676030e-02
-8.383649375572780338e-01,2.791017276549094261e-01,-6.869201791426340908e-02
-8.609608890466837749e-01,2.991637069357500067e-01,-7.153676874013339959e-02
-8.818605036442983547e-01,3.193597049903092455e-01,-8.028207696164055274e-02
-9.002081486728950033e-01,3.388628952853043885e-01,-9.456990863266631631e-02
-9.152526693892460985e-01,3.568748149185308471e-01,-1.138153182458498808e-01
-9.263781413475682402e-01,3.726580537838935503e-01,-1.372303964703879831e-01
-9.331290864187001821e-01,3.855664442277927928e-01,-1.638565272526130989e-01
-9.352291201182274527e-01,3.950715152287838094e-01,-1.926036336698634388e-01
-9.325922668197479393e-01,4.007841280632876702e-01,-2.222948058077751365e-01
-9.253264796071183351e-01,4.024704076906562289e-01,-2.517144835904575606e-01
-9.137292206625177160e-01,4.000613176248156155e-01,-2.796582219528223057e-01
-8.982752831297579066e-01,3.936554862961173518e-01,-3.049820009630642703e-01
-8.795973530271906649e-01,3.835151691918116112e-01,-3.266490621330864763e-01
-8.584601070077788609e-01,3.700555120855852920e-01,-3.437723534328166464e-01
-8.357289064070779760e-01,3.538275549208099724e-01,-3.556508453045424956e-01
-8.123343692484834566e-01,3.354956721705154021e-01,-3.617982308953720527e-01
-7.892342706320094603e-01,3.158103732684035547e-01,-3.619628355169296485e-01
-7.673743313091609952e-01,2.955775766644511693e-01,-3.561379202366684038e-01
-7.476494997642491036e-01,2.756256154288768134e-01,-3.445619577705608116e-01
-7.308673129182917672e-01,2.567713251989207635e-01,-3.277088693820870979e-01
-7.177148354725858548e-01,2.397866028318824672e-01,-3.062686224900251220e-01
-7.087305313991089095e-01,2.253668048570885984e-01,-2.811189833212580647e-01
-7.042822191622400974e-01,2.141022794978815758e-01,-2.532895810583122853e-01
-7.045520131876111813e-01,2.064541977459928568e-01,-2.239197546996487820e-01
-7.095288680761241418e-01,2.027356729669561874e-01,-1.942119083871992613e-01
-7.190090308038876721e-01,2.030989420021334646e-01,-1.653822848395191392e-01
-7.326043823949550671e-01,2.075291325745421966e-01,-1.386111722319873785e-01
-7.497583275578023621e-01,2.158448721616227362e-01,-1.149945830602285418e-01
-7.697685817619593918e-01,2.277057134076220235e-01,-9.549938325976578546e-02
-7.918159228492029911e-01,2.426260720783392222e-01,-8.092370860101880115e-02
-8.149977300849687856e-01,2.599951069367274492e-01,-7.186428891708571132e-02
-8.383649375572779228e-01,2.791017276549093706e-01,-6.869201791426340908e-02
-8.877593173330112775e-01,2.165244845007450458e-01,-8.267671012552182952e-02
-9.119184792949156515e-01,2.345982486483655927e-01,-8.596708798716712341e-02
-9.345181807612206182e-01,2.526319413066999142e-01,-9.519704282868066136e-02
-9.546331872985434064e-01,2.698872609794468747e-01,-1.099886992143771919e-01
-9.714399881758332134e-01,2.856577728517902814e-01,-1.297364849938804632e-01
-9.842505109904585714e-01,2.992978303147198482e-01,-1.536319234971114112e-01
-9.925402914332159821e-01,3.102490078130646367e-01,-1.806967326641528149e-01
-9.959699449187713327e-01,3.180629628533335751e-01,-2.098228760277260074e-01
-9.943990610304587197e-01,3.224197911980773990e-01,-2.398179258563497562e-01
-9.878919519392367343e-01,3.231411237829567296e-01,-2.694538812857715238e-01
-9.767150194558528176e-01,3.201974291671935702e-01,-2.975174428186338482e-01
-9.613258485094104966e-01,3.137092225542266744e-01,-3.228596849484528519e-01
-9.423544735666079530e-01,3.039421318851228682e-01,-3.444430933048467924e-01
-9.205775849466454330e-01,2.912960229994596695e-01,-3.613840406137620587e-01
-8.968867310282999661e-01,2.762886290808708734e-01,-3.729889625018948385e-01
-8.722518181545457772e-01,2.595343545996773305e-01,-3.787827521036246092e-01
-8.476814025529136876e-01,2.417191215216827893e-01,-3.785282109919151372e-01
-8.241813999250356959e-01,2.235722875823014377e-01,-3.722357601097871505e-01
-8.027139031396304247e-01,2.058367862951739069e-01,-3.601630131356865494e-01
-7.841577940374159228e-01,1.892387111668281663e-01,-3.428042297492205348e-01
-7.692727619052871502e-01,1.744575893432096514e-01,-3.208700805818014423e-01
-7.586682017076504803e-01,1.620985616884854652e-01,-2.952585522774965332e-01
-7.527782653849801608e-01,1.526676082469640705e-01,-2.670181838143109165e-01
-7.518440876223643210e-01,1.465508333606312941e-01,-2.373051391952297473e-01
-7.559039137671657027e-01,1.439986585120242024e-01,-2.073358739580927201e-01
-7.647915340600068834e-01,1.451155700393125247e-01,-1.783373333429473795e-01
-7.781430882818478612e-01,1.498558414533375238e-01,-1.514967210097616368e-01
-7.954119622341054852e-01,1.580254054854508539e-01,-1.279128947810941330e-01
-8.158911661881677047e-01,1.692897992242947125e-01,-1.085513792737284322e-01
-8.387422791279510736e-01,1.831878570666908013e-01,-9.420483720741759659e-02
-8.630297738048089418e-01,1.991505908916189616e-01,-8.546061770000348834e-02
-8.877593173330112775e-01,2.165244845007450181e-01,-8.267671012552182952e-02
-9.323561082181394122e-01,1.491403329858070059e-01,-9.246763615145051074e-02
-9.580161222289781398e-01,1.649387277871651458e-01,-9.609076274345984547e-02
-9.822253319362808099e-01,1.805323226912116386e-01,-1.056775561048545753e-01
-1.003992609450169216e+00,1.952827140904052350e-01,-1.208355317890188185e-01
-1.022426799871678060e+00,2.085860192277655123e-01,-1.409441204904563483e-01
-1.036773205279025278e+00,2.198975992278969505e-01,-1.651800742250715270e-01
-1.046444482149203381e+00,2.287543566765399827e-01,-1.925511701993654901e-01
-1.051044687270820122e+00,2.347936948831223503e-01,-2.219368325281834420e-01
-1.050385487705695731e+00,2.377683626318744525e-01,-2.521340087431148680e-01
-1.044493871161478626e+00,2.375565766756537744e-01,-2.819064229019028756e-01
-1.033611041111724971e+00,2.341670075563917486e-01,-3.100351888707766346e-01
-1.018182541897349802e+00,2.277384246320884320e-01,-3.353687116659807010e-01
-9.988400180889613900e-01,2.185340148429912588e-01,-3.568698338877169807e-01
-9.763753548839249063e-01,2.069306078073380462e-01,-3.736582970659528824e-01
-9.517082582333407093e-01,1.934032483725109108e-01,-3.850467795456108400e-01
-9.258486019723444205e-01,1.785057482231689197e-01,-3.905690355158838445e-01
-8.998550834666417808e-01,1.628480127658080701e-01,-3.899989831685112263e-01
-8.747918804179650731e-01,1.470710715297585125e-01,-3.833599605135727950e-01
-8.516850833039283364e-01,1.318208343429359830e-01,-3.709237699186138659e-01
-8.314806871133136879e-01,1.177216477075958279e-01,-3.531995504877822878e-01
-8.150058622000806441e-01,1.053507339811728949e-01,-3.309129338470836457e-01
-8.029350898318866614e-01,9.521455982514766270e-02,-3.049763367003545111e-01
-7.957625488477412246e-01,8.772810140041764626e-02,-2.764516063822027303e-01
-7.937818839182728681e-01,8.319785519451283751e-02,-2.465065487033668845e-01
-7.970741836984125417e-01,8.180929001938426481e-02,-2.163671178436134546e-01
-8.055046610483321823e-01,8.361925389645120943e-02,-1.872672256435734262e-01
-8.187281712347873608e-01,8.855364669192480886e-02,-1.603982251090086408e-01
-8.362033421970478386e-01,9.641045378499182861e-02,-1.368601362787777442e-01
-8.572147383826735911e-01,1.068680165701265117e-01,-1.176166112751982906e-01
-8.809021507630906411e-01,1.194982011981939318e-01,-1.034554822729350787e-01
-9.062958138922919682e-01,1.337839264265373862e-01,-9.495650755720275171e-02
-9.323561082181394122e-01,1.491403329858070059e-01,-9.246763615145051074e-02
-9.712946182598768408e-01,7.726746748630697326e-02,-9.819093449816168606e-02
-9.983166351922339032e-01,9.054600300357595888e-02,-1.020176483706348447e-01
-1.023969046186420817e+00,1.034695124738038291e-01,-1.118201662510570904e-01
-1.047201638522305078e+00,1.155089059008315711e-01,-1.271971719056569639e-01
-1.067063267139942040e+00,1.261712891031880057e-01,-1.475191289162137709e-01
-1.082740794630083325e+00,1.350201428597918030e-01,-1.719540539749866981e-01
-1.093592381175251260e+00,1.416931940581514782e-01,-1.995015783790878294e-01
-1.099173761547279415e+00,1.459172471981559638e-01,-2.290339032427165522e-01
-1.099256433377952424e+00,1.475193690479482400e-01,-2.593419717160550531e-01
-1.093837012072809367e+00,1.464339685507565492e-01,-2.891849679147580621e-01
-1.083137369376837578e+00,1.427054821304650223e-01,-3.173411160680475462e-01
-1.067595549919164721e+00,1.364865544591989943e-01,-3.426577001623207774e-01
-1.047847837614474198e+00,1.280317891665130603e-01,-3.640982562701859937e-01
-1.024702706124777984e+00,1.176873253368824757e-01,-3.807850055054287086e-01
-9.991077198527011927e-01,1.058766665349152591e-01,-3.920347903937484446e-01
-9.721107405435063242e-01,9.308334251965739992e-02,-3.973870434200236779e-01
-9.448170277021218366e-01,7.983111347944533975e-02,-3.966226427164957213e-01
-9.183439891391493859e-01,6.666252722825612154e-02,-3.897728829377802295e-01
-8.937754341638068922e-01,5.411670723445663467e-02,-3.771181940540304645e-01
-8.721172023034675647e-01,4.270728084266428581e-02,-3.591766605150099601e-01
-8.542559841152277400e-01,3.290135130990971130e-02,-3.366828108118468110e-01
-8.409230199703181530e-01,2.510037454341173396e-02,-3.105575457943037243e-01
-8.326641629873881012e-01,1.962372344856659623e-02,-2.818704368817872008e-01
-8.298175317416933705e-01,1.669561276467644573e-02,-2.517959376837678453e-01
-8.324996676508973348e-01,1.643591968717812712e-02,-2.215653017310161566e-01
-8.406007637557399992e-01,1.885527608117709697e-02,-1.924161748113867032e-01
-8.537891602298504079e-01,2.385463321164069117e-02,-1.655419256058461297e-01
-8.715249225720078652e-01,3.122931681024824352e-02,-1.420427890344593824e-01
-8.930819465880608377e-01,4.067740646398419757e-02,-1.228808225094904782e-01
-9.175776851819492652e-01,5.181209627232123693e-02,-1.088405191919070147e-01
-9.440092799375123800e-01,6.417753072623552657e-02,-1.004966907491964823e-01
-9.712946182598768408e-01,7.726746748630694550e-02,-9.819093449816168606e-02
-1.003830790938168516e+00,1.460153455075764023e-03,-1.000525387904692698e-01
-1.032015014067101610e+00,1.202527539815637092e-02,-1.039487431721839716e-01
-1.058886466128412085e+00,2.210267839539280590e-02,-1.138241498263800333e-01
-1.083345026717447812e+00,3.127979238403363893e-02,-1.292744584443236144e-01
-1.104389359489935218e+00,3.918090523911879619e-02,-1.496671315758620335e-01
-1.121157906989564301e+00,4.548254447201973555e-02,-1.741672907869526443e-01
-1.132964162911479944e+00,4.992672023213035742e-02,-2.017718966808469960e-01
-1.139324777751062445e+00,5.233148744166322280e-02,-2.313508134488455048e-01
-1.139979347189438830e+00,5.259839464851191748e-02,-2.616930767630912258e-01
-1.134901073076893363e+00,5.071651464026779438e-02,-2.915564707984343307e-01
-1.124297860552265327e+00,4.676289180557986758e-02,-3.197183846942681651e-01
-1.108603806382137957e+00,4.089938792783123778e-02,-3.450258663868127629e-01
-1.088461426988209357e+00,3.336605554470936652e-02,-3.664428246020725588e-01
-1.064695353749495421e+00,2.447131016910825130e-02,-3.830924465543291135e-01
-1.038278572496784902e+00,1.457930372179319992e-02,-3.942930947646094975e-01
-1.010292589358403159e+00,4.095016108978695793e-03,-3.995862133791645565e-01
-9.818831537722493286e-01,-6.552324702615144013e-03,-3.987551014999993759e-01
-9.542133513691873903e-01,-1.692681532915224149e-02,-3.918337849450985177e-01
-9.284159871106623108e-01,-2.660372290543128182e-02,-3.791056232274396809e-01
-9.055472081204799517e-01,-3.518687369829102962e-02,-3.610917087832394845e-01
-8.865432648974654883e-01,-4.232487250579443361e-02,-3.385295333863883038e-01
-8.721821811100379795e-01,-4.772548881808302140e-02,-3.123427951485765464e-01
-8.630519012158102132e-01,-5.116762076878623999e-02,-2.836035822100712034e-01
-8.595262199464143160e-01,-5.251034707140898178e-02,-2.534884813252887836e-01
-8.617494791072691784e-01,-5.169869635335821306e-02,-2.232304082628264741e-01
-8.696306582071076097e-01,-4.876589769039584021e-02,-1.940681320890340344e-01
-8.828471008475831105e-01,-4.383202020437278190e-02,-1.671955598168885504e-01
-9.008577243141283608e-01,-3.709905741927277401e-02,-1.437128577126047801e-01
-9.229251715658647326e-01,-2.884265762260737262e-02,-1.245814103594324873e-01
-9.481459987194911232e-01,-1.940083879213783113e-02,-1.105844614598601450e-01
-9.754876621480166321e-01,-9.160150100150190808e-03,-1.022950477464079078e-01
-1.003830790938168516e+00,1.460153455075751013e-03,-1.000525387904692698e-01
-1.029302990588472522e+00,-7.757299960633910751e-02,-9.827827977913278223e-02
-1.058407126995126957e+00,-6.986612827690001637e-02,-1.021131229274320207e-01
-1.086235311658410030e+00,-6.276137673812827444e-02,-1.119247123784986586e-01
-1.111648255428534071e+00,-5.654961435279406978e-02,-1.273113605073931676e-01
-1.133605549401655921e+00,-5.148515140280407465e-02,-1.476431361318641944e-01
-1.151208259382643373e+00,-4.777532759638000726e-02,-1.720876539689637497e-01
-1.163735728356644294e+00,-4.557202355604266647e-02,-1.996441525863320299e-01
-1.170675080271948332e+00,-4.496544280808067312e-02,-2.291844656928229140e-01
-1.171742217245803186e+00,-4.598041883958583348e-02,-2.594992093990172166e-01
-1.166893450565116064e+00,-4.857539841257366847e-02,-2.893472945357521975e-01
-1.156327289307500505e+00,-5.264414275842894259e-02,-3.175067369905289483e-01
-1.140476313356314275e+00,-5.802007700557515468e-02,-3.428246858806547337e-01
-1.119989463529409646e+00,-6.448310977428868551e-02,-3.642646214038351982e-01
-1.095705473865802526e+00,-7.176864374364430588e-02,-3.809487900806658445e-01
-1.068618533755568922e+00,-7.957840829692269802e-02,-3.921941400852107518e-01
-1.039837585709401990e+00,-8.759267075570427441e-02,-3.975402854670112007e-01
-1.010540925121929501e+00,-9.548332627329066125e-02,-3.967683544059908973e-01
-9.819279607198141413e-01,-1.029273304856792165e-01,-3.899099498504861594e-01
-9.551701106275590769e-01,-1.096199249857813945e-01,-3.772458556888275139e-01
-9.313628443718552363e-01,-1.152871141684165546e-01,-3.592945414239613333e-01
-9.114808342304459021e-01,-1.196968826425811316e-01,-3.367909359710808403e-01
-8.963380520345575198e-01,-1.226686939688170497e-01,-3.106563395814885831e-01
-8.865544450664911702e-01,-1.240808818422552418e-01,-2.819607057020591112e-01
-8.825305553450444318e-01,-1.238756311254320397e-01,-2.518788369554099682e-01
-8.844311213882002365e-01,-1.220613448068101903e-01,-2.216422885824985978e-01
-8.921783337988448137e-01,-1.187122999814436280e-01,-1.924889484263554995e-01
-9.054550207906275627e-01,-1.139656069379789416e-01,-1.656123576583452273e-01
-9.237176332381605848e-01,-1.080155958473282968e-01,-1.421128470623754247e-01
-9.462184976420756621e-01,-1.011058608626395627e-01,-1.229524893633203719e-01
-9.720364259699375564e-01,-9.351928734604531002e-02,-1.089157118566258242e-01
-1.000114429202525468e+00,-8.556647050869940763e-02,-1.005771818626671754e-01
-1.029302990588472300e+00,-7.757299960633912139e-02,-9.827827977913278223e-02
-1.047215061156684834e+00,-1.590217158711128842e-01,-9.313223788341937204e-02
-1.076967086483933356e+00,-1.542636234244943449e-01,-9.678329099641699851e-02
-1.105464351675893075e+00,-1.502041015094345566e-01,-1.064050788779917767e-01
-1.131540175347318433e+00,-1.470093474301096548e-01,-1.216036844017600593e-01
-1.154127010213322091e+00,-1.448101547938948630e-01,-1.417568748718183169e-01
-1.172300148600649239e+00,-1.436965588057109999e-01,-1.660395763024231641e-01
-1.185315580088470044e+00,-1.437141502161562445e-01,-1.934576520439092451e-01
-1.192640451382424693e+00,-1.448622088308200995e-01,-2.228886028539330821e-01
-1.193974881391102638e+00,-1.470937329951270689e-01,-2.531275221483423876e-01
-1.189264238393159756e+00,-1.503173638475974183e-01,-2.829364250183019069e-01
-1.178701376666409173e+00,-1.544011255623705392e-01,-3.110949314779181130e-01
-1.162718741011027568e+00,-1.591778284550219580e-01,-3.364502289642502530e-01
-1.141970662408625881e+00,-1.644519137478877568e-01,-3.579642686190870338e-01
-1.117306569634982427e+00,-1.700074597693993217e-01,-3.747562631311669445e-01
-1.089736213546158128e+00,-1.756170218126870131e-01,-3.861387462721900254e-01
-1.060388327759808513e+00,-1.810509437486030881e-01,-3.916457178449777587e-01
-1.030464418168256957e+00,-1.860867601746324373e-01,-3.910517217862984896e-01
-1.001189573146091583e+00,-1.905183041746100758e-01,-3.843810763645861273e-01
-9.737623082881683434e-01,-1.941641478164926327e-01,-3.719068785871731952e-01
-9.493054990403371196e-01,-1.968750298332130055e-01,-3.541398235767229119e-01
-9.288204100467573054e-01,-1.985399663964915185e-01,-3.318072966529033718e-01
-9.131457032577219302e-01,-1.990907948078058376e-01,-3.058235940919363793e-01
-9.029231030108737510e-01,-1.985049640872771637e-01,-2.772524917296233515e-01
-8.985711237614233404e-01,-1.968064582134361196e-01,-2.472636938536392770e-01
-9.002679360511791629e-01,-1.940648142163237111e-01,-2.170849453725611222e-01
-9.079440721856314456e-01,-1.903922753233112386e-01,-1.879517677950566235e-01
-9.212852702495281099e-01,-1.859391957081835967e-01,-1.610568768341518187e-01
-9.397453400266090329e-01,-1.808878849735987837e-01,-1.375013524858016423e-01
-9.625685240912343899e-01,-1.754451443745345118e-01,-1.182495606844841396e-01
-9.888204386061880680e-01,-1.698338003506112970e-01,-1.040896720485347537e-01
-1.017426327106759176e+00,-1.642835819854735202e-01,-9.560139408242557257e-02
-1.047215061156684612e+00,-1.590217158711129120e-01,-9.313223788341937204e-02
-1.057220155537386574e+00,-2.420036679151394698e-01,-8.489577336824657983e-02
-1.087332843085250911e+00,-2.402386674172654057e-01,-8.825188205613906933e-02
-1.116200415783549893e+00,-2.392522825052787183e-01,-9.757083773537514326e-02
-1.142641031814219721e+00,-2.390848958933713686e-01,-1.124711212655160053e-01
-1.165572209250324232e+00,-2.397433604091019910e-01,-1.323427132881287716e-01
-1.184055142993329923e+00,-2.412007184378302804e-01,-1.563720684909947756e-01
-1.197333139564146220e+00,-2.433973055706277755e-01,-1.835754222487792076e-01
-1.204862596223065241e+00,-2.462431932721897421e-01,-2.128390660623801500e-01
-1.206335256129797306e+00,-2.496218705656366166e-01,-2.429649429157365592e-01
-1.201690828414730738e+00,-2.533950140055969413e-01,-2.727196958708318353e-01
-1.191119456494217133e+00,-2.574081506563132282e-01,-3.008851618456493404e-01
-1.175053933576766019e+00,-2.614969822317816384e-01,-3.263082433538783134e-01
-1.154151984058236602e+00,-2.654941114868851204e-01,-3.479481164514865998e-01
-1.129269336207792351e+00,-2.692358954802770432e-01,-3.649188421912809011e-01
-1.101424688552017139e+00,-2.725691451356269668e-01,-3.765256370674985864e-01
-1.071758004237546080e+00,-2.753573968204047206e-01,-3.822933175341667877e-01
-1.041483840805900396e+00,-2.774864991830297556e-01,-3.819857540753063829e-01
-1.011841626065035360e+00,-2.788692865226173323e-01,-3.756155383750602317e-01
-9.840449157692540139e-01,-2.794491473630141276e-01,-3.634434678126651219e-01
-9.592317105040406577e-01,-2.792023421332835431e-01,-3.459678683871029725e-01
-9.384178658083807134e-01,-2.781389750685291373e-01,-3.239041931921520234e-01
-9.224555029296376274e-01,-2.763025805413222291e-01,-2.981557316826654036e-01
-9.119981228795650541e-01,-2.737683407593739515e-01,-2.697766288981571781e-01
-9.074738520261028674e-01,-2.706400077971177209e-01,-2.399287286410282105e-01
-9.090679145495712543e-01,-2.670456559735918667e-01,-2.098340074547846712e-01
-9.167150493429647717e-01,-2.631324384747699141e-01,-1.807245467607709877e-01
-9.301021818093420102e-01,-2.590605628848371977e-01,-1.537920913000164480e-01
-9.486812411726078809e-01,-2.549967322688706517e-01,-1.301392589635135266e-01
-9.716915985594837268e-01,-2.511073203297676804e-01,-1.107343994862084458e-01
-9.981912072349485854e-01,-2.475515600493017332e-01,-9.637195009507620869e-02
-1.027095170106257171e+00,-2.444750246711391295e-01,-8.763991115570599066e-02
-1.057220155537386574e+00,-2.420036679151394698e-01,-8.489577336824657983e-02
-1.059109011033184888e+00,-3.256110219559202879e-01,-7.385476231487408949e-02
-1.089289503050362873e+00,-3.268421742588135115e-01,-7.681699276605047366e-02
-1.118226367543495581e+00,-3.289176642831194153e-01,-8.573343028912197572e-02
-1.144734925880296572e+00,-3.317525212233831122e-01,-1.002390348842570333e-01
-1.167729914567833926e+00,-3.352306857033887644e-01,-1.197399453949947318e-01
-1.186269916067443475e+00,-3.392097612606579382e-01,-1.434377922537657390e-01
-1.199595900539373705e+00,-3.435268440743544649e-01,-1.703623828257931905e-01
-1.207162300613606742e+00,-3.480051922668499498e-01,-1.994114212095532135e-01
-1.208659346982089433e+00,-3.524614617369600245e-01,-2.293956363604976179e-01
-1.204025750390600669e+00,-3.567132122889890011e-01,-2.590874709873510207e-01
-1.193451210828020415e+00,-3.605863767557773159e-01,-2.872713378918476113e-01
-1.177368651186496251e+00,-3.639223873289771927e-01,-3.127933862514535313e-01
-1.156436493347372751e+00,-3.665846673437571090e-01,-3.346087404076132366e-01
-1.131511702312007817e+00,-3.684642227435074857e-01,-3.518242771979781525e-01
-1.103614701953927968e+00,-3.694841043093241018e-01,-3.637351905236111405e-01
-1.073887598745551175e+00,-3.696025579700714103e-01,-3.698538461934878785e-01
-1.043547423785014638e+00,-3.688147342189607714e-01,-3.699297457255721344e-01
-1.013836307400022285e+00,-3.671528866529279456e-01,-3.639597817841024319e-01
-9.859706261862832832e-01,-3.646850515065851450e-01,-3.521883653942836645e-01
-9.610912044067666526e-01,-3.615122622407819786e-01,-3.350974197261976095e-01
-9.402166085123339068e-01,-3.577644132208472882e-01,-3.133866501035966201e-01
-9.242014469115640285e-01,-3.535949418260107557e-01,-2.879448979857370805e-01
-9.137013822020939591e-01,-3.491745467050691998e-01,-2.598137516936031011e-01
-9.091462882668346346e-01,-3.446841993536481907e-01,-2.301449036616640131e-01
-9.107226511866965968e-01,-3.403077351199083611e-01,-2.001530000142890120e-01
-9.183659344785256584e-01,-3.362243269637917864e-01,-1.710659128107006599e-01
-9.317632212263067260e-01,-3.326011500949899169e-01,-1.440744708186015299e-01
-9.503660249364713763e-01,-3.295865378002167390e-01,-1.202837068445078844e-01
-9.734127446393888716e-01,-3.273039086610221582e-01,-1.006676175608152424e-01
-9.999598449225470809e-01,-3.258467137825623028e-01,-8.602928796759057306e-02
-1.028920484381201650e+00,-3.252746108943744829e-01,-7.696801299831124155e-02
-1.059109011033184888e+00,-3.256110219559202879e-01,-7.385476231487408949e-02
-1.052808076124907455e+00,-4.089427745115458701e-01,-6.029537943667861999e-02
-1.082765421424397578e+00,-4.131317557623968573e-01,-6.277782627898656487e-02
-1.111475095157080872e+00,-4.182186788695087531e-01,-7.120578517203712821e-02
-1.137761719907097957e+00,-4.239952846031883049e-01,-8.523421448850572457e-02
-1.160549118168635818e+00,-4.302250780459764279e-01,-1.042887886839056616e-01
-1.178904371179461563e+00,-4.366530107223555723e-01,-1.275894112518598800e-01
-1.192076012724661238e+00,-4.430159223133048885e-01,-1.541821519667294083e-01
-1.199524794251772164e+00,-4.490533144706804758e-01,-1.829783008991331117e-01
-1.200945761769879772e+00,-4.545180156501959501e-01,-2.127989403283745973e-01
-1.196280740701836320e+00,-4.591863003434867863e-01,-2.424232097724443036e-01
-1.185720717558284010e+00,-4.628670484267095042e-01,-2.706382881595982282e-01
-1.169698020927470106e+00,-4.654095696408674931e-01,-2.962890468655352549e-01
-1.148868621892046749e+00,-4.667097728687194524e-01,-3.183253408149981922e-01
-1.124085278495875029e+00,-4.667144276373498268e-01,-3.358450015445413883e-01
-1.096362623729512986e+00,-4.654233433799839781e-01,-3.481307720854246446e-01
-1.066835626336369414e+00,-4.628893772378143145e-01,-3.546796715481875251e-01
-1.036713125058994267e+00,-4.592162700824297672e-01,-3.552235872193614252e-01
-1.007228338638927134e+00,-4.545543993523434856e-01,-3.497402511274610437e-01
-9.795883776965208511e-01,-4.490946225829917648e-01,-3.384541516963535668e-01
-9.549248254803149871e-01,-4.430604636768084026e-01,-3.218273431628088099e-01
-9.342474107158852403e-01,-4.366989618083960689e-01,-3.005405290217570968e-01
-9.184026691931804764e-01,-4.302705576116923614e-01,-2.754651939452277265e-01
-9.080392864918185314e-01,-4.240384307098157279e-01,-2.476279250974804391e-01
-9.035815407172386182e-01,-4.182577251103727911e-01,-2.181683835358822487e-01
-9.052119325052151444e-01,-4.131651035798088456e-01,-1.882926463533141637e-01
-9.128637134243853257e-01,-4.089690586419427731e-01,-1.592238297402805980e-01
-9.262236186648723502e-01,-4.058413768695451895e-01,-1.321520144643600347e-01
-9.447446921364083261e-01,-4.039101059218650480e-01,-1.081855238237519196e-01
-9.676686789149350210e-01,-4.032543122584150708e-01,-8.830554876122582997e-02
-9.940570682882853282e-01,-4.039008441488293744e-01,-7.332597779163946283e-02
-1.022829516495010305e+00,-4.058232325015501130e-01,-6.386007631051254796e-02
-1.052808076124907455e+00,-4.089427745115458701e-01,-6.029537943667861999e-02
-1.038384746188872443e+00,-4.911144670277078905e-01,-4.450571874933917371e-02
-1.067835427900263978e+00,-4.981919513957297485e-01,-4.643424289812883576e-02
-1.096030759132711419e+00,-5.062111553103099126e-01,-5.429988393409648784e-02
-1.121816419712747814e+00,-5.148437716209690596e-01,-6.778062158905610868e-02
-1.144136741666540003e+00,-5.237363800016593407e-01,-8.632455287949417078e-02
-1.162077928390772952e+00,-5.325249160204382770e-01,-1.091724870795607871e-01
-1.174905465592957166e+00,-5.408495759800878711e-01,-1.353890270785868821e-01
-1.182094192392863174e+00,-5.483695473237539808e-01,-1.639008646486997400e-01
-1.183349801470663376e+00,-5.547769615410680366e-01,-1.935407218097802140e-01
-1.178620888043184989e+00,-5.598094983411336933e-01,-2.230951393271183580e-01
-1.168101054381772474e+00,-5.632611250760585220e-01,-2.513541558750577720e-01
-1.152220983712552327e+00,-5.649905317417657225e-01,-2.771608439958322956e-01
-1.131630807994551180e+00,-5.649269162261645327e-01,-2.994586748456202763e-01
-1.107173491440907043e+00,-5.630728829559381587e-01,-3.173347726095476218e-01
-1.079850319464938924e+00,-5.595043362710094836e-01,-3.300572877448068043e-01
-1.050779905937679226e+00,-5.543673728919457089e-01,-3.371053589869281719e-01
-1.021152397004562395e+00,-5.478723007030534831e-01,-3.381904374711461880e-01
-9.921807463623950607e-01,-5.402850287228844195e-01,-3.332680999568256586e-01
-9.650510567924917016e-01,-5.319161807577733603e-01,-3.225398675201528453e-01
-9.408740209734474114e-01,-5.231083784267098746e-01,-3.064449552575990721e-01
-9.206394495923747590e-01,-5.142222141920004264e-01,-2.856422907682649726e-01
-9.051757483790764391e-01,-5.056214886614941451e-01,-2.609835375805534263e-01
-8.951160030781323274e-01,-4.976583165489520955e-01,-2.334782279472496780e-01
-8.908720608441330624e-01,-4.906587110562948828e-01,-2.042524324764778687e-01
-8.926176691707805588e-01,-4.849092368548105769e-01,-1.745026586686965475e-01
-9.002813626480816733e-01,-4.806452780938424985e-01,-1.454468657590463065e-01
-9.135493887646299882e-01,-4.780414017460585807e-01,-1.182746013231589233e-01
-9.318785529722869443e-01,-4.772042108150794659e-01,-9.409830105964511748e-02
-9.545184571348058755e-01,-4.781679799959853150e-01,-7.390774554188785095e-02
-9.805422209156975377e-01,-4.808932524652717033e-01,-5.852953848507361223e-02
-1.008884428368109543e+00,-4.852684552478401803e-01,-4.859326549297096620e-02
-1.038384746188872443e+00,-4.911144670277078905e-01,-4.450571874933917371e-02
-1.015982068610039590e+00,-5.712741266502288084e-01,-2.675753327710714280e-02
-1.044653665308524992e+00,-5.811418359353294205e-01,-2.806921153868252583e-02
-1.072059849376382656e+00,-5.919873014842684800e-01,-3.531003991002426567e-02
-1.097078608417784817e+00,-6.033665086631840868e-01,-4.818357802684838931e-02
-1.118685671497996692e+00,-6.148135913931715990e-01,-6.616278172607562014e-02
-1.135996442915792715e+00,-6.258599047622900313e-01,-8.851158029579291042e-02
-1.148302217655398971e+00,-6.360532114033210505e-01,-1.143150112966836440e-01
-1.155099195853108718e+00,-6.449761961447181280e-01,-1.425166792317969777e-01
-1.156109108422896714e+00,-6.522635509427623379e-01,-1.719620045023140531e-01
-1.151290609425496214e+00,-6.576169306357939615e-01,-2.014454920319810882e-01
-1.140840968776010156e+00,-6.608171672301846877e-01,-2.297600843771709089e-01
-1.125187995990409418e+00,-6.617332426637485554e-01,-2.557465788004479879e-01
-1.104972525613682643e+00,-6.603276527006010088e-01,-2.783410851668399744e-01
-1.081022181378269886e+00,-6.566579423589831155e-01,-2.966185817309649475e-01
-1.054317493191215149e+00,-6.508743500114535507e-01,-3.098307856359729939e-01
-1.025951754124563520e+00,-6.432136566082631290e-01,-3.174367877016251449e-01
-9.970862608685371331e-01,-6.339894918374320287e-01,-3.191251973096861927e-01
-9.689027701085888289e-01,-6.235794940884711313e-01,-3.148268907724224297e-01
-9.425551172678504619e-01,-6.124098498923459255e-01,-3.047178412644990231e-01
-9.191219783493397300e-01,-6.009378457948231222e-01,-2.892119144605332370e-01
-8.995627088136574079e-01,-5.896331469915585544e-01,-2.689439248257484705e-01
-8.846780674537106925e-01,-5.789585691798037059e-01,-2.447436462371804788e-01
-8.750774332356472396e-01,-5.693511308293812689e-01,-2.176018409436572265e-01
-8.711538572523809254e-01,-5.612041615951838258e-01,-1.886296976429222838e-01
-8.730679711656673669e-01,-5.548511993548874699e-01,-1.590133392857900341e-01
-8.807414109269977587e-01,-5.505523351290513290e-01,-1.299652630631757955e-01
-8.938600250109524081e-01,-5.484835649241763811e-01,-1.026747006286374692e-01
-9.118867358155623437e-01,-5.487295844355202235e-01,-7.825893081474995239e-02
-9.340835276824385192e-01,-5.512803215953824276e-01,-5.771753810642496485e-02
-9.595416613445384435e-01,-5.560313489247393770e-01,-4.189148953465249292e-02
-9.872188778185322366e-01,-5.627881588065051233e-01,-3.142870538744266251e-02
-1.015982068610039590e+00,-5.712741266502288084e-01,-2.675753327710714280e-02
-9.858652877104641110e-01,-6.486294387709129472e-01,-7.319509053111433738e-03
-1.013501176940083681e+00,-6.611592530659460287e-01,-7.962955910221253264e-03
-1.039859966148134029e+00,-6.746968640203093726e-01,-1.452801225206742930e-02
-1.063862523407411276e+00,-6.886880402509297783e-01,-2.674590390065342826e-02
-1.084526181203539830e+00,-7.025599813590321929e-01,-4.411642893634479257e-02
-1.101004966958469611e+00,-7.157447684457668435e-01,-6.592843602323034125e-02
-1.112624237247218595e+00,-7.277026147786563870e-01,-9.128893902837090235e-02
-1.118908297778959060e+00,-7.379439647238448252e-01,-1.191596759790034821e-01
-1.119599878377175894e+00,-7.460495362112686824e-01,-1.483996156296966129e-01
-1.114670665650920656e+00,-7.516874861918686479e-01,-1.778116714156038891e-01
-1.104322462148364270e+00,-7.546269963310079376e-01,-2.061917103170805288e-01
-1.088978924536763815e+00,-7.547477227382124454e-01,-2.323778502069869800e-01
-1.069268219048727264e+00,-7.520447228601865319e-01,-2.552980274414897166e-01
-1.045997304282844098e+00,-7.466286578295253662e-01,-2.740138872716016971e-01
-1.020118894223846384e+00,-7.387212619849449213e-01,-2.877592001968580782e-01
-9.926924540201331748e-01,-7.286462650414020636e-01,-2.959712314910930564e-01
-9.648408253561147063e-01,-7.168161385575270161e-01,-2.983137796282480103e-01
-9.377042571817231220e-01,-7.037152093015507370e-01,-2.946909404123501108e-01
-9.123937237864294669e-01,-6.898798308565066151e-01,-2.852510333065636505e-01
-8.899454413812983855e-01,-6.758764252415225826e-01,-2.703805292169416119e-01
-8.712784452855572015e-01,-6.622782935278065386e-01,-2.506882283281230972e-01
-8.571569645126444481e-01,-6.496421448254307007e-01,-2.269803357522435228e-01
-8.481591341446068633e-01,-6.384853045469545130e-01,-2.002274553969184689e-01
-8.446533264139117758e-01,-6.292645350442521712e-01,-1.715248533272248910e-01
-8.467830695009690434e-01,-6.223573357041585208e-01,-1.420476174443086048e-01
-8.544611714735601549e-01,-6.180464880792184701e-01,-1.130025492486443767e-01
-8.673732899347886827e-01,-6.165084787777002084e-01,-8.557875724481327218e-02
-8.849908012377423194e-01,-6.178062740811163245e-01,-6.089897469961087773e-02
-9.065924423997085979e-01,-6.218867420972604698e-01,-3.997359481018913918e-02
-9.312938396934313801e-01,-6.285828279861169765e-01,-2.365930508784869213e-02
-9.580837150114148715e-01,-6.376203932046395906e-01,-1.262401447066982541e-02
-9.858652877104641110e-01,-6.486294387709129472e-01,-7.319509053111433738e-03
-9.483827181193966727e-01,-7.224270415278289947e-01,1.354748301163857804e-02
-9.747385770607575051e-01,-7.374775098365258241e-01,1.361637996184358879e-02
-9.998043277299333287e-01,-7.535613908383499426e-01,7.770906589428222544e-03
-1.022553775349427596e+00,-7.700202085553108367e-01,-3.749622738926899901e-03
-1.042055554860751299e+00,-7.861801370562472302e-01,-2.047355619891415290e-02
-1.057511261119349344e+00,-8.013795869696197505e-01,-4.171621398970297434e-02
-1.068288135695026231e+00,-8.149962910301153940e-01,-6.660791920543208955e-02
-1.073944972076424698e+00,-8.264727797736026726e-01,-9.412960250991840583e-02
-1.074250178717440329e+00,-8.353392044024930962e-01,-1.231545229550157772e-01
-1.069191260422329703e+00,-8.412325724507191405e-01,-1.524943968874185596e-01
-1.058975329900492257e+00,-8.439116087379452402e-01,-1.809480464210453943e-01
-1.044020628547812857e+00,-8.432666332037987988e-01,-2.073505758008277189e-01
-1.024939403594772980e+00,-8.393240512224292571e-01,-2.306210623717917241e-01
-1.002512842632899082e+00,-8.322452725633875392e-01,-2.498068096795560966e-01
-9.776590917029789329e-01,-8.223201032566961333e-01,-2.641223509751113863e-01
-9.513956662882753212e-01,-8.099548808999286198e-01,-2.729816063158129191e-01
-9.247977941110877564e-01,-7.956558391492233318e-01,-2.760218767470939971e-01
-8.989543951834675362e-01,-7.800083824539199018e-01,-2.731186932402813738e-01
-8.749235012939818867e-01,-7.636531195296222263e-01,-2.643909124692535029e-01
-8.536889400619764867e-01,-7.472596367621130442e-01,-2.501958508042471108e-01
-8.361200569192446252e-01,-7.314990852620463224e-01,-2.311146557376762833e-01
-8.229361240059058780e-01,-7.170167038596211295e-01,-2.079285136375118304e-01
-8.146768930844786594e-01,-7.044054029510603554e-01,-1.815866678855904137e-01
-8.116804980393046431e-01,-6.941814906773253746e-01,-1.531675567420311690e-01
-8.140696116355947698e-01,-6.867635352081614686e-01,-1.238346619561552092e-01
-8.217464232820079761e-01,-6.824552285120490946e-01,-9.478887568696506283e-02
-8.343966434077528804e-01,-6.814329531713316790e-01,-6.721933583705635984e-02
-8.515023705145439159e-01,-6.837385612585703543e-01,-4.225474260716777231e-02
-8.723632941247914108e-01,-6.892776609077760908e-01,-2.091714937734605317e-02
-8.961253655748373514e-01,-6.978234807284938723e-01,-4.080119721480868211e-03
-9.218157628675920368e-01,-7.090261538531723584e-01,7.567036388049619422e-03
-9.483827181193966727e-01,-7.224270415278288837e-01,1.354748301163857804e-02
-9.039015035059291270e-01,-7.919555302528061835e-01,3.560344420662549247e-02
-9.287504434330992042e-01,-8.093629068832095541e-01,3.641957347391309996e-02
-9.522950182621456872e-01,-8.278259947054513734e-01,3.132840191666223795e-02
-9.735713103331973262e-01,-8.465889127347685505e-01,2.053836269661397929e-02
-9.917082657490070563e-01,-8.648835049024913291e-01,4.491201287212920334e-03
-1.005963355423849848e+00,-8.819607884557500999e-01,-1.615610963797872723e-02
-1.015752974311535661e+00,-8.971216173993785681e-01,-4.055826674372750573e-02
-1.020676334264571272e+00,-9.097453056151030282e-01,-6.771624285099236973e-02
-1.020531872348009239e+00,-9.193150378241512488e-01,-9.651818722701523134e-02
-1.015325502849687256e+00,-9.254390280654890555e-01,-1.257849448849568952e-01
-1.005270375148588968e+00,-9.278665594590976839e-01,-1.543183313276032809e-01
-9.907781473542245365e-01,-9.264982485845000282e-01,-1.809501863614618178e-01
-9.724421329752598320e-01,-9.213901142496717656e-01,-2.045901987123362464e-01
-9.510130105947599555e-01,-9.127512840744611555e-01,-2.242705434969982647e-01
-9.273680910007974232e-01,-9.009354327812607588e-01,-2.391855050876215416e-01
-9.024753999797092696e-01,-8.864263027103176373e-01,-2.487244632042523440e-01
-8.773540472266656565e-01,-8.698178993514867896e-01,-2.524968917808157465e-01
-8.530325038750100619e-01,-8.517901726896831560e-01,-2.503483471481458555e-01
-8.305064967672191045e-01,-8.330811799726089983e-01,-2.423667909759473216e-01
-8.106982432809791694e-01,-8.144568695603146002e-01,-2.288789891117030129e-01
-7.944186956413878953e-01,-7.966797229093427468e-01,-2.104371337484845228e-01
-7.823343404415759039e-01,-7.804775384923104964e-01,-1.877962366116880666e-01
-7.749399126032748830e-01,-7.665136356429268494e-01,-1.618832186902864900e-01
-7.725381408709931508e-01,-7.553596981845345226e-01,-1.337589619826323184e-01
-7.752273540616466674e-01,-7.474723696272119744e-01,-1.045748768627967895e-01
-7.828974554712408995e-01,-7.431745581288179414e-01,-7.552576320457032866e-02
-7.952344302468683512e-01,-7.426422165970679723e-01,-4.780089513424669312e-02
-8.117332011916819079e-01,-7.458971391568194331e-01,-2.253533200815859006e-02
-8.317183066846776107e-01,-7.528060688960388491e-01,-7.634489492656937326e-04
-8.543715541588220441e-01,-7.630861534194379736e-01,1.662341059191330128e-02
-8.787655170008801253e-01,-7.763165248587700074e-01,2.891342654289323633e-02
-9.039015035059290160e-01,-7.919555302528061835e-01,3.560344420662549247e-02
-8.529073021881025118e-01,-8.565984693174134579e-01,5.860765952826860192e-02
-8.760424548056884309e-01,-8.761788589657585336e-01,6.019690407135702692e-02
-8.978576561037445725e-01,-8.968347225045140148e-01,5.588587896921004550e-02
-9.174597891779514569e-01,-9.177204064534424388e-01,4.585107809603344853e-02
-9.340463403970982181e-01,-9.379808484577109029e-01,3.050332737861416454e-02
-9.469382544054356643e-01,-9.567865836411638680e-01,1.047096553460739876e-02
-9.556077347287271762e-01,-9.733677029958105464e-01,-1.342588018839054043e-02
-9.596998518239163722e-01,-9.870453735470732237e-01,-4.020887011872001371e-02
-9.590470739363230468e-01,-9.972596298555248540e-01,-6.878150550176563571e-02
-9.536761258693631227e-01,-1.003592299067773252e+00,-9.797401928780340163e-02
-9.438068948679577685e-01,-1.005784120962212258e+00,-1.265912665324582242e-01
-9.298434284088897828e-01,-1.003745362092955062e+00,-1.534616537711501194e-01
-9.123573924496312104e-01,-9.975594894876533836e-01,-1.774851041931905793e-01
-8.920646673568759510e-01,-9.874797534975771063e-01,-1.976780949156657363e-01
-8.697960396802153493e-01,-9.739188196984787105e-01,-2.132139225258217752e-01
-8.464631896531846778e-01,-9.574318743134355714e-01,-2.234565484159166948e-01
-8.230213668973840324e-01,-9.386938948236449587e-01,-2.279866382785525336e-01
-8.004302823907329945e-01,-9.184720163110381419e-01,-2.266187297024900571e-01
-7.796148177872735952e-01,-8.975941248578909182e-01,-2.194088250255556427e-01
-7.614271606535847337e-01,-8.769149637933434382e-01,-2.066520985923508968e-01
-7.466119158096786723e-01,-8.572811404010762804e-01,-1.888708122819027779e-01
-7.357756211201822438e-01,-8.394964657176454681e-01,-1.667929340449736397e-01
-7.293619157628938865e-01,-8.242890464142009765e-01,-1.413223348106238397e-01
-7.276333775887195987e-01,-8.122814760238217247e-01,-1.135017839041759791e-01
-7.306607731536044481e-01,-8.039653458891196092e-01,-8.447025794851599489e-02
-7.383201605274183343e-01,-7.996811193549130392e-01,-5.541631102732805236e-02
-7.502979634911374207e-01,-7.996041931588875329e-01,-2.752941514125940847e-02
-7.661038093840950580e-01,-8.037377166685470975e-01,-1.951263084456839048e-03
-7.850906050183253937e-01,-8.119124629457377118e-01,2.027097259256889494e-02
-8.064810287497092833e-01,-8.237937569173793273e-01,3.822751095019852330e-02
-8.293993541174159434e-01,-8.388951770122801133e-01,5.118320919826704896e-02
-8.529073021881025118e-01,-8.565984693174134579e-01,5.860765952826860192e-02
-7.959090560324488806e-01,-9.157591463008247779e-01,8.232897363513323741e-02
-8.171345451404491422e-01,-9.373217917712864944e-01,8.471299881937195686e-02
-8.370229156823849603e-01,-9.599777309596949637e-01,8.120389917479926833e-02
-8.547599354314852071e-01,-9.827994270537170340e-01,7.194533765316570018e-02
-8.696194487152104635e-01,-1.004852557133827817e+00,5.731636085100169642e-02
-8.809931053138062573e-01,-1.025234263463414841e+00,3.791588079741962936e-02
-8.884152663897781910e-01,-1.043110116590596048e+00,1.453815542527280014e-02
-8.915820677966090901e-01,-1.057748276988021097e+00,-1.185972844193700776e-02
-8.903638603126198259e-01,-1.068549456649108720e+00,-4.019703833706657348e-02
-8.848105174953384555e-01,-1.075071454009449035e+00,-6.931364146351676192e-02
-8.751493938521942573e-01,-1.077047257730807450e+00,-9.801750066823514129e-02
-8.617760169202716147e-01,-1.074395978176684974e+00,-1.251334765828201745e-01
-8.452378943224684305e-01,-1.067226159043539013e+00,-1.495514379673369421e-01
-8.262120987410856987e-01,-1.055831333569098751e+00,-1.702717106137146830e-01
-8.054775484826612875e-01,-1.040678007247122894e+00,-1.864460041252820055e-01
-7.838831184709811328e-01,-1.022386559037673281e+00,-1.974121410252765441e-01
-7.623128872079614204e-01,-1.001705842979598859e+00,-2.027211663805462138e-01
-7.416499424959047682e-01,-9.794825300181980721e-01,-2.021557280692621861e-01
-7.227402277191155022e-01,-9.566264451972390503e-01,-1.957389752023246943e-01
-7.063579088223526092e-01,-9.340733193147678914e-01,-1.837336103960425238e-01
-6.931736798660902421e-01,-9.127464799942924811e-01,-1.666311346961553697e-01
-6.837273047328790154e-01,-8.935190505433906472e-01,-1.451317254672722656e-01
-6.784055191305745636e-01,-8.771782041829091492e-01,-1.201155710492968764e-01
-6.774261975870183861e-01,-8.643929370828139502e-01,-9.260683574337454094e-02
-6.808294336412691328e-01,-8.556866795803882431e-01,-6.373173040506885378e-02
-6.884758984094024870e-01,-8.514158668807230157e-01,-3.467240523961086229e-02
-7.000525447253895805e-01,-8.517553465575419258e-01,-6.618552433600162488e-03
-7.150854233288557182e-01,-8.566912202729886072e-01,1.928129998289744573e-02
-7.329590864034869480e-01,-8.660214127772122295e-01,4.196680900884708354e-02
-7.529417840829413233e-01,-8.793639448928387559e-01,6.050922723929226532e-02
-7.742154223763548782e-01,-8.961725717873736397e-01,7.414942589323690603e-02
-7.959090560324488806e-01,-9.157591463008246668e-01,8.232897363513323741e-02
-7.334386882263382867e-01,-9.688972643943566387e-01,1.065481198065631047e-01
-7.525794716701934561e-01,-9.922337531680983647e-01,1.097405083333892611e-01
-7.703642212417259882e-01,-1.016679630396762235e+00,1.070471066112710229e-01
-7.860648272038581741e-01,-1.041234078994338175e+00,9.857818282317325209e-02
-7.990385049037571630e-01,-1.064891836950216275e+00,8.468045570403688604e-02
-8.087541104520469259e-01,-1.086684352874014214e+00,6.592289983503299422e-02
-8.148138858160451914e-01,-1.105719438603299798e+00,4.307345175735788345e-02
-8.169697430803565252e-01,-1.121217795491788571e+00,1.706757056000764855e-02
-8.151334211952775410e-01,-1.132544918987486104e+00,-1.103005992523685419e-02
-8.093800993945420297e-01,-1.139237075323598303e+00,-4.006911940497830810e-02
-7.999453193486586455e-01,-1.141020286833429376e+00,-6.886074537217154456e-02
-7.872153420612455488e-01,-1.137821548628248580e+00,-9.622620527684716540e-02
-7.717113342981583024e-01,-1.129771817426011626e+00,-1.210451539752027822e-01
-7.540680319588610736e-01,-1.117200650167941678e+00,-1.423015007914250896e-01
-7.350077539141247618e-01,-1.100622711918633367e+00,-1.591250083893431810e-01
-7.153108301865885865e-01,-1.080716705417838153e+00,-1.708269203912201606e-01
-6.957836551479479326e-01,-1.058297584910555589e+00,-1.769281591447828816e-01
-6.772256736386306208e-01,-1.034283191824488357e+00,-1.771789392185953438e-01
-6.603966516020981503e-01,-1.009656678234151173e+00,-1.715689936469702581e-01
-6.459855711778523801e-01,-9.854262564994253903e-01,-1.603279942607505615e-01
-6.345824236916919325e-01,-9.625839229330840352e-01,-1.439161488955694734e-01
-6.266540553415131942e-01,-9.420648453551935253e-01,-1.230053604289874369e-01
-6.225250544591162116e-01,-9.247090772126818070e-01,-9.845171899773967616e-02
-6.223644628257634093e-01,-9.112271656925196028e-01,-7.126045356695179245e-02
-6.261788550817928289e-01,-9.021710618363996126e-01,-4.254477773819830694e-02
-6.338120695600705234e-01,-8.979115236002384037e-01,-1.348031465385701733e-02
-6.449516015629913612e-01,-8.986229369798990341e-01,1.474303315246970614e-02
-6.591413973415162220e-01,-9.042761766280305036e-01,4.096979850548833346e-02
-6.758005249892421462e-01,-9.146397982492109335e-01,6.412625455013216957e-02
-6.942469578629066884e-01,-9.292895139565954254e-01,8.326437325516540533e-02
-7.137254968332984451e-01,-9.476255626678550259e-01,9.760063779217058311e-02
-7.334386882263381757e-01,-9.688972643943566387e-01,1.065481198065631047e-01
-6.661001216320681095e-01,-1.015564193267372683e+00,1.310474983794268355e-01
-6.830018478967871953e-01,-1.040452490338459768e+00,1.350546122799257953e-01
-6.985267665734702369e-01,-1.066464573363876900e+00,1.331834948600575108e-01
-7.120392856673933846e-01,-1.092535504608273200e+00,1.255107498868383575e-01
-7.229862010591978638e-01,-1.117597937083299353e+00,1.123505004409811880e-01
-7.309193447465351934e-01,-1.140625811858716254e+00,9.424152868106300263e-02
-7.355139328947410959e-01,-1.160676365035558488e+00,7.192521803864870833e-02
-7.365818625251867591e-01,-1.176928724610926125e+00,4.631520089349393937e-02
-7.340794124733254211e-01,-1.188717517074232122e+00,1.845995435657055844e-02
-7.281090333383055668e-01,-1.195560107876904699e+00,-1.050012450604729045e-02
-7.189151531434045950e-01,-1.197176360547512086e+00,-3.937940666305928678e-02
-7.068741704240371071e-01,-1.193500105511818177e+00,-6.699557090978572327e-02
-6.924790444274890877e-01,-1.184681849082925398e+00,-9.221800823720410767e-02
-6.763191133034148761e-01,-1.171082611715134281e+00,-1.140141090976193872e-01
-6.590559665307453852e-01,-1.153259147784124528e+00,-1.314915385608730614e-01
-6.413963593666871521e-01,-1.131941151997399864e+00,-1.439347686112287805e-01
-6.240632782034526427e-01,-1.108001385607226608e+00,-1.508343719484074863e-01
-6.077663414204150794e-01,-1.082419945462422151e+00,-1.519078780011161312e-01
-5.931727475242809522e-01,-1.056244138728205773e+00,-1.471113373054251938e-01
-5.808799599638323485e-01,-1.030545606007803316e+00,-1.366411208009859213e-01
-5.713912469061351862e-01,-1.006376448250237532e+00,-1.209258803816881389e-01
-5.650950773786481696e-01,-9.847261536138584015e-01,-1.006089998367604016e-01
-5.622492173015951611e-01,-9.664810877048809479e-01,-7.652225464284406753e-02
-5.629701765209049746e-01,-9.523882056653230066e-01,-4.965175897825047091e-02
-5.672284388814299305e-01,-9.430244717417273215e-01,-2.109759409263726668e-02
-5.748496706218055863e-01,-9.387732383011180293e-01,7.971229148606625084e-03
-5.855218576191242308e-01,-9.398085513400522562e-01,3.636462970654297938e-02
-5.988080792837869870e-01,-9.460880250210721432e-01,6.292017842624696156e-02
-6.141643961397778018e-01,-9.573545769538694961e-01,8.655068802298940267e-02
-6.309621187707216139e-01,-9.731469531785523763e-01,1.062887226574126820e-01
-6.485135464384592652e-01,-9.928186119569566426e-01,1.213262048724629422e-01
-6.661001216320681095e-01,-1.015564193267372683e+00,1.310474983794268078e-01
-5.945183953437374047e-01,-1.055340069907783951e+00,1.556118910362249697e-01
-6.090393787212888821e-01,-1.081551154669001757e+00,1.604360719021210024e-01
-6.221608500941161468e-01,-1.108898640406133174e+00,1.593898135653726567e-01
-6.333456148825081788e-01,-1.136262917839906850e+00,1.525159499652164741e-01
-6.421357675018741773e-01,-1.162523690237018181e+00,1.400958978850875281e-01
-6.481714380711781631e-01,-1.186605838490019771e+00,1.226381357164404717e-01
-6.512055255281516963e-01,-1.207523436619901025e+00,1.008573862936597010e-01
-6.511138139758161358e-01,-1.224420115701511547e+00,7.564535605724323486e-02
-6.479000580958997890e-01,-1.236604123707974789e+00,4.803422848735770800e-02
-6.416958294317266498e-01,-1.243576645919945545e+00,1.915440639088401148e-02
-6.327551298337739105e-01,-1.245052226458829514e+00,-9.811766922313263500e-03
-6.214439925940693499e-01,-1.240970454883991492e+00,-3.767841291341089693e-02
-6.082254970002086703e-01,-1.231498439403292844e+00,-6.330466782134150372e-02
-5.936408098149118517e-01,-1.217023965443428279e+00,-8.564138975921731234e-02
-5.782870298451728841e-01,-1.198139619668992850e+00,-1.037741107064482915e-01
-5.627927426469453431e-01,-1.175618529414808267e+00,-1.169604749369505814e-01
-5.477922861586262959e-01,-1.150382710761997052e+00,-1.246606311497953645e-01
-5.338997808313261650e-01,-1.123465321091287716e+00,-1.265593340448988302e-01
-5.216839874654447540e-01,-1.095968361498458110e+00,-1.225788505026473851e-01
-5.116450220766760593e-01,-1.069017560739994543e+00,-1.128821419869477372e-01
-5.041938810875644661e-01,-1.043716287765532824e+00,-9.786619288374742709e-02
-4.996356150856763323e-01,-1.021100379663420821e+00,-7.814575791363070900e-02
-4.981568400167022959e-01,-1.002095734368615432e+00,-5.452819400132679489e-02
-4.998180971057148980e-01,-9.874804042924371084e-01,-2.798040698835137924e-02
-5.045513742923005696e-01,-9.778527427654327697e-01,4.107336057518097550e-04
-5.121628906523039149e-01,-9.736069073817201769e-01,2.948289114924281668e-02
-5.223410298116313299e-01,-9.749167231407731560e-01,5.804584809645763066e-02
-5.346690975572193638e-01,-9.817285660315191453e-01,8.493023363397234071e-02
-5.486423813470772126e-01,-9.937635584056534466e-01,1.090353978590999640e-01
-5.636888133010568014e-01,-1.010528986261327589e+00,1.293744725162271902e-01
-5.791923907270817296e-01,-1.031338471012275937e+00,1.451147734991514171e-01
-5.945183953437374047e-01,-1.055340069907783951e+00,1.556118910362249419e-01
-5.193397125923475688e-01,-1.087856282842169398e+00,1.800291955658410159e-01
-5.313544239537543179e-01,-1.115151146847857433e+00,1.856674358454690754e-01
-5.419450993524125293e-01,-1.143593016646704763e+00,1.854432025218620828e-01
-5.506781552931495627e-01,-1.172017478747368724e+00,1.793656757336349328e-01
-5.571960594396612176e-01,-1.199260832331715765e+00,1.676836701415765907e-01
-5.612319680303679004e-01,-1.224207731303044389e+00,1.508754484272033514e-01
-5.626206504933671804e-01,-1.245836846686332322e+00,1.296291411623838874e-01
-5.613052540054604966e-01,-1.263262679956474566e+00,1.048145746628749569e-01
-5.573396310534153297e-01,-1.275771815451943070e+00,7.744766019675423940e-02
-5.508861347068292336e-01,-1.282852127695792488e+00,4.864880245774064887e-02
-5.422089718643849920e-01,-1.284213747872857914e+00,1.959703006539145753e-02
-5.316633865923758862e-01,-1.279800931093106886e+00,-8.518274005112166924e-03
-5.196811163908914288e-01,-1.269794338593986494e+00,-3.454606590171588332e-02
-5.067527168098374668e-01,-1.254603641448135409e+00,-5.742076476603705237e-02
-4.934074780470846799e-01,-1.234850748581535651e+00,-7.620587773890732941e-02
-4.801917557455792074e-01,-1.211344345749012286e+00,-9.013234008806041142e-02
-4.676466031291261483e-01,-1.185046787844413974e+00,-9.863000080863205954e-02
-4.562856202198358746e-01,-1.157034699978186865e+00,-1.013509646722893925e-01
-4.465739269928735711e-01,-1.128454900318854648e+00,-9.818383509875454329e-02
-4.389091213100266287e-01,-1.100477449222454496e+00,-8.925827474488996771e-02
-4.336050012165271195e-01,-1.074247746824083860e+00,-7.493969710029170506e-02
-4.308787180122106708e-01,-1.050839640221791216e+00,-5.581430641609105847e-02
-4.308418860517866378e-01,-1.031211460050210027e+00,-3.266509843403717084e-02
-4.334960132400422772e-01,-1.016166786311778258e+00,-6.439804448831784600e-03
-4.387324392980438414e-01,-1.006321549717021480e+00,2.178790892242958230e-02
-4.463367843277226688e-01,-1.002078815408894874e+00,5.086239577771202447e-02
-4.559977255500911597e-01,-1.003612281428473585e+00,7.959334320905306348e-02
-4.673197428963932198e-01,-1.010859167496741318e+00,1.068045028528707002e-01
-4.798393116461905916e-01,-1.023522785246590239e+00,1.313818466361714732e-01
-4.930438791838797630e-01,-1.041084684679429717e+00,1.523191752167518120e-01
-5.063928489629968555e-01,-1.062825879569043508e+00,1.687593119024910493e-01
-5.193397125923475688e-01,-1.087856282842169175e+00,1.800291955658410159e-01
-4.412302425648361170e-01,-1.112802171838290777e+00,2.040890408972940440e-01
-4.506363376382082619e-01,-1.140930115401973310e+00,2.105308426628496876e-01
-4.585924230351842157e-01,-1.170213359642959139e+00,2.111181718010246566e-01
-4.647727756848114566e-01,-1.199453045101386728e+00,2.058269829878937862e-01
-4.689243712234537065e-01,-1.227452095619071315e+00,1.948738981151549865e-01
-4.708772428419671363e-01,-1.253064226778070056e+00,1.787073377644309291e-01
-4.705514397468371079e-01,-1.275240874919435718e+00,1.579891628159705297e-01
-4.679603003550585893e-01,-1.293074125462615243e+00,1.335675777864459013e-01
-4.632099062177768012e-01,-1.305833883035053322e+00,1.064424052363802248e-01
-4.564947390291198004e-01,-1.312997761662525908e+00,7.772415291704559692e-02
-4.480897185227897261e-01,-1.314272471312304846e+00,4.858854945264692859e-02
-4.383389472258638064e-01,-1.309605825221555664e+00,2.022840987230480059e-02
-4.276416228609051240e-01,-1.299188876429541617e+00,-6.195198377386676447e-03
-4.164356951442973465e-01,-1.283448096043747100e+00,-2.960048967004297316e-02
-4.051799360733990274e-01,-1.263027913462629659e+00,-4.902924863013781442e-02
-3.943351577470681768e-01,-1.238764333360329983e+00,-6.368605958306269854e-02
-3.843453466641922334e-01,-1.211650709557085870e+00,-7.297087096630264225e-02
-3.756194868642570572e-01,-1.182797076997117447e+00,-7.650356151090884071e-02
-3.685148160727170219e-01,-1.153384706787587755e+00,-7.413950245091160962e-02
-3.633222003465411132e-01,-1.124617744820681775e+00,-6.597547864199235224e-02
-3.602542259836654104e-01,-1.097673913899299025e+00,-5.234572617812023598e-02
-3.594364962149777520e-01,-1.073656297627126666e+00,-3.380824872659420055e-02
-3.609024889932873070e-01,-1.053548180036297799e+00,-1.112197279234079794e-02
-3.645921864020034153e-01,-1.038172789823584186e+00,1.478432282236739892e-02
-3.703545317956919991e-01,-1.028159597270825953e+00,4.285003133120372787e-02
-3.779536140768887109e-01,-1.023918543657633240e+00,7.192613933023574158e-02
-3.870783259241471486e-01,-1.025623258217232880e+00,1.008222675416853842e-01
-3.973551005623323640e-01,-1.033203949735259197e+00,1.283554050814250669e-01
-4.083632056302872737e-01,-1.046350263810271075e+00,1.533983420635715023e-01
-4.196519680131324814e-01,-1.064523988799410903e+00,1.749258177056554620e-01
-4.307592244525409453e-01,-1.086981090266301297e+00,1.920564946255190752e-01
-4.412302425648361170e-01,-1.112802171838290777e+00,2.040890408972940162e-01
-3.608927148795269546e-01,-1.129952795983012681e+00,2.275797374159653497e-01
-3.676075827537100271e-01,-1.158654886071524004e+00,2.348083761274371017e-01
-3.728455676374385908e-01,-1.188518009991299529e+00,2.361903991908150535e-01
-3.763922258141357835e-01,-1.218319567940295389e+00,2.316692264195036322e-01
-3.781023566813329628e-01,-1.246839480634545527e+00,2.214299551579756165e-01
-3.779059472803952269e-01,-1.272910139497399840e+00,2.058917823747412335e-01
-3.758110386352740417e-01,-1.295464208691840646e+00,1.856908426892038833e-01
-3.719033965520420759e-01,-1.313578321975056973e+00,1.616541649455991436e-01
-3.663430003567151871e-01,-1.326510885420915997e+00,1.347658135549398006e-01
-3.593574933228489976e-01,-1.333732438362432715e+00,1.061266007824066826e-01
-3.512328629291721072e-01,-1.334947329573684671e+00,7.690901936387185833e-02
-3.423017324986052379e-01,-1.330105821265739729e+00,4.830924051553023985e-02
-3.329297435603390531e-01,-1.319406125357578174e+00,2.149814254376425371e-02
-3.235005864426681033e-01,-1.303286288656841263e+00,-2.426625050291744690e-03
-3.144002919458687706e-01,-1.282406259172057306e+00,-2.248557947029629356e-02
-3.060014271958791943e-01,-1.257620867763632688e+00,-3.785750476546734244e-02
-2.986478427023886995e-01,-1.229944831267988148e+00,-4.791307250809603846e-02
-2.926405950785702648e-01,-1.200511209871051532e+00,-5.224060657332010860e-02
-2.882256217479646221e-01,-1.170525019491117424e+00,-5.066293720804565526e-02
-2.855836722374641146e-01,-1.141213898285567740e+00,-4.324465438145524976e-02
-2.848229082704445414e-01,-1.113777847000468224e+00,-3.028946346408070700e-02
-2.859744756131016308e-01,-1.089340100799029987e+00,-1.232775149424973626e-02
-2.889912289631235698e-01,-1.068901143882053484e+00,9.905126929581328787e-03
-2.937496620839070705e-01,-1.053297749547194906e+00,3.549895515248849276e-02
-3.000549641643949772e-01,-1.043168722591844455e+00,6.340591883987883870e-02
-3.076489953965707014e-01,-1.038928746569664163e+00,9.248350361946158782e-02
-3.162208552495280878e-01,-1.040751406597178352e+00,1.215412697538894721e-01
-3.254196107737363231e-01,-1.048562082758706993e+00,1.493895888834765040e-01
-3.348686638372265212e-01,-1.062041005054481513e+00,1.748883475510187857e-01
-3.441811690973626825e-01,-1.080636344822007100e+00,1.969936235806901692e-01
-3.529758714946220066e-01,-1.103586806666341458e+00,2.148004243745763597e-01
-3.608927148795269546e-01,-1.129952795983012459e+00,2.275797374159653219e-01
-2.790478341094607684e-01,-1.139113023130415625e+00,2.502820253396046413e-01
-2.830006795698538080e-01,-1.168123616728057979e+00,2.582765932151329658e-01
-2.854495711539034031e-01,-1.198298267833836306e+00,2.604320523986644598e-01
-2.862942509524261103e-01,-1.228401622686108974e+00,2.566601581379696073e-01
-2.855001376752247522e-01,-1.257201246400230010e+00,2.471153322272600095e-01
-2.830997424131722062e-01,-1.283518078997531120e+00,2.321883409607895243e-01
-2.791913376303314931e-01,-1.306274706259382468e+00,2.124902971148545094e-01
-2.739349338777301024e-01,-1.324539469191893470e+00,1.888276409189293403e-01
-2.675457289426007579e-01,-1.337564606254588728e+00,1.621691242979193537e-01
-2.602852976256874173e-01,-1.344816866805732980e+00,1.336061500545313030e-01
-2.524508828381688552e-01,-1.345999342446257518e+00,1.043080897102964949e-01
-2.443632264419508537e-01,-1.341063622484504725e+00,7.547440929808388321e-02
-2.363534380401537682e-01,-1.330211775875631108e+00,4.828556308178297285e-02
-2.287494393110574009e-01,-1.313888078494841682e+00,2.385466562004297242e-02
-2.218625388560628575e-01,-1.292760824430859046e+00,3.181920725456033328e-03
-2.159746871889740572e-01,-1.267694965947409491e+00,-1.288632699704903017e-02
-2.113269336488348138e-01,-1.239716702235919010e+00,-2.369224159777394423e-02
-2.081095578116662626e-01,-1.209971466700042297e+00,-2.879342766332398940e-02
-2.064542794222677113e-01,-1.179677032777534773e+00,-2.798104203681159308e-02
-2.064288657723880871e-01,-1.150073658152628742e+00,-2.128834388123745924e-02
-2.080343572998394341e-01,-1.122373308460717034e+00,-8.989333045449368620e-03
-2.112050249928506540e-01,-1.097710039272839166e+00,8.412467521862976305e-03
-2.158110613435322567e-01,-1.077093567727357870e+00,3.020462606084915735e-02
-2.216638946825009726e-01,-1.061367934591677997e+00,5.549496904045313900e-02
-2.285239093251807962e-01,-1.051176949134057237e+00,8.324810684760081125e-02
-2.361102554660828579e-01,-1.046937831496520976e+00,1.123278227596122975e-01
-2.441123472028408070e-01,-1.048824131653224967e+00,1.415435897903283280e-01
-2.522025779595459816e-01,-1.056758624254122703e+00,1.696993110048045372e-01
-2.600497327384569957e-01,-1.070416470239870410e+00,1.956422878683634625e-01
-2.673325481009238280e-01,-1.089238515791082884e+00,2.183104118600406318e-01
-2.737528647303125173e-01,-1.112454184151396630e+00,2.367756473202253797e-01
-2.790478341094607684e-01,-1.139113023130415625e+00,2.502820253396046413e-01
-1.964155816376564057e-01,-1.140130681143712854e+00,2.719728001711391174e-01
-1.975625910110951899e-01,-1.169175639376329068e+00,2.807036314259840903e-01
-1.971794608052231945e-01,-1.199384975827948008e+00,2.836022252291895418e-01
-1.952818764156847020e-01,-1.229521916714794161e+00,2.805499128098817296e-01
-1.919475251703440799e-01,-1.258352652136019989e+00,2.716716561971388444e-01
-1.873129158009552431e-01,-1.284696848396013058e+00,2.573309322598372195e-01
-1.815677897596444379e-01,-1.307475971004577131e+00,2.381148519209336789e-01
-1.749473531815665950e-01,-1.325757440005684851e+00,2.148101237672963570e-01
-1.677226475180964571e-01,-1.338792809910449133e+00,1.883708461077245599e-01
-1.601894530679633943e-01,-1.346048411143378143e+00,1.598794460760843417e-01
-1.526561796970685725e-01,-1.347227198537498838e+00,1.305023649372683558e-01
-1.454312405023385213e-01,-1.342280912398394310e+00,1.014423038447603009e-01
-1.388104253432997648e-01,-1.331412054261763123e+00,7.388898511409962289e-02
-1.330647911704761488e-01,-1.315065596456755914e+00,4.897044485149702753e-02
-1.284295649219863444e-01,-1.293910764886536890e+00,2.770685102310765924e-02
-1.250945133050595237e-01,-1.268813640841177870e+00,1.096873765863193295e-02
-1.231961737247445898e-01,-1.240801703527882660e+00,-5.586349141436519616e-04
-1.228122644265050856e-01,-1.211021764951520696e+00,-6.403334707680952143e-03
-1.239585027021183478e-01,-1.180693019296402246e+00,-6.326079025709446801e-03
-1.265879614219034832e-01,-1.151057128973124177e+00,-3.300307249262390830e-04
-1.305929902369242224e-01,-1.123327390813590787e+00,1.133933127272895858e-02
-1.358096227969227132e-01,-1.098639063556159146e+00,2.820426191598014720e-02
-1.420242895519643056e-01,-1.078002890219504017e+00,4.957430896274754584e-02
-1.489825613149052541e-01,-1.062263718164675463e+00,7.457458017606252709e-02
-1.563995656222085529e-01,-1.052065910944872229e+00,1.021815615150448442e-01
-1.639716494460721763e-01,-1.047826967985864499e+00,1.312650199199939804e-01
-1.713888107850651266e-01,-1.049720432110448742e+00,1.606342751866500496e-01
-1.783473901824895180e-01,-1.057668784674892004e+00,1.890869465536552385e-01
-1.845625025802164754e-01,-1.071346619191313909e+00,2.154581783121973237e-01
-1.897797005464383624e-01,-1.090193963507535280e+00,2.386683291355934933e-01
-1.937853913834232666e-01,-1.113439205132780829e+00,2.577671727220569586e-01
-1.964155816376564057e-01,-1.140130681143712854e+00,2.719728001711391174e-01
-1.137410991820879680e-01,-1.132972542588924547e+00,2.924265460574015929e-01
-1.120587537994858773e-01,-1.161771705754951034e+00,3.018568460838044198e-01
-1.088222191362776675e-01,-1.191733157865767279e+00,3.054608541890760920e-01
-1.041639993018517868e-01,-1.221630273551635337e+00,3.030910218579339066e-01
-9.827480236354722842e-02,-1.250239061383613848e+00,2.948443703044582032e-01
-9.139573273596941771e-02,-1.276388274226472053e+00,2.810585184121887070e-01
-8.380842033792776369e-02,-1.299007360234020858e+00,2.622978605773638172e-01
-7.582349063046943394e-02,-1.317170291367481649e+00,2.393304603360248972e-01
-6.776784757400719506e-02,-1.330133475092196926e+00,2.130966057526073598e-01
-5.997129014177047385e-02,-1.337366197143367019e+00,1.846703139161033347e-01
-5.275301031109162764e-02,-1.338572349030408670e+00,1.552153605542467008e-01
-4.640852530635053430e-02,-1.333702550753349314e+00,1.259376349184820332e-01
-4.119757908908662503e-02,-1.322956172425828747e+00,9.803577053632422933e-02
-3.733350840969486967e-02,-1.306773172039221720e+00,7.265207301390862182e-02
-3.497450877579858647e-02,-1.285816083530777698e+00,5.082575391026079858e-02
-3.421715790958018005e-02,-1.260942892566385476e+00,3.345038529396765492e-02
-3.509246184448758937e-02,-1.233171910506603464e+00,2.123731679769935710e-02
-3.756458553458184857e-02,-1.203640084619910677e+00,1.468655288066778031e-02
-4.153231994552829959e-02,-1.173556451327950612e+00,1.406628258731829062e-02
-4.683322556435379203e-02,-1.144152638112372999e+00,1.940189985633919423e-02
-5.325028269219368032e-02,-1.116632440541024840e+00,3.047496388982848248e-02
-6.052077625626194751e-02,-1.092122538735963211e+00,4.683214214522522789e-02
-6.834705139579895505e-02,-1.071626370956878516e+00,6.780376982286669130e-02
-7.640869948704376302e-02,-1.055983052720843807e+00,9.253126602156859504e-02
-8.437567570993736998e-02,-1.045833023314454158e+00,1.200022841415986363e-01
-9.192181112183456237e-02,-1.041591826134184995e+00,1.490921574734152544e-01
-9.873816605233901034e-02,-1.043433096290916406e+00,1.786099431848988117e-01
-1.045456781297081500e-01,-1.051281451968091085e+00,2.073471796608287177e-01
-1.091065871271408028e-01,-1.064815580562143538e+00,2.341273610633983759e-01
-1.122341688943980231e-01,-1.083481393258240111e+00,2.578541036194489378e-01
-1.138003798664530553e-01,-1.106514709491463133e+00,2.775560317009618250e-01
-1.137410991820879680e-01,-1.132972542588924547e+00,2.924265460574015929e-01
-3.177940603943249509e-02,-1.117602806527457027e+00,3.113972987798896419e-01
-2.726366074446752788e-02,-1.145870178123556293e+00,3.214827532127244591e-01
-2.117325316911749036e-02,-1.175295996154023248e+00,3.257466496047248805e-01
-1.375752531510970877e-02,-1.204675564171303614e+00,3.240144235366160252e-01
-5.320077952098302421e-03,-1.232806079208817351e+00,3.163569925471540478e-01
3.793658833517093987e-03,-1.258535874675733357e+00,3.030878527607574480e-01
1.321056758691476277e-02,-1.280811569722513532e+00,2.847502443193391519e-01
2.254511895729081200e-02,-1.298721194776659926e+00,2.620949110670682258e-01
3.141515531477883511e-02,-1.311531527684163922e+00,2.360493650091813334e-01
3.945753632871824845e-02,-1.318718111910641921e+00,2.076799138615100238e-01
4.634300597545873424e-02,-1.319986727853474484e+00,1.781480062873089798e-01
5.178967231865438947e-02,-1.315285438226906134e+00,1.486626820525177861e-01
5.557454819825867476e-02,-1.304806714380626120e+00,1.204310737956873212e-01
5.754268035105654377e-02,-1.288979556500099211e+00,9.460898687592529666e-02
5.761349321546675728e-02,-1.268451930288566176e+00,7.225358056569318455e-02
5.578408770450020426e-02,-1.244064239175021180e+00,5.428008782598059412e-02
5.212935989472186615e-02,-1.216814918099084375e+00,4.142434556134708123e-02
4.679893477207636154e-02,-1.187819557467263865e+00,3.421266937059230795e-02
4.001104056738315207e-02,-1.158265230750637143e+00,3.294030612430176586e-02
3.204357446692607247e-02,-1.129361895557468243e+00,3.765934652327490584e-02
2.322272546899534218e-02,-1.102292857826563388e+00,4.817659249911415698e-02
1.390962016797203660e-02,-1.078166327143102787e+00,6.406146676584456578e-02
4.485538189123437249e-03,-1.057970046508014406e+00,8.466364070459284075e-02
-4.663697444053781227e-03,-1.042530854023460796e+00,1.091396588936539153e-01
-1.316351594974780187e-02,-1.032480832043787711e+00,1.364874702725576150e-01
-2.066593375964924026e-02,-1.028231429649670403e+00,1.655874522302202279e-01
-2.686380100712406141e-02,-1.029956617874407510e+00,1.952482480861923164e-01
-3.150337627884218505e-02,-1.037585767309377571e+00,2.242555413731349145e-01
-3.439471481805249364e-02,-1.050806539680325669e+00,2.514217700956682955e-01
-3.541944488524190193e-02,-1.069077675013010653e+00,2.756347456579956168e-01
-3.453561391105897105e-02,-1.091651150880144749e+00,2.959031859956913202e-01
-3.177940603943249509e-02,-1.117602806527457027e+00,3.113972987798896419e-01
4.872307400333882044e-02,-1.094095946237690020e+00,3.286367094275977618e-01
5.604558590306018412e-02,-1.121543194341852567e+00,3.393223088316894565e-01
6.495796669605982676e-02,-1.150144445582373942e+00,3.441896016844872008e-01
7.509534246551209657e-02,-1.178728761372962452e+00,3.430393204447148015e-01
8.604268785632450400e-02,-1.206125896466637482e+00,3.359185577614809404e-01
9.735181726193874174e-02,-1.231214208933636645e+00,3.231188384956912296e-01
1.085597335957226711e-01,-1.252966580313809697e+00,3.051641846579903339e-01
1.192075834460969153e-01,-1.270492465967057560e+00,2.827896618860759048e-01
1.288594425891179396e-01,-1.283074354075531609e+00,2.569112857711249309e-01
1.371201627774251419e-01,-1.290197140661762054e+00,2.285885200718636434e-01
1.436515491559158531e-01,-1.291569218006016984e+00,1.989809021438033454e-01
1.481862059988493241e-01,-1.287134413100609942e+00,1.693005713436663562e-01
1.505384839222763116e-01,-1.277074287379436068e+00,1.407626439017010123e-01
1.506120803916307649e-01,-1.261800703571534621e+00,1.145354659204455006e-01
1.484039823588101104e-01,-1.241938963992571088e+00,9.169278114801496238e-02
1.440045896167185535e-01,-1.218302210594563340e+00,7.316977178289421624e-02
1.375940138211239894e-01,-1.191858134838826633e+00,5.972477200485248883e-02
1.294347046983087557e-01,-1.163689360293847841e+00,5.190822168452319252e-02
1.198607053224390318e-01,-1.134949119899188563e+00,5.004013131042631124e-02
1.092639763528600594e-01,-1.106814042473441395e+00,5.419698072196860172e-02
9.807834911864916905e-02,-1.080435981392147360e+00,6.420858801583256836e-02
8.676176451303040105e-02,-1.056894857575265467e+00,7.966507681309339950e-02
7.577752483940000672e-02,-1.037154447397823143e+00,9.993365664633098444e-02
6.557532616058975306e-02,-1.022022925571884899e+00,1.241845294757155244e-01
5.657284768921760215e-02,-1.012119778378882895e+00,1.514248617182554491e-01
4.913865195164781458e-02,-1.007850441828468835e+00,1.805394309713380940e-01
4.357709579485743306e-02,-1.009389703060642463e+00,2.103362833489255401e-01
4.011586998136053989e-02,-1.016674544539703406e+00,2.395955322136979204e-01
3.889667750263845619e-02,-1.029406723999565898e+00,2.671193004793156467e-01
3.996943224201911921e-02,-1.047064984517176001e+00,2.917807618390789171e-01
4.329021549442894912e-02,-1.068926394832184990e+00,3.125702731673202783e-01
4.872307400333881350e-02,-1.094095946237689798e+00,3.286367094275977063e-01
1.270136283323346493e-01,-1.062588120714582862e+00,3.438785224279504171e-01
1.370919252047215209e-01,-1.088925778883436557e+00,3.550994108941279426e-01
1.487683227623340931e-01,-1.116414125737926311e+00,3.605035917683768742e-01
1.615647879172452672e-01,-1.143927785128085350e+00,3.598698172507410753e-01
1.749574318824922148e-01,-1.170340344605762972e+00,3.532240341444380372e-01
1.883979582405688191e-01,-1.194570470882599045e+00,3.408383215906860553e-01
2.013361102631806565e-01,-1.215626179741901014e+00,3.232197521166952914e-01
2.132421984863536735e-01,-1.232645447989028309e+00,3.010896320268248161e-01
2.236287862593252240e-01,-1.244931504782264664e+00,2.753539710377326810e-01
2.320706454582975864e-01,-1.251981357512944149e+00,2.470663901341240698e-01
2.382221653757884972e-01,-1.253506384381950500e+00,2.173849862018423507e-01
2.418315020636029877e-01,-1.249444150610083515e+00,1.875249194052920620e-01
2.427508888536628329e-01,-1.239960964525255394e+00,1.587086643875328107e-01
2.409426859427596934e-01,-1.225445068880006483e+00,1.321159620147578928e-01
2.364809213705207080e-01,-1.206490746147598436e+00,1.088355206466185138e-01
2.295482603027684532e-01,-1.183873988527734067e+00,8.982044428806208736e-02
2.204285266981697577e-01,-1.158520728734727445e+00,7.584921239938446913e-02
2.094950835220201479e-01,-1.131468932203385069e+00,6.749380885565817167e-02
1.971955472225761785e-01,-1.103826102662151865e+00,6.509630485968159741e-02
1.840334622610712290e-01,-1.076723940800339951e+00,6.875485450674476140e-02
1.705476859423086244e-01,-1.051272012308941184e+00,7.831967634443562365e-02
1.572903275332900030e-01,-1.028512322130867629e+00,9.339918544290019831e-02
1.448041448449539914e-01,-1.009376654656159999e+00,1.133760249278802784e-01
1.336003236636252867e-01,-9.946484263595781750e-01,1.374323406436818718e-01
1.241375497448605481e-01,-9.849306126380774629e-01,1.645832641984028566e-01
1.168032301647227295e-01,-9.806210619272108797e-01,1.937172335916149957e-01
1.118976328285686550e-01,-9.818962077394318699e-01,2.236415006932641059e-01
1.096215934677236686e-01,-9.887038454553649380e-01,2.531309624922565837e-01
1.100682934010440289e-01,-1.000765269587056361e+00,2.809783169576769990e-01
1.132194446807746058e-01,-1.017586684013397358e+00,3.060434901257858553e-01
1.189460388032786697e-01,-1.038479418051341252e+00,3.273003108620479717e-01
1.270136283323346493e-01,-1.062588120714582862e+00,3.438785224279503616e-01
2.023512727216292273e-01,-1.023284084862448262e+00,3.568393118574395562e-01
2.151046629555731504e-01,-1.048225840893889593e+00,3.685188875024086874e-01
2.294557113065435749e-01,-1.074318516549409352e+00,3.743816796701130434e-01
2.448168841688752595e-01,-1.100493874621911727e+00,3.741876649603581573e-01
2.605592933207230844e-01,-1.125680292876434008e+00,3.679447863581570832e-01
2.760384426817559800e-01,-1.148846636390358000e+00,3.559086280469909713e-01
2.906206140584102759e-01,-1.169044472338293783e+00,3.385719517623075880e-01
3.037088116411935101e-01,-1.185446898943387950e+00,3.166445230681748102e-01
3.147672030832685541e-01,-1.197382398933224401e+00,2.910240534716939109e-01
3.233430565396909762e-01,-1.204362331535857589e+00,2.627594480084221584e-01
3.290852755623349668e-01,-1.206100937490428571e+00,2.330078629469760632e-01
3.317587730297313353e-01,-1.202527038064879594e+00,2.029873316754340351e-01
3.312540956414422033e-01,-1.193786949121608210e+00,1.739268982713156608e-01
3.275919049490412793e-01,-1.180238490928868567e+00,1.470163002926414830e-01
3.209221314697645600e-01,-1.162436338956947646e+00,1.233572607825194345e-01
3.115178365135187755e-01,-1.141109315399240209e+00,1.039183835983129855e-01
2.997640330207703152e-01,-1.117130551106017222e+00,8.949549865591466258e-02
2.861419230875256181e-01,-1.091481739504828852e+00,8.067908055948327939e-02
2.712091974949816797e-01,-1.065212945956234947e+00,7.783007450177187314e-02
2.555772037834179722e-01,-1.039399617954567034e+00,8.106511912552710752e-02
2.398859176120671233e-01,-1.015098556181150746e+00,9.025177132375097888e-02
2.247777420804322468e-01,-9.933046489602432860e-01,1.050139284760622516e-01
2.108712076699136018e-01,-9.749101414141441158e-01,1.247472261341655286e-01
1.987356495332262829e-01,-9.606681068430531489e-01,1.486437807733740624e-01
1.888678988463537989e-01,-9.511616158156790402e-01,1.757252646390326523e-01
1.816719424818281636e-01,-9.467798651916475849e-01,2.048829585997420655e-01
1.774423837387020253e-01,-9.477022443563405396e-01,2.349231432388672047e-01
1.763523812488710929e-01,-9.538909909983805946e-01,2.646159698677105765e-01
1.784465598423387867e-01,-9.650927371030955104e-01,2.927458106753281775e-01
1.836391836014330814e-01,-9.808488818688091415e-01,3.181610266739403059e-01
1.917176658993492433e-01,-1.000514366877544692e+00,3.398211159344026733e-01
2.023512727216292273e-01,-1.023284084862448262e+00,3.568393118574395562e-01
2.740146604127093877e-01,-9.764784075215519055e-01,3.672194441756845285e-01
2.893350822570713854e-01,-9.997431616614039784e-01,3.792688646165512933e-01
3.062424851113061952e-01,-1.024165810613649752e+00,3.854999632771188289e-01
3.240446779160259250e-01,-1.048746488260644982e+00,3.856576382461005537e-01
3.420128368061364776e-01,-1.072478858771414467e+00,3.797354342917402259e-01
3.594113432455077195e-01,-1.094391316108812573e+00,3.679758071397588592e-01
3.755279003362740897e-01,-1.113586761694841387e+00,3.508601973074561009e-01
3.897026943375245800e-01,-1.129279331731839919e+00,3.290893198723651158e-01
4.013554075173803581e-01,-1.140826570558694852e+00,3.035544771146481136e-01
4.100089764291225403e-01,-1.147755732861091893e+00,2.753010684970226274e-01
4.153091229447531951e-01,-1.149783137920228571e+00,2.454857918879287115e-01
4.170388584431816148e-01,-1.146825783534774157e+00,2.153292882148890308e-01
4.151273673498668826e-01,-1.139004744140743597e+00,1.860661682815165363e-01
4.096529063347599253e-01,-1.126640214009861030e+00,1.588944676561540592e-01
4.008396004750410802e-01,-1.110238398458456066e+00,1.349265989549432443e-01
3.890482675481267694e-01,-1.090470789742334468e+00,1.151438095386166649e-01
3.747616461094676055e-01,-1.068146676084929636e+00,1.003560091302577451e-01
3.585646321193690644e-01,-1.044180009322347669e+00,9.116861201607748266e-02
3.411203332336540384e-01,-1.019551987607812515e+00,8.795775131340380359e-02
3.231429210983219336e-01,-9.952708850439869748e-01,9.085488003666417067e-02
3.053683930784493183e-01,-9.723307728227423841e-01,9.974138939553028882e-02
2.885244404395883033e-01,-9.516708218337651681e-01,1.142534646527295084e-01
2.733006565818541511e-01,-9.341368528979854258e-01,1.337969797421357243e-01
2.603203050051011713e-01,-9.204467087637877576e-01,1.575718208597230996e-01
2.501148028280081870e-01,-9.111608655405497581e-01,1.846046432167124662e-01
2.431019645088010328e-01,-9.066594867408711567e-01,2.137887198895868091e-01
2.395688964722414993e-01,-9.071268593417003423e-01,2.439292513503752979e-01
2.396602429388641764e-01,-9.125438490538453351e-01,2.737922806997111769e-01
2.433722641735928671e-01,-9.226886836820217264e-01,3.021552120072756864e-01
2.505529895909336946e-01,-9.371460325045845030e-01,3.278568635328341641e-01
2.609084394486014258e-01,-9.553240099620716741e-01,3.498450066431144645e-01
2.740146604127093877e-01,-9.764784075215519055e-01,3.672194441756845285e-01
3.412990807442526919e-01,-9.225174826686414198e-01,3.746875685604474926e-01
3.590411731585944066e-01,-9.438408640181201736e-01,3.870035828598628047e-01
3.783482316170270754e-01,-9.663397888461984220e-01,3.934988518227999221e-01
3.984298228777793383e-01,-9.890931485269033319e-01,3.939074583747543268e-01
4.184638042351492282e-01,-1.011169417841500273e+00,3.882126741154798832e-01
4.376299821384731503e-01,-1.031664791730398711e+00,3.766476441816598575e-01
4.551436910124587731e-01,-1.049740187178482387e+00,3.596858422576184044e-01
4.702879175580317317e-01,-1.064655595372338226e+00,3.380216865070527210e-01
4.824426553610451363e-01,-1.075800377748023617e+00,3.125421100118211948e-01
4.911102880277225524e-01,-1.082718265605621788e+00,2.842902496273618240e-01
4.959359616582867392e-01,-1.085126039803425479e+00,2.544227398372668758e-01
4.967221126073096960e-01,-1.082925125782874698e+00,2.241623600016263429e-01
4.934365557625696175e-01,-1.076205629222567683e+00,1.947479736263549865e-01
4.862138022073267396e-01,-1.065242647101190654e+00,1.673838091457000576e-01
4.753495523207702522e-01,-1.050485005194888188e+00,1.431901586686523675e-01
4.612885897697508453e-01,-1.032536883097253888e+00,1.231575130883754698e-01
4.446065720132003074e-01,-1.012133079035779648e+00,1.081060112686618724e-01
4.259864628181255775e-01,-9.901089271460873364e-01,9.865186346248691618e-02
4.061905716427429702e-01,-9.673660987942689360e-01,9.518212359185071469e-02
3.860293445976911708e-01,-9.448356880452168927e-01,9.783884321473415580e-02
3.663281846870380942e-01,-9.234400925622080480e-01,1.065132559176251437e-01
3.478936597123139518e-01,-9.040552505381925785e-01,1.208502302252670996e-01
3.314804812919486809e-01,-8.874747796832560542e-01,1.402628087249822020e-01
3.177606068789385341e-01,-8.743774864223220478e-01,1.639562381721109130e-01
3.072957297437690083e-01,-8.652995754803598505e-01,1.909605067812281676e-01
3.005142831859247687e-01,-8.606126975979425664e-01,2.201700566226097722e-01
2.976939004242701303e-01,-8.605087341062612749e-01,2.503890452937732047e-01
2.989500482604480758e-01,-8.649919412828803722e-01,2.803803038479406595e-01
3.042312998544544067e-01,-8.738787760992349218e-01,3.089159866360812190e-01
3.133214401455097775e-01,-8.868054104937842519e-01,3.348278394520480816e-01
3.258483177220523053e-01,-9.032426265356007233e-01,3.570550279970420848e-01
3.412990807442526364e-01,-9.225174826686414198e-01,3.746875685604474926e-01
4.035779786507012190e-01,-8.618889519360799500e-01,3.789137669888353877e-01
4.235607662669962359e-01,-8.810319583574840463e-01,3.913791650117575127e-01
4.450746882093275514e-01,-9.013834292142316462e-01,3.980215621892810862e-01
4.672389619855976672e-01,-9.221101728982512569e-01,3.985690180005097005e-01
4.891461796232143833e-01,-9.423636340878299711e-01,3.929991195402083859e-01
5.098994570581050212e-01,-9.613146337021859500e-01,3.815398991057770695e-01
5.286491526736785129e-01,-9.781873155904593498e-01,3.646604985282027034e-01
5.446276517284376339e-01,-9.922909101736885340e-01,3.430519624503765019e-01
5.571807925936864692e-01,-1.003048014632534013e+00,3.175989468782198233e-01
5.657946482074706074e-01,-1.010018231846544490e+00,2.893435012598591372e-01
5.701165663088764157e-01,-1.012916200304012637e+00,2.594424068587840027e-01
5.699696070630286826e-01,-1.011623276835793117e+00,2.291198179930038770e-01
5.653597869987192492e-01,-1.006192393880586566e+00,1.996171450134366920e-01
5.564758326910118624e-01,-9.968458924246808017e-01,1.721422308182828653e-01
5.436814542730844524e-01,-9.839664193358481636e-01,1.478199016228572971e-01
5.275004551006424736e-01,-9.680812617556190380e-01,1.276459164421729908e-01
5.085952871809924503e-01,-9.498407599017549829e-01,1.124462005998698721e-01
4.877399303100277139e-01,-9.299916820633209458e-01,1.028430322484225612e-01
4.657882052484460522e-01,-9.093466518191901660e-01,9.922956622846368369e-02
4.436388181994866398e-01,-8.887508791332454638e-01,1.017537382634145782e-01
4.221985676713764790e-01,-8.690475573591497360e-01,1.103122084535868297e-01
4.023452200398588419e-01,-8.510433428053766347e-01,1.245545920238170789e-01
3.848915736896373341e-01,-8.354753301311630409e-01,1.438978041173311628e-01
3.705521829530064037e-01,-8.229808756045551288e-01,1.675499313582897165e-01
3.599141041715305800e-01,-8.140715036619080580e-01,1.945426528784409415e-01
3.534128615404447116e-01,-8.091119650373607142e-01,2.237708834872396968e-01
3.513146166969289830e-01,-8.083053038249231603e-01,2.540380159893905199e-01
3.537052720314102228e-01,-8.116845448294112142e-01,2.841049104240182532e-01
3.604869538336047396e-01,-8.191113415270570020e-01,3.127406246002591983e-01
3.713820192537168885e-01,-8.302816399884476173e-01,3.387728090151844174e-01
3.859444230333314296e-01,-8.447381268821192446e-01,3.611357029801951501e-01
4.035779786507012190e-01,-8.618889519360798390e-01,3.789137669888353877e-01
4.602560479431331841e-01,-7.951423376740929250e-01,3.795328301887357370e-01
4.822688030333242004e-01,-8.118971171124189645e-01,3.920175657866594721e-01
5.057674586360656477e-01,-8.299135779047354111e-01,3.986788696395410225e-01
5.297899770300067424e-01,-8.484541240293604902e-01,3.992440271849735378e-01
5.533528734895732937e-01,-8.667597033495304526e-01,3.936899008066437888e-01
5.754914802651879269e-01,-8.840808832970632469e-01,3.822438770910626671e-01
5.952994401942810487e-01,-8.997085327297547064e-01,3.653745575939968404e-01
6.119658130700192933e-01,-9.130028538436595342e-01,3.437725742377171212e-01
6.248082756286540418e-01,-9.234195755703580311e-01,3.183223147589546720e-01
6.333010559441096810e-01,-9.305322360984464858e-01,2.900657157710487266e-01
6.370964585924121515e-01,-9.340496422702027068e-01,2.601596057565734865e-01
6.360390993431990214e-01,-9.338277910636773038e-01,2.298283443733402931e-01
6.301722666083673374e-01,-9.298757650933318075e-01,2.003136970261506500e-01
6.197361492094050073e-01,-9.223553607667357435e-01,1.728239968452222608e-01
6.051580030188170589e-01,-9.115744643206296072e-01,1.484846753858649893e-01
5.870346590545056920e-01,-8.979744469222187275e-01,1.282921873283737468e-01
5.661080891477723309e-01,-8.821120948817282592e-01,1.130732155063388367e-01
5.432350295293660869e-01,-8.646368147554429617e-01,1.034508264143076395e-01
5.193519059475349975e-01,-8.462640465649913235e-01,9.981896179229063359e-02
4.954364962878671785e-01,-8.277459735987989786e-01,1.023263106046391202e-01
4.724679002317704879e-01,-8.098407279398830427e-01,1.108702216963746434e-01
4.513864548004772326e-01,-7.932813524492965396e-01,1.251009063435346014e-01
4.330552368469091640e-01,-7.787457899052681043e-01,1.444357586446297914e-01
4.182247285879118759e-01,-7.668291279462063903e-01,1.680832074747046767e-01
4.075020927741196397e-01,-7.580192361128637035e-01,1.950751235001987882e-01
4.013263153756051471e-01,-7.526767924120153497e-01,2.243064545076129124e-01
3.999502334446867202e-01,-7.510205171164845428e-01,2.545804663709679283e-01
4.034301839372989584e-01,-7.531182183314745204e-01,2.846577374875327027e-01
4.116236972713973596e-01,-7.588840159227739912e-01,3.133069008438658654e-01
4.241953300483871092e-01,-7.680818574595429382e-01,3.393550563260253061e-01
4.406303981452740492e-01,-7.803351822285653494e-01,3.617357893880430719e-01
4.602560479431331841e-01,-7.951423376740929250e-01,3.795328301887357370e-01
5.108424528437766066e-01,-7.229401727788307142e-01,3.761769499374160164e-01
5.346411902416710049e-01,-7.371499418617427635e-01,3.885404124182151309e-01
5.598708456262523336e-01,-7.526997419536701761e-01,3.950841766188951110e-01
5.854985139417174800e-01,-7.689529624118256468e-01,3.955403400642203970e-01
6.104749954361079478e-01,-7.852441944809797070e-01,3.898902273691425280e-01
6.337777500224315297e-01,-8.009064732060828806e-01,3.783651548112579310e-01
6.544527601899666758e-01,-8.152985830558896474e-01,3.614369602152250893e-01
6.716535885932439776e-01,-8.278313093621481045e-01,3.397986858567838553e-01
6.846760312964216277e-01,-8.379915608373469382e-01,3.143362052305581633e-01
6.929869479651596942e-01,-8.453633755923128934e-01,2.860919552851001746e-01
6.962460886945485150e-01,-8.496449506648260375e-01,2.562222589317352806e-01
6.943200238801944257e-01,-8.506609978683540296e-01,2.259499850487106387e-01
6.872876068418999340e-01,-8.483699201110038723e-01,1.965144840856384023e-01
6.754367455594867398e-01,-8.428655143853518439e-01,1.691208489104712442e-01
6.592526156862740239e-01,-8.343731317085462118e-01,1.448905781658960112e-01
6.393977974008254739e-01,-8.232404512251880746e-01,1.248156619831315289e-01
6.166851492965894632e-01,-8.099232461823004936e-01,1.097179697894026529e-01
5.920445298555764291e-01,-7.949667245190443765e-01,1.002156028770241347e-01
5.664847289328510671e-01,-7.789832079896302774e-01,9.669758926386948228e-02
5.410521677813390218e-01,-7.626270636387557644e-01,9.930795684061030637e-02
5.167880584427820834e-01,-7.465679139379108875e-01,1.079398368519497164e-01
4.946857764044127470e-01,-7.314632223627184349e-01,1.222398391160205294e-01
4.756501916897896698e-01,-7.179313767609925012e-01,1.416225198599528334e-01
4.604606233737156828e-01,-7.065263724815922242e-01,1.652943498567217562e-01
4.497389341677494046e-01,-6.977151317397473074e-01,1.922862016049376177e-01
4.439240712877280948e-01,-6.918583877667056070e-01,2.214930255226205402e-01
4.432540959031771588e-01,-6.891959163488617923e-01,2.517190908069245059e-01
4.477564368850589505e-01,-6.898367193788894625e-01,2.817269387936982561e-01
4.572467678645725231e-01,-6.937545623054480748e-01,3.102880446605907894e-01
4.713365535763501257e-01,-7.007890481787973913e-01,3.362331133776241820e-01
4.894489565378720708e-01,-7.106521843207653788e-01,3.584999507831068133e-01
5.108424528437766066e-01,-7.229401727788307142e-01,3.761769499374160164e-01
5.549641542754504275e-01,-6.460540700110651846e-01,3.684842702078732213e-01
5.802809458695458167e-01,-6.576250899337839906e-01,3.805807244390488897e-01
6.069668483254798685e-01,-6.706435767523239999e-01,3.868683515515312088e-01
6.339293376612460396e-01,-6.845765520867267417e-01,3.870897353525702966e-01
6.600645663954802789e-01,-6.988535982897466914e-01,3.812358123633402540e-01
6.843025551930439487e-01,-7.128902114123505385e-01,3.695462428788267584e-01
7.056509979447220804e-01,-7.261117308640668844e-01,3.524995992471920414e-01
7.232358868959254394e-01,-7.379768660850799522e-01,3.307937730616106742e-01
7.363372946268549324e-01,-7.479998570453471052e-01,3.053174033964466960e-01
7.444188479656563828e-01,-7.557703613173036850e-01,2.771134958191382447e-01
7.471496871690970210e-01,-7.609702535430603598e-01,2.473367216197187579e-01
7.444180113593280579e-01,-7.633866495239330918e-01,2.172061454325349139e-01
7.363356556649597318e-01,-7.629206217245506627e-01,1.879553165868823594e-01
7.232335126777557077e-01,-7.595912493777755570e-01,1.607817674525285900e-01
7.056479856710489162e-01,-7.535348373786695531e-01,1.367979863237905047e-01
6.842990281867052937e-01,-7.449993359460741482e-01,1.169858720180532718e-01
6.600606690525301357e-01,-7.343341895115186313e-01,1.021565348228183345e-01
6.339252295393627001e-01,-7.219760304231351844e-01,9.291708954523175690e-02
6.069626976116557771e-01,-7.084308031660243588e-01,8.964580016054668476e-02
5.802769224944926973e-01,-6.942530509355887558e-01,9.247659364053228970e-02
5.549604229566156288e-01,-6.800232125739577027e-01,1.012935769675138709e-01
5.320496594636676679e-01,-6.663238593355913508e-01,1.157357818081332090e-01
5.124826013649504963e-01,-6.537158443516740691e-01,1.352119425993283386e-01
4.970603263180571885e-01,-6.427153412370262275e-01,1.589247030299560381e-01
4.864142240754480428e-01,-6.337727118816658400e-01,1.859032599018553278e-01
4.809801473137993444e-01,-6.272540685821156314e-01,2.150431079268448342e-01
4.809805677742098329e-01,-6.234262853609673360e-01,2.451512583029946957e-01
4.864154682429810972e-01,-6.224460721130400387e-01,2.749950798163479648e-01
4.970623432563477384e-01,-6.243535588838742267e-01,3.033527629076476773e-01
5.124853085003079345e-01,-6.290706529409515468e-01,3.290633406992498067e-01
5.320529459656524462e-01,-6.364042358993405868e-01,3.510742191155016290e-01
5.549641542754503165e-01,-6.460540700110650736e-01,3.684842702078732213e-01
5.923982767528622739e-01,-5.653602516934947975e-01,3.561219065282906771e-01
6.189511801721727657e-01,-5.742769172228833208e-01,3.678090378905852220e-01
6.468087184315629568e-01,-5.847795016943634350e-01,3.737086925570704543e-01
6.748304006415717371e-01,-5.964380280656713662e-01,3.735793379725206309e-01
7.018690158401132972e-01,-6.087751948973471050e-01,3.674262699288256551e-01
7.268175999440571466e-01,-6.212859171297462346e-01,3.555013957546491743e-01
7.486547549888535880e-01,-6.334580043247269865e-01,3.382929211997952601e-01
7.664864652812118928e-01,-6.447931298023672486e-01,3.165053632344495549e-01
7.795826985066258707e-01,-6.548272321937916862e-01,2.910307070416425779e-01
7.874072933381049966e-01,-6.631495141681386096e-01,2.629118880390529100e-01
7.896399099438977665e-01,-6.694192605235514959e-01,2.333000939804675267e-01
7.861891447378415165e-01,-6.733797871075758446e-01,2.034076351938829963e-01
7.771962724529201116e-01,-6.748689494965195435e-01,1.744583124542368746e-01
7.630294623370957874e-01,-6.738257812072102615e-01,1.476373144358912315e-01
7.442687052610398313e-01,-6.702929896719791447e-01,1.240426959490505826e-01
7.216820688237414183e-01,-6.644152077913640930e-01,1.046404234468161637e-01
6.961942525747605304e-01,-6.564330726461674592e-01,9.022482824509969745e-02
6.688487307060217990e-01,-6.466733737870947740e-01,8.138608650521991783e-02
6.407650320957938295e-01,-6.355356744321523088e-01,7.848605735251562576e-02
6.130929066648737047e-01,-6.234759533015554744e-01,8.164346832123742237e-02
5.869652544797399063e-01,-6.109879367953479079e-01,9.072905463534589043e-02
5.634517446907207905e-01,-5.985828857765737032e-01,1.053708513236302630e-01
5.435150231512988483e-01,-5.867686644914726912e-01,1.249694215093341970e-01
5.279713015837633749e-01,-5.760289485475692528e-01,1.487223974263207071e-01
5.174569417753988043e-01,-5.668034231774696785e-01,1.756573294496922011e-01
5.124024028521445562e-01,-5.594697824737792091e-01,2.046714982976917396e-01
5.130146182314017089e-01,-5.543282665485729233e-01,2.345770604886621147e-01
5.192685237436113210e-01,-5.515893696679313729e-01,2.641496787927506418e-01
5.309080837623006977e-01,-5.513652225919546401e-01,2.921786467419528188e-01
5.474567733327145858e-01,-5.536650019282695068e-01,3.175164550951644626e-01
5.682370871594517592e-01,-5.583945544406345718e-01,3.391257710013389493e-01
5.923982767528622739e-01,-5.653602516934947975e-01,3.561219065282906771e-01
6.231171886038869845e-01,-4.818399778016911328e-01,3.388334358017398573e-01
6.506231303941933941e-01,-4.881808561149836856e-01,3.499855240403630940e-01
6.793716434356431577e-01,-4.962753933101564097e-01,3.553849785627478663e-01
7.081857602265125839e-01,-5.057921980833711695e-01,3.548107450663386397e-01
7.358858274398685229e-01,-5.163416513290355336e-01,3.482863327379481788e-01
7.613378010693763187e-01,-5.274918571917637244e-01,3.360788517848864454e-01
7.834996743241642303e-01,-5.387863249334422511e-01,3.186880779116901263e-01
8.014641375092714792e-01,-5.497626577176830676e-01,2.968259914440569691e-01
8.144957233911651606e-01,-5.599714831906350554e-01,2.713876287706578627e-01
8.220609173126940394e-01,-5.689948508379494285e-01,2.434144394482226081e-01
8.238499993458383575e-01,-5.764633429279446553e-01,2.140516491343217864e-01
8.197897242619528457e-01,-5.820711985169455538e-01,1.845013739143879505e-01
8.100463202000338647e-01,-5.855888313382435761e-01,1.559734055279350939e-01
7.950186832671778392e-01,-5.868722290908302552e-01,1.296356823525985358e-01
7.753220466850881953e-01,-5.858688493199220026e-01,1.065664738697275904e-01
7.517627930696920702e-01,-5.826197705112318159e-01,8.771023618512796549e-02
7.253054410320988188e-01,-5.772580103329381096e-01,7.383894588512099344e-02
6.970331576733341805e-01,-5.700030798767203866e-01,6.552049522439637452e-02
6.681034135959583731e-01,-5.611519968478740905e-01,6.309544255038057603e-02
6.397005959215995574e-01,-5.510671256255584849e-01,6.666306980447947450e-02
6.129875193430355251e-01,-5.401613420225371831e-01,7.607731790773183955e-02
5.890578203540458579e-01,-5.288811301008929933e-01,9.095276643666330707e-02
5.688911836428600655e-01,-5.176883030620665904e-01,1.106804127807084343e-01
5.533132336859132305e-01,-5.070410965601290787e-01,1.344526047806419988e-01
5.429617335847742865e-01,-4.973754084802632369e-01,1.612961061028727605e-01
5.382604749698333135e-01,-4.890869532281290066e-01,1.901119406492911279e-01
5.394019279211605955e-01,-4.825150611356007757e-01,2.197203847678498856e-01
5.463393612208136130e-01,-4.779287862371113249e-01,2.489092652774908265e-01
5.587887555343908907e-01,-4.755158911658691756e-01,2.764835859806013540e-01
5.762404311959526959e-01,-4.753751601295941320e-01,3.013144509477511113e-01
5.979799145534300253e-01,-4.775123546734464375e-01,3.223852816496821094e-01
6.231171886038869845e-01,-4.818399778016910773e-01,3.388334358017398573e-01
6.473434314092523234e-01,-3.965506058959599733e-01,3.165124178030786495e-01
6.755377379408548100e-01,-4.004889501761383364e-01,3.270349254495749092e-01
7.049199262250002151e-01,-4.063718308973728321e-01,3.318548185700183617e-01
7.342870860210752859e-01,-4.139584022317270295e-01,3.307747701737445700e-01
7.624369223565339304e-01,-4.229380690573881774e-01,3.238389975689973110e-01
7.882169776243369563e-01,-4.329432027594476429e-01,3.113314521011335545e-01
8.105718133327928232e-01,-4.435641919885898732e-01,2.937641941511819899e-01
8.285862198814155644e-01,-4.543662121978604973e-01,2.718564293236786500e-01
8.415226853495018089e-01,-4.649070274107084400e-01,2.465050640847146479e-01
8.488515893208177232e-01,-4.747550954138265999e-01,2.187479863058321150e-01
8.502728856056682716e-01,-4.835072351460684148e-01,1.897215740126166061e-01
8.457283861671561764e-01,-4.908051329784631767e-01,1.606141719348110897e-01
8.354041433462503496e-01,-4.963500121162860435e-01,1.326174405334553941e-01
8.197228328570855815e-01,-4.999148645561388715e-01,1.068775692815972927e-01
7.993264493935640091e-01,-5.013537448202817215e-01,8.444835153259433458e-02
7.750500232911554654e-01,-5.006077449816394020e-01,6.624804209641184383e-02
7.478874342868517822e-01,-4.977074063612571542e-01,5.302176377981271393e-02
7.189507219659575510e-01,-4.927714691630287192e-01,4.531100197110021766e-02
6.894245587308096557e-01,-4.860020112357975597e-01,4.343143616469910540e-02
6.605177491734317563e-01,-4.776761749824821046e-01,4.746001600556304378e-02
6.334137414735090399e-01,-4.681348211175372365e-01,5.723181096166904402e-02
6.092221768908618884e-01,-4.577685737892553397e-01,7.234676259937691811e-02
5.889334609218921379e-01,-4.470018283812386417e-01,9.218606302270755670e-02
5.733782159821921853e-01,-4.362753767155301277e-01,1.159374889413109233e-01
5.631932756272571838e-01,-4.260283609836285068e-01,1.426286541874053904e-01
5.587956125118975770e-01,-4.166802952135710281e-01,1.711668193197370680e-01
5.603652674807599876e-01,-4.086138903163349934e-01,2.003836285046962928e-01
5.678379786749923053e-01,-4.021593858561755552e-01,2.290829421414215250e-01
5.809078124202964322e-01,-3.975810300040636958e-01,2.560898069575990310e-01
5.990396881874995305e-01,-3.950662611865188856e-01,2.802985587344826723e-01
6.214912848522871069e-01,-3.947180343344041109e-01,3.007180883299191976e-01
6.473434314092523234e-01,-3.965506058959599733e-01,3.165124178030786495e-01
6.655327290761370307e-01,-3.105741293118026713e-01,2.892553712129436461e-01
6.941859622584475309e-01,-3.123714752106470094e-01,2.990998833673266799e-01
7.239837105748039292e-01,-3.163156728004096196e-01,3.033058486888359218e-01
7.537060507080477478e-01,-3.222452461683420477e-01,3.017010744630289620e-01
7.821361465608973607e-01,-3.299174378840658561e-01,2.943512603352631540e-01
8.081100666687427436e-01,-3.390181475172950876e-01,2.815573085594957892e-01
8.305644356905625969e-01,-3.491747909463573385e-01,2.638430050246522995e-01
8.485799691203272932e-01,-3.599715539959119082e-01,2.419335753987914561e-01
8.614191089026870252e-01,-3.709664159181441656e-01,2.167259943050446336e-01
8.685562191464171189e-01,-3.817092457741165235e-01,1.892522630751549140e-01
8.696991057195642139e-01,-3.917602308472966643e-01,1.606371594937002489e-01
8.648009787115404912e-01,-4.007078826278478445e-01,1.320521892634374250e-01
8.540623680175597476e-01,-4.081858832005699211e-01,1.046676244241847020e-01
8.379229136211667761e-01,-4.138880823433878642e-01,7.960459227801086612e-02
8.170433666816552254e-01,-4.175810313534147888e-01,5.788917630576151385e-02
7.922785383039714358e-01,-4.191135404642771234e-01,4.041040818879354513e-02
7.646423034716414158e-01,-4.184228685729139419e-01,2.788387074748371885e-02
7.352660928858206768e-01,-4.155372918677082139e-01,2.082240189648484896e-02
7.053525720594505666e-01,-4.105749461980118253e-01,1.951509900024428479e-02
6.761264040498524697e-01,-4.037389905785931377e-01,2.401548319293558831e-02
6.487841116092680771e-01,-3.953092898357017382e-01,3.413930821693739182e-02
6.244450914027979138e-01,-3.856309569081993738e-01,4.947210348626802923e-02
6.041057857774083661e-01,-3.751002238832938929e-01,6.938614256107419886e-02
5.885988882951698198e-01,-3.641482202083334840e-01,9.306614234183310796e-02
5.785592531609879963e-01,-3.532233222005768392e-01,1.195426408552386216e-01
5.743979042168636528e-01,-3.427727964680825079e-01,1.477316871412954480e-01
5.762852075775067862e-01,-3.332244887622234364e-01,1.764792183329801090e-01
5.841438968215839633e-01,-3.249693079223560099e-01,2.046083071256135644e-01
5.976522362880859474e-01,-3.183452220220069906e-01,2.309673453189977910e-01
6.162571929720916941e-01,-3.136234219162337133e-01,2.544771907924401333e-01
6.391970777609682353e-01,-3.109972186561544838e-01,2.741753477099683201e-01
6.655327290761370307e-01,-3.105741293118026713e-01,2.892553712129436461e-01
6.784014371128136434e-01,-2.249467307317644105e-01,2.574763552554434343e-01
7.073317790622479784e-01,-2.249349829889000507e-01,2.666517473624371304e-01
7.373765466433880311e-01,-2.272665250645917734e-01,2.702612481841991099e-01
7.673057035413516358e-01,-2.318459033523161683e-01,2.681570843329881271e-01
7.958939465562094862e-01,-2.384856375669197059e-01,2.604254005241015135e-01
8.219708696599574704e-01,-2.469138962095208945e-01,2.473827328011093396e-01
8.444688805568196788e-01,-2.567856253810132938e-01,2.295630495130392967e-01
8.624669080372744379e-01,-2.676966753292370216e-01,2.076958905874288774e-01
8.752281107415937900e-01,-2.792003463873179436e-01,1.826765000799746574e-01
8.822300435316849931e-01,-2.908256769105141970e-01,1.555291747777053368e-01
8.831860464564297297e-01,-3.020967245012878832e-01,1.273653293681711041e-01
8.780569806437632518e-01,-3.125520511469808138e-01,9.933799499154968848e-02
8.670528306506957161e-01,-3.217636145462695052e-01,7.259461401029185246e-02
8.506241076708762616e-01,-3.293542922112744908e-01,4.823006358398419791e-02
8.294434055533914663e-01,-3.350133209065236373e-01,2.724183126979283498e-02
8.043778647315580344e-01,-3.385090193323258556e-01,1.048917776467335472e-02
7.764536713916978528e-01,-3.396982731844016001e-01,-1.342041328521448307e-03
7.468140452900982051e-01,-3.385323942703155065e-01,-7.767454510006932544e-03
7.166724362018667138e-01,-3.350591138097952504e-01,-8.524004609179125502e-03
6.872628451445643716e-01,-3.294206283129876844e-01,-3.580718376087033139e-03
6.597893042315572387e-01,-3.218477780386259646e-01,6.860025470075095666e-03
6.353765834558279257e-01,-3.126505963667146060e-01,2.237078164951003534e-02
6.150241424743077001e-01,-3.022056169955246729e-01,4.231653798179527137e-02
5.995652126120902814e-01,-2.909404586077455335e-01,6.588071285916018149e-02
5.896326842740817753e-01,-2.793163181113728633e-01,9.209858619345245856e-02
5.856331963374630245e-01,-2.678090891841066745e-01,1.198967951698968748e-01
5.877304883082788978e-01,-2.568898791302712259e-01,1.481372778468469098e-01
5.958386968068229983e-01,-2.470057216924232135e-01,1.756638655453924003e-01
6.096258708244908231e-01,-2.385612754374073219e-01,2.013496165309182073e-01
6.285275618370749218e-01,-2.319022569870842487e-01,2.241429531401292752e-01
6.517699323936656519e-01,-2.273012873392116495e-01,2.431107134941411507e-01
6.784014371128136434e-01,-2.249467307317644105e-01,2.574763552554434343e-01
6.868385719386852495e-01,-1.405425299366774294e-01,2.219488166263025031e-01
7.159175289271100251e-01,-1.390833567359610612e-01,2.305183975771658011e-01
7.460934709095882189e-01,-1.401373351868328287e-01,2.335931818839019347e-01
7.761309912758346252e-01,-1.436613152876768384e-01,2.310472875157213446e-01
8.048003504127962948e-01,-1.495110248791144125e-01,2.229849436871872981e-01
8.309278213888993125e-01,-1.574469761631604736e-01,2.097362237019250175e-01
8.534437424725346277e-01,-1.671442703618114256e-01,1.918435317127897832e-01
8.714263092090297480e-01,-1.782058991111908353e-01,1.700393966321187278e-01
8.841393132033306124e-01,-1.901789980306129169e-01,1.452164823119916626e-01
8.910622825781959744e-01,-2.025733870435371398e-01,1.183910417812431837e-01
8.919117901540047910e-01,-2.148816384074955510e-01,9.066131172705753360e-02
8.866530569907902226e-01,-2.265998508654895049e-01,6.316255055595804135e-02
8.755013762421293144e-01,-2.372482794226572489e-01,3.702056078125676858e-02
8.589132990281390656e-01,-2.463909761627310901e-01,1.330559853588336727e-02
8.375679431789766483e-01,-2.536536380069511765e-01,-7.011442839446865860e-03
8.123391900710794644e-01,-2.587389307260886118e-01,-2.309878128367688632e-02
7.842599078209374630e-01,-2.614386618387253280e-01,-3.429779927071789636e-02
7.544796655430470178e-01,-2.616423040359051599e-01,-4.015000768835173817e-02
7.242176698552950098e-01,-2.593415201821485105e-01,-4.041581643635512588e-02
6.947128504167714436e-01,-2.546305046387588034e-01,-3.508434327335367697e-02
6.671731380019583213e-01,-2.477021269356032840e-01,-2.437385933706205654e-02
6.427260116728973349e-01,-2.388400356698989480e-01,-8.722853098260596738e-03
6.223723396539153629e-01,-2.284070458993152364e-01,1.122792140871911593e-02
6.069454036689244658e-01,-2.168302854508840916e-01,3.466167713144479440e-02
5.970767842897382049e-01,-2.045837082575758803e-01,6.061903335727868852e-02
5.931705039532539914e-01,-1.921686906285963448e-01,8.803729287247531732e-02
5.953864862354159015e-01,-1.800935048443785824e-01,1.157939489109737902e-01
6.036340085612255102e-01,-1.688525104297025070e-01,1.427526407132894137e-01
6.175754163976212574e-01,-1.589059150166657608e-01,1.678096762695235888e-01
6.366399468697354624e-01,-1.506609333901533787e-01,1.899392175999274346e-01
6.600470958600523907e-01,-1.444551160666990020e-01,2.082352786823234436e-01
6.868385719386851385e-01,-1.405425299366774294e-01,2.219488166263025031e-01
6.917717238827858495e-01,-5.796919860567414928e-02,1.837994641104916116e-01
7.209189661425766671e-01,-5.540703270930290303e-02,1.918633476789891046e-01
7.511556459480605019e-01,-5.547993026549663531e-02,1.944883284264794232e-01
7.812438700753417953e-01,-5.818490683973970290e-02,1.915669393327381342e-01
8.099518230934333873e-01,-6.341122037326130112e-02,1.832187824105117047e-01
8.361041980327335033e-01,-7.094490497593333722e-02,1.697856321850628181e-01
8.586303135904534978e-01,-8.047753071495203359e-02,1.518174434049494870e-01
8.766079479489541360e-01,-9.161883077252599983e-02,1.300498358300021251e-01
8.893010946453160370e-01,-1.039126790152509888e-01,1.053739778719243736e-01
8.961900947624088509e-01,-1.168557638516039970e-01,7.880010205481011165e-02
8.969929118260154821e-01,-1.299181938676368664e-01,5.141614597690981336e-02
8.916766784112249988e-01,-1.425651916437228328e-01,2.434321201753097269e-02
8.804590417386697343e-01,-1.542789876049497633e-01,-1.310330726094766085e-03
8.637992531717405553e-01,-1.645800175683524991e-01,-2.449422319988009411e-02
8.423793664118095492e-01,-1.730465561569096422e-01,-4.425931412195653614e-02
8.170763141395580575e-01,-1.793319822860296731e-01,-5.979641834767471242e-02
7.889260062879944746e-01,-1.831789698714801906e-01,-7.046944500450147419e-02
7.590809197680825626e-01,-1.844300227895109834e-01,-7.584143912707899671e-02
7.287629159285963221e-01,-1.830339227866654150e-01,-7.569247064484638243e-02
6.992132174089384922e-01,-1.790478263610947862e-01,-7.002863834496930728e-02
6.716415923384460029e-01,-1.726349247688083177e-01,-5.908182018727675677e-02
6.471768262870332133e-01,-1.640577629544782423e-01,-4.330018019334125334e-02
6.268205096513329577e-01,-1.536674909305569270e-01,-2.332982055877842742e-02
6.114060324261764157e-01,-1.418894876545088446e-01,1.166984655508879198e-05
6.015644651202856075e-01,-1.292059459643120356e-01,2.576868766295625085e-02
5.976987226554989485e-01,-1.161361315470159916e-01,5.288673755470051085e-02
5.999670689825300496e-01,-1.032151241405028508e-01,8.025560337298429103e-02
6.082766377362309740e-01,-9.097191130614913634e-02,1.067548005355018759e-01
6.222872341954922559e-01,-7.990773161590972173e-02,1.312994487968963120e-01
6.414252628950967150e-01,-7.047555388628892747e-02,1.528846873734723832e-01
6.649072106914595270e-01,-6.306153258177124576e-02,1.706268140617472895e-01
6.917717238827858495e-01,-5.796919860567415622e-02,1.837994641104915838e-01
6.939915506827714076e-01,2.249907903443240653e-02,1.444126737828939355e-01
7.231625229698495083e-01,2.588487336479118606e-02,1.520770991505766834e-01
7.534213392687493238e-01,2.658029542262518863e-02,1.543294463681822715e-01
7.835292000849340965e-01,2.455687454717805918e-02,1.510775040759823329e-01
8.122534860590656658e-01,1.989744982683247509e-02,1.424544071735066308e-01
8.384182215484028422e-01,1.279277865709852607e-02,1.288131862611132383e-01
8.609522192077861957e-01,3.533727110428548646e-03,1.107123145257310481e-01
8.789329345254084380e-01,-7.500638154964427151e-03,8.889284378296870293e-02
8.916242349035214954e-01,-1.985856892863234816e-02,6.424806572871383237e-02
8.985065370134812657e-01,-3.303413007270603052e-02,3.778694047214612578e-02
8.992980785982696013e-01,-4.648791256588442194e-02,1.059278959031961787e-02
8.939664538524031423e-01,-5.966911697214443561e-02,-1.622105518448658731e-02
8.827299401194170780e-01,-7.203810323436804497e-02,-4.155683189669896749e-02
8.660485615917739022e-01,-8.308848360168565039e-02,-6.437729087089216762e-02
8.446052558663743604e-01,-9.236785420349469256e-02,-8.374815983537267639e-02
8.192779143990976953e-01,-9.949631651707736835e-02,-9.887639313875419556e-02
7.911034415254503127e-01,-1.041820304577568412e-01,-1.091426391321042993e-01
7.612353034752394887e-01,-1.062331623462536845e-01,-1.141265964982226128e-01
7.308963053295980394e-01,-1.055657386020550648e-01,-1.136242214369500986e-01
7.013285292372893887e-01,-1.022070836316674447e-01,-1.076560812423218022e-01
6.737424834255988371e-01,-9.629470116420368875e-02,-9.646651227513246274e-02
6.492675438512798269e-01,-8.807064483255720722e-02,-8.051361680361746043e-02
6.289057174161881703e-01,-7.787160846923119051e-02,-6.045050824276615442e-02
6.134906196869897022e-01,-6.611514182127611883e-02,-3.709857261437499165e-02
6.036533465759147399e-01,-5.328255601458543184e-02,-1.141384090680623228e-02
5.997966371999612356e-01,-3.989921861984985912e-02,1.555215094600442133e-02
6.020783856941248624e-01,-2.651304504248525734e-02,4.269541206923338494e-02
6.104051770069605087e-01,-1.367206680155752530e-02,6.890469416329791930e-02
6.244361113237641980e-01,-1.901995055001153012e-03,9.310698613980712690e-02
6.435967605450412243e-01,8.315302076955168042e-03,1.143114433215941528e-01
6.671026854403917516e-01,1.656152724924767061e-02,1.316499527402187064e-01
6.939915506827714076e-01,2.249907903443239959e-02,1.444126737828939355e-01
6.939915506827720737e-01,1.009213876875749427e-01,1.052602113880658080e-01
7.231625229698501744e-01,1.049548252093864820e-01,1.126044881544948500e-01
7.534213392687501010e-01,1.063220423710841966e-01,1.145247477879653558e-01
7.835292000849347627e-01,1.049670651414269518e-01,1.109423746334622235e-01
8.122534860590663319e-01,1.009453664474000006e-01,1.020040314688416966e-01
8.384182215484033973e-01,9.442159510606629169e-02,8.807565511347408005e-02
8.609522192077867508e-01,8.566283508265065683e-02,6.972747493186291778e-02
8.789329345254087711e-01,7.502767104162232081e-02,4.771066757646293122e-02
8.916242349035218284e-01,6.295150784839970148e-02,2.292660372726925896e-02
8.985065370134814877e-01,4.992874504300227195e-02,-3.610054129728264283e-03
8.992980785982696013e-01,3.649253606479262863e-02,-3.081289210393928918e-02
8.939664538524031423e-01,2.319296088802624140e-02,-5.756822281250180418e-02
8.827299401194168560e-01,1.057450568307363378e-02,-8.278067987258941329e-02
8.660485615917736801e-01,-8.462285113688960969e-04,-1.054180623298242164e-01
8.446052558663740273e-01,-1.060167549550159599e-02,-1.245535930866275010e-01
8.192779143990972512e-01,-1.829244612357770056e-02,-1.394038612654863729e-01
7.911034415254498686e-01,-2.360367934245660021e-02,-1.493608951423258946e-01
7.612353034752390446e-01,-2.631793264011401262e-02,-1.540170525803264689e-01
7.308963053295974843e-01,-2.632408416763257902e-02,-1.531817099469011123e-01
7.013285292372889446e-01,-2.362188208075294976e-02,-1.468890662676108072e-01
6.737424834255983930e-01,-1.832195485040721133e-02,-1.353967431140399302e-01
6.492675438512794939e-01,-1.064128212012075553e-02,-1.191752375463863145e-01
6.289057174161879482e-01,-8.943115339122287288e-04,-9.888865990853570875e-02
6.134906196869895911e-01,1.051991478719858930e-02,-7.536754507255336022e-02
6.036533465759147399e-01,2.313409707651075536e-02,-4.957485024343803726e-02
5.997966371999613466e-01,3.643180922899635910e-02,-2.256653137800666842e-02
6.020783856941250844e-01,4.986864134671778470e-02,4.551687776047242534e-03
6.104051770069608418e-01,6.289448794401480969e-02,3.066958414030130850e-02
6.244361113237646421e-01,7.497606933072206714e-02,5.471788796888038542e-02
6.435967605450416684e-01,8.561876414534225210e-02,7.571205887748679031e-02
6.671026854403924178e-01,9.438685921170125726e-02,9.279259304241177508e-02
6.939915506827720737e-01,1.009213876875749288e-01,1.052602113880658080e-01
6.918803266657658213e-01,1.776202495158638595e-01,6.770158045392429824e-02
7.210340974151022708e-01,1.822507228278504310e-01,7.475629601444536143e-02
7.512725922223072450e-01,1.843232640154479074e-01,7.633447485668645727e-02
7.813578435571014724e-01,1.837530229989227382e-01,7.237150615341811366e-02
8.100581576949713591e-01,1.805633455124919795e-01,6.302963430898111952e-02
8.361985404029690372e-01,1.748848173272212758e-01,4.869131665431009753e-02
8.587088013416643850e-01,1.669499180542143857e-01,2.994356559886809238e-02
8.766673677833838330e-01,1.570835034020192367e-01,7.553916273632090006e-03
8.893390139079615508e-01,1.456895055457512189e-01,-1.756099644735063803e-02
8.962049610342019967e-01,1.332343960963838503e-01,-4.437296508640613257e-02
8.969841164800425037e-01,1.202280886981874214e-01,-7.178430449717893014e-02
8.916445815299832711e-01,1.072030631042203697e-01,-9.867279122349631448e-02
8.804049573722486643e-01,9.469256539267520423e-02,-1.239376074595198163e-01
8.637253955404560202e-01,8.320877680978366886e-02,-1.465444086600567741e-01
8.422887592557641856e-01,7.322184500941721075e-02,-1.655676697277708720e-01
8.169726669263662755e-01,6.514063615289747422e-02,-1.802285761194116487e-01
7.888135623467423807e-01,5.929599588031210511e-02,-1.899269086047218891e-01
7.589642825669365989e-01,5.592720445113683048e-02,-1.942656163122473967e-01
7.286468606082757704e-01,5.517218058229826638e-02,-1.930670720386655215e-01
6.991024952878930332e-01,5.706183503969818049e-02,-1.863803443273596705e-01
6.715407363933205698e-01,6.151880514782571974e-02,-1.744791885964878386e-01
6.470899655720714350e-01,6.836062202678230837e-02,-1.578508395599984293e-01
6.267512002544108896e-01,7.730718088966417878e-02,-1.371760637811932915e-01
6.113571118821476968e-01,8.799220856544885672e-02,-1.133012890096397329e-01
6.015379362419707165e-01,9.997825876565230585e-02,-8.720395132965209906e-02
5.976956715382928387e-01,1.127746211867770992e-01,-5.995247881215604036e-02
5.999876205395298090e-01,1.258574112477936213e-01,-3.266254994392992633e-02
6.083199505842783461e-01,1.386910179864413173e-01,-6.451417619269386727e-03
6.223515351014992092e-01,1.507500320349551837e-01,1.760783132477663354e-02
6.415079193724161355e-01,1.615407559413150895e-01,3.853020840959720666e-02
6.650048387741982481e-01,1.706214162009383750e-01,5.545914905906484255e-02
6.918803266657658213e-01,1.776202495158638595e-01,6.770158045392427049e-02
6.873894751996670882e-01,2.530492261893972361e-01,3.282775411630936557e-02
7.165015488917464426e-01,2.583532202865385652e-01,3.957367552129009702e-02
7.466866977319076559e-01,2.612874438078934269e-01,4.075679236327606203e-02
7.767091381800300676e-01,2.617317692977410015e-01,3.632866769974602006e-02
8.053397479966805106e-01,2.596680060183208516e-01,2.647058947470748436e-02
8.314063866520116086e-01,2.551806446807743378e-01,1.158614856896846013e-02
8.538418828967740959e-01,2.484533983855031769e-01,-7.715284257942461865e-03
8.717277248786484689e-01,2.397616813862537000e-01,-3.064350607826953066e-02
8.843316641253997634e-01,2.294613335982085278e-01,-5.625983279673686666e-02
8.911376938833657224e-01,2.179740524700496951e-01,-8.351552898769983024e-02
8.918671744945808610e-01,2.057701286408622487e-01,-1.112947432466920988e-01
8.864902409371115954e-01,1.933491921861133223e-01,-1.384601912780313859e-01
8.752270255025638157e-01,1.812197577036583629e-01,-1.638997164475101131e-01
8.585386455541992312e-01,1.698784056663571185e-01,-1.865718216056724832e-01
8.371083253279053560e-01,1.597894523591690263e-01,-2.055483081034840676e-01
8.118134246517024755e-01,1.513659407158919890e-01,-2.200522763540820326e-01
7.836895197312989669e-01,1.449527302929224104e-01,-2.294899321931429537e-01
7.538880065385545892e-01,1.408123786784968579e-01,-2.334748968817381976e-01
7.236289625251094426e-01,1.391143923541806049e-01,-2.318440254973032355e-01
6.941511965081605950e-01,1.399282870795960365e-01,-2.246640861059360228e-01
6.666615316919325407e-01,1.432207419090560929e-01,-2.122290262699262353e-01
6.422853981838999582e-01,1.488569633549957083e-01,-1.950479388000175840e-01
6.220207577539560440e-01,1.566062038491901620e-01,-1.738242194359202464e-01
6.066972471622965601e-01,1.661512085753100443e-01,-1.494267697420814389e-01
5.969422127329802041e-01,1.771012039183775810e-01,-1.228544241755455957e-01
5.931550267217110539e-01,1.890078957824777861e-01,-9.519505768592469164e-02
5.954907369687659768e-01,2.013838228037174438e-01,-6.758104798714140160e-02
6.038537192221962169e-01,2.137223130757373857e-01,-4.114291588077226280e-02
6.179015920059375278e-01,2.255182273570900120e-01,-1.696304160160065633e-02
6.370592337576688191e-01,2.362886395311357135e-01,3.968647956369517060e-03
6.605423283731466366e-01,2.455926076579993400e-01,2.079520696326588036e-02
6.873894751996670882e-01,2.530492261893972361e-01,3.282775411630936557e-02
6.799594095789754933e-01,3.276451490652507181e-01,1.405410786634198050e-03
7.089834066510386501e-01,3.338069590531595465e-01,7.792298547627168892e-03
7.390542115272643597e-01,3.378548273676396652e-01,8.509306108487629805e-03
7.689407219228504564e-01,3.396230338042919294e-01,3.527079095429097588e-03
7.974193805906858445e-01,3.390391877838443424e-01,-6.950409532246945576e-03
8.233242678988088592e-01,3.361271920309730210e-01,-2.249421015907086818e-02
8.455948347171300394e-01,3.310062639939454487e-01,-4.246795776106139508e-02
8.633193214234267110e-01,3.238860550682811645e-01,-6.605392476457740136e-02
8.757720854494045470e-01,3.150580674439857343e-01,-9.228649890926146626e-02
8.824433091727021949e-01,3.048837199716423751e-01,-1.200917155274336262e-01
8.830598719102522587e-01,2.937795516322039280e-01,-1.483312257837717252e-01
8.775965315111367016e-01,2.822001683821713236e-01,-1.758489008103796547e-01
8.662769577732102322e-01,2.706196315323207702e-01,-2.015181637584785856e-01
8.495645753752971707e-01,2.595120496219402995e-01,-2.242881119869629680e-01
8.281435912163895852e-01,2.493321683595264571e-01,-2.432265411400034161e-01
8.028909829048119784e-01,2.404967532800476870e-01,-2.575581097029034927e-01
7.748405951918957424e-01,2.333675273149750651e-01,-2.666960815748101732e-01
7.451408142463883388e-01,2.282363618129671090e-01,-2.702663471136216300e-01
7.150075525897748863e-01,2.253133272925623987e-01,-2.681227392286904543e-01
6.856744694947851659e-01,2.247180931304682550e-01,-2.603530174786888862e-01
6.583424648298187298e-01,2.264750282832179162e-01,-2.472752751849656705e-01
6.341305140772337534e-01,2.305122036192266133e-01,-2.294249166535952678e-01
6.140298573456244302e-01,2.366643367058902381e-01,-2.075327376601800444e-01
5.988634178833096566e-01,2.446795584917958455e-01,-1.824950065849322012e-01
5.892521115038575896e-01,2.542297248552798372e-01,-1.553367710798809198e-01
5.855894262197234301e-01,2.649238508633243727e-01,-1.271698924975601663e-01
5.880253127967871585e-01,2.763241177406535187e-01,-9.914752615659785939e-02
5.964600457523790977e-01,2.879637972218350161e-01,-7.241691102748121223e-02
6.105483061282582780e-01,2.993663594613050760e-01,-4.807240163431021618e-02
6.297133188893359046e-01,3.100649822212355189e-01,-2.711066505199966059e-02
6.531704661613799701e-01,3.196216626288000962e-01,-1.038987723912884742e-02
6.799594095789753823e-01,3.276451490652507181e-01,1.405410786634170295e-03
6.688619923520711108e-01,4.017087455511369476e-01,-2.609656188971554158e-02
6.977153590843275799e-01,4.089845089733981087e-01,-2.012168628641261559e-02
7.275687470298919379e-01,4.144517751327811417e-01,-1.992966401727488956e-02
7.571999549786485595e-01,4.178867135103443431e-01,-2.552835649656254313e-02
7.853958777956562276e-01,4.191486973253222281e-01,-3.668855259635510346e-02
8.110021710879063983e-01,4.181860608120527290e-01,-5.295335257705972853e-02
8.329705101994027139e-01,4.150382144224941117e-01,-7.365687361643349917e-02
8.504015087457501565e-01,4.098340313576911975e-01,-9.795151113056399517e-02
8.625815395984059997e-01,4.027865714837824962e-01,-1.248426398051240421e-01
8.690119508631695133e-01,3.941843586360472274e-01,-1.532293336726036903e-01
8.694294807473201825e-01,3.843795684191887996e-01,-1.819494381507734126e-01
8.638170355283429913e-01,3.737736100966992936e-01,-2.098271487878279329e-01
8.524043893729374988e-01,3.628006928484486804e-01,-2.357211488347943362e-01
8.356587773556347631e-01,3.519100491958432886e-01,-2.585713348873339701e-01
8.142657667999491089e-01,3.415475433696171237e-01,-2.774422176436730503e-01
7.891011900716022875e-01,3.321374175758385894e-01,-2.915612209465324733e-01
7.611952878985650539e-01,3.240649234701478698e-01,-3.003503111417806792e-01
7.316905311946056978e-01,3.176605499097097107e-01,-3.034496618441500093e-01
7.017948481658462523e-01,3.131864927005703070e-01,-3.007323852717271317e-01
6.727321715880776321e-01,3.108259202705513369e-01,-2.923097270466535891e-01
6.456923308551132390e-01,3.106754747322932331e-01,-2.785265117862840700e-01
6.217823402236068997e-01,3.127413153438088345e-01,-2.599470259428373065e-01
6.019810775193171759e-01,3.169388663477368251e-01,-2.373319158497408377e-01
5.870992087639073098e-01,3.230962795127849674e-01,-2.116070467713685732e-01
5.777459994127690512e-01,3.309614696205109285e-01,-1.838255978703329241e-01
5.743043709556934218e-01,3.402124348637838303e-01,-1.551249449288239213e-01
5.769152240660873066e-01,3.504704396386017495e-01,-1.266800960504504692e-01
5.854716701108491073e-01,3.613155200242193499e-01,-9.965558669042098860e-02
5.996234071835662149e-01,3.723036771554065205e-01,-7.515780343718013456e-02
6.187910615057233832e-01,3.829850545881588464e-01,-5.418968841548288395e-02
6.421899070572675283e-01,3.929223554753709102e-01,-3.760967871796644380e-02
6.688619923520709998e-01,4.017087455511369476e-01,-2.609656188971556934e-02
6.533228718056542927e-01,4.753215363122665904e-01,-4.943836812889995658e-02
6.818766232156096008e-01,4.839950741263184808e-01,-4.390612935563301122e-02
7.113587416701719901e-01,4.911943978553532930e-01,-4.426260223462025190e-02
7.405622257758099902e-01,4.966247663400196743e-01,-5.049319272431207484e-02
7.682914814619750121e-01,5.000638596565142313e-01,-6.234281971799723876e-02
7.934112697428262750e-01,5.013708809203832883e-01,-7.932635809428227602e-02
8.148931835346959751e-01,5.004923205275156883e-01,-1.007484997965609475e-01
8.318577507629272283e-01,4.974641468436217795e-01,-1.257322198265472812e-01
8.436104400519442992e-01,4.924103336551155508e-01,-1.532546817507511316e-01
8.496700949213723542e-01,4.855377846677322307e-01,-1.821891127442435976e-01
8.497886323888779181e-01,4.771278628445055903e-01,-2.113509338024998907e-01
8.439611995166136360e-01,4.675248713730023042e-01,-2.395462565450264536e-01
8.324263720910644038e-01,4.571219578523693094e-01,-2.656207611459344697e-01
8.156563873023168210e-01,4.463450187844318351e-01,-2.885069543232386402e-01
7.943378102980117594e-01,4.356352633208677716e-01,-3.072678726392464865e-01
7.693434261255319706e-01,4.254311501086982528e-01,-3.211354418937865107e-01
7.416965078096141584e-01,4.161504367417618866e-01,-3.295419221722075687e-01
7.125289234344869271e-01,4.081730767157385475e-01,-3.321431511841915207e-01
6.830347973315137322e-01,4.018256640873937302e-01,-3.288326343083564085e-01
6.544216224887628996e-01,3.973680626755211609e-01,-3.197459044945681339e-01
6.278608256462019366e-01,3.949827672056687167e-01,-3.052549735290485122e-01
6.044398089473265179e-01,3.947674319546325972e-01,-2.859531018281382120e-01
5.851174315676410664e-01,3.967308727728909856e-01,-2.626305102871459574e-01
5.706847539073529596e-01,4.007927061626499476e-01,-2.362420285440481327e-01
5.617326514856419983e-01,4.067866401876875093e-01,-2.078680041419221913e-01
5.586276244274803737e-01,4.144672824847612791e-01,-1.786700729735974380e-01
5.614967929054542894e-01,4.235201866557919970e-01,-1.498436017717163504e-01
5.702226928249627402e-01,4.335747257403465005e-01,-1.225687496542504501e-01
5.844480848180512167e-01,4.442192657269449785e-01,-9.796215227154785044e-02
6.035905796651100941e-01,4.550180178978557866e-01,-7.703120661160887950e-02
6.268664813779531997e-01,4.655288800704023289e-01,-6.063282804903308287e-02
6.533228718056542927e-01,4.753215363122665904e-01,-4.943836812889998433e-02
6.326178759681786445e-01,5.483210345916605943e-01,-6.853884239823587743e-02
6.606949369916461645e-01,5.586583195561533044e-01,-6.344258617576206682e-02
6.896022283207702275e-01,5.678639077684942693e-01,-6.432479778059219111e-02
7.181562820520742685e-01,5.755609213656598389e-01,-7.114935936596900046e-02
7.451880918708395640e-01,5.814342437066211122e-01,-8.363687257873525516e-02
7.695909723069832564e-01,5.852434202846530376e-01,-1.012760971607398336e-01
7.903658665682329332e-01,5.868325029630919731e-01,-1.233448811850745147e-01
8.066622480425864605e-01,5.861364345103732276e-01,-1.489397260408110435e-01
8.178129409577402642e-01,5.831837120507356031e-01,-1.770127757722889938e-01
8.233614346355973002e-01,5.780952203886068341e-01,-2.064147164250583755e-01
8.230805730930658148e-01,5.710792829705070295e-01,-2.359418290942134899e-01
8.169818548346966525e-01,5.624231330986706467e-01,-2.643852703177906327e-01
8.053149621025565974e-01,5.524811545659051859e-01,-2.905805622701341795e-01
7.885575388559011856e-01,5.416603731414748601e-01,-3.134552666208990090e-01
7.673956359713619557e-01,5.304037928882837649e-01,-3.320728902863012699e-01
7.426956242394500141e-01,5.191722595244895322e-01,-3.456712255660013833e-01
7.154687250425980638e-01,5.084255933456550691e-01,-3.536935550159119312e-01
6.868296108329499106e-01,4.986037641278214805e-01,-3.558114435257698771e-01
6.579507703112017492e-01,4.901088787131828162e-01,-3.519381844911402824e-01
6.300145066014335438e-01,4.832887187087210323e-01,-3.422323495919895597e-01
6.041645336222947194e-01,4.784225022663535221e-01,-3.270912968494760209e-01
5.814591523047942800e-01,4.757094528589870808e-01,-3.071349027418764366e-01
5.628279236278397324e-01,4.752606430481289279e-01,-2.831801843887326031e-01
5.490336122825417720e-01,4.770944471601686332e-01,-2.562078507739821154e-01
5.406409589961398421e-01,4.811357890392963799e-01,-2.273221524049275910e-01
5.379935599802740942e-01,4.872192156741432245e-01,-1.977056731667234946e-01
5.411998000617102011e-01,4.950956708635061987e-01,-1.685709151991704458e-01
5.501284153947969546e-01,5.044426916064885802e-01,-1.411106589166488123e-01
5.644138674187301197e-01,5.148776097756444514e-01,-1.164491304378081210e-01
5.834713080491804593e-01,5.259732185950777295e-01,-9.559597563617866500e-02
6.065205234275831137e-01,5.372752625360419643e-01,-7.940492511948082921e-02
6.326178759681786445e-01,5.483210345916605943e-01,-6.853884239823587743e-02
6.061758288173086928e-01,6.202821795387207793e-01,-8.342624815370966451e-02
6.335569486243574078e-01,6.325003924311545234e-01,-7.872069872086423503e-02
6.616447413949485545e-01,6.439208483496854374e-01,-8.006298316425555783e-02
6.892892895928783847e-01,6.540759924871621944e-01,-8.739814820105942794e-02
7.153588221668273350e-01,6.625500720494176266e-01,-1.004258913128238395e-01
7.387860493901778902e-01,6.689961572235109122e-01,-1.186128551658583857e-01
7.586118578278236990e-01,6.731503445250319739e-01,-1.412144633231421920e-01
7.740245765528939170e-01,6.748425610377603023e-01,-1.673054032911399647e-01
7.843932070498667031e-01,6.740035272188374948e-01,-1.958175089220065557e-01
7.892932563679337932e-01,6.706675932113927985e-01,-2.255834912611841270e-01
7.885241159122817756e-01,6.649713325456465540e-01,-2.553847274943523704e-01
7.821172743835356211e-01,6.571479508025366290e-01,-2.840011515086287019e-01
7.703350286266537061e-01,6.475177381498342655e-01,-3.102612035425816872e-01
7.536597451672782944e-01,6.364749566250429424e-01,-3.330897939805160801e-01
7.327741120694984955e-01,6.244716990012594282e-01,-3.515523176476574863e-01
7.085331896062952994e-01,6.119993800559242469e-01,-3.648929166558186332e-01
6.819294039914995942e-01,5.995686179920948211e-01,-3.725654253141515992e-01
6.540519173339932602e-01,5.876883296692168024e-01,-3.742557302167027755e-01
6.260420372130002242e-01,5.768448954871032708e-01,-3.698946300821592814e-01
5.990464914116949702e-01,5.674822469152195348e-01,-3.596606688624368608e-01
5.741704807470250360e-01,5.599836918861629265e-01,-3.439728261323102831e-01
5.524324320184090809e-01,5.546562221238658941e-01,-3.234733640163942048e-01
5.347223034949090126e-01,5.517179448663480645e-01,-2.990015329022988055e-01
5.217651499191285902e-01,5.512891535297649304e-01,-2.715592124311532185e-01
5.140914386808612679e-01,5.533874028818170920e-01,-2.422698944273818378e-01
5.120153324198242206e-01,5.579267903474979251e-01,-2.123326870114078391e-01
5.156218271702767142e-01,5.647214728706068110e-01,-1.829732229723137205e-01
5.247632726133899528e-01,5.734932753503064751e-01,-1.553934822174504737e-01
5.390654168986487305e-01,5.838830791624350924e-01,-1.307225825738042024e-01
5.579427285585839558e-01,5.954655245181738055e-01,-1.099705535714934346e-01
5.806223682358477856e-01,6.077664247437792877e-01,-9.398698571613259278e-02
6.061758288173086928e-01,6.202821795387206683e-01,-8.342624815370969227e-02
5.735868435691916511e-01,6.905718329348640161e-01,-9.418420563770157905e-02
6.000231095361427958e-01,7.048189698213560561e-01,-8.979153265876035905e-02
6.270202398648163644e-01,7.185814506160266291e-01,-9.149497623889008002e-02
6.534729688675281478e-01,7.312958377381191255e-01,-9.922479719777418938e-02
6.782983187108435619e-01,7.424416026849779415e-01,-1.126645357571404993e-01
7.004799366553224882e-01,7.515624365301069032e-01,-1.312639674412663937e-01
7.191097046560885886e-01,7.582849312642340189e-01,-1.542616293316632636e-01
7.334249178222855825e-01,7.623338671630844887e-01,-1.807159944484277581e-01
7.428395096449231794e-01,7.635434803152296723e-01,-2.095440179754236021e-01
7.469680456286152959e-01,7.618642490160970615e-01,-2.395654772423066736e-01
7.456415030251068998e-01,7.573649211923746405e-01,-2.695512901793191141e-01
7.389141906444479657e-01,7.502296998538140471e-01,-2.982738340816361022e-01
7.270615254459282806e-01,7.407507018003690602e-01,-3.245572046271412714e-01
7.105687569354041111e-01,7.293159983260824042e-01,-3.473253575375366831e-01
6.901111009935144702e-01,7.163937275347121991e-01,-3.656461619575264166e-01
6.665260964581929404e-01,7.025129287107593212e-01,-3.787695620015529285e-01
6.407793161862357367e-01,6.882418833890011634e-01,-3.861582841298797364e-01
6.139248363870950520e-01,6.741648498416871194e-01,-3.875098331904351934e-01
5.870620826190152686e-01,6.608581434762254014e-01,-3.827688766058798819e-01
5.612908191775008993e-01,6.488665424146896621e-01,-3.721295096958242010e-01
5.376661246158426222e-01,6.386809842134922865e-01,-3.560273093916383469e-01
5.171551967051783993e-01,6.307184668221428314e-01,-3.351215016657040358e-01
5.005977552441024381e-01,6.253049766381990615e-01,-3.102679727426489453e-01
4.886716638314481109e-01,6.226621425858498426e-01,-2.824842290167486891e-01
4.818651780509055627e-01,6.228981626017180417e-01,-2.529077402205929248e-01
4.804569562300585184e-01,6.260033739986228252e-01,-2.227493712805861115e-01
4.845046511357113395e-01,6.318506490571280665e-01,-1.932438093645900135e-01
4.938425496628426892e-01,6.402005996493130846e-01,-1.655990156442018468e-01
5.080883571485953487e-01,6.507113778168561735e-01,-1.409467712224596325e-01
5.266588485606912284e-01,6.629526710666140410e-01,-1.202963418825052366e-01
5.487937457987791534e-01,6.764233194146508366e-01,-1.044931586278388114e-01
5.735868435691916511e-01,6.905718329348639051e-01,-9.418420563770160681e-02
5.346540478571389921e-01,7.584383495480404580e-01,-1.009642166119885387e-01
5.598841827279663619e-01,7.747820370220834807e-01,-9.678368820179761300e-02
5.855117845071662330e-01,7.909250931076940994e-01,-9.872801608086720360e-02
6.104876561667826884e-01,8.062066191919989855e-01,-1.067175992373793347e-01
6.337892825865307778e-01,8.200009878016035758e-01,-1.204253431981702482e-01
6.544626924429610693e-01,8.317434558648610921e-01,-1.392900513148936925e-01
6.716615139075290397e-01,8.409532853595804713e-01,-1.625394002207418698e-01
6.846816252086992405e-01,8.472534247841387867e-01,-1.892215588398268311e-01
6.929899814600037899e-01,8.503859456902596037e-01,-2.182441564632627840e-01
6.962464375803238958e-01,8.502226023039909375e-01,-2.484190045343357689e-01
6.943176738734763154e-01,8.467700819227585995e-01,-2.785107412276220384e-01
6.872826541522394361e-01,8.401697311366240761e-01,-3.072874073072693890e-01
6.754293929505804650e-01,8.306917690822801514e-01,-3.335708826828624463e-01
6.592431641747942273e-01,8.187242246398448442e-01,-3.562851187843472101e-01
6.393866339327628490e-01,8.047570504849180795e-01,-3.745001921169194281e-01
6.166727309056380113e-01,7.893620643684761129e-01,-3.874703754381633170e-01
5.920313649521207200e-01,7.731695388309599570e-01,-3.946646679189754758e-01
5.664713564895853537e-01,7.568423977704165084e-01,-3.957885343798978051e-01
5.410391352676617860e-01,7.410490762602220949e-01,-3.907959635959715738e-01
5.167758994113345050e-01,7.264361547386405382e-01,-3.798913520016928280e-01
4.946749886473708058e-01,7.136018879297106876e-01,-3.635211356769687541e-01
4.756412168591940826e-01,7.030717122245525585e-01,-3.423555132015523306e-01
4.604538289001855467e-01,6.952767342537784501e-01,-3.172610076464422169e-01
4.497345982178292401e-01,6.905360813313827784e-01,-2.892649910175437711e-01
4.439223713757171064e-01,6.890438363450115400e-01,-2.595136235250363743e-01
4.432551016236727648e-01,6.908610919797381067e-01,-2.292249296497005095e-01
4.477601070637457492e-01,6.959134495763582562e-01,-1.996389320775629195e-01
4.572529522439038874e-01,7.039940650212396234e-01,-1.719668850254339465e-01
4.713449989671095186e-01,7.147721169686367393e-01,-1.473416853509552649e-01
4.894593171847694268e-01,7.278063507054558512e-01,-1.267714916221381882e-01
5.108543045807105720e-01,7.425631431710540964e-01,-1.110984499871355280e-01
5.346540478571389921e-01,7.584383495480403470e-01,-1.009642166119885665e-01
4.893953205643273296e-01,8.230486169067187108e-01,-1.039583328818007302e-01
5.131597382865124013e-01,8.414809394726734393e-01,-9.987733070245344291e-02
5.371453780024517677e-01,8.599637782292381960e-01,-1.019331523274314977e-01
5.603702648039817769e-01,8.777404435860778342e-01,-1.100416321778596163e-01
5.818835690966394081e-01,8.940831567748140918e-01,-1.238708081359552737e-01
6.008045336749774368e-01,9.083228451973125450e-01,-1.428545121131349349e-01
6.163585320260397404e-01,9.198765343364638802e-01,-1.662155490380822498e-01
6.279087816298165592e-01,9.282712148014105047e-01,-1.929975153142846345e-01
6.349824139104327525e-01,9.331632073875842925e-01,-2.221039540956469549e-01
6.372898335312031648e-01,9.343522333437226379e-01,-2.523432443585988394e-01
6.347365744617432526e-01,9.317896138074764911e-01,-2.824773860068094389e-01
6.274271674283519173e-01,9.255802627237550428e-01,-3.112726837405895286e-01
6.156608604137949747e-01,9.159783916554933292e-01,-3.375502546874143972e-01
5.999193674097309525e-01,9.033771023323980964e-01,-3.602342920052375441e-01
5.808471469892929617e-01,8.882922930199455003e-01,-3.783961085410061376e-01
5.592250180973844520e-01,8.713415375837771926e-01,-3.912921573918228813e-01
5.359381932313326269e-01,8.532188019430789749e-01,-3.983944728025139437e-01
5.119400377372391731e-01,8.346660330243120818e-01,-3.994122851456791135e-01
4.882130389206959520e-01,8.164427833668688184e-01,-3.943039250644012617e-01
4.657285829010561762e-01,7.992951149528655375e-01,-3.832785294206146887e-01
4.454071859495752905e-01,7.839250553419372380e-01,-3.667874792074049539e-01
4.280808084451098172e-01,7.709618565804605694e-01,-3.455059199581171914e-01
4.144587943184552814e-01,7.609362335488416562e-01,-3.203051212088941502e-01
4.050988304284758312e-01,7.542586364319554537e-01,-2.922168066214971271e-01
4.003841147965760960e-01,7.512024468403518673e-01,-2.623909150953710467e-01
4.005076684346817184e-01,7.518927855349980538e-01,-2.320485221339889381e-01
4.054644330423317067e-01,7.563013899686238384e-01,-2.024318488702696039e-01
4.150514780940937065e-01,7.642477713577275900e-01,-1.747534053874409965e-01
4.288763088391187028e-01,7.754066039145791622e-01,-1.501463504137691973e-01
4.463729350823567033e-01,7.893210437231940046e-01,-1.296180996710825095e-01
4.668250428896431603e-01,8.054214319829301472e-01,-1.140090821567536217e-01
4.893953205643272741e-01,8.230486169067187108e-01,-1.039583328818007579e-01
4.380164461887318672e-01,8.835608060108047779e-01,-1.033897500863746599e-01
4.600694494028462755e-01,9.040065826640614199e-01,-9.929244488403124458e-02
4.821589171658272055e-01,9.247202399341465373e-01,-1.013302034770507398e-01
5.033805040720558122e-01,9.448537582586713501e-01,-1.094195997892084826e-01
5.228653958601607865e-01,9.635828690318419820e-01,-1.232294529850209985e-01
5.398158787709591566e-01,9.801408002580277445e-01,-1.421943860520629155e-01
5.535379980424860458e-01,9.938496682873541044e-01,-1.655379724022844612e-01
5.634699684994842750e-01,1.004148230451977097e+00,-1.923045228677526808e-01
5.692051741044875657e-01,1.010614862406847170e+00,-2.213982117274750916e-01
5.705088148661690006e-01,1.012984819479935128e+00,-2.516279399411714413e-01
5.673275195785738578e-01,1.011161075350210492e+00,-2.817560988839307723e-01
5.597915308445629012e-01,1.005218294316625016e+00,-3.105492381887280384e-01
5.482093729283474826e-01,9.953997745329408176e-01,-3.368285633493747211e-01
5.330552207358632000e-01,9.821074873527291249e-01,-3.595181957061042710e-01
5.149494870384077050e-01,9.658856205749251078e-01,-3.776892190443136288e-01
4.946334227008882256e-01,9.473982993314005174e-01,-3.905977095335319005e-01
4.729387697843189242e-01,9.274023967260333068e-01,-3.977151920564472865e-01
4.507537099281176407e-01,9.067165473609060111e-01,-3.987502760423029535e-01
4.289865020894311765e-01,8.861876323395110333e-01,-3.936605850311006849e-01
4.085282983147136004e-01,8.666561078548692398e-01,-3.826544915708524064e-01
3.902166598702387912e-01,8.489215968142387325e-01,-3.661825864209817816e-01
3.748012673854496657e-01,8.337101521833394369e-01,-3.449192313136912880e-01
3.629132288399052331e-01,8.216445322926292372e-01,-3.197349505054114527e-01
3.550392419284453260e-01,8.132187050380839111e-01,-2.916607914114605626e-01
3.515016686003792357e-01,8.087776247774971505e-01,-2.618461134037186611e-01
3.524453375234052332e-01,8.085031098585422349e-01,-2.315115329028986091e-01
3.578316147809381675e-01,8.124063989542553710e-01,-2.018989511988658614e-01
3.674399855491941036e-01,8.203276909504410019e-01,-1.742207108659141190e-01
3.808770819999848789e-01,8.319426872220629932e-01,-1.496099623153295533e-01
3.975927878258233017e-01,8.467758684570569905e-01,-1.290742724844132772e-01
4.169027600661876498e-01,8.642199624728376106e-01,-1.134543749276841762e-01
4.380164461887318672e-01,8.835608060108047779e-01,-1.033897500863746877e-01
3.808814667149173494e-01,9.391838943374575255e-01,-9.950648883579310544e-02
4.010029934854739131e-01,9.615091514341181922e-01,-9.528041505182710535e-02
4.209715644456344386e-01,9.842866102466316658e-01,-9.717677669746063729e-02
4.399696639540824350e-01,1.006583758934975981e+00,-1.051179365041083613e-01
4.572195075847601542e-01,1.027487749612046697e+00,-1.187787824562394623e-01
4.720148847126570679e-01,1.046142770443409642e+00,-1.376000379154925235e-01
4.837500708597741172e-01,1.061785082684357118e+00,-1.608111584719620346e-01
4.919446261264224796e-01,1.073774288233851237e+00,-1.874618781228752917e-01
4.962630644571661698e-01,1.081619547608023479e+00,-2.164611132743973210e-01
4.965285884793496640e-01,1.084999674966316663e+00,-2.466216318321593215e-01
4.927303276083069283e-01,1.083776287497534296e+00,-2.767086586226961131e-01
4.850237830903751934e-01,1.077999470828389761e+00,-3.054904272341275595e-01
4.737244617635991695e-01,1.067905728512065666e+00,-3.317886086777873667e-01
4.592949591707108925e-01,1.053908299544956018e+00,-3.545265523154670362e-01
4.423260208432577834e-01,1.036580240313602630e+00,-3.727733640630450651e-01
4.235123571101313544e-01,1.016630963598897708e+00,-3.857820173036662359e-01
4.036242015750775014e-01,9.948771951334818286e-01,-3.930199362452075906e-01
3.834757776624603265e-01,9.722095367542881172e-01,-3.941907996357831845e-01
3.638919642146016264e-01,9.495560050586976386e-01,-3.892466721906120419e-01
3.456745248550571747e-01,9.278440382960048138e-01,-3.783899670682100980e-01
3.295692836916649382e-01,9.079625269365221296e-01,-3.620651590518968455e-01
3.162355911899397132e-01,8.907254223912851598e-01,-3.409405876999438423e-01
3.062193302875444445e-01,8.768384137456497474e-01,-3.158810954455317788e-01
2.999305678826838517e-01,8.668700367652222294e-01,-2.879126208459215630e-01
2.976267666471111850e-01,8.612283979748162066e-01,-2.581801965373774488e-01
2.994022444740959132e-01,8.601444667293750568e-01,-2.279010714645027524e-01
3.051843130927915926e-01,8.636626193014437236e-01,-1.983148765654271506e-01
3.147362539345844312e-01,8.716388221113563484e-01,-1.706328741355490619e-01
3.276670094191061477e-01,8.837465284789111086e-01,-1.459883686068448871e-01
3.434471928975211252e-01,8.994900474828251280e-01,-1.253903089312661812e-01
3.614307618041302517e-01,9.182248376052933869e-01,-1.096819820921004218e-01
3.808814667149172939e-01,9.391838943374575255e-01,-9.950648883579310544e-02
3.185189011095045375e-01,9.891991318776810482e-01,-9.258019547417614681e-02
3.365146270497260117e-01,1.013228572830282115e+00,-8.812009917166860329e-02
3.541657978926479045e-01,1.037863814277554697e+00,-8.976134575470276489e-02
3.707497726300364449e-01,1.062096286540129109e+00,-9.743674239533089976e-02
3.855876013876087249e-01,1.084933909356381010e+00,-1.108320574532648817e-01
3.980718217126587577e-01,1.105441707764906578e+00,-1.293988851561502507e-01
4.076913281582454918e-01,1.122780090089296579e+00,-1.523770973963211872e-01
4.140522970002425973e-01,1.136239220920017168e+00,-1.788259634648398377e-01
4.168943094268765526e-01,1.145268081859477594e+00,-2.076626636772511969e-01
4.161010131154786462e-01,1.149497030279970744e+00,-2.377066201386907884e-01
4.117048857102459936e-01,1.148752932536280857e+00,-2.677278297416122999e-01
4.038859051836717895e-01,1.143066252077462597e+00,-2.964972206375296460e-01
3.929641815172051356e-01,1.132669802269656634e+00,-3.228369705829041703e-01
3.793868513609993109e-01,1.117989214989525415e+00,-3.456687271201830391e-01
3.637097722069179140e-01,1.099625515205213011e+00,-3.640577554541125083e-01
3.465747655175075437e-01,1.078330514943532714e+00,-3.772512066040825118e-01
3.286833404799106018e-01,1.054976034017253816e+00,-3.847089391298484928e-01
3.107679741373193250e-01,1.030518207619533166e+00,-3.861256325855592086e-01
2.935621236927656863e-01,1.005958342036766151e+00,-3.814432873746835817e-01
2.777701986850512617e-01,9.823019210515726574e-01,-3.708535992603069764e-01
2.640387223794642968e-01,9.605174413185981752e-01,-3.547901113180674804e-01
2.529298630293354555e-01,9.414967619976782887e-01,-3.339104646317000435e-01
2.448984186416945930e-01,9.260185919350464312e-01,-3.090694743897989816e-01
2.402731974934263492e-01,9.147166092316745267e-01,-2.812841336515600754e-01
2.392435566817812109e-01,9.080535183873650329e-01,-2.516919775314457319e-01
2.418516498225656841e-01,9.063021071241641469e-01,-2.215045123779441627e-01
2.479907012761580209e-01,9.095340784249692501e-01,-1.919576165613162688e-01
2.574093775547402485e-01,9.176171150049849956e-01,-1.642609434679076219e-01
2.697220769448198108e-01,9.302202963969088412e-01,-1.395483981483833236e-01
2.844247160866860136e-01,9.468276468737447660e-01,-1.188317151117254389e-01
3.009153672063841212e-01,9.667592595556900870e-01,-1.029590377955616753e-01
3.185189011095045375e-01,9.891991318776810482e-01,-9.258019547417617456e-02
2.515180922713892153e-01,1.032958818851973382e+00,-8.287182368947235145e-02
2.672270703698244598e-01,1.058482156662213347e+00,-7.808226444409249734e-02
2.823998091016240997e-01,1.084736519323910686e+00,-7.936643119430966675e-02
2.964151347603870001e-01,1.110647050144939252e+00,-8.667175000248678041e-02
3.086992582669126906e-01,1.135152968949127539e+00,-9.969914025827855686e-02
3.187492661615207168e-01,1.157251000541309027e+00,-1.179152590739595552e-01
3.261537099401801143e-01,1.176036448911691457e+00,-1.405743364049126254e-01
3.306094508046072411e-01,1.190740235596795094e+00,-1.667487069628800778e-01
3.319340702002852028e-01,1.200760385842109645e+00,-1.953667889418607695e-01
3.300733380535187944e-01,1.205686673519274832e+00,-2.252569547031533226e-01
3.251034329570233750e-01,1.205317415831973049e+00,-2.551954973485451306e-01
3.172278234093884319e-01,1.199667730233308527e+00,-2.839567294245043949e-01
3.067689377908390802e-01,1.188968915515500102e+00,-3.103631627105400970e-01
2.941549641074655552e-01,1.173658982410152429e+00,-3.333337147252977695e-01
2.799023199239441539e-01,1.154364721377439285e+00,-3.519279683703679384e-01
2.645945101677628086e-01,1.131876041731019189e+00,-3.653846727167894270e-01
2.488582383689309230e-01,1.107113632657924507e+00,-3.731529087075241558e-01
2.333377493438260342e-01,1.081091270095067003e+00,-3.749146438483823562e-01
2.186684537367160064e-01,1.054874312623267807e+00,-3.705977524957022595e-01
2.054509142333249272e-01,1.029536085561784331e+00,-3.603789686886758048e-01
1.942262584539166115e-01,1.006113938903628657e+00,-3.446766506370187999e-01
1.854540251249411076e-01,9.855667780849713955e-01,-3.241336530867100496e-01
1.794933505095803183e-01,9.687358062839170891e-01,-2.995910087711589065e-01
1.765882653269366109e-01,9.563100854635561143e-01,-2.720534964322823823e-01
1.768577041057204369e-01,9.487983260942343122e-01,-2.426485050607543326e-01
1.802906359906706890e-01,9.465080604871258796e-01,-2.125798784582649259e-01
1.867465163470651279e-01,9.495330523852806293e-01,-1.830786297308336918e-01
1.959610406745792843e-01,9.577494582649668242e-01,-1.553525434676111816e-01
2.075569652645840035e-01,9.708208975040831801e-01,-1.305367288978905860e-01
2.210595516019012718e-01,9.882122238443514783e-01,-1.096471483858906110e-01
2.359160022153947434e-01,1.009211434342007108e+00,-9.353902381219406093e-02
2.515180922713892153e-01,1.032958818851973382e+00,-8.287182368947235145e-02
1.805711466919852348e-01,1.069971725003165286e+00,-7.066388919916929967e-02
1.938689715461617558e-01,1.096753237206739673e+00,-6.546089949370292871e-02
2.064404381373258213e-01,1.124364981032506705e+00,-6.629903688412144835e-02
2.177708691461504587e-01,1.151676528443996927e+00,-7.314398792718415643e-02
2.273963953958653972e-01,1.177569741481213850e+00,-8.571551952294043097e-02
2.349229467108558955e-01,1.200984548960090104e+00,-1.034989516907677959e-01
2.400423851959540555e-01,1.220962345911317692e+00,-1.257662286282508202e-01
2.425451204380714709e-01,1.236685238980421708e+00,-1.516057254012750377e-01
2.423286901623369349e-01,1.247509531077791722e+00,-1.799595699759408418e-01
2.394019550496685467e-01,1.252992074413161072e+00,-2.096669526239261228e-01
2.338847359794556657e-01,1.252908413018207989e+00,-2.395116496091531932e-01
2.260029085486785494e-01,1.247261972000271779e+00,-2.682718155304437690e-01
2.160791556984286155e-01,1.236283917318055536e+00,-2.947700058158042036e-01
2.045197570363865291e-01,1.220423691820115675e+00,-3.179213814415467465e-01
1.917979557019480197e-01,1.200330615001835355e+00,-3.367781223693823156e-01
1.784345837364930965e-01,1.176827299788991255e+00,-3.505682314101523644e-01
1.649767391584170961e-01,1.150875974667919355e+00,-3.587271398794587007e-01
1.519753877059760172e-01,1.123539089938227598e+00,-3.609208211059369287e-01
1.399628062352267499e-01,1.095935820872697253e+00,-3.570594655224284542e-01
1.294307912430001373e-01,1.069196248550117412e+00,-3.473011574802121193e-01
1.208105246605371413e-01,1.044415094203140937e+00,-3.320454032570886449e-01
1.144549212145621608e-01,1.022606901202395058e+00,-3.119167752234279778e-01
1.106241800569050804e-01,1.004664499531684019e+00,-2.877393417759412930e-01
1.094751321806533562e-01,9.913224532235496156e-01,-2.605029298806966764e-01
1.110548197408681298e-01,9.831269872214707384e-01,-2.313226014408278630e-01
1.152985701432287929e-01,9.804136248664986342e-01,-2.013930025312061223e-01
1.220326437476432074e-01,9.832934515322526714e-01,-1.719394544477699516e-01
1.309813467895266093e-01,9.916485667766713474e-01,-1.441677889097001397e-01
1.417783183149162740e-01,1.005136911199963956e+00,-1.192149811671574661e-01
1.539815290409725368e-01,1.023206270396627815e+00,-9.810260210095197997e-02
1.670913780867542275e-01,1.045116882678091885e+00,-8.169499499065338566e-02
1.805711466919852071e-01,1.069971725003165286e+00,-7.066388919916929967e-02
1.064230507840485951e-01,1.099811630054598366e+00,-5.622671542318763427e-02
1.172141081930418161e-01,1.127602467715320023e+00,-5.053680630713264232e-02
1.270907880057652872e-01,1.156299241148556423e+00,-5.085150304399488341e-02
1.356487377902255154e-01,1.184727101078222766e+00,-5.715792191239191244e-02
1.425375940767302785e-01,1.211722207578666888e+00,-6.919787738287877521e-02
1.474753262795038544e-01,1.236179377817970382e+00,-8.647845226385914019e-02
1.502597830620057973e-01,1.257097332372940413e+00,-1.082921777893242343e-01
1.507769684364006491e-01,1.273619687726341487e+00,-1.337459974732576051e-01
1.490057087726940344e-01,1.285070016708711016e+00,-1.617978289471022624e-01
1.450185196496322215e-01,1.290979541506154238e+00,-1.912992269343686824e-01
1.389786370583882547e-01,1.291106325479123962e+00,-2.210424007351911857e-01
1.311333345019037033e-01,1.285445178076870532e+00,-2.498096613194894788e-01
1.218037995886249447e-01,1.274227867339198683e+00,-2.764232736589328221e-01
1.113719845740754333e-01,1.257913631285686895e+00,-2.997936733373776641e-01
1.002649691906370433e-01,1.237170376657206861e+00,-3.189640734460832405e-01
8.893747595312663512e-02,1.212847334735478011e+00,-3.331496355521726960e-01
7.785325376561182120e-02,1.185940293714611737e+00,-3.417696010762899528e-01
6.746609198679028030e-02,1.157550831015445425e+00,-3.444710676170747443e-01
5.820124224032665466e-02,1.128841214576503216e+00,-3.411434368169384279e-01
5.043800856341475874e-02,1.100986819468032119e+00,-3.319229422718186773e-01
4.449421865492861339e-02,1.075128007898525251e+00,-3.171870721117547309e-01
4.061321197208731665e-02,1.052323442651919683e+00,-2.975391145924908831e-01
3.895387738448529563e-02,1.033506745308834018e+00,-2.737834594034027624e-01
3.958414824510252117e-02,1.019448273669362415e+00,-2.468926658591026335e-01
4.247822119085162967e-02,1.010723583214224952e+00,-2.179676462068282083e-01
4.751761253529453166e-02,1.007689863795762530e+00,-1.881925941496890853e-01
5.449600900468638126e-02,1.010471316243414019e+00,-1.587865038173246479e-01
6.312771422764353046e-02,1.018954067567166000e+00,-1.309532640030107720e-01
7.305934517815577955e-02,1.032790832931142599e+00,-1.058323708150122749e-01
8.388429971819209852e-02,1.051415133535592128e+00,-8.445227657202547533e-02
9.515940293700522745e-02,1.074064488325505717e+00,-6.768828484441263837e-02
1.064230507840485951e-01,1.099811630054598144e+00,-5.622671542318763427e-02
2.984071150283252455e-02,1.122173044362216876e+00,-3.982551225617264601e-02
3.806065554980598425e-02,1.150715148788423070e+00,-3.358584572454470507e-02
4.518087669279572532e-02,1.180217345980717258e+00,-3.331115437109885558e-02
5.090987224161729052e-02,1.209471812519685940e+00,-3.901268409212002575e-02
5.501309644537354798e-02,1.237280867107970028e+00,-5.045701359092830129e-02
5.732256282305430578e-02,1.262506003783299802e+00,-6.717561067319087476e-02
5.774372154980656618e-02,1.284114502486359610e+00,-8.848401401000813293e-02
5.625933033787303139e-02,1.301221708741355565e+00,-1.135098550651397198e-01
5.293016033787883295e-02,1.313127251514196514e+00,-1.412285729653770527e-01
4.789250816078458733e-02,1.319343716484920659e+00,-1.705053601430733534e-01
4.135261587861952665e-02,1.319616600847222765e+00,-2.001416214912973834e-01
3.357822744982022489e-02,1.313934732683247786e+00,-2.289240449883398754e-01
2.488762725011356078e-02,1.302530728343219923e+00,-2.556742748344408289e-01
1.563660947277769470e-02,1.285871469104733489e+00,-2.792971534766822694e-01
6.203911872565201838e-03,1.264638986998392056e+00,-2.988255574878804222e-01
-3.024289802476322689e-03,1.239702542336339919e+00,-3.134599917133268909e-01
-1.167019189150301194e-02,1.212083036092949317e+00,-3.226013206963588287e-01
-1.937983014713975938e-02,1.182911214098979036e+00,-3.258752973543503906e-01
-2.583757107335675485e-02,1.153381374174405449e+00,-3.231478846982474007e-01
-3.077903399788235045e-02,1.124702471435349738e+00,-3.145307433226481875e-01
-3.400191484798920777e-02,1.098048623529576551e+00,-3.003766600079407212e-01
-3.537426850300155051e-02,1.074511042122042737e+00,-2.812651045880635858e-01
-3.483991064303844365e-02,1.055053358561120813e+00,-2.579785063874188156e-01
-3.242071794167118021e-02,1.040472172697975983e+00,-2.314702214723998730e-01
-2.821573243233678474e-02,1.031364439995061666e+00,-2.028255021420189153e-01
-2.239710671585225243e-02,1.028103032099348502e+00,-1.732170665712733648e-01
-1.520305601270994199e-02,1.030821471433286174e+00,-1.438570875912729974e-01
-6.928105603961556488e-03,1.039408464771140128e+00,-1.159475661911100602e-01
2.088967068393336735e-03,1.053512459596729789e+00,-9.063112145613676229e-02
1.147900198968749078e-02,1.072556036704746418e+00,-6.894421160835886853e-02
2.085757002696085605e-02,1.095759549810862543e+00,-5.177470128504810254e-02
2.984071150283251761e-02,1.122173044362216876e+00,-3.982551225617264601e-02
-4.838808469827957093e-02,1.136842165195931065e+00,-2.171790062059494875e-02
-4.277714319567038626e-02,1.165873944783401006e+00,-1.487496608367269713e-02
-3.844840969081894655e-02,1.195900067167843472e+00,-1.395481151176383716e-02
-3.557910304201846591e-02,1.225691259370919939e+00,-1.899510814115593083e-02
-3.428669300060004088e-02,1.254027866483519604e+00,-2.978950563563190213e-02
-3.462409098551109260e-02,1.279749784481043040e+00,-4.589608009348017381e-02
-3.657748388360676506e-02,1.301803955018474346e+00,-6.665542646395415660e-02
-4.006689956012510212e-02,1.319287477762756122e+00,-9.121765466752707052e-02
-4.494948092728052319e-02,1.331484575238510937e+00,-1.185771841956053674e-01
-5.102533453022271848e-02,1.337895896841983179e+00,-1.476139126947013103e-01
-5.804571420856476788e-02,1.338258962313428224e+00,-1.771390730883911913e-01
-6.572320479341574317e-02,1.332558907709787022e+00,-2.059439018410982591e-01
-7.374348891816499829e-02,1.321029093936260557e+00,-2.328491258792630414e-01
-8.177821520840194980e-02,1.304141552923432590e+00,-2.567532421695334355e-01
-8.949844102576402782e-02,1.282587662584570021e+00,-2.766776133823714012e-01
-9.658809941820041545e-02,1.257249841722620332e+00,-2.918065334193091220e-01
-1.027569389381252779e-01,1.229165423700739668e+00,-3.015206225164617782e-01
-1.077524065707850254e-01,1.199484187892522646e+00,-3.054221847248349553e-01
-1.113699872843560423e-01,1.169421287579354596e+00,-3.033514896292036633e-01
-1.134615768993770257e-01,1.140207501432297654e+00,-2.953933117300794331e-01
-1.139415454912577064e-01,1.113038845288686574e+00,-2.818734597656986085e-01
-1.127902430894525410e-01,1.089027607123221886e+00,-2.633454380639981274e-01
-1.100548041495637563e-01,1.069156809847598977e+00,-2.405677860103956900e-01
-1.058472178631907901e-01,1.054239966237001003e+00,-2.144730233562262833e-01
-1.003397433072681783e-01,1.044887773621500759e+00,-1.861294727505560243e-01
-9.375785713721616899e-02,1.041483111865612488e+00,-1.566975224854068038e-01
-8.637102254617547159e-02,1.044165368221653400e+00,-1.273821200627412165e-01
-7.848165741021950748e-02,1.052824730799255315e+00,-9.938344150215665251e-02
-7.041275326497535569e-02,1.067106684277059125e+00,-7.384775599362852772e-02
-6.249465199420529277e-02,1.086426523801625521e+00,-5.182049750219165640e-02
-5.505152159427205427e-02,1.109993292872833770e+00,-3.420346457857839639e-02
-4.838808469827957093e-02,1.136842165195931065e+00,-2.171790062059497650e-02
-1.274930056602214812e-01,1.143690204565332547e+00,-2.146616287665825684e-03
-1.244968402053144158e-01,1.172949138083001497e+00,5.342739199503093728e-03
-1.229618555939464286e-01,1.203217962339255154e+00,6.953560115882689852e-03
-1.229508942764599710e-01,1.233257468112606281e+00,2.619899263892971897e-03
-1.244644050104808386e-01,1.261837834507201883e+00,-7.480822772002071464e-03
-1.274404244887282767e-01,1.287788977964796855e+00,-2.293508124486848265e-02
-1.317571141240953259e-01,1.310048455623107344e+00,-4.311017699702877903e-02
-1.372377481357206497e-01,1.327704961851424503e+00,-6.718013923791643638e-02
-1.436579487232211017e-01,1.340035637210209796e+00,-9.415954088528906418e-02
-1.507548721202028874e-01,1.346535662401481481e+00,-1.229438420657581188e-01
-1.582379694489404742e-01,1.346938925630188466e+00,-1.523546101069834513e-01
-1.658008818255687356e-01,1.341228917252365926e+00,-1.811877647097386856e-01
-1.731339827287840805e-01,1.329639405681899866e+00,-2.082628731368352804e-01
-1.799370541460060535e-01,1.312644866884194350e+00,-2.324714772680777086e-01
-1.859315775340866506e-01,1.290941059274401281e+00,-2.528224740059427100e-01
-1.908721364011912724e-01,1.265416539286154718e+00,-2.684826911528415128e-01
-1.945564636868096220e-01,1.237116283766777292e+00,-2.788109975787826933e-01
-1.968337225989784112e-01,1.207198908502371104e+00,-2.833845512051637594e-01
-1.976106818902668982e-01,1.176889234351403024e+00,-2.820161102091508498e-01
-1.968555327560008728e-01,1.147428142934849404e+00,-2.747616987259058341e-01
-1.945991910904634747e-01,1.120021774796835290e+00,-2.619183132139097925e-01
-1.909340317865506620e-01,1.095792149869042387e+00,-2.440117633850577561e-01
-1.860101068968025850e-01,1.075731231842874447e+00,-2.217751454932730404e-01
-1.800290024847421011e-01,1.060660317059380908e+00,-1.961188292877369954e-01
-1.732355856677489370e-01,1.051196410540555126e+00,-1.680931873683934319e-01
-1.659079797285033520e-01,1.047726965731239579e+00,-1.388455928082934221e-01
-1.583461777151151939e-01,1.050394022109570002e+00,-1.095734455651738853e-01
-1.508597606904866217e-01,1.059088390074051977e+00,-8.147515078649937570e-02
-1.437552234472225521e-01,1.073454121178674558e+00,-5.570105596191829433e-02
-1.373234265748098926e-01,1.092903080704112906e+00,-3.330635556187655499e-02
-1.318276885929092757e-01,1.116639025962239851e+00,-1.520789125201743586e-02
-1.274930056602214812e-01,1.143690204565332325e+00,-2.146616287665825684e-03
-2.066877241196350967e-01,1.142714647942810302e+00,1.864213492950068940e-02
-2.062907526726573404e-01,1.171941747685967927e+00,2.681353003141230540e-02
-2.075303407695412439e-01,1.202176590207233220e+00,2.915241068294004145e-02
-2.103557395279549436e-01,1.232181357501342722e+00,2.556302283540363984e-02
-2.146512767907587660e-01,1.260727650869864824e+00,1.619231644901635014e-02
-2.202410927577093114e-01,1.286646781708245202e+00,1.423929344248078821e-03
-2.268963397063441245e-01,1.308877617754592215e+00,-1.813751897562008997e-02
-2.343445510446278135e-01,1.326510025969156015e+00,-4.169118051800019265e-02
-2.422807961252433362e-01,1.338822133487912014e+00,-6.827276561190945281e-02
-2.503801641421211088e-01,1.345309881182431777e+00,-9.679402104039959431e-02
-2.583110660170148121e-01,1.345707659899822994e+00,-1.260872832551230560e-01
-2.657488096953248835e-01,1.339999184532659093e+00,-1.549532826591968337e-01
-2.723888930769635675e-01,1.328418160733189080e+00,-1.822102418454072392e-01
-2.779594703681098622e-01,1.311438716976475849e+00,-2.067422577021141294e-01
-2.822324814799492265e-01,1.289755993684918778e+00,-2.275449866177544078e-01
-2.850329888355054853e-01,1.264257684097686463e+00,-2.437667624263049060e-01
-2.862463393345964779e-01,1.235987692005204197e+00,-2.547434637201859142e-01
-2.858228582652268535e-01,1.206103394205321200e+00,-2.600257030587181939e-01
-2.837798829921334143e-01,1.175828257361220430e+00,-2.593972249427455301e-01
-2.802010531630361179e-01,1.146401749132477388e+00,-2.528837593401789263e-01
-2.752328864916328000e-01,1.119028594223444140e+00,-2.407519682980870379e-01
-2.690787803051855054e-01,1.094829452812306148e+00,-2.234985287671581444e-01
-2.619906844340441632e-01,1.074795040591713491e+00,-2.018297985889815072e-01
-2.542587863559892525e-01,1.059745568751920830e+00,-1.766328981230193551e-01
-2.461996308867957506e-01,1.050297164438287023e+00,-1.489393914348583203e-01
-2.381431607982829879e-01,1.046836646433552787e+00,-1.198830539421605335e-01
-2.304192089224697537e-01,1.049505688751425359e+00,-9.065345551585177186e-02
-2.233439947566775996e-01,1.058195020485811932e+00,-6.244725934983709481e-02
-2.172071784001564643e-01,1.072548899374553777e+00,-3.641923042924045950e-02
-2.122600018355876306e-01,1.091979675929436233e+00,-1.363495931623466551e-02
-2.087050030527931033e-01,1.115691851875283636e+00,4.972763252775666554e-03
-2.066877241196350967e-01,1.142714647942810302e+00,1.864213492950068940e-02
-2.852054530577978753e-01,1.133926046315327563e+00,4.042177913794953170e-02
-2.873704974008800539e-01,1.162866982246875125e+00,4.930364009364379685e-02
-2.913435744553100060e-01,1.192796508297367719e+00,5.240053737159638958e-02
-2.969620259796625916e-01,1.222489306153728306e+00,4.958568363337800822e-02
-3.039958319083908567e-01,1.250729749182961426e+00,4.097431932176254232e-02
-3.121570274003355183e-01,1.276361670329339670e+00,2.691899470345986145e-02
-3.211114921531565969e-01,1.298335695729506911e+00,7.995136419773840597e-03
-3.304926293277687388e-01,1.315752206201742158e+00,-1.502251054770249727e-02
-3.399163740660063882e-01,1.327898167760959147e+00,-4.119160102766198511e-02
-3.489969171510431956e-01,1.334276323313833501e+00,-6.944076938111751196e-02
-3.573625000820592756e-01,1.334625550422629203e+00,-9.861349133654229160e-02
-3.646706349109444800e-01,1.328931551688479651e+00,-1.275154322294318743e-01
-3.706221257391348889e-01,1.317427440088577262e+00,-1.549633432037975378e-01
-3.749733178328539251e-01,1.300584195303498003e+00,-1.798335035593561781e-01
-3.775460728765413498e-01,1.279091381753739931e+00,-2.011077260090313734e-01
-3.782350619764227595e-01,1.253828917751328875e+00,-2.179150413861185298e-01
-3.770120778377961668e-01,1.225831051540736683e+00,-2.295673562243039367e-01
-3.739271895749915475e-01,1.196244019054234720e+00,-2.355876233850233981e-01
-3.691066928759469956e-01,1.166279116878149225e+00,-2.357293724233657517e-01
-3.627479394419058645e-01,1.137163111628295420e+00,-2.299868001170464471e-01
-3.551112573855794707e-01,1.110088015980587928e+00,-2.185950080510097315e-01
-3.465092933676258702e-01,1.086162287532032256e+00,-2.020203775309180050e-01
-3.372942128056280464e-01,1.066365448416466410e+00,-1.809414758777000976e-01
-3.278432821805200570e-01,1.051507983553310988e+00,-1.562212758017045844e-01
-3.185434237025311366e-01,1.042198159299742022e+00,-1.288718251985429275e-01
-3.097753746704370315e-01,1.038817120954558249e+00,-1.000128137893325220e-01
-3.018981000418137217e-01,1.041503288624866741e+00,-7.082573289195633059e-02
-2.952340963654974670e-01,1.050146690290633789e+00,-4.250550502768930816e-02
-2.900561887349839552e-01,1.064393464072105999e+00,-1.621156365278003664e-02
-2.865763612970446683e-01,1.083660345376745715e+00,6.979614183475771338e-03
-2.849370785958511565e-01,1.107158545820177808e+00,2.611857893561408961e-02
-2.852054530577978753e-01,1.133926046315327341e+00,4.042177913794953170e-02
-3.623228563982657802e-01,1.117462403634922996e+00,6.297100449219118767e-02
-3.669855551098575308e-01,1.145870489877550025e+00,7.258310730032514757e-02
-3.736229170103134711e-01,1.175231617285980468e+00,7.645896435987074857e-02
-3.819632077235720069e-01,1.204343737854327578e+00,7.443989762741635985e-02
-3.916649747678898619e-01,1.232014997945994006e+00,6.660856793221893446e-02
-4.023310266605633623e-01,1.257112532921591974e+00,5.328559083214201575e-02
-4.135246939838985725e-01,1.278608846750385553e+00,3.501641057504609189e-02
-4.247877066824781722e-01,1.295623877818514069e+00,1.254896954719421365e-02
-4.356589556930743901e-01,1.307461028754867360e+00,-1.319691257592112144e-02
-4.456933708038759434e-01,1.313635685209304516e+00,-4.116719635516689207e-02
-4.544801418812529636e-01,1.313895056021089802e+00,-7.021677508625200070e-02
-4.616595374848957989e-01,1.308228522518714021e+00,-9.915635560274518867e-02
-4.669376323152482078e-01,1.296868073249553666e+00,-1.268011480780449063e-01
-4.700983405498056489e-01,1.280278806341484499e+00,-1.520193714600872326e-01
-4.710122624220779430e-01,1.259139888330878643e+00,-1.737785887205958446e-01
-4.696419818632330823e-01,1.234316749004808145e+00,-1.911879749483261504e-01
-4.660435983203511934e-01,1.206825650603877031e+00,-2.035347878255987508e-01
-4.603644300384700516e-01,1.177792081926686496e+00,-2.103135473825292756e-01
-4.528369828343237202e-01,1.148404680686179846e+00,-2.112467304063864182e-01
-4.437694312808875274e-01,1.119866570542016992e+00,-2.062961322745293091e-01
-4.335330020041511800e-01,1.093346105076585140e+00,-1.956644310561466149e-01
-4.225467756214336679e-01,1.069929035262061623e+00,-1.797868898482908040e-01
-4.112605295316701937e-01,1.050574058688041879e+00,-1.593135370535434248e-01
-4.001363239758533030e-01,1.036073570369579366e+00,-1.350825541408381958e-01
-3.896295852364767831e-01,1.027021222002167278e+00,-1.080859603976409150e-01
-3.801704604320201297e-01,1.023787617791572790e+00,-7.942899954376311800e-02
-3.721462072433777690e-01,1.026505141874110238e+00,-5.028489092361251855e-02
-3.658853395389023433e-01,1.035062538494544881e+00,-2.184679776838542586e-02
-3.616441779780358856e-01,1.049109466829785120e+00,4.721021046809090183e-03
-3.595963562133955849e-01,1.068070843983341733e+00,2.833087589809078766e-02
-3.598257123086346376e-01,1.091170388946681280e+00,4.801617655380803484e-02
-3.623228563982657802e-01,1.117462403634922996e+00,6.297100449219118767e-02
-4.373077755431225566e-01,1.093514361459046569e+00,8.606835918765495808e-02
-4.443912629640012213e-01,1.121149352173143265e+00,9.642616483498139823e-02
-4.536109964507894499e-01,1.149685781449622857e+00,1.010974989290945036e-01
-4.645895190312653855e-01,1.177955364521018122e+00,9.989111650332280212e-02
-4.768773687010627316e-01,1.204800741334851155e+00,9.285640699592132008e-02
-4.899714794509388849e-01,1.229122859010165714e+00,8.028137224066633770e-02
-5.033357768483013306e-01,1.249925967191607201e+00,6.268083563794185631e-02
-5.164231249874636775e-01,1.266358384185965580e+00,4.077536522423866328e-02
-5.286977262979106751e-01,1.277747364910765127e+00,1.546177353207723454e-02
-5.396570571597879562e-01,1.283626643156984048e+00,-1.222359802044460653e-02
-5.488524412799438146e-01,1.283755520582436249e+00,-4.114730706907360203e-02
-5.559074185520871403e-01,1.278128720930181483e+00,-7.012521356696731212e-02
-5.605331573777717624e-01,1.266976606039103448e+00,-9.797095861734253508e-02
-5.625402794659730699e-01,1.250755744803161207e+00,-1.235445341461008234e-01
-5.618466130025731031e-01,1.230130221187224260e+00,-1.457989549663272488e-01
-5.584805567740858123e-01,1.205944446551525218e+00,-1.638231224748583625e-01
-5.525799175180003964e-01,1.179188589351357619e+00,-1.768791251361450656e-01
-5.443862680987566760e-01,1.150958037524175914e+00,-1.844324486672191676e-01
-5.342350574862912982e-01,1.122408553178733781e+00,-1.861738591152406475e-01
-5.225418774357951657e-01,1.094708955558556074e+00,-1.820320629318604722e-01
-5.097854481124260984e-01,1.068993269444776795e+00,-1.721766257394665434e-01
-4.964880192314994889e-01,1.046314298048359293e+00,-1.570110302946803038e-01
-4.831939890937820281e-01,1.027600521122938870e+00,-1.371561578568930018e-01
-4.704476168550941750e-01,1.013618082894617523e+00,-1.134248692365561195e-01
-4.587707404925228660e-01,1.004939426027329441e+00,-8.678872617809429979e-02
-4.486414126963265137e-01,1.001919855752920530e+00,-5.833821550793486660e-02
-4.404743293366268908e-01,1.004682993633209120e+00,-2.923810447570723836e-02
-4.346038517657616618e-01,1.013115716478721673e+00,-6.797550461886334161e-04
-4.312703180252338564e-01,1.026872787625359829e+00,2.616765059951281502e-02
-4.306102033780542238e-01,1.045390990963993127e+00,5.020497651982593068e-02
-4.326505329954385415e-01,1.067912189074141427e+00,7.044813176730718718e-02
-4.373077755431225566e-01,1.093514361459046569e+00,8.606835918765493032e-02
-5.094656197638082196e-01,1.062304440132031180e+00,1.095044685287827613e-01
-5.188737861308769794e-01,1.088934177315901142e+00,1.206173505476522412e-01
-5.305738304478804235e-01,1.116398053661052270e+00,1.260943116316974866e-01
-5.440867515257833409e-01,1.143571694843045883e+00,1.257111243506220943e-01
-5.588593287879558558e-01,1.169342608799123440e+00,1.194834764367359026e-01
-5.742867711855803581e-01,1.192655731283969844e+00,1.076663285273508908e-01
-5.897374774142506437e-01,1.212556620323879342e+00,9.074347604633334341e-02
-6.045788937455840450e-01,1.228230531183303054e+00,6.940774256260673347e-02
-6.182034108511833548e-01,1.239035772110050004e+00,4.453261551183713973e-02
-6.300532393999325187e-01,1.244529975271017275e+00,1.713648551818635832e-02
-6.396432460187502222e-01,1.244488207343253272e+00,-1.165904663749696424e-02
-6.465808147098838221e-01,1.238912178310628054e+00,-4.067508848542773781e-02
-6.505819205959888496e-01,1.228030171456893305e+00,-6.872371986311154313e-02
-6.514827579319780737e-01,1.212287697421221999e+00,-9.465662650637172992e-02
-6.492464463314722156e-01,1.192329254940296845e+00,-1.174121121702461218e-01
-6.439645406541514294e-01,1.168971944994304346e+00,-1.360585645979996150e-01
-6.358532827390427355e-01,1.143172018596800843e+00,-1.498325958363748989e-01
-6.252447484382231968e-01,1.115985727765862912e+00,-1.581702954280929108e-01
-6.125732523924181105e-01,1.088526082442362375e+00,-1.607303169722305858e-01
-5.983575671385803485e-01,1.061917283732214834e+00,-1.574078528859812198e-01
-5.831796845012739983e-01,1.037248698981014794e+00,-1.483389252394087254e-01
-5.676609887789960673e-01,1.015530262946912288e+00,-1.338948169959176260e-01
-5.524368171979857634e-01,9.976511309529508820e-01,-1.146668716441071045e-01
-5.381304491315339611e-01,9.843432767636725034e-01,-9.144228352586787623e-02
-5.253275889692079481e-01,9.761515254931925067e-01,-6.517187000753392467e-02
-5.145523873103257095e-01,9.734112484010144506e-01,-3.693114490518836779e-02
-5.062459821768342527e-01,9.762346327532607226e-01,-7.876286822665530887e-03
-5.007484387708598383e-01,9.845060888628169860e-01,2.080319493633523212e-02
-4.982848271653770866e-01,9.978869823447031884e-01,4.793315901890439490e-02
-4.989560079089763733e-01,1.015829497847582585e+00,7.240290150786615753e-02
-5.027345027831544577e-01,1.037599066678611237e+00,9.321062827064977019e-02
-5.094656197638082196e-01,1.062304440132031180e+00,1.095044685287827335e-01
-5.781519022746396397e-01,1.024137329144974906e+00,1.330751497379857873e-01
-5.897667563719743988e-01,1.049540987115801016e+00,1.449453632843653028e-01
-6.038218584829571078e-01,1.075696346915039792e+00,1.512305762529097819e-01
-6.197417910757597737e-01,1.101532605039386103e+00,1.516734712862058687e-01
-6.368747902395203164e-01,1.125992022045597674e+00,1.462559162095523890e-01
-6.545194289754325823e-01,1.148073226527580815e+00,1.351997063643232966e-01
-6.719533337004911511e-01,1.166872211379411661e+00,1.189574842806317423e-01
-6.884627583068554380e-01,1.181619343952469592e+00,9.819420843896416173e-02
-7.033718050113657583e-01,1.191710874906498852e+00,7.375992979185967691e-02
-7.160700956902008585e-01,1.196733655778536853e+00,4.665499057803665361e-02
-7.260377608309835917e-01,1.196482053329531059e+00,1.798907019360405923e-02
-7.328667230516991982e-01,1.190966368193305369e+00,-1.106424521279672155e-02
-7.362774038366626250e-01,1.180412413167402752e+00,-3.931550949480806800e-02
-7.361301695137995038e-01,1.165252268410620351e+00,-6.560811257334180080e-02
-7.324310478735872598e-01,1.146106592030542437e+00,-8.886563218911311401e-02
-7.253314813906043268e-01,1.123759210267690989e+00,-1.081359027564097464e-01
-7.151221271508277910e-01,1.099125027557142698e+00,-1.226299971340459594e-01
-7.022209573163823437e-01,1.073212570233460950e+00,-1.317545253952175643e-01
-6.871561472961130734e-01,1.047082697344062119e+00,-1.351359282808256013e-01
-6.705444521822900850e-01,1.021805168955167487e+00,-1.326357707594353341e-01
-6.530659567246642760e-01,9.984148500490022116e-01,-1.243564095737284825e-01
-6.354362325809072010e-01,9.778693430298303069e-01,-1.106368027434315726e-01
-6.183770427288687310e-01,9.610097833690112168e-01,-9.203863258416226933e-02
-6.025867924054609803e-01,9.485264034199730743e-01,-6.932331036743331898e-02
-5.887119363141999351e-01,9.409302742245644335e-01,-4.342080405373457963e-02
-5.773205126936882259e-01,9.385323822045524844e-01,-1.539156529496416015e-02
-5.688788877653850884e-01,9.414308973409768466e-01,1.361688558079812705e-02
-5.637326626457039858e-01,9.495071540835914314e-01,4.241693918635038030e-02
-5.620925243957004547e-01,9.624305095324334758e-01,6.982951794321860806e-02
-5.640256204680377250e-01,9.796718799969977853e-01,9.473234765625543341e-02
-5.694528096823850971e-01,1.000525401744690068e+00,1.161059035510508680e-01
-5.781519022746396397e-01,1.024137329144974906e+00,1.330751497379857873e-01
-6.427419500865759749e-01,9.793752976955624190e-01,1.565744252260111713e-01
-6.564306383766347341e-01,1.003341657352806005e+00,1.691992444847174593e-01
-6.726996373264175766e-01,1.027962646562526450e+00,1.762900277379655101e-01
-6.908828922073939616e-01,1.052230279133634427e+00,1.775564774862357087e-01
-7.102359784282951116e-01,1.075151035337343020e+00,1.729467451280323476e-01
-7.299665783653462858e-01,1.095786536721597759e+00,1.626495536477207959e-01
-7.492669189388775353e-01,1.113291963435159015e+00,1.470864712743736591e-01
-7.673468419381147543e-01,1.126950641251573071e+00,1.268946524289402966e-01
-7.834661531911683019e-01,1.136203382296209430e+00,1.029007525473907558e-01
-7.969649262013996927e-01,1.140671378263550251e+00,7.608708471003916562e-02
-8.072905196157315055e-01,1.140171708873724654e+00,4.755140362861890596e-02
-8.140202024265752456e-01,1.134724830650261307e+00,1.846196343940351148e-02
-8.168784606289508643e-01,1.124553739427609500e+00,-9.990310758396458990e-03
-8.157482767962219716e-01,1.110074840875477253e+00,-3.664057951612281067e-02
-8.106759207872914486e-01,1.091880902801787068e+00,-6.039777769956058279e-02
-8.018690554531415771e-01,1.070716787168972894e+00,-8.028928282372763126e-02
-7.896882348953150332e-01,1.047448955357719980e+00,-9.550073433168787540e-02
-7.746321433386349486e-01,1.023029995136235382e+00,-1.054093736114357915e-01
-7.573171789404473664e-01,9.984596216050924955e-01,-1.096095398066428417e-01
-7.384522183776361937e-01,9.747437487435528514e-01,-1.079292776197786075e-01
-7.188095953521813630e-01,9.528533071730642678e-01,-1.004373771821957806e-01
-6.991934811586555387e-01,9.336844941435405998e-01,-8.744055777806994390e-02
-6.804069618169371614e-01,9.180220831126502112e-01,-6.947091072086741814e-02
-6.632191596361982633e-01,9.065072950282530018e-01,-4.726411547245395334e-02
-6.483337452571995563e-01,8.996115466674543537e-01,-2.172932083948726778e-02
-6.363601292935789910e-01,8.976171507783612391e-01,6.088075685548009069e-03
-6.277885129897273764e-01,9.006057581630049214e-01,3.504922662051163790e-02
-6.229698193242465543e-01,9.084550148839115602e-01,6.396845904333546551e-02
-6.221013261819738904e-01,9.208435714486785661e-01,9.166181618076352233e-02
-6.252185897741974197e-01,9.372642388959510074e-01,1.169955287377582309e-01
-6.321939889631887910e-01,9.570447531710909450e-01,1.389324315456513526e-01
-6.427419500865759749e-01,9.793752976955624190e-01,1.565744252260111435e-01
-7.026345886972545918e-01,9.284305288837212400e-01,1.797940337530901378e-01
-7.182530264188258240e-01,9.507548950619956196e-01,1.931671306836245383e-01
-7.365825665688809920e-01,9.736226021311724654e-01,2.010569072915888156e-01
-7.568727956200473894e-01,9.960974434769981345e-01,2.031403551956435238e-01
-7.782930292109696557e-01,1.017259296454092965e+00,1.993321777938018846e-01
-7.999663204616647150e-01,1.036241792315162336e+00,1.897882823163371813e-01
-8.210053622818256347e-01,1.052267785449305881e+00,1.748993969654569214e-01
-8.405488138273524701e-01,1.064681169814637007e+00,1.552750744567958918e-01
-8.577965638957133487e-01,1.072973739996728737e+00,1.317187368596186015e-01
-8.720424875725849567e-01,1.076805997197990195e+00,1.051947834029057505e-01
-8.827033550688113683e-01,1.076021048358331234e+00,7.678910785760723057e-02
-8.893427092164981618e-01,1.070651029375474517e+00,4.766464191807284756e-02
-8.916887340767480907e-01,1.060915789457528957e+00,1.901374464184652641e-02
-8.896453831161362791e-01,1.047213890470577224e+00,-7.990612870245529520e-03
-8.832963113630738494e-01,1.030106289769049832e+00,-3.224286904878099352e-02
-8.729014505611152330e-01,1.010293374535725208e+00,-5.275013367629153432e-02
-8.588863675328370917e-01,9.885862878481743721e-01,-6.867283692942555140e-02
-8.418248414241192856e-01,9.658737203858598352e-01,-7.935910146616154126e-02
-8.224153731184971061e-01,9.430855273293022867e-01,-8.437143036078278979e-02
-8.014525885289183194e-01,9.211546599797361123e-01,-8.350461827941987880e-02
-7.797947065195027783e-01,9.009789706232200768e-01,-7.679415261052982555e-02
-7.583284033244093170e-01,8.833844543525528614e-01,-6.451476060704328108e-02
-7.379325119186282977e-01,8.690914327311234366e-01,-4.716916202035031230e-02
-7.194420424927281399e-01,8.586850637434717548e-01,-2.546748769461138623e-02
-7.036139970375429042e-01,8.525913853586487567e-01,-2.982067265607166173e-04
-6.910963775937243314e-01,8.510598734857058867e-01,2.730824756370475032e-02
-6.824016569720601222e-01,8.541532284006665421e-01,5.622166369392086333e-02
-6.778857980563877117e-01,8.617448077898584025e-01,8.525832301053450080e-02
-6.777336806413053472e-01,8.735238115011152438e-01,1.132294612694608182e-01
-6.819515324316597349e-01,8.890080057385238987e-01,1.389899367839102506e-01
-6.903666740795770806e-01,9.075634657706895814e-01,1.614851126595938102e-01
-7.026345886972545918e-01,9.284305288837212400e-01,1.797940337530901100e-01
-7.572645406735851736e-01,8.717281723855089259e-01,2.025296902523044951e-01
-7.746502755365276549e-01,8.922180609030284648e-01,2.166383165303242264e-01
-7.948670668122952421e-01,9.131267764991205516e-01,2.253135459953892195e-01
-8.170872366906857254e-01,9.335983139006113207e-01,2.282002137339036452e-01
-8.404010888061187456e-01,9.527945659609801110e-01,2.251801392294835447e-01
-8.638541513137272254e-01,9.699296358654118100e-01,2.163769646871835373e-01
-8.864862530788316652e-01,9.843020118387336703e-01,2.021510931070946426e-01
-9.073708331960098628e-01,9.953232871199152454e-01,1.830849333431744941e-01
-9.256528745014304116e-01,1.002542249404000385e+00,1.599590562163367147e-01
-9.405839080760007853e-01,1.005663353526886405e+00,1.337202378533292046e-01
-9.515526556508562273e-01,1.004558821119068357e+00,1.054426985608636624e-01
-9.581100554115088430e-01,9.992738718670990394e-01,7.628412412004355325e-02
-9.599876466412958775e-01,9.900248722143095703e-01,4.743826999446301013e-02
-9.571085605346622005e-01,9.771904772931963024e-01,2.008608884126723837e-02
-9.495906672150917771e-01,9.612961287398070764e-01,-4.652617829387056814e-03
-9.377417501184025506e-01,9.429925430514242146e-01,-2.576504445972871427e-02
-9.220469053027218198e-01,9.230290711767101808e-01,-4.238684582290676295e-02
-9.031486815588695150e-01,9.022230199998241273e-01,-5.383752341813392850e-02
-8.818207743873658355e-01,8.814261917005548064e-01,-5.964828515926408337e-02
-8.589363508137348724e-01,8.614900108729981465e-01,-5.958123777787992237e-02
-8.354323018278866364e-01,8.432306671026359446e-01,-5.363912620165299516e-02
-8.122708859569103268e-01,8.273957000688085817e-01,-4.206522117668252958e-02
-7.904003342879145633e-01,8.146333951824107356e-01,-2.533335973456690704e-02
-7.707160297759086953e-01,8.054662427049985585e-01,-4.128546248656536632e-03
-7.540238501604217269e-01,8.002695469360920910e-01,2.068109172547555330e-02
-7.410071752361596653e-01,7.992560612110559681e-01,4.807984469415973322e-02
-7.321989092039160596e-01,8.024672777545529545e-01,7.694600449164128164e-02
-7.279596635099783164e-01,8.097717289839903021e-01,1.060977871441815684e-01
-7.284629933711463945e-01,8.208703698077981503e-01,1.343417152447965446e-01
-7.336882924037655407e-01,8.353088205666149291e-01,1.605214790585264006e-01
-7.434216362514934895e-01,8.524959693899287760e-01,1.835652759788453936e-01
-7.572645406735850626e-01,8.717281723855089259e-01,2.025296902523044951e-01
-8.061412464337818218e-01,8.097701320749264298e-01,2.245786714250603278e-01
-8.251134786121508968e-01,8.282484061405993581e-01,2.394029905447259687e-01
-8.470242552089921606e-01,8.470092168395613186e-01,2.488424023102318028e-01
-8.709765464560241810e-01,8.652844943774952169e-01,2.525104560948142063e-01
-8.959897427353185062e-01,8.823260467447442412e-01,2.502569813455544079e-01
-9.210398008522753255e-01,8.974361907850955111e-01,2.421742355834590743e-01
-9.451011684843293459e-01,9.099963154261708764e-01,2.285931273697107413e-01
-9.671887704135336827e-01,9.194922076894124219e-01,2.100696688702926862e-01
-9.863983376217236865e-01,9.255351046298432305e-01,1.873622126525850695e-01
-1.001943428170367856e+00,9.278776093367118172e-01,1.614004046421536887e-01
-1.013187624225933892e+00,9.264238193920864006e-01,1.332471243093284186e-01
-1.019670587080770074e+00,9.212332531271129055e-01,1.040549702588052239e-01
-1.021126903473883685e+00,9.125184129345450534e-01,7.501907270734493871e-02
-1.017496951641030822e+00,9.006360853958167434e-01,4.732816471227746513e-02
-1.008929342236749571e+00,8.860727343964778235e-01,2.211591530046436160e-02
-9.957748341967024297e-01,8.694245852375621642e-01,4.145169251388164389e-04
-9.785719746256382745e-01,8.513732151017104899e-01,-1.688757261440730628e-02
-9.580250506156464674e-01,8.326576492032302657e-01,-2.908200373951579099e-02
-9.349752556498572842e-01,8.140441050089909369e-01,-3.566953500713986036e-02
-9.103662510424059828e-01,7.962946232053034201e-01,-3.638047211318097551e-02
-8.852055323333566372e-01,7.801358696626859990e-01,-3.118570920898618148e-02
-8.605231823029171334e-01,7.662293856497465194e-01,-2.029792049821201039e-02
-8.373296992613862288e-01,7.551445042559170595e-01,-4.162853329938334679e-03
-8.165746271296030478e-01,7.473350418278794649e-01,1.655892075017577347e-02
-7.991076809992599950e-01,7.431207186750103943e-01,4.101904987658537560e-02
-7.856439596972124573e-01,7.426740696823501686e-01,6.821613348891211737e-02
-7.767346695554863123e-01,7.460133807121372973e-01,9.703671978854572222e-02
-7.727445579592809866e-01,7.530019399784600997e-01,1.263008905861040809e-01
-7.738369805461633444e-01,7.633536350438343554e-01,1.548105672907410801e-01
-7.799672134070720908e-01,7.766446662960110325e-01,1.813985603884241127e-01
-7.908842840884100500e-01,7.923308973538963906e-01,2.049763543177774983e-01
-8.061412464337818218e-01,8.097701320749264298e-01,2.245786714250603000e-01
-8.487847520422302505e-01,7.431159263114219815e-01,2.457233722636426587e-01
-8.691534321796468010e-01,7.594100751623258372e-01,2.612401446832519625e-01
-8.925546722820386636e-01,7.758397149049518493e-01,2.714186290122410083e-01
-9.180304228300851799e-01,7.917322141578360117e-01,2.758421169062598710e-01
-9.445377036030755402e-01,8.064369321342760299e-01,2.743295102511896788e-01
-9.709913034116903763e-01,8.193518559525853062e-01,2.669427353412127113e-01
-9.963082087715989799e-01,8.299482471142032303e-01,2.539842076090526590e-01
-1.019451942602756622e+00,8.377922881199501015e-01,2.359844507026264693e-01
-1.039474997722842353e+00,8.425628430094149746e-01,2.136803767845648627e-01
-1.055557627902630857e+00,8.440646047049066292e-01,1.879851172616907595e-01
-1.067041408372932931e+00,8.422360909061621381e-01,1.599506390779353304e-01
-1.073456191812007354e+00,8.371521611829435550e-01,1.307246770640529410e-01
-1.074539356232153242e+00,8.290209522154555755e-01,1.015037455387966248e-01
-1.070246556754743672e+00,8.181753566542038225e-01,7.348415287212403668e-02
-1.060753541094766161e+00,8.050593944557691284e-01,4.781302447997111404e-02
-1.046448954428722100e+00,7.902100346536157227e-01,2.554133937494208750e-02
-1.027918428215436997e+00,7.742352117827694391e-01,7.580902962048760574e-03
-1.005920604375327043e+00,7.577889369685245624e-01,-5.332982381703377239e-03
-9.813560764010410553e-01,7.415445226341317309e-01,-1.267162067302393669e-02
-9.552305189540557517e-01,7.261670170110784417e-01,-1.413456719801295391e-02
-9.286135154258731150e-01,7.122859769863526536e-01,-9.661928754048393353e-03
-9.025947690683024938e-01,7.004696939695198576e-01,5.631843154610682856e-04
-8.782394904142953873e-01,6.912019279756432821e-01,1.612215468005000207e-02
-8.565447874335706535e-01,6.848621024334284879e-01,3.637799626489071625e-02
-8.383988438151785960e-01,6.817097705454717715e-01,6.050143253553948164e-02
-8.245445566229139267e-01,6.818739891496492511e-01,8.750484717669254620e-02
-8.155491220022377252e-01,6.853480351170109230e-01,1.162827172201746084e-01
-8.117808141034390523e-01,6.919896805974702358e-01,1.456568732851493686e-01
-8.133939078946521573e-01,7.015270158446966775e-01,1.744247339709999456e-01
-8.203223631265343929e-01,7.135695812330795640e-01,2.014085396811675088e-01
-8.322825280278333127e-01,7.276243527206772699e-01,2.255035702394152519e-01
-8.487847520422302505e-01,7.431159263114219815e-01,2.457233722636426587e-01
-8.847456554981105725e-01,6.723148103457173841e-01,2.657435488599277917e-01
-9.063028933004975141e-01,6.862684343854830171e-01,2.819217600752000896e-01
-9.309717414087831378e-01,7.002018822511536511e-01,2.928056751439018779e-01
-9.577422542829479024e-01,7.135447169499981035e-01,2.979497053043146382e-01
-9.855184439805216856e-01,7.257506812617292580e-01,2.971432533572733181e-01
-1.013163150031722193e+00,7.363200615732847787e-01,2.904193355402436838e-01
-1.039544594922698018e+00,7.448201462128603012e-01,2.780532298386819701e-01
-1.063582719199924753e+00,7.509029407165940251e-01,2.605512060729656132e-01
-1.084293399231132993e+00,7.543194147628049517e-01,2.386297991524636564e-01
-1.100828737342443242e+00,7.549296975026227319e-01,2.131864740521573764e-01
-1.112511774848758961e+00,7.527088038889739874e-01,1.852628834911169975e-01
-1.118864206821872820e+00,7.477476575673452919e-01,1.560022225477941948e-01
-1.119625963950426462e+00,7.402493684510542682e-01,1.266024261191902311e-01
-1.114765859808074522e+00,7.305209173775332188e-01,9.826712532542158929e-02
-1.104482867629442477e+00,7.189605882767767797e-01,7.215637071024161298e-02
-1.089197974322524187e+00,7.060416623804507408e-01,4.933913963547913173e-02
-1.069536945215203483e+00,6.922930420326600665e-01,3.074957222224580788e-02
-1.046304705149206704e+00,6.782775973658377033e-01,1.714872754462079540e-02
-1.020452384762508213e+00,6.645691223313882068e-01,9.093425781737496383e-03
-9.930383810892580154e-01,6.517288435078991693e-01,6.913451934226100271e-03
-9.651850266608477114e-01,6.402824434190730329e-01,1.069805438753976268e-02
-9.380326410802066750e-01,6.306985390294412852e-01,2.029229107256791398e-02
-9.126928462032761757e-01,6.233694965107763331e-01,3.530337281215058243e-02
-8.902030562096171495e-01,6.185953677249182991e-01,5.511674415614203904e-02
-8.714840057440080834e-01,6.165716060652965957e-01,7.892124335374696431e-02
-8.573020549319061434e-01,6.173810645720378965e-01,1.057423114109055373e-01
-8.482378145058673269e-01,6.209906039187689242e-01,1.344818906500159783e-01
-8.446623755339364159e-01,6.272524491405315761e-01,1.639633793202719680e-01
-8.467221169077208121e-01,6.359102395582114653e-01,1.929798018115853331e-01
-8.543327125733681804e-01,6.466095242148616196e-01,2.203432223778768462e-01
-8.671825838501201478e-01,6.589122731395260502e-01,2.449333793660971592e-01
-8.847456554981105725e-01,6.723148103457173841e-01,2.657435488599277917e-01
-9.136821343831608155e-01,5.979932582398624907e-01,2.844200502634652294e-01
-9.362041276110940613e-01,6.094671470948282987e-01,3.012207151081244261e-01
-9.619006450240121797e-01,6.207591506466797471e-01,3.127676754124780745e-01
-9.897196681798176021e-01,6.314069729432498779e-01,3.185881972649557969e-01
-1.018522283001915163e+00,6.409746908886513328e-01,3.184439878170347571e-01
-1.047129307055324920e+00,6.490706009860400805e-01,3.123409510204568917e-01
-1.074369565414117433e+00,6.553632557248000312e-01,3.005289459187502898e-01
-1.099127838700489468e+00,6.595950330805707695e-01,2.834915573886306328e-01
-1.120390520297122938e+00,6.615926835911943860e-01,2.619262981183290706e-01
-1.137287113521193271e+00,6.612744232100519204e-01,2.367160523561821772e-01
-1.149125869860841309e+00,6.586532815545413921e-01,2.088929305257703206e-01
-1.155422109240526796e+00,6.538365684720104376e-01,1.795960145039086353e-01
-1.155918062880269215e+00,6.470214807619977249e-01,1.500247234747735803e-01
-1.150593426379785011e+00,6.384870289160898826e-01,1.213897095675770532e-01
-1.139666190983022576e+00,6.285826143956139145e-01,9.486329361615100653e-02
-1.123583718991020719e+00,6.177137250947574154e-01,7.153147020626833552e-02
-1.103004428696742423e+00,6.063253346185376591e-01,5.234944692970251723e-02
-1.078770838662799214e+00,5.948836850111302033e-01,3.810253807318816910e-02
-1.051875074912506758e+00,5.838571987517989781e-01,2.937401375925166591e-02
-1.023418253173919990e+00,5.736973014835583529e-01,2.652122079886368167e-02
-9.945653990725512594e-01,5.648199405943070683e-01,2.966095287101144784e-02
-9.664977518453772287e-01,5.575885562818967411e-01,3.866466897575834838e-02
-9.403644042676866377e-01,5.522992022697291725e-01,5.316375591788433108e-02
-9.172352586598482294e-01,5.491684253325351817e-01,7.256461937440834842e-02
-8.980572249606061375e-01,5.483243998459740309e-01,9.607298571591570135e-02
-8.836154541229306325e-01,5.498016803126344332e-01,1.227264196622692705e-01
-8.745011939417520752e-01,5.535397866966381697e-01,1.514337264960598506e-01
-8.710875832997679868e-01,5.593856804834153040e-01,1.810196257025467048e-01
-8.735143758177436046e-01,5.671000300944717409e-01,2.102728670920206988e-01
-8.816822183248569367e-01,5.763670091503334536e-01,2.379958195248869091e-01
-8.952567183891858571e-01,5.868072264396293480e-01,2.630535020712351235e-01
-9.136821343831608155e-01,5.979932582398624907e-01,2.844200502634651739e-01
-9.352526351827139539e-01,5.208139670578808555e-01,3.015093540793560845e-01
-9.585036883942252839e-01,5.296767912683912893e-01,3.188872571521323973e-01
-9.849754453881036653e-01,5.381923419817616905e-01,3.310480186966578975e-01
-1.013584149322720673e+00,5.460119915512519073e-01,3.374937757064709332e-01
-1.043158556497612688e+00,5.528156026047170712e-01,3.379606381322454722e-01
-1.072487887208194657e+00,5.583246345062381488e-01,3.324294925714162408e-01
-1.100371395209125414e+00,5.623135468424830252e-01,3.211267847731256730e-01
-1.125667526406673336e+00,5.646190330737284047e-01,3.045152489226475301e-01
-1.147340654217442024e+00,5.651467063227841869e-01,2.832749632494729886e-01
-1.164503478242373991e+00,5.638749635848350206e-01,2.582755075446893644e-01
-1.176453350449342405e+00,5.608558701569958949e-01,2.305403624621618353e-01
-1.182701041666143427e+00,5.562130280789309156e-01,2.012050081003103341e-01
-1.182990770680288906e+00,5.501365158508269015e-01,1.714704373134667559e-01
-1.177310675951898089e+00,5.428751065972623469e-01,1.425539869233082568e-01
-1.165893301226533785e+00,5.347260832662575902e-01,1.156394998063465379e-01
-1.149206075166937291e+00,5.260230678304533836e-01,9.182885822746798821e-02
-1.127932174768653928e+00,5.171223627643525278e-01,7.209687265054351424e-02
-1.102942556013566833e+00,5.083883639791496600e-01,5.725137288350223841e-02
-1.075260296829664952e+00,5.001786424113121576e-01,4.790013543107898841e-02
-1.046018712160464270e+00,4.928293050264287989e-01,4.442600105329969074e-02
-1.016414955918062191e+00,4.866412345605470868e-01,4.697120121978418106e-02
-9.876610093613165109e-01,4.818677713456075984e-01,5.543153513666818077e-02
-9.609340624407055609e-01,4.787043415264881085e-01,6.946063573934746493e-02
-9.373283195034420867e-01,4.772804562916705962e-01,8.848415000079899728e-02
-9.178102024389346303e-01,4.776544096699678610e-01,1.117232530119909306e-01
-9.031787852530855920e-01,4.798108919661347449e-01,1.382265331651664486e-01
-8.940330798846021221e-01,4.836616165415903446e-01,1.669089430568512777e-01
-8.907475125858447251e-01,4.890489342797745276e-01,1.965962214560398325e-01
-8.934565948680622816e-01,4.957522877595030852e-01,2.260729676969622237e-01
-9.020494165843170320e-01,5.034972409017053341e-01,2.541324003251444474e-01
-9.161741866039319060e-01,5.119667144147461713e-01,2.796257628719454047e-01
-9.352526351827139539e-01,5.208139670578808555e-01,3.015093540793560845e-01
-9.491845159289969969e-01,4.414440399534773629e-01,3.167617255963083855e-01
-9.729126900151561230e-01,4.475867848725998410e-01,3.346612530491007709e-01
-9.998905762655506679e-01,4.532168787079174921e-01,3.473753531157210972e-01
-1.029013696847322468e+00,4.581038247563045118e-01,3.543835090455986769e-01
-1.059089747782032465e+00,4.620475508723480562e-01,3.553988061115408437e-01
-1.088887412010627775e+00,4.648866004454891843e-01,3.503796779323756772e-01
-1.117186769658512491e+00,4.665047424526294062e-01,3.395316082054806728e-01
-1.142829241698549270e+00,4.668357299698727148e-01,3.232987181800690002e-01
-1.164765022312556297e+00,4.658660123293738020e-01,3.023455842810646166e-01
-1.182096058064851185e+00,4.636352898852717508e-01,2.775300302721814272e-01
-1.194112814315424931e+00,4.602348886765267322e-01,2.498680078502469037e-01
-1.200323323651470320e+00,4.558040215281550234e-01,2.204920034633647274e-01
-1.200473327091065467e+00,4.505240886618157581e-01,1.906046741826677993e-01
-1.194556683475768599e+00,4.446112511494226260e-01,1.614296107805198721e-01
-1.182815620890366404e+00,4.383075812534618643e-01,1.341612437805293490e-01
-1.165730819816621411e+00,4.318711519601238780e-01,1.099159433315728546e-01
-1.144001734017871641e+00,4.255654714409263240e-01,8.968631488273257069e-02
-1.118517954819777227e+00,4.196486949972110803e-01,7.430056179958444140e-02
-1.090322791136924652e+00,4.143630561517755995e-01,6.438857862110169972e-02
-1.060570556283281229e+00,4.099249495799882070e-01,6.035616310322008959e-02
-1.030479310249494240e+00,4.065160718863531919e-01,6.236840281103034345e-02
-1.001280992183758434e+00,4.042759829241742153e-01,7.034291641446657750e-02
-9.741709846583413990e-01,4.032963921987620659e-01,8.395322638963860495e-02
-9.502591745666245648e-01,4.036174042695121478e-01,1.026421250470193058e-01
-9.305245142232810851e-01,4.052258768645307097e-01,1.256444866797231663e-01
-9.157749429414916431e-01,4.080559589267900855e-01,1.520185918998445684e-01
-9.066143099025336660e-01,4.119917865641409271e-01,1.806846817408459538e-01
-9.034176524993509094e-01,4.168722265306699093e-01,2.104691631165142018e-01
-9.063158422616208743e-01,4.224974730407201062e-01,2.401526558598014727e-01
-9.151902269599533346e-01,4.286372278412315384e-01,2.685199142901352753e-01
-9.296774882421027231e-01,4.350401286492807662e-01,2.944095795143664152e-01
-9.491845159289968858e-01,4.414440399534773629e-01,3.167617255963083300e-01
-9.552980156173185300e-01,3.605967573698956041e-01,3.299181074929443680e-01
-9.792380690407136434e-01,3.639310234386730625e-01,3.482731927693828999e-01
-1.006440013578912884e+00,3.665912053856849040e-01,3.614690363948309115e-01
-1.035790198426429276e+00,3.684683950494624938e-01,3.689653989808167056e-01
-1.066087023567105385e+00,3.694857400646102685e-01,3.704553785622848872e-01
-1.096090133419956203e+00,3.696015902066751013e-01,3.658779752001048990e-01
-1.124571197142390178e+00,3.688112025572291008e-01,3.554205883257465226e-01
-1.150364196639228176e+00,3.671469356795071803e-01,3.395113445865367563e-01
-1.172413163480520382e+00,3.646769248550262854e-01,3.188015702904155591e-01
-1.189815410373141313e+00,3.615022926171547191e-01,2.941391260303613531e-01
-1.201858487284629629e+00,3.577530087827142657e-01,2.665336951720949088e-01
-1.208049349231227199e+00,3.535825694724091250e-01,2.371154472984540185e-01
-1.208134541597445377e+00,3.491617129616089721e-01,2.070887689338829496e-01
-1.202110576597801517e+00,3.446714296352945683e-01,1.776829558186121538e-01
-1.190224076067166514e+00,3.402955522204311745e-01,1.501018853966171185e-01
-1.172961674733869586e+00,3.362132296525269792e-01,1.254747299316124609e-01
-1.151030097336741331e+00,3.325915926971645398e-01,1.048097280619034316e-01
-1.125327225231271600e+00,3.295789115968206229e-01,8.895290739207054043e-02
-1.096905337021417237e+00,3.272985258697184152e-01,7.855344802343403043e-02
-1.066928028149920049e+00,3.258437947754593833e-01,7.403710504443047902e-02
-1.036622573164163175e+00,3.252742751759660766e-01,7.558877806726807536e-02
-1.007229680952003381e+00,3.256132832705575519e-01,8.314494141607803313e-02
-9.799526999741243749e-01,3.268469400280094028e-01,9.639624487554854237e-02
-9.559083530366700998e-01,3.289247393957230314e-01,1.148001785250868240e-01
-9.360810185283506835e-01,3.317616160234532763e-01,1.376032831587103988e-01
-9.212824298535493561e-01,3.352414278487418908e-01,1.638719969934677168e-01
-9.121184429713730113e-01,3.392217109666011421e-01,1.925308757985209340e-01
-9.089642325815007196e-01,3.435395121185224054e-01,2.224066217083159880e-01
-9.119489324278976516e-01,3.480180600180258765e-01,2.522761181750546866e-01
-9.209503485481651541e-01,3.524740023878989992e-01,2.809165045038719555e-01
-9.355999619087179697e-01,3.567249124239680325e-01,3.071552399133635203e-01
-9.552980156173185300e-01,3.605967573698956041e-01,3.299181074929443125e-01
-9.534547855540076444e-01,2.790055059358423906e-01,3.406940790130955077e-01
-9.773297772109078574e-01,2.794648141164496336e-01,3.594271100816630593e-01
-1.004463192459949861e+00,2.790968148282030881e-01,3.730210424444728168e-01
-1.033744186092797168e+00,2.779165740052016997e-01,3.809193389133720964e-01
-1.063973990789750079e+00,2.759724108454114644e-01,3.827986423029137719e-01
-1.093914994794664253e+00,2.733439196170237007e-01,3.785820137115211703e-01
-1.122341409885659891e+00,2.701387110597632257e-01,3.684420824091587665e-01
-1.148089455288949567e+00,2.664880067885602721e-01,3.527939783747366387e-01
-1.170105003000455834e+00,2.625412670652174096e-01,3.322783368259981662e-01
-1.187486733910152470e+00,2.584600718777306239e-01,3.077350705384342411e-01
-1.199523037912330059e+00,2.544115058365956084e-01,2.801689837175689868e-01
-1.205721147306933805e+00,2.505613177112227530e-01,2.507086351967264259e-01
-1.205827310767101368e+00,2.470671346558427073e-01,2.205601351057938087e-01
-1.199837181948300024e+00,2.440720089352918509e-01,1.909577665807921931e-01
-1.187995997428181738e+00,2.416985613484818329e-01,1.631134540672657951e-01
-1.170788536692280113e+00,2.400439611184849165e-01,1.381671469910862315e-01
-1.148919275204913992e+00,2.391759477731244532e-01,1.171401500950188523e-01
-1.123283543100905169e+00,2.391300578807467048e-01,1.008933111025559215e-01
-1.094930870264662293e+00,2.399081701789374799e-01,9.009177751097141584e-02
-1.065022018453398944e+00,2.414784286587845497e-01,8.517776537463106479e-02
-1.034781459574408924e+00,2.437765467536254227e-01,8.635245492776857934e-02
-1.005447245661313049e+00,2.467084392386398872e-01,9.356775424205837632e-02
-9.782203228783370452e-01,2.501540740910087046e-01,1.065282681158117306e-01
-9.542153646432437464e-01,2.539723866150310205e-01,1.247033915882414662e-01
-9.344151367666405639e-01,2.580070546473406945e-01,1.473490329688999512e-01
-9.196302629042237831e-01,2.620928984046415611e-01,1.735380770389131633e-01
-9.104660375290695162e-01,2.660626429634435075e-01,2.021983412569727245e-01
-9.072976451047873869e-01,2.697537665150839814e-01,2.321564710385532748e-01
-9.102547999894977648e-01,2.730151540276702371e-01,2.621859770304660331e-01
-9.192164359147697583e-01,2.757132839132401814e-01,2.910574477290850393e-01
-9.338156624528750616e-01,2.777376944172618156e-01,3.175888817317550350e-01
-9.534547855540075334e-01,2.790055059358423906e-01,3.406940790130955077e-01
-9.436163996615209992e-01,1.974070473805693282e-01,3.487942117019616206e-01
-9.671407505226036205e-01,1.949564301992361137e-01,3.678139918172252942e-01
-9.939066443467007295e-01,1.915384152589019728e-01,3.817084779647070825e-01
-1.022818282295794523e+00,1.872929364928239693e-01,3.899088282489963087e-01
-1.052692018515276162e+00,1.823938043005078335e-01,3.920793193659538600e-01
-1.082304818734304952e+00,1.770415897295306018e-01,3.881310911542296127e-01
-1.110444331432557608e+00,1.714554130732866277e-01,3.782257845407087649e-01
-1.135958521653915199e+00,1.658639730604303808e-01,3.627689239419729095e-01
-1.157802835452925505e+00,1.604961839020545289e-01,3.423933150470382936e-01
-1.175082964056058943e+00,1.555718035169914304e-01,3.179331376780959451e-01
-1.187091456967974468e+00,1.512924366167956725e-01,2.903897943705791018e-01
-1.193336685077920123e+00,1.478332809851655438e-01,2.608909128357030927e-01
-1.193562968013291758e+00,1.453359548600934859e-01,2.306441807494770124e-01
-1.187761041724127997e+00,1.439026990665633610e-01,2.008879028773511155e-01
-1.176168437754404605e+00,1.435921912651626775e-01,1.728403047316244556e-01
-1.159259758672715357e+00,1.444171436817638654e-01,1.476496582758358711e-01
-1.137727247787349905e+00,1.463437826675035025e-01,1.263472715356607212e-01
-1.112452448623917789e+00,1.492932313959349500e-01,1.098052667271658955e-01
-1.084470114429832543e+00,1.531447390895706862e-01,9.870087547081418666e-02
-1.054925845254784722e+00,1.577406245709003507e-01,9.348871284935120207e-02
-1.025029186950105364e+00,1.628927317483246928e-01,9.438216541290284090e-02
-9.960041122194958074e-01,1.683901327486530541e-01,1.013446551085409597e-01
-9.690389110327288780e-01,1.740077633290147974e-01,1.140911367900683537e-01
-9.452375418946673546e-01,1.795156370334063667e-01,1.320997679997953367e-01
-9.255744356543657014e-01,1.846882608652222757e-01,1.546332732600713133e-01
-9.108546021916187341e-01,1.893138669970304833e-01,1.807691282179662018e-01
-9.016806732178982431e-01,1.932030825703091315e-01,2.094373279006711275e-01
-8.984282304632792426e-01,1.961966826425247390e-01,2.394641928448058010e-01
-9.012304293162816116e-01,1.981721088749877624e-01,2.696204196715504819e-01
-9.099725474266191494e-01,1.990484870856384092e-01,2.986714089114120285e-01
-9.242966814516992979e-01,1.987899382475626087e-01,3.254278096515641483e-01
-9.436163996615209992e-01,1.974070473805693282e-01,3.487942117019615651e-01
-9.258344464465659840e-01,1.165505426683843548e-01,3.539033425282188117e-01
-9.487187301919580706e-01,1.111867464924085891e-01,3.731046938265185631e-01
-9.748177180469398406e-01,1.047333991423908262e-01,3.871883646748193741e-01
-1.003062914382227389e+00,9.745470141707690548e-02,3.955777679338309261e-01
-1.032297957541184585e+00,8.964864405655187385e-02,3.979294404484160497e-01
-1.061325961421911712e+00,8.163480796632838210e-02,3.941471044695180614e-01
-1.088958516134886256e+00,7.374128053752597445e-02,3.843856092765184918e-01
-1.114064341643471900e+00,6.629122371052989515e-02,3.690445916295458373e-01
-1.135615602501537813e+00,5.958964368718186466e-02,3.487521145935600919e-01
-1.152729987557388869e+00,5.391090394103999206e-02,3.243389545626794157e-01
-1.164706831875984117e+00,4.948749274453488611e-02,2.968045891769924838e-01
-1.171055802043700522e+00,4.650050507178024595e-02,2.672762785905399285e-01
-1.171516970475899644e+00,4.507222854905477971e-02,2.369629153081603545e-01
-1.166071456882782131e+00,4.526113698501423727e-02,2.071055319843032594e-01
-1.154942201230670706e+00,4.705949644609462579e-02,1.789264934003409468e-01
-1.138584836553595103e+00,5.039368188466106929e-02,1.535794527067972925e-01
-1.117669035283343604e+00,5.512719135710848761e-02,1.321021207278167409e-01
-1.093051092781422540e+00,6.106623442947115010e-02,1.153737819580981927e-01
-1.065738870506345748e+00,6.796766598055858921e-02,1.040792965523703040e-01
-1.036850534047104810e+00,7.554894059178550447e-02,9.868106207018914611e-02
-1.007568775292576602e+00,8.349967998980634132e-02,9.940008286552090566e-02
-9.790923928866321901e-01,9.149437996949388863e-02,1.062069221425233356e-01
-9.525872132708035345e-01,9.920573657434239578e-02,1.188229071014262894e-01
-9.291383616127890654e-01,1.063180459589034149e-01,1.367315378356970257e-01
-9.097058366545911490e-01,1.125401293413121617e-01,1.591996328988997123e-01
-8.950852082512229524e-01,1.176172538968290882e-01,1.853073458392576756e-01
-8.858750466473693796e-01,1.213415615496144795e-01,2.139858238214667752e-01
-8.824524169412402141e-01,1.235605787067757672e-01,2.440609665873572087e-01
-8.849574419951462545e-01,1.241834585451753181e-01,2.743014942584142135e-01
-8.932875657890527732e-01,1.231847002910437527e-01,3.034693560786735356e-01
-9.071017520760890074e-01,1.206051932246543779e-01,3.303704163581355768e-01
-9.258344464465659840e-01,1.165505426683843548e-01,3.539033425282187562e-01
-9.002520910633903251e-01,3.717512615811586346e-02,3.556849492883061847e-01
-9.222098396883170457e-01,2.893250472679611413e-02,3.749481035186554290e-01
-9.473502539862485028e-01,1.950078591067019168e-02,3.890957143678287489e-01
-9.746440824419542182e-01,9.266105386250210810e-03,3.975485769853871476e-01
-1.002973912511568644e+00,-1.352527823270168903e-03,3.999606301825986421e-01
-1.031179917623428643e+00,-1.192038562665676503e-02,3.962331242181652557e-01
-1.058107340614189207e+00,-2.200481868376835334e-02,3.865186636242341489e-01
-1.082653769622770934e+00,-3.119296912037622035e-02,3.712149595589215867e-01
-1.103814270961479549e+00,-3.910867297804380277e-02,3.509485474647702774e-01
-1.120722531219255025e+00,-4.542786041078247794e-02,3.265491366341171653e-01
-1.132686324234507769e+00,-4.989182314262292223e-02,2.990156418131781346e-01
-1.139215850915507477e+00,-5.231780601483024262e-02,2.694752875149707960e-01
-1.140043791672746831e+00,-5.260648900357538932e-02,2.391374593153079986e-01
-1.135136250514346079e+00,-5.074605339338030680e-02,2.092441914652273804e-01
-1.124694142751941239e+00,-4.681266563671830638e-02,1.810193178628210220e-01
-1.109144969504221034e+00,-4.096735909050056718e-02,1.556183681496533522e-01
-1.089125315750897549e+00,-3.344944129152358642e-02,1.340812601914662672e-01
-1.065454788468840785e+00,-2.456669667779532579e-02,1.172897257185707420e-01
-1.039102461826147517e+00,-1.468278585747999354e-02,1.059312121252085903e-01
-1.011147203171836262e+00,-4.202357300871511180e-03,1.004707382924607539e-01
-9.827335040798177435e-01,6.445519015524525490e-03,1.011318566606184133e-01
-9.550246247293875390e-01,1.682491778424246784e-02,1.078875009660110185e-01
-9.291549698968071258e-01,2.651090520016346347e-02,1.204610943370212905e-01
-9.061836462904777623e-01,3.510693580042448941e-02,1.383378723837056234e-01
-8.870511025978583541e-01,4.226108708226018057e-02,1.607859577124005068e-01
-8.725406274057033729e-01,4.768046725161507321e-02,1.868863230722111468e-01
-8.632462812732879520e-01,5.114320624760565481e-02,2.155704164386441635e-01
-8.595485758233125662e-01,5.250753912888151548e-02,2.456639076590399207e-01
-8.615988955513610437e-01,5.171760994698092195e-02,2.759347656670003701e-01
-8.693133001268649185e-01,4.880575849542360262e-02,3.051436979790047577e-01
-8.823759609200987342e-01,4.389119631476433997e-02,3.320948874742958856e-01
-9.002520910633903251e-01,3.717512615811587040e-02,3.556849492883061292e-01
-8.671246384165255394e-01,-4.001265469354956666e-02,3.537879912470330290e-01
-8.878846369574407982e-01,-5.105167434234294394e-02,3.729795297318052594e-01
-9.117961285431271934e-01,-6.335257039987259031e-02,3.870536609649311011e-01
-9.378801738985856895e-01,-7.641174273624934399e-02,3.954341883600860363e-01
-9.650688891422185556e-01,-8.969454730163431422e-02,3.977780121410424696e-01
-9.922491650774132310e-01,-1.026571845164574032e-01,3.939891758868201421e-01
-1.018308238013835965e+00,-1.147689624900985195e-01,3.842227949988366031e-01
-1.042179246443658336e+00,-1.255340236092433448e-01,3.688787062581466714e-01
-1.062884908477039314e+00,-1.345116450068330749e-01,3.485850984606482239e-01
-1.079577531877520258e+00,-1.413342818080247087e-01,3.241727942939685025e-01
-1.091573718681785321e+00,-1.457226144605516249e-01,2.966412363590151813e-01
-1.098382343592575916e+00,-1.474969841100122192e-01,2.671175698724661540e-01
-1.099724660706064894e+00,-1.465847478544779758e-01,2.368104972091641391e-01
-1.095545715401910147e+00,-1.430232527534336939e-01,2.069607934848745334e-01
-1.086016594191869356e+00,-1.369583068347740018e-01,1.787905090772611005e-01
-1.071527420417905718e+00,-1.286382096970097033e-01,1.534529387398393951e-01
-1.052671382556730650e+00,-1.184035870945308322e-01,1.319854055792615277e-01
-1.030220449013871331e+00,-1.066734456791999103e-01,1.152667929254495849e-01
-1.005093763646445204e+00,-9.392801881879371539e-02,1.039815627448042734e-01
-9.783200159056544276e-01,-8.068910578650134724e-02,9.859173368687940142e-02
-9.509953261697891014e-01,-6.749870923737104345e-02,9.931796598658451658e-02
-9.242383704471501815e-01,-5.489684555593003779e-02,1.061305276082409044e-01
-8.991445816488313758e-01,-4.339943652195264040e-02,1.187505114786160665e-01
-8.767413024366307317e-01,-3.347718741217804023e-02,1.366612539752716238e-01
-8.579457256937693677e-01,-2.553631627097521090e-02,1.591294871959715862e-01
-8.435273445404865011e-01,-1.990192329587773395e-02,1.852353590327552868e-01
-8.340764491952854520e-01,-1.680468119729916499e-02,2.139100920253150240e-01
-8.299799604240316597e-01,-1.637139143066579372e-02,2.439797392357973549e-01
-8.314055889583372716e-01,-1.861979292993298785e-02,2.742132457743716167e-01
-8.382949693985036754e-01,-2.345783587354477451e-02,3.033728483310623725e-01
-8.503660496998426410e-01,-3.068745021494379693e-02,3.302647493510908472e-01
-8.671246384165254284e-01,-4.001265469354955973e-02,3.537879912470329735e-01
-8.268537619868812083e-01,-1.143505485416203005e-01,3.478655355819275097e-01
-8.461716644466387161e-01,-1.280576088687720437e-01,3.668415147498350071e-01
-8.686176878456352002e-01,-1.430697866404785634e-01,3.806965930881243132e-01
-8.932728893486197030e-01,-1.587724815349101370e-01,3.888635420617233551e-01
-9.191278821091969364e-01,-1.745228233781004057e-01,3.910080058200771091e-01
-9.451241596859162319e-01,-1.896759913244026596e-01,3.870421897649548582e-01
-9.701974314203537508e-01,-2.036116128976735440e-01,3.771284548716168916e-01
-9.933211946217174182e-01,-2.157591621133374271e-01,3.616726706114108958e-01
-1.013548759707616487e+00,-2.256213168792285395e-01,3.413075986079271429e-01
-1.030052007786796064e+00,-2.327943194204773469e-01,3.168669873017827543e-01
-1.042155293943845651e+00,-2.369845061702531286e-01,2.893514381915010536e-01
-1.049363108221419649e+00,-2.380203303906939793e-01,2.598874410905967491e-01
-1.051380361856111723e+00,-2.358593853165109056e-01,2.296812555022536007e-01
-1.048124468247100927e+00,-2.305901402929411981e-01,1.999695262135344209e-01
-1.039728724061290910e+00,-2.224283188303598502e-01,1.719686549124993524e-01
-1.026536852052106985e+00,-2.117080668584181979e-01,1.468250005601754449e-01
-1.009088929009584357e+00,-1.988682727524236638e-01,1.255679473200007612e-01
-9.880992749531277708e-01,-1.844345991916874483e-01,1.090677614492257808e-01
-9.644272087859880882e-01,-1.689979624676707093e-01,9.799996249608955434e-02
-9.390418676783977014e-01,-1.531903403015824616e-01,9.281766745014460862e-02
-9.129825304779523032e-01,-1.376588986022191097e-01,9.373304007946581251e-02
-8.873160695114804541e-01,-1.230394964176195483e-01,1.007086049210569878e-01
-8.630932727066302768e-01,-1.099306537909280623e-01,1.134587815307093461e-01
-8.413058242106503659e-01,-9.886904827950503127e-02,1.314615761799415306e-01
-8.228457047248826095e-01,-9.030754331267155932e-02,1.539799523405754600e-01
-8.084686737100461595e-01,-8.459664790970393422e-02,1.800920050467979261e-01
-7.987633285051178866e-01,-8.197016679940136163e-02,2.087287037927802458e-01
-7.941270070831173422e-01,-8.253562842701805957e-02,2.387176587671926975e-01
-7.947495209878056022e-01,-8.626988272708049910e-02,2.688311186298302236e-01
-8.006053844267826403e-01,-9.302004888978784858e-02,2.978362347957351219e-01
-8.114548576628219934e-01,-1.025097743193280342e-01,3.245455344011188292e-01
-8.268537619868812083e-01,-1.143505485416202727e-01,3.478655355819274542e-01
-7.799483365943079560e-01,-1.852347093970508063e-01,3.375627701633207023e-01
-7.976266069864879071e-01,-2.014275367579112519e-01,3.561752321616725725e-01
-8.184245395641002174e-01,-2.189383054716737831e-01,3.696649179692794718e-01
-8.414906645237643090e-01,-2.370501226097689873e-01,3.774795582642072600e-01
-8.658806519994768358e-01,-2.550214882505151270e-01,3.792992207546004302e-01
-8.905959730382801975e-01,-2.721166525730341901e-01,3.750494082443008859e-01
-9.146247794929189823e-01,-2.876357375413657325e-01,3.649041085568121012e-01
-9.369833292038753925e-01,-3.009433899934912393e-01,3.492786714533619996e-01
-9.567562605189647851e-01,-3.114947930744379478e-01,3.288128041648767930e-01
-9.731340673069266423e-01,-3.188579711023346031e-01,3.043443817027842169e-01
-9.854462402335513183e-01,-3.227314747035824882e-01,2.768751441575999506e-01
-9.931887174926036232e-01,-3.229567221856291526e-01,2.475296853419222953e-01
-9.960445211553957678e-01,-3.195244918900941311e-01,2.175094117876100464e-01
-9.938967342844302610e-01,-3.125752997285465851e-01,1.880433570212091121e-01
-9.868332875265587445e-01,-3.023936464445756700e-01,1.603378647869703744e-01
-9.751433592219680424e-01,-2.893963701199205873e-01,1.355272011922206699e-01
-9.593055364089566606e-01,-2.741155807744278805e-01,1.146271177196582919e-01
-9.399682214143540993e-01,-2.571768757193185762e-01,9.849326624230542171e-02
-9.179230861860776525e-01,-2.392737275297621147e-01,8.778616853529197517e-02
-8.940726611505663834e-01,-2.211390931961695616e-01,8.294417443677365442e-02
-8.693933855110798081e-01,-2.035154067788872145e-01,8.416551575405395447e-02
-8.448956317119906689e-01,-1.871241840705339110e-01,9.140019063010185185e-02
-8.215823406721972644e-01,-1.726364836546764869e-01,1.043520106254538227e-01
-8.004079612660641718e-01,-1.606454336885727030e-01,1.224907267077258582e-01
-7.822393750743623642e-01,-1.516419491667233277e-01,1.450737377093011538e-01
-7.678204061504985134e-01,-1.459946338033174529e-01,1.711764925063840037e-01
-7.577413687763724370e-01,-1.439346893528642424e-01,1.997303412506384601e-01
-7.524148999263173820e-01,-1.455464501831985058e-01,2.295662860195399335e-01
-7.520590658608882206e-01,-1.507639306165524107e-01,2.594628397286749544e-01
-7.566884344685322894e-01,-1.593735263909566435e-01,2.881960339564956231e-01
-7.661134788545249652e-01,-1.710227596438224640e-01,3.145895283553079569e-01
-7.799483365943079560e-01,-1.852347093970507785e-01,3.375627701633207023e-01
-7.271106563963192215e-01,-2.521914152839664913e-01,3.225964905155348506e-01
-7.430187275981006145e-01,-2.706357224558206265e-01,3.407043188565339609e-01
-7.620590278554113528e-01,-2.903819874378973931e-01,3.536929534655606222e-01
-7.834520450385770163e-01,-3.106217958217429853e-01,3.610306381156214162e-01
-8.063219465105460060e-01,-3.305265274740461501e-01,3.624169671350015998e-01
-8.297324358179566373e-01,-3.492812803422550294e-01,3.577951840507609393e-01
-8.527250847779476173e-01,-3.661182326403552567e-01,3.473545052054047844e-01
-8.743585716405755104e-01,-3.803480775630045940e-01,3.315223732175896498e-01
-8.937472189118575994e-01,-3.913882435871341436e-01,3.109469574310931850e-01
-9.100972530944382299e-01,-3.987867450185515472e-01,2.864706177857232472e-01
-9.227393018678350378e-01,-4.022406863393675480e-01,2.590954185024091361e-01
-9.311557982698875913e-01,-4.016086627860870895e-01,2.299421034562590394e-01
-9.350021699489994287e-01,-3.969165494772410874e-01,2.002042127906314140e-01
-9.341209459966982598e-01,-3.883564420829936359e-01,1.710992192434308556e-01
-9.285482038251307024e-01,-3.762787924058350608e-01,1.438186846701712818e-01
-9.185120921535703253e-01,-3.611780608426118921e-01,1.194794773616086742e-01
-9.044234905730434981e-01,-3.436724731177830394e-01,9.907804732469099873e-02
-8.868591880875977829e-01,-3.244787100496223098e-01,8.344963150219592007e-02
-8.665382693047049001e-01,-3.043825665533114733e-01,7.323405907415722615e-02
-8.442926750269432734e-01,-2.842067811047861992e-01,6.884955677605766877e-02
-8.210331424977906911e-01,-2.647773527308632247e-01,7.047562664713857838e-02
-7.977119197118697214e-01,-2.468897245120318662e-01,7.804569719582282739e-02
-7.752837802701634251e-01,-2.312762180492781150e-01,9.124984884440175137e-02
-7.546669348366095154e-01,-2.185760521316962857e-01,1.095475020729605176e-01
-7.367054394856343835e-01,-2.093091730441582476e-01,1.321895488084390557e-01
-7.221346399472929889e-01,-2.038549679053199282e-01,1.582490209971592898e-01
-7.115510664666810925e-01,-2.024367325144071916e-01,1.866590407858570722e-01
-7.053880117856122789e-01,-2.051125295949596250e-01,2.162564986263474931e-01
-7.038977920868576543e-01,-2.117728117001065891e-01,2.458296711170872839e-01
-7.071414171399774684e-01,-2.221449060979135137e-01,2.741678291016053093e-01
-7.149860925541873247e-01,-2.358041780250647590e-01,3.001108050624231582e-01
-7.271106563963192215e-01,-2.521914152839664913e-01,3.225964905155347950e-01
-6.691800181789032687e-01,-3.148562204570417578e-01,3.027572847117059318e-01
-6.832721433681430145e-01,-3.352740464582869562e-01,3.202409065524863818e-01
-7.005333399435986763e-01,-3.569537910654909663e-01,3.326179987064469268e-01
-7.202569324893666192e-01,-3.790078829871728616e-01,3.393818415665580401e-01
-7.416354348091994675e-01,-4.005334251088132902e-01,3.402555226114089004e-01
-7.637936085062557723e-01,-4.206491592068085095e-01,3.352032732363701140e-01
-7.858242953459032565e-01,-4.385315447636881636e-01,3.244319331244698845e-01
-8.068255564204309671e-01,-4.534484748136625165e-01,3.083824822054681558e-01
-8.259375976339042857e-01,-4.647892484878207164e-01,2.877119868857191953e-01
-8.423779697734742333e-01,-4.720895731794584882e-01,2.632666996722937136e-01
-8.554736020720850043e-01,-4.750505727379483734e-01,2.360474134959085479e-01
-8.646883578047599439e-01,-4.735510234934631746e-01,2.071684891307552789e-01
-8.696449837891156998e-01,-4.676523171682616109e-01,1.778122331334728301e-01
-8.701405551749737954e-01,-4.575959474923660952e-01,1.491804940738035157e-01
-8.661547832115700229e-01,-4.437936234218809450e-01,1.224454587129367583e-01
-8.578508458713945961e-01,-4.268104137259560726e-01,9.870166253977966098e-02
-8.455687073248253638e-01,-4.073416130049851147e-01,7.892117935943888940e-02
-8.298111997670489792e-01,-3.861842762479715252e-01,6.391382447742569028e-02
-8.112234374089091204e-01,-3.642045873076289464e-01,5.429400076589899204e-02
-7.905664054253176420e-01,-3.423023972316788233e-01,5.045554493789000672e-02
-7.686858051327808417e-01,-3.213743842552285734e-01,5.255560382599683278e-02
-7.464774308781365608e-01,-3.022773436884712561e-01,6.050820077259391749e-02
-7.248504961127432145e-01,-2.857931106160168655e-01,7.398775552429716351e-02
-7.046904100869527676e-01,-2.725965514766668929e-01,9.244241352579132820e-02
-6.868225290913707592e-01,-2.632279349521160494e-01,1.151166389101650339e-01
-6.719783662733430640e-01,-2.580708133036452856e-01,1.410821462260736792e-01
-6.607656434027548986e-01,-2.573363196974789435e-01,1.692759045531863626e-01
-6.536434106713671088e-01,-2.610545243881529087e-01,1.985436581129651767e-01
-6.509032531240296349e-01,-2.690732036387604720e-01,2.276871816358576883e-01
-6.526573531326851363e-01,-2.810640717786269116e-01,2.555133358446181613e-01
-6.588338976368812716e-01,-2.965362212572388856e-01,2.808829147165055606e-01
-6.691800181789032687e-01,-3.148562204570417578e-01,3.027572847117058763e-01
-6.071668490985262512e-01,-3.730715989746515304e-01,2.780280809579137036e-01
-6.194966493937659191e-01,-3.951525534480389013e-01,2.948078341700872129e-01
-6.350553752093857085e-01,-4.184389414178329436e-01,3.065049633030131337e-01
-6.532060504824216407e-01,-4.419774154245157405e-01,3.126405865156351438e-01
-6.732055844345817830e-01,-4.648043075766005172e-01,3.129635106727233773e-01
-6.942351937960191677e-01,-4.859850822273349413e-01,3.074605152213446546e-01
-7.154339238886023855e-01,-5.046525959738826783e-01,2.963568934418528977e-01
-7.359338962115962168e-01,-5.200425986101202547e-01,2.801072289145207783e-01
-7.548958394894526025e-01,-5.315250216198714739e-01,2.593767848143516686e-01
-7.715434495364424938e-01,-5.386297732559899298e-01,2.350142679585303096e-01
-7.851951712412309492e-01,-5.410659841517199142e-01,2.080170826496081649e-01
-7.952921015132148330e-01,-5.387339155467476548e-01,1.794904968261671618e-01
-8.014208708407200010e-01,-5.317290426037670770e-01,1.506023922635504608e-01
-8.033305666873786777e-01,-5.203381456441015240e-01,1.225354513567597364e-01
-8.009430058808489905e-01,-5.050275693276532474e-01,9.643873796424455580e-02
-7.943559354410767437e-01,-4.864241304477339711e-01,7.338065459852806394e-02
-7.838390308058139633e-01,-4.652894559778987804e-01,5.430520190181253870e-02
-7.698228552865122865e-01,-4.424888019741616274e-01,3.999333114877198780e-02
-7.528812327557625750e-01,-4.189556298903985843e-01,3.103097200960930335e-02
-7.337077552305297790e-01,-3.956533905567491405e-01,2.778504452051427931e-02
-7.130873871334849623e-01,-3.735360803894298143e-01,3.038843733427079585e-02
-6.918643287573115197e-01,-3.535091846653643510e-01,3.873456724319795930e-02
-6.709074546055334709e-01,-3.363926068485562637e-01,5.248174270819568055e-02
-6.510747415682527350e-01,-3.228871016459380905e-01,7.106715275050240477e-02
-6.331781432474604676e-01,-3.135455860273346218e-01,9.372990849929313528e-02
-6.179503484811709191e-01,-3.087505027397529078e-01,1.195421940714516684e-01
-6.060147849763057870e-01,-3.086981630563849222e-01,1.474472514628390185e-01
-5.978600961051235840e-01,-3.133907097700173727e-01,1.763026443451468361e-01
-5.938201357881456310e-01,-3.226360294668434436e-01,2.049270295434086342e-01
-5.940603004754241301e-01,-3.360556176721959387e-01,2.321485213643852130e-01
-5.985707577964439752e-01,-3.531000748682131540e-01,2.568526687345362158e-01
-6.071668490985262512e-01,-3.730715989746514749e-01,2.780280809579137036e-01
-5.421765152386065489e-01,-4.268642778308828212e-01,2.486313161442851305e-01
-5.528945916673750904e-01,-4.502871277171505704e-01,2.646826582847476850e-01
-5.669172396029138472e-01,-4.748524294661523037e-01,2.756855641961044601e-01
-5.836703701911504227e-01,-4.995544767379835882e-01,2.811895736175579197e-01
-6.024681082973933899e-01,-5.233819648149683479e-01,2.809693517567001253e-01
-6.225408723149326029e-01,-5.453593935356236821e-01,2.750339145223895665e-01
-6.430668809264404873e-01,-5.645870043858879361e-01,2.636262594123832681e-01
-6.632057969276581311e-01,-5.802776167184027223e-01,2.472134171672272784e-01
-6.821331307312736847e-01,-5.917888550207064391e-01,2.264673314768654577e-01
-6.990739950674996761e-01,-5.986494478441896083e-01,2.022373495270228250e-01
-7.133348289599441561e-01,-6.005785217125734210e-01,1.755154496256278174e-01
-7.243317921934735448e-01,-5.974971001150295447e-01,1.473956294943336021e-01
-7.316146678012187543e-01,-5.895313368138133114e-01,1.190291178732538618e-01
-7.348852940000971667e-01,-5.770073510944139228e-01,9.157724308107920153e-02
-7.340097709692445793e-01,-5.604378764036892502e-01,6.616388809725963494e-02
-7.290239427244135095e-01,-5.405012689823083250e-01,4.382947866077507859e-02
-7.201319296597573638e-01,-5.180137358805543268e-01,2.548838811813695926e-02
-7.076977718349103386e-01,-4.938959193457861385e-01,1.189150287114748572e-02
-6.922305251321732023e-01,-4.691352056206601340e-01,3.595480999384587095e-03
-6.743634204488802020e-01,-4.447453012343433043e-01,9.399626130194016493e-04
-6.548279391500612112e-01,-4.217247317381036531e-01,4.033664946799964124e-03
-6.344238661354113518e-01,-4.010159619519192420e-01,1.274993146368660901e-02
-6.139865465515271792e-01,-3.834668113440136139e-01,2.673191718836021025e-02
-5.943526866634560868e-01,-3.697957442022120622e-01,4.540719798243907090e-02
-5.763260990018961305e-01,-3.605624556215821230e-01,6.801120565596126266e-02
-5.606447941837457982e-01,-3.561449575214801211e-01,9.361852947891466381e-02
-5.479507666707352787e-01,-3.567241027931581931e-01,1.211808026052547671e-01
-5.387637114407320960e-01,-3.622761811611472371e-01,1.495696223347596221e-01
-5.334597476142856065e-01,-3.725738898847201774e-01,1.776227470521586083e-01
-5.322560200936400365e-01,-3.871956395588046496e-01,2.041916785354192521e-01
-5.352018096249224755e-01,-4.055428140337609122e-01,2.281886816078999014e-01
-5.421765152386065489e-01,-4.268642778308827657e-01,2.486313161442851305e-01
-4.753384881701431253e-01,-4.764825109887865784e-01,2.151344550903363795e-01
-4.846788878091092267e-01,-5.009341676458726189e-01,2.304975949043889805e-01
-4.974018399838886495e-01,-5.264700423250205930e-01,2.408512530002926422e-01
-5.129864655375625526e-01,-5.520446933165282788e-01,2.457715493990978717e-01
-5.307947280688475322e-01,-5.766110914039095370e-01,2.450570465881273530e-01
-5.500975552173311689e-01,-5.991634853630377622e-01,2.387369963964126596e-01
-5.701046869715682419e-01,-6.187785775354323059e-01,2.270701424213770192e-01
-5.899970290068023981e-01,-6.346533237428800822e-01,2.105341270355555183e-01
-6.089601865028601013e-01,-6.461378100104445688e-01,1.898059366517430013e-01
-6.262178055637763752e-01,-6.527618601209619342e-01,1.657341858197116657e-01
-6.410633572375131761e-01,-6.542542846846145510e-01,1.393043748468355547e-01
-6.528890628942695118e-01,-6.505539836644143037e-01,1.115985432997151222e-01
-6.612107767549961768e-01,-6.418124478188949045e-01,8.375097117718646733e-02
-6.656878068764753298e-01,-6.283875566526588852e-01,5.690174135389671622e-02
-6.661368631195048184e-01,-6.108289267874096318e-01,3.215006445346189901e-02
-6.625395610687332404e-01,-5.898554105928819347e-01,1.050927703638436517e-02
-6.550431746927841692e-01,-5.663256662863630497e-01,-7.134644517796190355e-03
-6.439546069306769649e-01,-5.412030043643897281e-01,-2.005935598757885296e-02
-6.297278250494436902e-01,-5.155159495578347517e-01,-2.773571816680156510e-02
-6.129452751708779346e-01,-4.903161329085794495e-01,-2.984945988591275468e-02
-5.942940368588740530e-01,-4.666352378710968973e-01,-2.631404431057784987e-02
-5.745376940013529055e-01,-4.454427630706087604e-01,-1.727421176984478279e-02
-5.544850735961731614e-01,-4.276063309154571335e-01,-3.100054070066346479e-03
-5.349571322788058136e-01,-4.138561670337655984e-01,1.562813710713566173e-02
-5.167533462612193818e-01,-4.047552047504263673e-01,3.814362741449757455e-02
-5.006189806818280852e-01,-4.006760385306368799e-01,6.352463003337824321e-02
-4.872145783631595117e-01,-4.017856699187171143e-01,9.073204373441945414e-02
-4.770889171110904714e-01,-4.080386704752628768e-01,1.186519938039652666e-01
-4.706565426869952495e-01,-4.191790416227927918e-01,1.461414342057136273e-01
-4.681807972555682706e-01,-4.347506952575890260e-01,1.720749440197448243e-01
-4.697630381256598930e-01,-4.541161260502513120e-01,1.953908023072143951e-01
-4.753384881701430698e-01,-4.764825109887865784e-01,2.151344550903363517e-01
-4.076708182782073919e-01,-5.223348012084583214e-01,1.784748585247681041e-01
-4.159166668712442338e-01,-5.475320428704252285e-01,1.932484037068459282e-01
-4.276071129653928882e-01,-5.737712388373557015e-01,2.030458885252353074e-01
-4.422635483239900078e-01,-5.999781533433887759e-01,2.074662028003158021e-01
-4.592859367613963961e-01,-6.250798722294660381e-01,2.063283783463008003e-01
-4.779773796949390863e-01,-6.480487281750644257e-01,1.996789978300262391e-01
-4.975726472547674084e-01,-6.679443735190453424e-01,1.877902876710975388e-01
-5.172695068846359101e-01,-6.839522782033871096e-01,1.711489730602853698e-01
-5.362615668370149802e-01,-6.954170767294638456e-01,1.504363513730277990e-01
-5.537712899459820148e-01,-7.018693988985613696e-01,1.265003997748308517e-01
-5.690818260901506775e-01,-7.030450858829611072e-01,1.003210589364796207e-01
-5.815663601208671540e-01,-6.988960049193843060e-01,7.297011414783816097e-02
-5.907137737480434581e-01,-6.895920198699763137e-01,4.556731630215301448e-02
-5.961495707830074542e-01,-6.755140369758315666e-01,1.923453916291854165e-02
-5.976512090564687352e-01,-6.572384105107290653e-01,-4.950150279815060395e-03
-5.951572113210767956e-01,-6.355133467694452643e-01,-2.599662799868190932e-02
-5.887696821371508626e-01,-6.112282724141346879e-01,-4.304324872301544536e-02
-5.787501276999836852e-01,-5.853774212422789835e-01,-5.539212179746862141e-02
-5.655087497454805989e-01,-5.590191301381998157e-01,-6.253768290744228520e-02
-5.495876518428947088e-01,-5.332325106366659906e-01,-6.418739194152638106e-02
-5.316386456110074876e-01,-5.090732699698694574e-01,-6.027370961803286964e-02
-5.123965654738710240e-01,-4.875304902892991787e-01,-5.095686255112380492e-02
-4.926491844531483144e-01,-4.694861355262466285e-01,-3.661828355440140126e-02
-4.732049626480462901e-01,-4.556789436848330821e-01,-1.784499573670304817e-02
-4.548599487838649313e-01,-4.466741828213219856e-01,4.594420292947071216e-03
-4.383651898836514738e-01,-4.428405089034799791e-01,2.978129220577564046e-02
-4.243959833148324701e-01,-4.443348729919411877e-01,5.668446650633962580e-02
-4.135242300356474776e-01,-4.510960956453435866e-01,8.420252407778525128e-02
-4.061950209027231362e-01,-4.628473716138469252e-01,1.112088724099029730e-01
-4.027084145991068342e-01,-4.791076022785844546e-01,1.365978684288647882e-01
-4.032071531965275013e-01,-4.992110918856458301e-01,1.593300836545739341e-01
-4.076708182782073919e-01,-5.223348012084582104e-01,1.784748585247680763e-01
-3.399394525090433383e-01,-5.649078571760073331e-01,1.399277256454984908e-01
-3.473778012619023747e-01,-5.906144630329136502e-01,1.542453381135832080e-01
-3.582866753321921616e-01,-6.173466681435144654e-01,1.636015296507991323e-01
-3.722194641337367438e-01,-6.440100528896811616e-01,1.676132566763068599e-01
-3.886057576559676652e-01,-6.695130151670908303e-01,1.661162786143241255e-01
-4.067746991167771053e-01,-6.928114607036355288e-01,1.591718819225959591e-01
-4.259824499179995505e-01,-7.129515484015980231e-01,1.470643710176137431e-01
-4.454426424850180255e-01,-7.291087407042640134e-01,1.302894288183994997e-01
-4.643585742476632472e-01,-7.406215602603726245e-01,1.095338234295611529e-01
-4.819558247370449577e-01,-7.470186708845980572e-01,8.564729177439775465e-02
-4.975139604505387503e-01,-7.480381741163559806e-01,5.960775126542001978e-02
-5.103960294840307332e-01,-7.436383313735516198e-01,3.248126375058162096e-02
-5.200746384177110659e-01,-7.339992727350349577e-01,5.378390815966981736e-03
-5.261535438646465224e-01,-7.195156223940082363e-01,-2.059127273602844727e-02
-5.283838747215984233e-01,-7.007803426971895844e-01,-4.436452582828002977e-02
-5.266743209812305704e-01,-6.785604581966687698e-01,-6.496808868595238540e-02
-5.210948719745376323e-01,-6.537656535746226849e-01,-8.155844902483654069e-02
-5.118739509994109094e-01,-6.274110310455437434e-01,-9.345639554337401012e-02
-4.993890636439844433e-01,-6.005755519523090502e-01,-1.001748249131465263e-01
-4.841513426635012940e-01,-5.743578639620305903e-01,-1.014386838463736951e-01
-4.667846221452586208e-01,-5.498313223014777984e-01,-9.719622980983200211e-02
-4.479998976677763700e-01,-5.280000464679802663e-01,-8.762114937024470529e-02
-4.285662180582740510e-01,-5.097578114592270504e-01,-7.310544744583265253e-02
-4.092792004433250530e-01,-4.958514565198482993e-01,-5.424339857890388139e-02
-3.909284575902137737e-01,-4.868503094549894161e-01,-3.180721726626706269e-02
-3.742652710674673200e-01,-4.831228782830756519e-01,-6.715443407000906695e-03
-3.599718336891681858e-01,-4.848217644742397470e-01,2.000466282893794204e-02
-3.486333204609914915e-01,-4.918774154282047339e-01,4.725917715277101749e-02
-3.407139314467176328e-01,-5.040009719659114262e-01,7.393229654581112698e-02
-3.365378873630796019e-01,-5.206960942582489205e-01,9.893202036614870409e-02
-3.362761559455259008e-01,-5.412792820369751734e-01,1.212348569832363693e-01
-3.399394525090433383e-01,-5.649078571760073331e-01,1.399277256454984630e-01
-2.725488971668624805e-01,-6.046243919375114961e-01,1.009602970726089788e-01
-2.794229775278695427e-01,-6.306638761223007927e-01,1.149547576273522859e-01
-2.897387893559346117e-01,-6.577459458901694367e-01,1.239713072475782524e-01
-3.030740021027603648e-01,-6.847618581228125390e-01,1.276408073324352410e-01
-3.188826705916706361e-01,-7.106055781991909015e-01,1.258130281173012455e-01
-3.365175860772899319e-01,-7.342190611828695035e-01,1.185627990979987584e-01
-3.552567730476223207e-01,-7.546355683060299580e-01,1.061869455024438136e-01
-3.743330469863414001e-01,-7.710192453682123137e-01,8.919213623093945331e-02
-3.929654229970290236e-01,-7.826993427054906860e-01,6.827414077186640118e-02
-4.103910894165964107e-01,-7.891976757605236870e-01,4.428934431707918368e-02
-4.258966374143975941e-01,-7.902482020145163988e-01,1.821968725153068347e-02
-4.388472680335780973e-01,-7.858079127991988155e-01,-8.867535601460835304e-03
-4.487127809349541474e-01,-7.760585940767581459e-01,-3.586337015568038383e-02
-4.550892808611948226e-01,-7.613993841011870156e-01,-6.166260377260230491e-02
-4.577157131561129799e-01,-7.424304326512696228e-01,-8.520901279666860673e-02
-4.564845513729619553e-01,-7.199283308281225757e-01,-1.055386044758484659e-01
-4.514461994197992989e-01,-6.948143173242703474e-01,-1.218190829381705781e-01
-4.428069280175687128e-01,-6.681165628033318704e-01,-1.333839234825125453e-01
-4.309204299525488668e-01,-6.409280764722473656e-01,-1.397596601781779246e-01
-4.162733398521257788e-01,-6.143619581559228715e-01,-1.406852696157288862e-01
-3.994653113059708494e-01,-5.895058278596150281e-01,-1.361228572360376199e-01
-3.811844669776231487e-01,-5.673772984781262352e-01,-1.262592087379894312e-01
-3.621792267817932620e-01,-5.488823146043262380e-01,-1.114981430500238263e-01
-3.432276674851193476e-01,-5.347780630510767796e-01,-9.244397993575773076e-02
-3.251056681519209346e-01,-5.256419735341469890e-01,-6.987679907185830042e-02
-3.085551455641436513e-01,-5.218480786318051567e-01,-4.472050349442474593e-02
-2.942536800611348924e-01,-5.235517008471166633e-01,-1.800499490013643400e-02
-2.827867753209387658e-01,-5.306830936864196380e-01,9.175990650217537986e-03
-2.746238877709228920e-01,-5.429502970889699132e-01,3.570966041457544760e-02
-2.700992069864835976e-01,-5.598510903061317823e-01,6.050972283521067335e-02
-2.693979739305631949e-01,-5.806935528778359723e-01,8.256086044273878988e-02
-2.725488971668624805e-01,-6.046243919375113851e-01,1.009602970726089649e-01
-2.055135197426852800e-01,-6.417296899815452260e-01,6.303729351102629885e-02
-2.119856650062764691e-01,-6.679911949850965147e-01,7.680672829511114852e-02
-2.218020292155041817e-01,-6.953491495163905967e-01,8.554365917575705580e-02
-2.345607292662688081e-01,-7.226835157024931178e-01,8.889039517616460773e-02
-2.497394224794083906e-01,-7.488752213800932145e-01,8.670992053125238519e-02
-2.667166913713563403e-01,-7.728519750413552769e-01,7.909150412917788364e-02
-2.847974845589318904e-01,-7.936321655742383241e-01,6.634704483256805008e-02
-3.032415722446326622e-01,-8.103650495367574758e-01,4.899830230243638896e-02
-3.212938513115178307e-01,-8.223655806934566659e-01,2.775553609635726671e-02
-3.382152593335363555e-01,-8.291424558887781071e-01,3.488427558726567290e-03
-3.533130318780858259e-01,-8.304182290559763979e-01,-2.280952503566095399e-02
-3.659690643632793616e-01,-8.261406698916894387e-01,-5.006168041771276445e-02
-3.756652173321525234e-01,-8.164849021706949150e-01,-7.715233214409540630e-02
-3.820045291429099987e-01,-8.018462341579950525e-01,-1.029723857501143452e-01
-3.847274676251819514e-01,-7.828239746420000422e-01,-1.264647652074116779e-01
-3.837225553575723813e-01,-7.601968971623154214e-01,-1.466676897407683255e-01
-3.790309335663893942e-01,-7.348913569295282278e-01,-1.627540492460457511e-01
-3.708446777990063170e-01,-7.079433657340433728e-01,-1.740652662750309387e-01
-3.594989343283838679e-01,-6.804561775016586544e-01,-1.801382582735456817e-01
-3.454581992252776512e-01,-6.535551209482153290e-01,-1.807243962356245293e-01
-3.292973018345251024e-01,-6.283415284897512221e-01,-1.757996836042315936e-01
-3.116778711941285418e-01,-6.058476475639873460e-01,-1.655657386931254083e-01
-2.933212488647010119e-01,-5.869943802989431303e-01,-1.504415404094040232e-01
-2.749789571212207240e-01,-5.725535816716144089e-01,-1.310462752078208615e-01
-2.574019315427935606e-01,-5.631164596745258377e-01,-1.081739875245756877e-01
-2.413097776218131596e-01,-5.590693711910528219e-01,-8.276107150480019325e-02
-2.273613100305522661e-01,-5.605780044992215716e-01,-5.584793491623488149e-02
-2.161275806710724612e-01,-5.675805959741387907e-01,-2.853640473297483146e-02
-2.080684997432579730e-01,-5.797904586980517916e-01,-1.944618209691308108e-03
-2.035140069671953489e-01,-5.967077194564455178e-01,2.283875378895022790e-02
-2.026505638122667596e-01,-6.176397836061776614e-01,4.479907710140285104e-02
-2.055135197426852800e-01,-6.417296899815451150e-01,6.303729351102628498e-02
-1.385244373515825966e-01,-6.762251771761150776e-01,2.741975615479692874e-02
-1.446529013218465498e-01,-7.026627678168273494e-01,4.100829449109516522e-02
-1.539520321552523274e-01,-7.302857276606327108e-01,4.947297988681223502e-02
-1.660411223428787664e-01,-7.579631694859657598e-01,5.246726712728916331e-02
-1.804252431120366706e-01,-7.845619755725361522e-01,4.986856974108705431e-02
-1.965155068683743234e-01,-8.089931876739325789e-01,4.178327870453088511e-02
-2.136531763231814818e-01,-8.302565890961782769e-01,2.854240678263875175e-02
-2.311366332753876929e-01,-8.474816536867031402e-01,1.068803682762928253e-02
-2.482501029431506967e-01,-8.599631852773117480e-01,-1.104887115674008102e-02
-2.642929578675249358e-01,-8.671901884981669806e-01,-3.577840560361096600e-02
-2.786084016829512011e-01,-8.688667889882700779e-01,-6.248813646713163861e-02
-2.906103584376326099e-01,-8.649243465265642472e-01,-9.008456422748933878e-02
-2.998074666118624720e-01,-8.555242651706488344e-01,-1.174378878897325007e-01
-3.058231955163735472e-01,-8.410513853556977892e-01,-1.434282591692497832e-01
-3.084112605029969423e-01,-8.220982284818263430e-01,-1.669916292121188528e-01
-3.074657058870956527e-01,-7.994407390183521089e-01,-1.871633108802061574e-01
-3.030252427857426101e-01,-7.740065172460518506e-01,-2.031174731559483027e-01
-2.952716642800394253e-01,-7.468368431926775131e-01,-2.142009507612418762e-01
-2.845224027850163928e-01,-7.190440465062756248e-01,-2.199599848206728603e-01
-2.712175343292644314e-01,-6.917659675487022319e-01,-2.201587998031904470e-01
-2.559017617906175213e-01,-6.661193740775186445e-01,-2.147892562000504324e-01
-2.392021146963348999e-01,-6.431542406427819270e-01,-2.040711837572601328e-01
-2.218022785605816283e-01,-6.238107625055987482e-01,-1.884433816199473366e-01
-2.044146047191494064e-01,-6.088808639336676931e-01,-1.685456538438023788e-01
-1.877509465820714207e-01,-5.989757767287120505e-01,-1.451926157418644836e-01
-1.724935162713762959e-01,-5.945010163247010926e-01,-1.193403434378923489e-01
-1.592669547766558669e-01,-5.956397799383371661e-01,-9.204723199752369578e-02
-1.486127590795589537e-01,-6.023454464534787611e-01,-6.443066460993157607e-02
-1.409671132037395580e-01,-6.143434850951138282e-01,-3.762126678877295710e-02
-1.366430307896789875e-01,-6.311426947515439423e-01,-1.271661843081653420e-02
-1.358175402794669639e-01,-6.520553138056117692e-01,9.263681233991016839e-03
-1.385244373515825966e-01,-6.762251771761150776e-01,2.741975615479691486e-02
-7.109966883584820097e-02,-7.078571072570469802e-01,-4.950412555104477530e-03
-7.683248012698991325e-02,-7.344789102075359732e-01,8.449853337900700700e-03
-8.548572484161204299e-02,-7.624025887879308794e-01,1.660719200228204240e-02
-9.670513812438483181e-02,-7.904849443162571543e-01,1.918764103467320015e-02
-1.100313958772865253e-01,-8.175762818576485236e-01,1.608555654849817829e-02
-1.249189195421444992e-01,-8.425674788700635576e-01,7.427938247100349112e-03
-1.407582121509097228e-01,-8.644353928114729690e-01,-6.430769959033980077e-03
-1.569008112031414770e-01,-8.822847487157445823e-01,-2.492319092761664800e-02
-1.726858367969665298e-01,-8.953847918549473484e-01,-4.729224277142668464e-02
-1.874670481299119673e-01,-9.031992049237724807e-01,-7.262213387972649148e-02
-2.006393006732883899e-01,-9.054080649330278341e-01,-9.987585553440650465e-02
-2.116633208602960170e-01,-9.019209408944043327e-01,-1.279376371687477032e-01
-2.200877840092113624e-01,-8.928805960757630888e-01,-1.556586261455208398e-01
-2.255677916088854595e-01,-8.786571432561744999e-01,-1.819039219189389489e-01
-2.278789915043140657e-01,-8.598328922652573869e-01,-2.055990389963469611e-01
-2.269267629002239550e-01,-8.371785101503355087e-01,-2.257738965005377796e-01
-2.227500901475485962e-01,-8.116214699769704888e-01,-2.416025333948446929e-01
-2.155199667195208113e-01,-7.842080799726848239e-01,-2.524369234250289362e-01
-2.055323947187874256e-01,-7.560606475451903119e-01,-2.578335053902679475e-01
-1.931962665165483650e-01,-7.283315318852515707e-01,-2.575713425908334187e-01
-1.790166246508368142e-01,-7.021559662460190587e-01,-2.516611680025369613e-01
-1.635739853256721887e-01,-6.786055813602617226e-01,-2.403449448674395694e-01
-1.475005720094598183e-01,-6.586445327522548743e-01,-2.240859606902918522e-01
-1.314544321319112974e-01,-6.430900280973340655e-01,-2.035498601936556740e-01
-1.160924965449548207e-01,-6.325788706436483722e-01,-1.795773937447528168e-01
-1.020436846964712374e-01,-6.275413884123602903e-01,-1.531499969366464653e-01
-8.988315659420269277e-02,-6.281838165178978972e-01,-1.253496104997478267e-01
-8.010876568745750603e-02,-6.344798538781382113e-01,-9.731438552119019147e-02
-7.312067668839995760e-02,-6.461717399838000642e-01,-7.019208740559482185e-02
-6.920498278171707818e-02,-6.627808076439792861e-01,-4.509310622454890116e-02
-6.852199293602294350e-02,-6.836270796771858338e-01,-2.304499721660951961e-02
-7.109966883584820097e-02,-7.078571072570469802e-01,-4.950412555104491408e-03
-2.701850157334526048e-03,-7.361683274769197372e-01,-3.347057641850265108e-02
-7.888821322220851417e-03,-7.630139927387297183e-01,-2.029642633497819038e-02
-1.567587359402237979e-02,-7.912929179068550756e-01,-1.249791032938177282e-02
-2.574420413779174993e-02,-8.198473604622800170e-01,-1.039430056326923202e-02
-3.768161431808843276e-02,-8.475082981717809716e-01,-1.407171906762885727e-02
-5.099938515954496182e-02,-8.731432889955086374e-01,-2.337961189681386776e-02
-6.515228555914044650e-02,-8.957028333971561729e-01,-3.793691282476641113e-02
-7.956089411162028946e-02,-9.142633409782862097e-01,-5.714764424108589869e-02
-9.363532068990632062e-02,-9.280649423777602713e-01,-8.022531654442309479e-02
-1.067993566162086239e-01,-9.365425984126645176e-01,-1.062251271191680529e-01
-1.185140647129958313e-01,-9.393492328488477483e-01,-1.340826406655427072e-01
-1.282998434543657085e-01,-9.363699417427269189e-01,-1.626573673058395175e-01
-1.357560619088664100e-01,-9.277266976222386941e-01,-1.907794543740169990e-01
-1.405774616169021551e-01,-9.137733559172137587e-01,-2.172975803212989776e-01
-1.425666539079356032e-01,-8.950811680765039524e-01,-2.411260899556562642e-01
-1.416422010158516764e-01,-8.724153944665467009e-01,-2.612894412929272492e-01
-1.378419501506708833e-01,-8.467039745220489300e-01,-2.769621443602708899e-01
-1.313214840293242258e-01,-8.189995367965021700e-01,-2.875025568526457520e-01
-1.223477513009418871e-01,-7.904363042255232452e-01,-2.924791530441680498e-01
-1.112881376377926612e-01,-7.621836589066054435e-01,-2.916881905020317078e-01
-9.859542492269529612e-02,-7.353982674586501123e-01,-2.851620513256458711e-01
-8.478925430553632681e-02,-7.111767269546865888e-01,-2.731679164196806342e-01
-7.043485203353840041e-02,-6.905106701088571386e-01,-2.561968270764371503e-01
-5.611988902228775417e-02,-6.742461677165886291e-01,-2.349435816876462024e-01
-4.243042153940173450e-02,-6.630490904168183652e-01,-2.102782906166751897e-01
-2.992689799207381984e-02,-6.573778478697998029e-01,-1.832107537780182926e-01
-1.912121410343325945e-02,-6.574646214117504384e-01,-1.548491193101506902e-01
-1.045575584149494724e-02,-6.633058585236675242e-01,-1.263545158605373642e-01
-4.285288085650734713e-03,-6.746624182718726770e-01,-9.889351584237932036e-02
-8.624305108240748474e-04,-6.910693617659355859e-01,-7.359037582295038793e-02
-3.273153082970770011e-04,-7.118549868114750767e-01,-5.148100932763872983e-02
-2.701850157334526048e-03,-7.361683274769196261e-01,-3.347057641850266496e-02
6.710560203558581238e-02,-7.605805620385590604e-01,-5.784277891966177476e-02
6.268831337498600997e-02,-7.876926045225730588e-01,-4.493629384929109793e-02
5.604913919645410081e-02,-8.163687955453995393e-01,-3.753696426565800159e-02
4.745988807092904604e-02,-8.454351284772545494e-01,-3.594771959130071970e-02
3.727220494868396100e-02,-8.737016242327588778e-01,-4.023362368991578730e-02
2.590317477374550273e-02,-9.000110491545099123e-01,-5.021921114413355203e-02
1.381824697728000276e-02,-9.232862922949849338e-01,-6.549567083032159509e-02
1.512179923193467633e-03,-9.425744624652880876e-01,-8.543758269401958982e-02
-1.051121455741831773e-02,-9.570858997123833367e-01,-1.092285225204526200e-01
-2.175969728183023422e-02,-9.662265040903531554e-01,-1.358944864378097139e-01
-3.177275404566427819e-02,-9.696220581819878781e-01,-1.643437667501966848e-01
-4.014044912852483826e-02,-9.671335476038155354e-01,-1.934116465789757489e-01
-4.652020811055718186e-02,-9.588628522712939750e-01,-2.219080835086258974e-01
-5.065084290944706080e-02,-9.451485754231021552e-01,-2.486664300630580804e-01
-5.236324485119894789e-02,-9.265521811647638994e-01,-2.725911963903616675e-01
-5.158730799911882825e-02,-9.038350080621995186e-01,-2.927028997460560666e-01
-4.835479929909956842e-02,-8.779270998513821755e-01,-3.081781646317344192e-01
-4.279805803712362355e-02,-8.498891293385127943e-01,-3.183834318847105771e-01
-3.514457785334562656e-02,-8.208689743307099329e-01,-3.229008966645797729e-01
-2.570769312573522800e-02,-7.920547233837165191e-01,-3.215456134324745641e-01
-1.487375102382761452e-02,-7.646260353168330415e-01,-3.143730676431563120e-01
-3.086294410209102640e-03,-7.397058438422517979e-01,-3.016769041639781324e-01
9.172096856391464062e-03,-7.183143845269404082e-01,-2.839769054195134257e-01
2.139956279721963103e-02,-7.013274262286572913e-01,-2.619977114380220851e-01
3.309550951999164908e-02,-6.894404170160172152e-01,-2.366391530035519830e-01
4.378110359166184629e-02,-6.831400124428498311e-01,-2.089394124779145046e-01
5.301887553543203901e-02,-6.826841518126466335e-01,-1.800325204928105438e-01
6.043062988253218581e-02,-6.880914981131696084e-01,-1.511019286025258312e-01
6.571292853914782739e-02,-6.991406739515391155e-01,-1.233320586382488093e-01
6.864951357763338091e-02,-7.153793247707092018e-01,-9.785981233913820798e-02
6.912016086147915184e-02,-7.361426382981827166e-01,-7.572802646154146167e-02
6.710560203558581238e-02,-7.605805620385590604e-01,-5.784277891966178864e-02
1.385491737622915887e-01,-7.804351435052163666e-01,-7.796042705510047854e-02
1.351695779741217962e-01,-8.078322610336009513e-01,-6.534579558675329691e-02
1.299895194414008859e-01,-8.369093003888411486e-01,-5.835684576799368695e-02
1.232210703690894416e-01,-8.664758441633265695e-01,-5.727970602556844981e-02
1.151413318574669165e-01,-8.953214345810082131e-01,-6.215847458709095052e-02
1.060810893505280822e-01,-9.222651297809734139e-01,-7.279341409442152688e-02
9.641127024104031995e-02,-9.462038517159856443e-01,-8.874912887457774013e-02
8.652775805950156662e-02,-9.661575462973451822e-01,-1.093723900897430740e-01
7.683518495588738395e-02,-9.813093069244316347e-01,-1.338188790026383912e-01
6.773036601188871242e-02,-9.910388187369156832e-01,-1.610877534848292603e-01
5.958605358484366649e-02,-9.949477543780252953e-01,-1.900626226110581074e-01
5.273567678243155227e-02,-9.928760815633329573e-01,-2.195572518348945235e-01
4.745969083582821796e-02,-9.849086148212833347e-01,-2.483641275704428497e-01
4.397409522958963674e-02,-9.713715431764335939e-01,-2.753038929404255652e-01
4.242159065737528822e-02,-9.528190759324621784e-01,-2.992736307853075539e-01
4.286573683878319718e-02,-9.300107532781597408e-01,-3.192920172213947749e-01
4.528835037696154336e-02,-9.038803506228575424e-01,-3.345394971559332298e-01
4.959024918901231566e-02,-8.754976497214554954e-01,-3.443918369689000780e-01
5.559531303211850267e-02,-8.460246416836827432e-01,-3.484456807107517706e-01
6.305769388697826661e-02,-8.166679549215372091e-01,-3.465350635423903869e-01
7.167188100460120115e-02,-7.886294556403252720e-01,-3.387382063551766520e-01
8.108520855226773738e-02,-7.630570432950036786e-01,-3.253743133984469682e-01
9.091229379415741163e-02,-7.409976554516205516e-01,-3.069905040200405222e-01
1.007508147058337744e-01,-7.233544060403522824e-01,-2.843394135359152419e-01
1.101979810851956565e-01,-7.108496117650897617e-01,-2.583483802518812822e-01
1.188670248306770844e-01,-7.039952203727132263e-01,-2.300814801244037422e-01
1.264030342727686662e-01,-7.030718514521833162e-01,-2.006959633659213260e-01
1.324974842994676438e-01,-7.081173078355980088e-01,-1.713948764851778717e-01
1.369008674106134693e-01,-7.189250279458040405e-01,-1.433778094218025878e-01
1.394329085842603289e-01,-7.350525424516365369e-01,-1.177917841932356185e-01
1.399899457572568728e-01,-7.558395890143241314e-01,-9.568429567856484574e-02
1.385491737622915887e-01,-7.804351435052163666e-01,-7.796042705510049242e-02
2.116569619413687930e-01,-7.950618026603269994e-01,-9.384871026442859199e-02
2.095915651137907620e-01,-8.227185788366847552e-01,-8.152030764635895266e-02
2.061735529168663983e-01,-8.521437622575792625e-01,-7.491512658100304978e-02
2.015428591715371642e-01,-8.821326824564469371e-01,-7.430358395725239484e-02
1.958890650238203079e-01,-9.114575895167975617e-01,-7.971071640197657793e-02
1.894436374704158710e-01,-9.389179182980500471e-01,-9.091515527757748627e-02
1.824704530726659057e-01,-9.633894397134483700e-01,-1.074581895400223142e-01
1.752549948191286233e-01,-9.838702868009643332e-01,-1.286625454228826071e-01
1.680926644184841945e-01,-9.995219712744378704e-01,-1.536601141049080410e-01
1.612766885188730848e-01,-1.009703711332530007e+00,-1.814274921871668611e-01
1.550861139744685591e-01,-1.013998665340958727e+00,-2.108278799484430699e-01
1.497743836344801183e-01,-1.012230997377983499e+00,-2.406576220593910354e-01
1.455589603631287643e-01,-1.004473075977700525e+00,-2.696954853731427515e-01
1.426124240844348079e-01,-9.910425113537545405e-01,-2.967526563538290807e-01
1.410554063398512525e-01,-9.724891523998741016e-01,-3.207214112424181529e-01
1.409516516187832025e-01,-9.495725758115582948e-01,-3.406204663975620495e-01
1.423054076517018263e-01,-9.232309889269162406e-01,-3.556351521631694323e-01
1.450612515075598574e-01,-8.945428194080100592e-01,-3.651507655398457119e-01
1.491063586151005760e-01,-8.646825642856607042e-01,-3.687777361979125978e-01
1.542751218140613889e-01,-8.348727059130081063e-01,-3.663675755324779515e-01
1.603559313317728940e-01,-8.063336633943383180e-01,-3.580189558043663789e-01
1.670998381121152343e-01,-7.802338284835608206e-01,-3.440736704861681039e-01
1.742307458191257874e-01,-7.576417314885230958e-01,-3.251026411973115260e-01
1.814567142534334321e-01,-7.394822955146609367e-01,-3.018825441058837766e-01
1.884819114183224342e-01,-7.264989700043871235e-01,-2.753640127150533967e-01
1.950187249164365699e-01,-7.192232938295683997e-01,-2.466327188157561856e-01
2.007995368351200849e-01,-7.179531340276573692e-01,-2.168649249560130610e-01
2.055876800552055295e-01,-7.227404910901817914e-01,-1.872793281140091026e-01
2.091871274306796313e-01,-7.333893700565115026e-01,-1.590871661006160731e-01
2.114505171630734204e-01,-7.494638045705744878e-01,-1.334426293411006270e-01
2.122851858108056600e-01,-7.703057053946993360e-01,-1.113956081835024287e-01
2.116569619413687930e-01,-7.950618026603269994e-01,-9.384871026442859199e-02
2.862090345812755010e-01,-8.038570207580981730e-01,-1.056311519270739796e-01
2.857136300374139015e-01,-8.316959564001467076e-01,-9.355220825249954686e-02
2.843239899613571597e-01,-8.613564831317006565e-01,-8.726931894076225826e-02
2.820970063810948614e-01,-8.916242955034059392e-01,-8.703970621849288491e-02
2.791238522660624555e-01,-9.212602257204483003e-01,-9.287277045751940463e-02
2.755262488950600552e-01,-9.490509753176679109e-01,-1.045297053225402173e-01
2.714514825727970537e-01,-9.738587877412800964e-01,-1.215332745305496009e-01
2.670663747112714814e-01,-9.946680282358681957e-01,-1.431873499603371069e-01
2.625504521415625847e-01,-1.010626764050601700e+00,-1.686054112195614629e-01
2.580885972642725790e-01,-1.021081642666153755e+00,-1.967468398937745888e-01
2.538634789423234173e-01,-1.025604640123607192e+00,-2.264595225865767558e-01
2.500480740162460136e-01,-1.024010584375624422e+00,-2.565270185774326528e-01
2.467985856120050725e-01,-1.016364736251821776e+00,-2.857183610476958235e-01
2.442480481666688130e-01,-1.002980117672736426e+00,-3.128384530067965796e-01
2.425008809829247991e-01,-9.844046964956219004e-01,-3.367769947034539579e-01
2.416286132905588746e-01,-9.613989526459888468e-01,-3.565539394279474972e-01
2.416669558313836452e-01,-9.349047439801013715e-01,-3.713596167395640801e-01
2.426143388572726545e-01,-9.060067465136780740e-01,-3.805878804695729256e-01
2.444319763958332503e-01,-8.758880476583649211e-01,-3.838609244165925305e-01
2.470454541526734271e-01,-8.457817104840953393e-01,-3.810447497768655323e-01
2.503477760413575504e-01,-8.169202919721283429e-01,-3.722546510710288969e-01
2.542037446157565106e-01,-7.904853819874164689e-01,-3.578504959728923129e-01
2.584554960693773995e-01,-7.675592288507039340e-01,-3.384219922845898010e-01
2.629289631981493458e-01,-7.490804319651163112e-01,-3.147645452298727387e-01
2.674410017322103594e-01,-7.358055154463161163e-01,-2.878466934707932801e-01
2.718068882838339806e-01,-7.282779559363192767e-01,-2.587704570210813682e-01
2.758478829446268654e-01,-7.268059326059159719e-01,-2.287262204173009517e-01
2.793985469183793979e-01,-7.314497102632081527e-01,-1.989439982360587666e-01
2.823135156048208749e-01,-7.420191721052856737e-01,-1.706430781527173146e-01
2.844734498434341452e-01,-7.580816031224747453e-01,-1.449821031607055610e-01
2.857899216727087799e-01,-7.789794055016762142e-01,-1.230116365912330006e-01
2.862090345812755010e-01,-8.038570207580980620e-01,-1.056311519270740074e-01
3.617489497881392624e-01,-8.062912776842985352e-01,-1.134672654740314923e-01
3.630409080440372138e-01,-8.341852090830583766e-01,-1.015755844059889057e-01
3.638950526243938111e-01,-8.639147753152066622e-01,-9.552777717345381503e-02
3.642764147497314919e-01,-8.942628444461234727e-01,-9.557144171511341990e-02
3.641693814098307391e-01,-9.239869629598423950e-01,-1.017047903995017821e-01
3.635783345622031204e-01,-9.518702219519761254e-01,-1.136767232108422121e-01
3.625274717342354402e-01,-9.767710775232428810e-01,-1.309971078131960120e-01
3.610598153735758431e-01,-9.976700857208287143e-01,-1.529568456258840192e-01
3.592354515040721008e-01,-1.013711638693595152e+00,-1.786569024026952168e-01
3.571290697968952377e-01,-1.024238993378034923e+00,-2.070451147995584773e-01
3.548269057666265658e-01,-1.028821158636455291e+00,-2.369592660654729066e-01
3.524232102791579613e-01,-1.027270540084795014e+00,-2.671746673328483923e-01
3.500163909101686177e-01,-1.019650620228748972e+00,-2.964542965236396932e-01
3.477049831274143243e-01,-1.006273359482526164e+00,-3.235994421785654551e-01
3.455836162370998221e-01,-9.876864244728384978e-01,-3.474987788450938364e-01
3.437391392489646536e-01,-9.646507665028545286e-01,-3.671738648720443421e-01
3.422470652676198877e-01,-9.381094681164405813e-01,-3.818191999257491975e-01
3.411684799771730892e-01,-9.091491331880062754e-01,-3.908352022683558857e-01
3.405475407861434656e-01,-8.789554012322168264e-01,-3.938527557046227479e-01
3.404096690179690965e-01,-8.487644071829549830e-01,-3.907483212423216723e-01
3.407605091590382718e-01,-8.198121738838887174e-01,-3.816489947930946647e-01
3.415856977727536048e-01,-7.932840091680248840e-01,-3.669273038508987228e-01
3.428514515403140450e-01,-7.702659792157577900e-01,-3.471859561726324817e-01
3.445059503537559742e-01,-7.517004448778370485e-01,-3.232331648517539624e-01
3.464814588372617243e-01,-7.383474813114148105e-01,-2.960495599792735688e-01
3.486970994414041458e-01,-7.307537604138069076e-01,-2.667480415326084486e-01
3.510621635795229123e-01,-7.292301700107857165e-01,-2.365282171197474470e-01
3.534798252479202096e-01,-7.338390860724653963e-01,-2.066272899028315790e-01
3.558511050938287235e-01,-7.443918190337558416e-01,-1.782694073553311997e-01
3.580789226417433468e-01,-7.604563387673286545e-01,-1.526155445206506811e-01
3.600720707794949904e-01,-7.813749619477901032e-01,-1.307159735574427717e-01
3.617489497881392624e-01,-8.062912776842985352e-01,-1.134672654740315201e-01
4.376793478257465786e-01,-8.019550284694032527e-01,-1.175541399898867856e-01
4.409216638108481856e-01,-8.297356900200244523e-01,-1.057696215652612071e-01
4.441699862222105444e-01,-8.593262109092212331e-01,-9.985336272579231620e-02
4.472913283586507638e-01,-8.895151517350514681e-01,-1.000475758034988782e-01
4.501579021063609742e-01,-9.190665737130555568e-01,-1.063443096921605213e-01
4.526523495993016732e-01,-9.467706381553094852e-01,-1.184857753665405911e-01
4.546725478640267770e-01,-9.714931374084578852e-01,-1.359748997953683647e-01
4.561357897462152700e-01,-9.922219294483067831e-01,-1.580956761696427071e-01
4.569821699512867097e-01,-1.008108375093214937e+00,-1.839424773055200468e-01
4.571770375741999737e-01,-1.018502081391901681e+00,-2.124571321276272906e-01
4.567124147115770860e-01,-1.022977528787290202e+00,-2.424722473172177817e-01
4.556073230780046668e-01,-1.021351491937170453e+00,-2.727590005318032973e-01
4.539070052548038747e-01,-1.013690540981237787e+00,-3.020774485362364148e-01
4.516810724534355281e-01,-1.000308316151751420e+00,-3.292272906244441133e-01
4.490206546243235564e-01,-9.817526873055753001e-01,-3.530970090713643206e-01
4.460346695859775945e-01,-9.587833240678654834e-01,-3.727093747992072381e-01
4.428453639167059808e-01,-9.323405948683596289e-01,-3.872614552507198660e-01
4.395833081653361396e-01,-9.035070681473740262e-01,-3.961574865424203340e-01
4.363820512776044325e-01,-8.734631918766616598e-01,-3.990332641079872844e-01
4.333726530866262583e-01,-8.434389658807508461e-01,-3.957710532759968203e-01
4.306783187079296638e-01,-8.146635854996109316e-01,-3.865044093412040582e-01
4.284093545075491893e-01,-7.883151181870095003e-01,-3.716127097950839286e-01
4.266586521464404980e-01,-7.654722732905380189e-01,-3.517056225667549718e-01
4.254978855849660957e-01,-7.470702395641781735e-01,-3.275981461463284283e-01
4.249745767425370802e-01,-7.338623984308343395e-01,-3.002772434509647370e-01
4.251101499446486853e-01,-7.263894804583610476e-01,-2.708614354470817998e-01
4.258990548084772287e-01,-7.249574277865818983e-01,-2.405550087705694007e-01
4.273089934762051567e-01,-7.296248688201386612e-01,-2.105987120904178056e-01
4.292822428931150625e-01,-7.402007179747164267e-01,-1.822189597124278526e-01
4.317380179962315712e-01,-7.562519987433172775e-01,-1.565776220334337276e-01
4.345757790642917895e-01,-7.771215698053293153e-01,-1.347244584307427662e-01
4.376793478257465786e-01,-8.019550284694032527e-01,-1.175541399898867856e-01
5.132767396116993952e-01,-7.905989455798863030e-01,-1.181233226270198278e-01
5.185744825801338331e-01,-8.180694271762630754e-01,-1.063564537171833302e-01
5.243020020597798370e-01,-8.472858179020247293e-01,-1.004614832161844773e-01
5.302248127301859570e-01,-8.770519952880786452e-01,-1.006797519089638049e-01
5.361004340266048995e-01,-9.061493285348621862e-01,-1.070023238495934337e-01
5.416883173228050907e-01,-9.333865694004607194e-01,-1.191703521999533943e-01
5.467596940200918354e-01,-9.576486220435965757e-01,-1.366856764496972021e-01
5.511069413606166645e-01,-9.779421951783897615e-01,-1.588312171660772321e-01
5.545520825274785626e-01,-9.934364675363083208e-01,-1.847003333101742695e-01
5.569540730365193371e-01,-1.003497101786519075e+00,-2.132339402275569284e-01
5.582145751140769052e-01,-1.007712214380744431e+00,-2.432638686984711640e-01
5.582819836569935523e-01,-1.005909238114121695e+00,-2.735606899229508504e-01
5.571535389516019121e-01,-9.981619870468475542e-01,-3.028840484803405064e-01
5.548754396567273650e-01,-9.847876345478792093e-01,-3.300334426259522447e-01
5.515409514251674583e-01,-9.663337281799443401e-01,-3.538973729735463980e-01
5.472865885969078192e-01,-9.435557730379879882e-01,-3.734988474107996392e-01
5.422865252860040730e-01,-9.173863012818179730e-01,-3.880353792711754846e-01
5.367454646718868849e-01,-8.888966941599143468e-01,-3.969118412323400236e-01
5.308902584271453229e-01,-8.592533195352344277e-01,-3.997648298986632431e-01
5.249606193833965539e-01,-8.296697806478613435e-01,-3.964775435789340552e-01
5.191993076597946066e-01,-8.013572310557621758e-01,-3.871845641613216871e-01
5.138421920352292949e-01,-7.754747898658211902e-01,-3.722663473150620295e-01
5.091085934528045698e-01,-7.530820872614119033e-01,-3.523336465906570791e-01
5.051923059946591410e-01,-7.350958831181898523e-01,-3.282025090977567783e-01
5.022536629294735988e-01,-7.222525347470677426e-01,-3.008608664406087208e-01
5.004129726496128194e-01,-7.150778503393886432e-01,-2.714280886821031635e-01
4.997455932314059379e-01,-7.138655623177926346e-01,-2.411091572018779217e-01
5.002788472666482855e-01,-7.186653018963216066e-01,-2.111453326170565359e-01
5.019909032724823028e-01,-7.292805671726851902e-01,-1.827633374267415567e-01
5.048116694748709943e-01,-7.452767679392282574e-01,-1.571251338487672511e-01
5.086256633740627864e-01,-7.659990178570946773e-01,-1.352803529499769231e-01
5.132767396116993952e-01,-7.905989455798863030e-01,-1.181233226270198555e-01
5.877484904395029464e-01,-7.721051072529387937e-01,-1.154153968909719663e-01
5.951496334190500281e-01,-7.990524832221005402e-01,-1.035741699861831566e-01
6.033793911239181407e-01,-8.276465791445291043e-01,-9.759074202757400673e-02
6.121008363067144131e-01,-8.567167493734966222e-01,-9.771007525879288336e-02
6.209569119769290380e-01,-8.850728577242292783e-01,-1.039272841633325783e-01
6.295850493560785077e-01,-9.115540017891468061e-01,-1.159878354781503640e-01
6.376320114860974941e-01,-9.350760404188291908e-01,-1.333979688153628107e-01
6.447683547919050850e-01,-9.546759785880549742e-01,-1.554449112705407476e-01
6.507019165400768079e-01,-9.695513925252811083e-01,-1.812260584291633947e-01
6.551897760154785644e-01,-9.790932810361306915e-01,-2.096859270974005818e-01
6.580481997238863956e-01,-9.829109980838451888e-01,-2.396593669080821221e-01
6.591601634628274642e-01,-9.808482458839284934e-01,-2.699192617136290107e-01
6.584801433061793219e-01,-9.729894737538082872e-01,-2.992267678653155460e-01
6.560359793590541111e-01,-9.596564207478582853e-01,-3.263820326178059061e-01
6.519277359806242567e-01,-9.413949436227091461e-01,-3.502733162415250234e-01
6.463236051375008673e-01,-9.189526693974969795e-01,-3.699225067778111331e-01
6.394530206048586463e-01,-8.932483874158572146e-01,-3.845251640574268714e-01
6.315972649207235445e-01,-8.653344340022431913e-01,-3.934834535756054352e-01
6.230779536458159740e-01,-8.363536096891583949e-01,-3.964306219069181902e-01
6.142438683847073477e-01,-8.074923928290828057e-01,-3.932460116336036759e-01
6.054566776259483474e-01,-7.799323650313170209e-01,-3.840600010744271708e-01
5.970761299916537146e-01,-7.548018370720671610e-01,-3.692486665809917579e-01
5.894453260866440170e-01,-7.331296557186968155e-01,-3.494183859277166238e-01
5.828766719193715362e-01,-7.158030826221859488e-01,-3.253810131345059586e-01
5.776390889632286862e-01,-7.035314697208916446e-01,-2.981206410677850749e-01
5.739470044798298254e-01,-6.968172182888463517e-01,-2.687533125629232855e-01
5.719515728417267075e-01,-6.959352105685687739e-01,-2.384813294994242439e-01
5.717344872546367140e-01,-7.009215560597588102e-01,-2.085440304207145101e-01
5.733046352280015689e-01,-7.115721131921363130e-01,-1.801670518685598577e-01
5.765977347193071978e-01,-7.274508469053144744e-01,-1.545121506790388399e-01
5.814789658484569301e-01,-7.479076799754036387e-01,-1.326296415211732915e-01
5.877484904395029464e-01,-7.721051072529387937e-01,-1.154153968909719941e-01
6.602823795518936167e-01,-7.465184923342547130e-01,-1.096912691761514624e-01
6.697829361122655811e-01,-7.727248083436796255e-01,-9.768622565706849836e-02
6.804830922879795407e-01,-8.004468924776452221e-01,-9.151003324406709050e-02
6.919447824279866266e-01,-8.285497993545000162e-01,-9.141554598020726341e-02
7.036987635912637096e-01,-8.558829926647545383e-01,-9.740663218517320310e-02
7.152638264079519415e-01,-8.813274482627729833e-01,-1.092380160858109350e-01
7.261664958474990383e-01,-9.038414671467758232e-01,-1.264253194350997145e-01
7.359604153420407080e-01,-9.225033227383672152e-01,-1.482648920144972182e-01
7.442446206767335815e-01,-9.365489964769524445e-01,-1.738626191565622037e-01
7.506799555118226497e-01,-9.454034568293770979e-01,-2.021705269044932474e-01
7.550029564830396112e-01,-9.487042011484582149e-01,-2.320296861890521201e-01
7.570366394226918372e-01,-9.463160965739515484e-01,-2.622176595208267069e-01
7.566977451122821607e-01,-9.383369123877276508e-01,-2.914985477246779255e-01
7.540001479246973837e-01,-9.250933173278850230e-01,-3.186735877971818010e-01
7.490542878057514509e-01,-9.071275057322298885e-01,-3.426302304048384206e-01
7.420626488498276441e-01,-8.851750000383815653e-01,-3.623876877845043087e-01
7.333114695772644520e-01,-8.601345384087561996e-01,-3.771370873096532850e-01
7.231590242957003367e-01,-8.330312802845999398e-01,-3.862745868307448927e-01
7.120209553078242770e-01,-8.049748362380133582e-01,-3.894260960437750940e-01
7.003532564666674620e-01,-7.771138403847558385e-01,-3.864625917912757336e-01
6.886336047336831800e-01,-7.505889251685877728e-01,-3.775054002855410262e-01
6.773418040278205154e-01,-7.264860237350043715e-01,-3.629212299992412571e-01
6.669401419967077027e-01,-7.057919117006672405e-01,-3.433071585774647438e-01
6.578544639060418531e-01,-6.893538084437169644e-01,-3.194661884087744430e-01
6.504567384843767952e-01,-6.778446918428882029e-01,-2.923743716130716708e-01
6.450498294796711551e-01,-6.717357464840826298e-01,-2.631408503531257881e-01
6.418550963818625554e-01,-6.712770733080604124e-01,-2.329624484241119009e-01
6.410033319393404483e-01,-6.764874504485398621e-01,-2.030746731468154598e-01
6.425294074884596585e-01,-6.871535644531960862e-01,-1.747011335527535181e-01
6.463708453169331181e-01,-7.028387433614635693e-01,-1.490034456866562995e-01
6.523703765087132123e-01,-7.229008341059074416e-01,-1.270336759091119649e-01
6.602823795518936167e-01,-7.465184923342547130e-01,-1.096912691761514624e-01
7.300753886773910795e-01,-7.139941494731998350e-01,-1.012087342485493424e-01
7.416247561455109327e-01,-7.392457759322855759e-01,-8.895638280505574480e-02
7.547151954049294842e-01,-7.658540538707959699e-01,-8.249166403466842712e-02
7.688107823343048874e-01,-7.927296372635884714e-01,-8.207924428341922818e-02
7.833344419485874788e-01,-8.187722365688152593e-01,-8.773600806438158761e-02
7.976915739167108610e-01,-8.429156647110447320e-01,-9.923036680372143703e-02
8.112943955690087305e-01,-8.641714869054016868e-01,-1.160917401041202945e-01
8.235860057887723906e-01,-8.816694872937961280e-01,-1.376298213615326227e-01
8.340631846094016533e-01,-8.946932956843993701e-01,-1.629628389986629289e-01
8.422969950989639409e-01,-9.027097158314677516e-01,-1.910536562969438190e-01
8.479503440885847176e-01,-9.053905545522906717e-01,-2.207522318956528784e-01
8.507917828063887855e-01,-9.026260579946527862e-01,-2.508427026203444155e-01
8.507049824174143238e-01,-8.945294049724381580e-01,-2.800931610640693403e-01
8.476934965397844302e-01,-8.814320734116924960e-01,-3.073060900213587243e-01
8.418806157591639527e-01,-8.638702696053840446e-01,-3.313673889833176900e-01
8.335043200976960387e-01,-8.425629758647672496e-01,-3.512919855433610516e-01
8.229075360839339659e-01,-8.183825152990837903e-01,-3.662641643772799882e-01
8.105240973004705918e-01,-7.923188388049761111e-01,-3.756709627244574912e-01
7.968609831860929971e-01,-7.654389963604650848e-01,-3.791272651553082573e-01
7.824775632379917800e-01,-7.388434518734763312e-01,-3.764915702422149124e-01
7.679626963588220834e-01,-7.136210300601507628e-01,-3.678717836446006029e-01
7.539106229040416496e-01,-6.908043398330349083e-01,-3.536208004385534842e-01
7.408966364119375925e-01,-6.713274991708740869e-01,-3.343220575509486259e-01
7.294535310185753518e-01,-6.559878922188087103e-01,-3.107656477831105546e-01
7.200497888032668659e-01,-6.454135242877836465e-01,-2.839159733186951140e-01
7.130704000771996842e-01,-6.400373112433306311e-01,-2.548722629849783927e-01
7.088011018348622239e-01,-6.400793558791677551e-01,-2.248235696955137586e-01
7.074166796479171015e-01,-6.455379368829636810e-01,-1.950000904841434346e-01
7.089738119233607305e-01,-6.561895793070670058e-01,-1.666228020938909649e-01
7.134087494828809106e-01,-6.715982036591202631e-01,-1.408534740456430234e-01
7.205399254617079752e-01,-6.911329790477136470e-01,-1.187471056574624789e-01
7.300753886773910795e-01,-7.139941494731997240e-01,-1.012087342485493702e-01
7.963715182164419204e-01,-6.748266737869086374e-01,-9.023608692350282290e-02
8.098800347123952248e-01,-6.989209933263331731e-01,-7.766085763539801179e-02
8.252408770999666299e-01,-7.241881005762933476e-01,-7.082196474246971185e-02
8.418251706869865902e-01,-7.495935571972167644e-01,-6.999939332329022101e-02
8.589539525454308322e-01,-7.740972608100283869e-01,-7.522681954840879093e-02
8.759259683334682522e-01,-7.966960269097569380e-01,-8.629023197397261979e-02
8.920463817306092391e-01,-8.164646593570370481e-01,-1.027366931953832829e-01
9.066552211183068755e-01,-8.325938280167615169e-01,-1.238928831578591239e-01
9.191543988955629407e-01,-8.444232028289042624e-01,-1.488926649585896045e-01
9.290321972555856123e-01,-8.514684877987638290e-01,-1.767125445933031835e-01
9.358842179729235378e-01,-8.534412481318881527e-01,-2.062135729210576307e-01
9.394299385143305425e-01,-8.502607187884496653e-01,-2.361879743758910077e-01
9.395241966642371434e-01,-8.420571110134651427e-01,-2.654085934403997982e-01
9.361631334829112472e-01,-8.291662814731253217e-01,-2.926791345368060515e-01
9.294843512919043205e-01,-8.121159822434199649e-01,-3.168831385084704411e-01
9.197612802188399606e-01,-7.916042545781383222e-01,-3.370296905889432759e-01
9.073919839358617345e-01,-7.684708510179225627e-01,-3.522939885689305717e-01
8.928828628861252836e-01,-7.436628558225876207e-01,-3.620511102956528449e-01
8.768279221901562615e-01,-7.181959112302459536e-01,-3.659015980592049688e-01
8.598844530064230218e-01,-6.931126369447471181e-01,-3.636878124381340838e-01
8.427461229540806897e-01,-6.694399451624989394e-01,-3.555003860758754186e-01
8.261145772791405051e-01,-6.481469986664899485e-01,-3.416745131696817817e-01
8.106707134156579952e-01,-6.301055331880816013e-01,-3.227762265808036823e-01
7.970468049647813080e-01,-6.160541684437422782e-01,-2.995792243826442824e-01
7.858006163392304844e-01,-6.065681689570703305e-01,-2.730331945707281660e-01
7.773925678227066038e-01,-6.020358926616078410e-01,-2.442249347245813440e-01
7.721668859093800963e-01,-6.026428914814108140e-01,-2.143338583871318426e-01
7.703375106307738251e-01,-6.083643148134771916e-01,-1.845837097356871348e-01
7.719793368257366062e-01,-6.189659269143534814e-01,-1.561924633515314742e-01
7.770251479369401082e-01,-6.340136965389934209e-01,-1.303224601974619645e-01
7.852683678646342758e-01,-6.528915662309261458e-01,-1.080328212422025230e-01
7.963715182164418094e-01,-6.748266737869086374e-01,-9.023608692350285065e-02
8.584484907152128974e-01,-6.293937124227898527e-01,-7.703237288585146336e-02
8.737961218244546524e-01,-6.521424639531641088e-01,-6.406714374087779662e-02
8.912772598091159848e-01,-6.758582802152978131e-01,-5.677862417791496030e-02
9.101762248261584531e-01,-6.995702329049290347e-01,-5.546520704423538173e-02
9.297192910272501498e-01,-7.223075518929081840e-01,-6.018066379161177148e-02
9.491063629859055606e-01,-7.431393686683458455e-01,-7.073194306676403031e-02
9.675437316982531399e-01,-7.612128262048210026e-01,-8.668707425644464615e-02
9.842765691229105052e-01,-7.757879950272493774e-01,-1.073928524150998265e-01
9.986198309296873132e-01,-7.862681660115310445e-01,-1.320015805520886043e-01
1.009986302294952454e+00,-7.922242797262017966e-01,-1.595057744460798288e-01
1.017910638545508339e+00,-7.934124921759693194e-01,-1.887794091674480090e-01
1.022068416424187109e+00,-7.897841578035309507e-01,-2.186240186711942146e-01
1.022289416016117336e+00,-7.814878210444058393e-01,-2.478177611376423950e-01
1.018564589572039436e+00,-7.688631349002903459e-01,-2.751654413200970151e-01
1.011046431924222277e+00,-7.524269555052625069e-01,-2.995474419786725573e-01
1.000042737330113507e+00,-7.328521819749237443e-01,-3.199655611416433176e-01
9.860039983392751006e-01,-7.109402078375443024e-01,-3.355838786114502259e-01
9.695049625754739164e-01,-6.875881118888562682e-01,-3.457629786358049628e-01
9.512211025014342125e-01,-6.637519316807535263e-01,-3.500861276637170505e-01
9.319009614968497557e-01,-6.404075232315881161e-01,-3.483763354660353029e-01
9.123355084044680874e-01,-6.185106093661204563e-01,-3.407036011362247763e-01
8.933257551727347145e-01,-5.989576523107809081e-01,-3.273820473192560199e-01
8.756499633325077747e-01,-5.825491524247899955e-01,-3.089570599936118378e-01
8.600317818785436774e-01,-5.699568756213969634e-01,-2.861829603052480908e-01
8.471106209946260845e-01,-5.616963511924626395e-01,-2.599921225712495954e-01
8.374154745255143473e-01,-5.581057659786776703e-01,-2.314568027657389893e-01
8.313432629067853963e-01,-5.593321189605705568e-01,-2.017452402343115903e-01
8.291425831955645531e-01,-5.653252031029721847e-01,-1.720738298379643760e-01
8.309035314777981629e-01,-5.758396608369349412e-01,-1.436573226045665119e-01
8.365540143239087456e-01,-5.904450290274343427e-01,-1.176590936790511410e-01
8.458627003022731738e-01,-6.085433621846932928e-01,-9.514351360829104154e-02
8.584484907152128974e-01,-6.293937124227898527e-01,-7.703237288585149112e-02
9.156702802623335469e-01,-5.781514917409587007e-01,-6.185145679239735517e-02
9.327094921555089124e-01,-5.993861077398786597e-01,-4.843844128224333856e-02
9.521331860989044049e-01,-6.213631403583967927e-01,-4.063569852628684531e-02
9.731461537802904571e-01,-6.431828472989196133e-01,-3.876267372974009917e-02
9.948881218338719856e-01,-6.639519271955950375e-01,-4.289604874784480604e-02
1.016468971532962895e+00,-6.828200914771901386e-01,-5.286660272170878860e-02
1.037005180355240030e+00,-6.990148752811011779e-01,-6.826614000015171491e-02
1.055655993498617384e+00,-7.118732622555897782e-01,-8.846420171762531259e-02
1.071657844481627375e+00,-7.208688285271239726e-01,-1.126338768542447522e-01
1.084355615644888360e+00,-7.256332945556129843e-01,-1.397856560701006001e-01
1.093229458745051286e+00,-7.259716025420496210e-01,-1.688079423338971208e-01
1.097916077602963281e+00,-7.218699021177196196e-01,-1.985125598360205912e-01
1.098223601491927104e+00,-7.134961173799242440e-01,-2.276833980457897422e-01
1.094139440347795977e+00,-7.011930720597069344e-01,-2.551261994194686800e-01
1.085830800207679303e+00,-6.854644542780237160e-01,-2.797174524444266952e-01
1.073637837775137438e+00,-6.669541954948908780e-01,-3.004503883324725066e-01
1.058059734364770410e+00,-6.464201078797530142e-01,-3.164761982523330297e-01
1.039734259360548529e+00,-6.247028593922265838e-01,-3.271387836629363610e-01
1.019411659862296204e+00,-6.026915567370593196e-01,-3.320016170647719367e-01
9.979239454812760535e-01,-5.812873452311719813e-01,-3.308656134870098242e-01
9.761508257689462953e-01,-5.613665158085037188e-01,-3.237772810495983533e-01
9.549836948045625773e-01,-5.437446295662167195e-01,-3.110268169153689310e-01
9.352891374168391669e-01,-5.291431285975537469e-01,-2.931362265840927739e-01
9.178734510992416773e-01,-5.181598000677755111e-01,-2.708379529259875018e-01
9.034496360958688133e-01,-5.112443027373774207e-01,-2.450448898845518086e-01
8.926082050876849028e-01,-5.086797578796022901e-01,-2.168130084912582578e-01
8.857930075339790488e-01,-5.105711582622488587e-01,-1.872981252874535985e-01
8.832830584233516413e-01,-5.168410697314212987e-01,-1.577085830593530358e-01
8.851811153672983767e-01,-5.272328013748884823e-01,-1.292557811423986347e-01
8.914094716915218486e-01,-5.413209144781901960e-01,-1.031045805901327633e-01
9.017131377563074590e-01,-5.585286400355942149e-01,-8.032561462580081746e-02
9.156702802623335469e-01,-5.781514917409587007e-01,-6.185145679239736904e-02
9.674698196136326533e-01,-5.216293493792003577e-01,-4.494229509210896645e-02
9.860327861261134474e-01,-5.412020681630695940e-01,-3.103267262053055475e-02
1.007201239013653771e+00,-5.612761631343629043e-01,-2.266129537008784722e-02
1.030108539327849959e+00,-5.810297984863496135e-01,-2.017088850900899955e-02
1.053816859502345604e+00,-5.996542580667656441e-01,-2.366340958679699624e-02
1.077355578123587510e+00,-6.163870543121078294e-01,-3.299587438017342889e-02
1.099761017285539877e+00,-6.305431445780718125e-01,-4.778621068397931326e-02
1.120115895676385254e+00,-6.415429768658988952e-01,-6.742890039214614883e-02
1.137586882183205361e+00,-6.489362167493000211e-01,-9.111976948010357125e-02
1.151458712565657683e+00,-6.524201841187801110e-01,-1.178889109838316684e-01
1.161163472458013546e+00,-6.518522449408837849e-01,-1.466403931049272413e-01
1.166303847850018949e+00,-6.472556507122839697e-01,-1.761971267871969005e-01
1.166669391169157022e+00,-6.388185865407767228e-01,-2.053490558809198119e-01
1.162245137028992348e+00,-6.268864668248563810e-01,-2.329026969837926786e-01
1.153212214913851508e+00,-6.119477939476571926e-01,-2.577300007916485947e-01
1.139940433716451151e+00,-5.946141589319912102e-01,-2.788145345695095534e-01
1.122973141718381251e+00,-5.755952028320155955e-01,-2.952930950271823729e-01
1.103004981847615085e+00,-5.556695639450957014e-01,-3.064910479633813356e-01
1.080853452915420565e+00,-5.356530002684251057e-01,-3.119499478691948324e-01
1.057425441118976073e+00,-5.163649922707732598e-01,-3.114463067410854213e-01
1.033680092013902652e+00,-4.985951932658085339e-01,-3.050007437060130999e-01
1.010589542982521793e+00,-4.830711009126571476e-01,-2.928771408719553215e-01
9.890991238152029297e-01,-4.704282733762603641e-01,-2.755718399634011773e-01
9.700886547976729224e-01,-4.611843095014274141e-01,-2.537933220328335016e-01
9.543364267651446298e-01,-4.557176582553137401e-01,-2.284332021631968468e-01
9.424873377840780053e-01,-4.542521249822393248e-01,-2.005297266416417590e-01
9.350264909495669130e-01,-4.568477087865967512e-01,-1.712252670345398575e-01
9.322593342076282985e-01,-4.633981461624674392e-01,-1.417195513613336566e-01
9.342991552804044142e-01,-4.736352614340396117e-01,-1.132205470884586479e-01
9.410624436535069970e-01,-4.871399458992851095e-01,-8.689500679933713501e-02
9.522723095062883836e-01,-5.033593161894636125e-01,-6.382070120652541534e-02
9.674698196136326533e-01,-5.216293493792003577e-01,-4.494229509210898033e-02
1.013337780433121615e+00,-4.604256697095751028e-01,-2.655087842270609233e-02
1.033244705334168678e+00,-4.782055065281294870e-01,-1.210288938175654860e-02
1.055948872030259222e+00,-4.962309118862181512e-01,-3.116331645311470888e-03
1.080520769269229353e+00,-5.137639235705856455e-01,4.088405702340480730e-05
1.105954420691040330e+00,-5.300867380228326819e-01,-2.760499056562532028e-03
1.131208569618155524e+00,-5.445310973014348965e-01,-1.140579203225070004e-02
1.155249308226262928e+00,-5.565056476403861252e-01,-2.554105555983748888e-02
1.177092405852079304e+00,-5.655201495418600288e-01,-4.458759028968060922e-02
1.195843603512349196e+00,-5.712055482388509464e-01,-6.776562885206748044e-02
1.210735224971688506e+00,-5.733290828406982786e-01,-9.412625962495005383e-02
1.221157605497861010e+00,-5.718038155912976706e-01,-1.225902752872439772e-01
1.226684051607547454e+00,-5.666921911110508470e-01,-1.519923556933550080e-01
1.227088309947687250e+00,-5.582034799067694397e-01,-1.811287762168592719e-01
1.222353830134336850e+00,-5.466852108125379583e-01,-2.088066883781404259e-01
1.212674442327332569e+00,-5.326089431184135581e-01,-2.338929552012990465e-01
1.198446421800772876e+00,-5.165509608776845951e-01,-2.553605419750838434e-01
1.180252265386736665e+00,-4.991686797700196077e-01,-2.723305631746416600e-01
1.158836843986537080e+00,-4.811737324262975735e-01,-2.841082641381698082e-01
1.135076907468503427e+00,-4.633028341050870469e-01,-2.902114644044003211e-01
1.109945190425358330e+00,-4.462876214833997879e-01,-2.903902982373381958e-01
1.084470588305699090e+00,-4.308246993651702050e-01,-2.846374441588507276e-01
1.059696034313443391e+00,-4.175471215987349161e-01,-2.731884246908430347e-01
1.036635801599920859e+00,-4.069984737779008821e-01,-2.565119640355379427e-01
1.016233978801885041e+00,-3.996106187838665003e-01,-2.352907984515645312e-01
9.993258189418002813e-01,-3.956860162681237192e-01,-2.103937249513117835e-01
9.866035440709626236e-01,-3.953853399187882145e-01,-1.828400326491619876e-01
9.785880056173880126e-01,-3.987208994609297008e-01,-1.537577729453865616e-01
9.756073606671517018e-01,-4.055561366949814728e-01,-1.243375769692783989e-01
9.777836371747272715e-01,-4.156112162054749759e-01,-9.578391100082572773e-02
9.850277381241927532e-01,-4.284744818558290924e-01,-6.926576547969021114e-02
9.970430891715315047e-01,-4.436193100389486665e-01,-4.586879639925699192e-02
1.013337780433121615e+00,-4.604256697095751028e-01,-2.655087842270612009e-02
1.052832926014794612e+00,-3.951283069227498612e-01,-6.899950648842453904e-03
1.073889905913505194e+00,-4.110081590429816023e-01,8.119587886765811113e-03
1.097906415097639421e+00,-4.268654675263054976e-01,1.775834807212375854e-02
1.123899214859379159e+00,-4.420510323002594943e-01,2.162171793273659492e-02
1.150804156922454524e+00,-4.559431545587699364e-01,1.955153065258419254e-02
1.177519749797606652e+00,-4.679730891843182916e-01,1.163253994215260323e-02
1.202952253973577967e+00,-4.776483292398772673e-01,-1.811049788431162710e-03
1.226060459741211695e+00,-4.845727692607799675e-01,-2.022885639604225794e-02
1.245898314441282295e+00,-4.884629218589833233e-01,-4.286685271416477983e-02
1.261653653971519518e+00,-4.891595237300435106e-01,-6.879823651368308091e-02
1.272681452880382036e+00,-4.866340559115119868e-01,-9.696137389503672877e-02
1.278530231784829718e+00,-4.809899113526093228e-01,-1.262032627048049194e-01
1.278960540989311667e+00,-4.724581619947358369e-01,-1.553267365793396526e-01
1.273954763584437710e+00,-4.613880986590408462e-01,-1.831394770763546953e-01
1.263717836685316787e+00,-4.482329310391649502e-01,-2.085028273320439496e-01
1.248668861281987175e+00,-4.335312332431323634e-01,-2.303784088068723535e-01
1.229423944195640717e+00,-4.178848945060888442e-01,-2.478706326249887903e-01
1.206770974592973777e+00,-4.019344777742956953e-01,-2.602633650880305516e-01
1.181637367711130704e+00,-3.863329949828469001e-01,-2.670492462728764060e-01
1.155052096368927472e+00,-3.717191726703208410e-01,-2.679504614065116863e-01
1.128103564698750949e+00,-3.586913024392434091e-01,-2.629301146354768859e-01
1.101895048753495754e+00,-3.477827468275848100e-01,-2.521937395464440845e-01
1.077499528255330796e+00,-3.394401033837871062e-01,-2.361808845970287118e-01
1.055915758679802696e+00,-3.340049209106584205e-01,-2.155471179502903567e-01
1.038027382089319106e+00,-3.316997164172554302e-01,-1.911371884371112218e-01
1.024566750723288955e+00,-3.326188652463881179e-01,-1.639504414398056942e-01
1.016084944411395075e+00,-3.367247373369963714e-01,-1.350999055747506838e-01
1.012929209300616140e+00,-3.438492378032711461e-01,-1.057667251700555311e-01
1.015228741557170355e+00,-3.537006887590299908e-01,-7.715180407799082651e-02
1.022889398060291111e+00,-3.658757706446477687e-01,-5.042664053017612003e-02
1.035597550632651354e+00,-3.798760341772158267e-01,-2.668536586233240249e-02
1.052832926014794612e+00,-3.951283069227498612e-01,-6.899950648842467782e-03
1.085633380600806719e+00,-3.264010317085289659e-01,1.378155670914955888e-02
1.107638458065213216e+00,-3.402947805603344644e-01,2.939862917059933578e-02
1.132735967353323048e+00,-3.538875775446764238e-01,3.971868446664507390e-02
1.159898413486049273e+00,-3.666229319559300981e-01,4.431921832091169355e-02
1.188013762727265998e+00,-3.779794568881582051e-01,4.301188433686568835e-02
1.215930969375624615e+00,-3.874922148763002006e-01,3.585020492141911819e-02
1.242507099710808749e+00,-3.947717524906199649e-01,2.312738007130206441e-02
1.266654123834333179e+00,-3.995200446058779775e-01,5.364283730746655099e-03
1.287383459741425984e+00,-4.015426955849748514e-01,-1.671186084898951263e-02
1.303846445984457425e+00,-4.007568978591750097e-01,-4.219725371497519417e-02
1.315369085972318830e+00,-3.971948220796999718e-01,-7.004851988887048075e-02
1.321479641470054478e+00,-3.910023000474876498e-01,-9.912542526113117536e-02
1.321927945617627165e+00,-3.824328543421272042e-01,-1.282375579094256757e-01
1.316695644790562003e+00,-3.718373190776632087e-01,-1.561930637026024138e-01
1.305996949999488344e+00,-3.596494767127453307e-01,-1.818474409488562982e-01
1.290269867066195619e+00,-3.463682989458040651e-01,-2.041503964294643925e-01
1.270158264613826971e+00,-3.325375187550900224e-01,-2.221888445265645662e-01
1.246485514009795237e+00,-3.187233699066587822e-01,-2.352242890556338617e-01
1.220220780445259390e+00,-3.054914052774586608e-01,-2.427230573860524876e-01
1.192439345198326839e+00,-2.933833430540989107e-01,-2.443781490613052831e-01
1.164278583492187158e+00,-2.828948887266407586e-01,-2.401218044337423696e-01
1.136891400219838477e+00,-2.744554408475914919e-01,-2.301282787525154028e-01
1.111399029882308209e+00,-2.684105114047123930e-01,-2.148067081332031836e-01
1.088845133116441488e+00,-2.650075805196439593e-01,-1.947843594771686004e-01
1.070153069105802768e+00,-2.643859645826482363e-01,-1.708809500909156398e-01
1.056088093147212081e+00,-2.665711126232226946e-01,-1.440750883632489487e-01
1.047226027008978599e+00,-2.714735644238421841e-01,-1.154642094228541804e-01
1.043929684720050322e+00,-2.788926130317757046e-01,-8.621964601518661286e-02
1.046334018921039499e+00,-2.885245217253132877e-01,-5.753867400224649264e-02
1.054340595887260701e+00,-2.999749590308402047e-01,-3.059549574811468164e-02
1.067621625416983466e+00,-3.127751426996990269e-01,-6.493168136204402474e-03
1.085633380600806719e+00,-3.264010317085289659e-01,1.378155670914954500e-02
1.111422136716770703e+00,-2.549207675684453389e-01,3.527449537168855787e-02
1.134169665507432700e+00,-2.667576081350548911e-01,5.151000530998178784e-02
1.160113380550042761e+00,-2.780060526132332455e-01,6.253492210091202153e-02
1.188191143102499181e+00,-2.882055883644076832e-01,6.789788435568583358e-02
1.217253446266907790e+00,-2.969386451965305707e-01,6.737933176947147329e-02
1.246110475937041606e+00,-3.038476907368041213e-01,6.100049394607590103e-02
1.273580821927648765e+00,-3.086498678490312009e-01,4.902252125547061634e-02
1.298539845046244867e+00,-3.111485748380053984e-01,3.193579330696093288e-02
1.319965719953793970e+00,-3.112415143460125488e-01,1.043984275036420606e-02
1.336981268814147805e+00,-3.089248814186747460e-01,-1.458528367286558713e-02
1.348889873057721234e+00,-3.042935192802301847e-01,-4.211505434663394970e-02
1.355203993027580545e+00,-2.975370364407886603e-01,-7.102239722494602114e-02
1.355665127910282486e+00,-2.889320441016499097e-01,-1.001238422938951628e-01
1.350254398789548116e+00,-2.788308316602219339e-01,-1.282279729730839701e-01
1.339193321551313876e+00,-2.676469439406989892e-01,-1.541842028504113726e-01
1.322934737997334409e+00,-2.558382506203691897e-01,-1.769298808249720467e-01
1.302144276448612192e+00,-2.438882009912294868e-01,-1.955337961679837477e-01
1.277673100843727427e+00,-2.322860314891680433e-01,-2.092343023994363838e-01
1.250523063987184935e+00,-2.215067362967962916e-01,-2.174704991844731150e-01
1.221805691577885877e+00,-2.119916210258033507e-01,-2.199051956590025725e-01
1.192696676216414398e+00,-2.041302356133621876e-01,-2.164387150632927637e-01
1.164387744411833792e+00,-1.982444261019317977e-01,-2.072129755202262724e-01
1.138037867158381511e+00,-1.945751582244633626e-01,-1.926056798906745637e-01
1.114725811526793064e+00,-1.932726522389810742e-01,-1.732148525739958811e-01
1.095405975813675825e+00,-1.943902328935685764e-01,-1.498343563188604954e-01
1.080869316363109345e+00,-1.978821463049168783e-01,-1.234213913890453290e-01
1.071710965720984454e+00,-2.036054331276829776e-01,-9.505730767216863386e-02
1.068305867838650558e+00,-2.113257813268851759e-01,-6.590333408823763339e-02
1.070793427823492294e+00,-2.207271189401457667e-01,-3.715303774122494934e-02
1.079071804677454338e+00,-2.314245541009675722e-01,-9.983459141593625796e-03
1.092802080679467602e+00,-2.429801325569713177e-01,1.449307597049745433e-02
1.111422136716770703e+00,-2.549207675684453389e-01,3.527449537168854399e-02
1.129991758472169261e+00,-1.813528588894152971e-01,5.737383296802961441e-02
1.153270733995324093e+00,-1.910856133457330408e-01,7.424141824047224281e-02
1.179820133817907957e+00,-1.999360509215455939e-01,8.598670527038244915e-02
1.208553022391761989e+00,-2.075418336626168869e-01,9.212884062674310537e-02
1.238293071882701657e+00,-2.135915799298859774e-01,9.241636456639458486e-02
1.267822721170260403e+00,-2.178376124003558456e-01,8.683750582546488628e-02
1.295933022943018820e+00,-2.201060980057978345e-01,7.562066353629574855e-02
1.321473138143580472e+00,-2.203041646789893893e-01,5.922505654012875931e-02
1.343397451454797942e+00,-2.184237035470582011e-01,3.832192291378901106e-02
1.360808378913712646e+00,-2.145417009096903804e-01,1.376703940395279657e-02
1.372993115104459427e+00,-2.088170864109756275e-01,-1.343431417341092726e-02
1.379452815495743279e+00,-2.014842264411050576e-01,-4.216851120682148235e-02
1.379923019194562839e+00,-1.928433291488195755e-01,-7.125917029360628874e-02
1.374384476006241584e+00,-1.832481538845276980e-01,-9.951531643274505456e-02
1.363063934539660682e+00,-1.730915282509347120e-01,-1.257801396813452433e-01
1.346424859092568926e+00,-1.627892656948328187e-01,-1.489783550896234821e-01
1.325148455368778899e+00,-1.527631420557332420e-01,-1.681602249930902460e-01
1.300105781836613517e+00,-1.434236280134402464e-01,-1.825404413841236195e-01
1.272322088492869208e+00,-1.351530843701916063e-01,-1.915302765140710073e-01
1.242934843007483803e+00,-1.282901081544895183e-01,-1.947616854764516181e-01
1.213147162663483991e+00,-1.231156704189703133e-01,-1.921023740086710840e-01
1.184178558594056963e+00,-1.198416132524967592e-01,-1.836612146346762175e-01
1.157215008853471394e+00,-1.186019769401496782e-01,-1.697837894110324486e-01
1.133360404336189342e+00,-1.194475123382076343e-01,-1.510382417569240410e-01
1.113591355353945600e+00,-1.223436031281279202e-01,-1.281920165958184976e-01
1.098717209094837832e+00,-1.271716830126950193e-01,-1.021804410701289134e-01
1.089346914854351756e+00,-1.337340898341594086e-01,-7.406843213810745952e-02
1.085864093579655743e+00,-1.417621578862003351e-01,-4.500689874845179711e-02
1.088411332382949848e+00,-1.509272171195092660e-01,-1.618562349271968070e-02
1.096884347008339589e+00,-1.608540489322257960e-01,1.121544723376319275e-02
1.110936251241524397e+00,-1.711362476635840679e-01,3.607451037596551280e-02
1.129991758472169039e+00,-1.813528588894152971e-01,5.737383296802960053e-02
1.141200690919464966e+00,-1.063958643757341588e-01,7.987240591347893881e-02
1.164798886503882080e+00,-1.139947568031093872e-01,9.738053667248680600e-02
1.191712165408599367e+00,-1.204128041543825883e-01,1.098559817720198006e-01
1.220838694833081384e+00,-1.253872508169041056e-01,1.167879950239005815e-01
1.250986031240468366e+00,-1.287144423598376441e-01,1.178927789911201340e-01
1.280919939136079932e+00,-1.302581631704870790e-01,1.131251036882538474e-01
1.309414920813584793e+00,-1.299552131374849540e-01,1.026801583023791709e-01
1.335304388375088136e+00,-1.278179950707774848e-01,8.698556012482280830e-02
1.357528423976738452e+00,-1.239340069291281349e-01,6.668384784901082440e-02
1.375177172989790808e+00,-1.184622596434052461e-01,4.260617596086493236e-02
1.387528093556011033e+00,-1.116267671903893310e-01,1.573828717649213005e-02
1.394075537536246578e+00,-1.037073754342431320e-01,-1.281984398043247049e-02
1.394551451804654452e+00,-9.502830520395227909e-02,-4.189904426490642653e-02
1.388936352375168548e+00,-8.594487865449235153e-02,-7.030880780062243041e-02
1.377460122078178140e+00,-7.682897233605551213e-02,-9.688603553042279826e-02
1.360592599130441949e+00,-6.805379252439211490e-02,-1.205426526283578104e-01
1.339024341903289894e+00,-5.997859611203147645e-02,-1.403101544109035537e-01
1.313638357381764488e+00,-5.293398258889094044e-02,-1.553792570324997735e-01
1.285473950754903116e+00,-4.720835926031483748e-02,-1.651330296612738835e-01
1.255684176139187036e+00,-4.303613381810723199e-02,-1.691721516997843344e-01
1.225488630407533419e+00,-4.058811766208779426e-02,-1.673312610171977244e-01
1.196123522750022428e+00,-3.996453286131362859e-02,-1.596857238943547030e-01
1.168791064124405921e+00,-4.119090905079655224e-02,-1.465485495193768473e-01
1.144610248598244118e+00,-4.421703824524602505e-02,-1.284575753547282650e-01
1.124571041600303412e+00,-4.891903035988622722e-02,-1.061534480083088927e-01
1.109493850619586386e+00,-5.510438528508315725e-02,-8.054930107430477437e-02
1.099995937626338183e+00,-6.251987386345091158e-02,-5.269337133655360023e-02
1.096466148294459986e+00,-7.086190512130820240e-02,-2.372608383145164562e-02
1.099048992613931297e+00,-7.978895531881130543e-02,5.166637287030425435e-03
1.107638728634841696e+00,-8.893554997199057399e-02,3.280192062155139199e-02
1.121883691555243923e+00,-9.792722642106560516e-02,5.804837442538805098e-02
1.141200690919464744e+00,-1.063958643757341449e-01,7.987240591347891105e-02
1.145074309465259343e+00,-2.599218101954704416e-02,1.039952210039234021e-01
1.168752472032183132e+00,-3.251715428223153626e-02,1.218255879382666024e-01
1.195756917940288711e+00,-3.771087142799808140e-02,1.346684009885183997e-01
1.224982082001210504e+00,-4.136070106666311225e-02,1.419978738794349937e-01
1.255231482564483025e+00,-4.331721874398294231e-02,1.435139371296857702e-01
1.285266705616892713e+00,-4.350032439636700859e-02,1.391545229316755450e-01
1.313858105597684789e+00,-4.190252165689272584e-02,1.290981062148803538e-01
1.339835147232298684e+00,-3.858922475744799852e-02,1.137563978612645688e-01
1.362134327384040944e+00,-3.369608046239197519e-02,9.375748921339936703e-02
1.379842714997456365e+00,-2.742341467408427116e-02,6.992013794110037150e-02
1.392235326603004752e+00,-2.002803106690514284e-02,4.322024800622532165e-02
1.398804807225484836e+00,-1.181269751465319554e-02,1.475091603981192045e-02
1.399282201556331096e+00,-3.113750738218326510e-03,-1.432232016243040890e-02
1.393647965015547108e+00,5.712673359289383544e-03,-4.280919889442168919e-02
1.382132763909107664e+00,1.430521993825716737e-02,-6.954346399380804955e-02
1.365208031923288656e+00,2.231210913216072692e-02,-9.343061150627783584e-02
1.343566669574161265e+00,2.940553795663212316e-02,-1.134926988060498687e-01
1.318094676779050900e+00,3.529510060215498846e-02,-1.289083816818763495e-01
1.289834879915821242e+00,3.973967768202740086e-02,-1.390465402655550742e-01
1.259944238388438276e+00,4.255730768838374145e-02,-1.434921171534872253e-01
1.229646478573034107e+00,4.363263651770631080e-02,-1.420631099055476576e-01
1.200181994316287470e+00,4.292164008137688141e-02,-1.348180222463683797e-01
1.172757065065598958e+00,4.045342665703730717e-02,-1.220534689159777086e-01
1.148494470646784338e+00,3.632904519228281198e-02,-1.042920322274932671e-01
1.128387524526083707e+00,3.071734834887469845e-02,-8.226086748582177310e-02
1.113259407440144289e+00,2.384807965492847376e-02,-5.686193316403919534e-02
1.103729466279942839e+00,1.600246777787909386e-02,-2.913506461752742374e-02
1.100187857956298476e+00,7.501712989793209857e-03,-2.154031023493013677e-04
1.102779576330102485e+00,-1.306162809508645698e-03,2.871307704114775539e-02
1.111398516146617332e+00,-1.006056414992161606e-02,5.646604043693695396e-02
1.125691816997072658e+00,-1.840308481197069218e-02,8.190727750275988983e-02
1.145074309465259343e+00,-2.599218101954703722e-02,1.039952210039233743e-01
