nx,ny,nz
1.423212740764372673e-02,-2.866909418058037340e-01,9.579174027211071474e-01
2.149917322023483790e-01,-2.708416395078018235e-01,9.383087772121486703e-01
4.069495502202336024e-01,-2.439040486658092810e-01,8.802856801175253931e-01
5.822468058375612765e-01,-2.069809974139296405e-01,7.862235838497151352e-01
7.337068088128052556e-01,-1.615841198086890862e-01,6.599734016817487836e-01
8.551287688283639721e-01,-1.095719693531526095e-01,5.067038309053487621e-01
9.415416565747253275e-01,-5.307392959813807959e-02,3.326897457565109462e-01
9.894077182744698273e-01,5.596963070546369899e-03,1.450553033270153835e-01
9.967673117375859260e-01,6.403871541350748819e-02,-4.851772026396299758e-02
9.633191343429781117e-01,1.198587152232099412e-01,-2.401044226867445064e-01
8.904325584031757002e-01,1.707716851488729759e-01,-4.218612218336585951e-01
7.810915689009639840e-01,2.146932422197198043e-01,-5.863469729921126916e-01
6.397725987935848346e-01,2.498252327287062147e-01,-7.268276101834248992e-01
4.722612633215083622e-01,2.747293488565608621e-01,-8.375518396152091816e-01
2.854154962407079443e-01,2.883860131629000234e-01,-9.139865983249841896e-01
8.688478520891673718e-02,2.902361202064325796e-01,-9.530026383104696075e-01
-1.152029991378560325e-01,2.802039263874178121e-01,-9.530026383104696075e-01
-3.125743591641475527e-01,2.587001508995390719e-01,-9.139865983249843007e-01
-4.971488882003318732e-01,2.266051608378561177e-01,-8.375518396152092926e-01
-6.613700833410813829e-01,1.852329288664955331e-01,-7.268276101834250102e-01
-7.985147095621628610e-01,1.362772390233952524e-01,-5.863469729921124696e-01
-9.029680497522747373e-01,8.174234300278139520e-02,-4.218612218336583730e-01
-9.704537718912873423e-01,2.386090585531591354e-02,-2.401044226867445619e-01
-9.982090025855935300e-01,-3.499739958140376389e-02,-4.851772026396301146e-02
-9.850974394294668146e-01,-9.242290736724088906e-02,1.450553033270153558e-01
-9.316558713590624707e-01,-1.460646104662325362e-01,3.326897457565109462e-01
-8.400722024503007868e-01,-1.937264112508733649e-01,5.067038309053487621e-01
-7.140958788689313330e-01,-2.334570299970163409e-01,6.599734016817487836e-01
-5.588843861039650696e-01,-2.636298905050449837e-01,7.862235838497151352e-01
-3.807921009057764761e-01,-2.830097123206001819e-01,8.802856801175252821e-01
-1.871101423553340470e-01,-2.908030832615209338e-01,9.383087772121486703e-01
1.423212740764348214e-02,-2.866909418058037340e-01,9.579174027211071474e-01
1.418841324552874532e-02,-2.861038810590835202e-01,9.580935539771165965e-01
2.142705944722382572e-01,-2.611570971570246202e-01,9.412146848349890460e-01
4.055805123855285577e-01,-2.255185110127011505e-01,8.858023759076876225e-01
5.802859164680685966e-01,-1.806471705302177266e-01,7.941252136333654121e-01
7.312343469497055715e-01,-1.283801136610858984e-01,6.699364718071424418e-01
8.522459573508340824e-01,-7.085715985464637046e-02,5.183204521109420204e-01
9.383665181233713515e-01,-1.043330559839483751e-02,3.454843322052523757e-01
9.860702433905533804e-01,5.041768941491632516e-02,1.585040431463943245e-01
9.934041370349918632e-01,1.092045782997538156e-01,-3.496542006231142391e-02
9.600679485891878695e-01,1.635206189180062886e-01,-2.270033948654036626e-01
8.874264655249483047e-01,2.111421061848987035e-01,-4.097478240109401759e-01
7.784536386939351349e-01,2.501194108164372376e-01,-5.757171290981434320e-01
6.376108284303735330e-01,2.788567973813678713e-01,-7.181165072761784840e-01
4.706641559347808368e-01,2.961777538972228396e-01,-8.311161112712195376e-01
2.844484375945282584e-01,3.013731583691171001e-01,-9.100897240188203785e-01
8.658736679788328616e-02,2.942303103275370479e-01,-9.518041565340885635e-01
-1.148186009690506104e-01,2.750416388105541565e-01,-9.545516150486114126e-01
-3.115238817216987588e-01,2.445927302846467866e-01,-9.182196182879914792e-01
-4.954753381541587842e-01,2.041301666424605032e-01,-8.442956024684371563e-01
-6.591419760267070993e-01,1.553104899936555983e-01,-7.358060254833038716e-01
-7.958232639548287191e-01,1.001323836363026409e-01,-5.971924633613467925e-01
-8.999234539513760733e-01,4.085484572782405177e-02,-4.341297716222413117e-01
-9.671806720066378205e-01,-2.009529436499221319e-02,-2.532937560248388897e-01
-9.948413997110442386e-01,-8.022273074540886562e-02,-6.208786429502701626e-02
-9.817732036223792980e-01,-1.370658391033378332e-01,1.316599118940375290e-01
-9.285110972239609683e-01,-1.882974559038239348e-01,3.200175158207774762e-01
-8.372356374097719156e-01,-2.318201527355957525e-01,4.952735650493531039e-01
-7.116836522290164169e-01,-2.658521052766609216e-01,6.502530563326354152e-01
-5.569952547067263948e-01,-2.890000413914035615e-01,7.786111110881694941e-01
-3.795034060125794806e-01,-3.003162818555191182e-01,8.750927354728328389e-01
-1.864746432865207748e-01,-2.993375384548049301e-01,9.357479604482080715e-01
1.418841324552850072e-02,-2.861038810590835202e-01,9.580935539771165965e-01
1.402041672951115370e-02,-2.849808896496248134e-01,9.584306550028736105e-01
2.113992756735784961e-01,-2.419634470674151827e-01,9.469762597488591283e-01
4.001234234332092798e-01,-1.890399925327676811e-01,8.967525451557402105e-01
5.724664712249785126e-01,-1.283772184925726645e-01,8.098156759999951548e-01
7.213726744228426968e-01,-6.245866604360907071e-02,6.897248579195085494e-01
8.407457955721455711e-01,6.016951531761571825e-03,5.413966231165673326e-01
9.256986850672881406e-01,7.424623440446008471e-02,3.709035469518319750e-01
9.727533616307987296e-01,1.394358677170779159e-01,1.852256359955720966e-01
9.799834012754774504e-01,1.989169802223396954e-01,-8.035434261434626704e-03
9.470928053287777093e-01,2.502544081855461178e-01,-2.009675328956547213e-01
8.754281186532381076e-01,2.913463912739919226e-01,-3.856719971204445319e-01
7.679233019415985240e-01,3.205106188719329952e-01,-5.545870044685874412e-01
6.289796150213130543e-01,3.365531040748583891e-01,-7.007971546925803041e-01
4.642854287600884367e-01,3.388170656536484970e-01,-8.183165870632894690e-01
2.805833424942040799e-01,3.272098167552632275e-01,-9.023340422115110337e-01
8.539414121946413416e-02,3.022065595133966442e-01,-9.494098356518454462e-01
-1.132911062301862337e-01,2.648309302172884849e-01,-9.576166788696740539e-01
-3.073382024796329492e-01,2.166130915217714670e-01,-9.266185827393957908e-01
-4.888028366088581489e-01,1.595270874083956070e-01,-8.576846129587064604e-01
-6.502558251754219087e-01,9.591002559288309970e-02,-7.536369343498242612e-01
-7.850872638574889484e-01,2.836639606064830788e-02,-6.187352711000804195e-01
-8.877771377133931718e-01,-4.033855705921929324e-02,-4.585025131531920151e-01
-9.541213112419266729e-01,-1.073920449135032651e-01,-2.794986084460539533e-01
-9.814036461837217784e-01,-1.700488898309989449e-01,-8.905199786944240081e-02
-9.685072005407230344e-01,-2.257439132189173192e-01,1.050404119631096200e-01
-9.159599563128227873e-01,-2.721969542758696514e-01,2.948324549881675694e-01
-8.259132038527506880e-01,-3.075062200429837800e-01,4.725540226646673392e-01
-7.020534677862657613e-01,-3.302261450310913782e-01,6.309291731305355366e-01
-5.494515802608312960e-01,-3.394265728417015238e-01,7.634740091174093690e-01
-3.743550804816989097e-01,-3.347308368792435429e-01,8.647621294666295588e-01
-1.839324397227915797e-01,-3.163311811257460415e-01,9.306467866302499115e-01
1.402041672951090910e-02,-2.849808896496248134e-01,9.584306550028733884e-01
1.375515594700500027e-02,-2.839306780405367880e-01,9.587461424967052004e-01
2.066354055561910597e-01,-2.231024919944409046e-01,9.526421611688709046e-01
3.910559773832774644e-01,-1.531404637126627943e-01,9.075368978320816904e-01
5.594666715491660725e-01,-7.690884685324780867e-02,8.252769672669892920e-01
7.049727344472890289e-01,2.471427232744932267e-03,7.092301006960599619e-01
8.216171307663608925e-01,8.175052079744873912e-02,5.641472704716353759e-01
9.046244252159439947e-01,1.576827384354266282e-01,3.959681847096124252e-01
9.505962894083296311e-01,2.271594062349230614e-01,2.115781149412916951e-01
9.576506298220167634e-01,2.873361412530648362e-01,1.852601228790157553e-02
9.254986409316192653e-01,3.357493008877430740e-01,-1.752845474852693097e-01
8.554566289400080681e-01,3.704168446952092464e-01,-3.619189372893335532e-01
7.503921220477071108e-01,3.899194793587223429e-01,-5.337363232771028532e-01
6.146064735114422639e-01,3.934587647236957308e-01,-6.837024814785522819e-01
4.536587637364247749e-01,3.808898020314393507e-01,-8.056777797566393451e-01
2.741382108713965593e-01,3.527271660913641749e-01,-8.946685350683698523e-01
8.339440744342115075e-02,3.101238385278263232e-01,-9.470314554353120862e-01
-1.107635728237146705e-01,2.548240045769554762e-01,-9.606227967452611871e-01
-3.003868794052803604e-01,1.890916459381548620e-01,-9.348861278880733483e-01
-4.777123118500342658e-01,1.156178530973211022e-01,-8.708751111106919351e-01
-6.354801461188342993e-01,3.741065176616212296e-02,-7.712103649609579614e-01
-7.672313485397829202e-01,-4.232814604386862106e-02,-6.399721758563517993e-01
-8.675720094056565967e-01,-1.203340245815172072e-01,-4.825334506786489452e-01
-9.323941702710800694e-01,-1.934134140141510194e-01,-3.053397493348891656e-01
-9.590440042539420951e-01,-2.585744355519341564e-01,-1.156454027774617421e-01
-9.464304640197619412e-01,-3.131493893170150811e-01,7.878348015743276422e-02
-8.950699493877550816e-01,-3.549039702899663973e-01,2.699869581580161548e-01
-8.070651658615598523e-01,-3.821287410198006551e-01,4.501371383694897088e-01
-6.860190396188617923e-01,-3.937091161940634576e-01,6.118586512472482530e-01
-5.368872132903530492e-01,-3.891709938924845513e-01,7.485305990526055497e-01
-3.657751613681681779e-01,-3.687001653752972063e-01,8.545576161841383911e-01
-1.796882313628138661e-01,-3.331347087672150153e-01,9.255989441028359410e-01
1.375515594700476608e-02,-2.839306780405368436e-01,9.587461424967052004e-01
1.337926965524676749e-02,-2.828893119597349348e-01,9.590592433851196086e-01
1.999740698556674579e-01,-2.046477379811602604e-01,9.581908341893868863e-01
3.783819081402414741e-01,-1.180278615645486695e-01,9.180939796592978430e-01
5.412987466475678300e-01,-2.657591062779954272e-02,8.404102497304952735e-01
6.820547508672403225e-01,6.596406121258859001e-02,7.283200254337145463e-01
7.948873534483776870e-01,1.558034566364852602e-01,5.864122937217081111e-01
8.751771743840400797e-01,2.392642402395553647e-01,4.204967738042160730e-01
9.196371389714680378e-01,3.129295177348634938e-01,2.373660665609062803e-01
9.264470510366283884e-01,3.737834240064492608e-01,4.451756466326442507e-02
8.953281119794427312e-01,4.193345929815233686e-01,-1.501534915622832200e-01
8.275543348212321959e-01,4.477181544502114030e-01,-3.386772462009850493e-01
7.259003859619347354e-01,4.577720820710582394e-01,-5.133355145873315095e-01
5.945279900116819949e-01,4.490847668659800895e-01,-6.669777666921107295e-01
4.388155482962782239e-01,4.220118685401891279e-01,-7.933138706619549119e-01
2.651379464749871184e-01,3.776617547320737511e-01,-8.871716115564766136e-01
8.060556597262406864e-02,3.178501243118551645e-01,-9.447084424356378962e-01
-1.072268158714099889e-01,2.450256724565053612e-01,-9.635687986829554186e-01
-2.906693192750526289e-01,1.621698407814922693e-01,-9.429805350976663281e-01
-4.622117865953797589e-01,7.267475677073756413e-02,-8.837865376099701686e-01
-6.148312490649130435e-01,-1.979564032113248148e-02,-7.884102154320128397e-01
-7.422794479581248384e-01,-1.114556015723665999e-01,-6.607562864000019465e-01
-8.393386390377987061e-01,-1.985525573997506399e-01,-5.060509173672079752e-01
-9.020352076171624933e-01,-2.775207481982540081e-01,-3.306277643189423077e-01
-9.278023488120429318e-01,-3.451272069582175250e-01,-1.416686717523463201e-01
-9.155851528344111090e-01,-3.986041173145865590e-01,5.309035288115284551e-02
-8.658837931230510820e-01,-4.357621282741013236e-01,2.456758522298460312e-01
-7.807330491842073839e-01,-4.550799865021982749e-01,4.282033533225622079e-01
-6.636190024795239895e-01,-4.557668166132672893e-01,5.932001588184951935e-01
-5.193363158414069369e-01,-4.377944997018619055e-01,7.339112801143395926e-01
-3.537919394133166029e-01,-4.018988245339927823e-01,8.445759873713890586e-01
-1.737632794168573191e-01,-3.495493642685952307e-01,9.206636544719889459e-01
1.337926965524653677e-02,-2.828893119597349903e-01,9.590592433851193865e-01
1.284627366511066800e-02,-2.817727759444883517e-01,9.593951615416123069e-01
1.914074647590977285e-01,-1.867021562212010932e-01,9.635898958046658080e-01
3.621324117564252432e-01,-8.398792828564594082e-02,9.283351465164711991e-01
5.180316152676930352e-01,2.216477530208615931e-02,8.550742472551439155e-01
6.527225435837710199e-01,1.274100503847002130e-01,7.468065078442328586e-01
7.606909342738871205e-01,2.274391430345195086e-01,6.079644222561401135e-01
8.375165487374405249e-01,3.181568504455408730e-01,4.442322017880944163e-01
8.800541372916669269e-01,3.958491790174791802e-01,2.623130627837768070e-01
8.865622060632020185e-01,4.573353956901382578e-01,6.965479616861507128e-02
8.567743139518734230e-01,5.000982475286156470e-01,-1.258551459857807642e-01
7.919099807606476693e-01,5.223870183542225210e-01,-3.162125636761671799e-01
6.946247599116089910e-01,5.232892032705389607e-01,-4.936242018562523315e-01
5.689015197768452214e-01,5.027678667210887520e-01,-6.508268072139615779e-01
4.198873845793273385e-01,4.616631546353613391e-01,-7.813844866154283642e-01
2.536830105224587295e-01,4.016578987557445912e-01,-8.799521933260805451e-01
7.709282420831264915e-02,3.252087213082686112e-01,-9.424945538519704513e-01
-1.026535513869439586e-01,2.354454606000297712e-01,-9.664510766047527124e-01
-2.781972785271389914e-01,1.360430350711588077e-01,-9.508409787281567604e-01
-4.423515763976406667e-01,3.107099170209657105e-02,-8.963033394633586060e-01
-5.883959487563195090e-01,-7.517310171793593898e-02,-8.050709361697596655e-01
-7.103513218393265882e-01,-1.783395995211720375e-01,-6.808788341575522374e-01
-8.032248283434948455e-01,-2.742048531659977972e-01,-5.288114726750685612e-01
-8.632142160003704046e-01,-3.588441279045054833e-01,-3.550945073685579101e-01
-8.878635122308270455e-01,-4.287922818842079264e-01,-1.668399312085453168e-01
-8.761635719510204590e-01,-4.811856294626170039e-01,2.824509133800461383e-02
-8.285933920906904948e-01,-5.138791808339157052e-01,2.221737565265193559e-01
-7.471005014025779989e-01,-5.255344581636339774e-01,4.070066020185303945e-01
-6.350212284064622459e-01,-5.156742930284559101e-01,5.751765494026576109e-01
-4.969441117075598657e-01,-4.847023617475363921e-01,7.197987012738650270e-01
-3.385220446868959510e-01,-4.338866588265631874e-01,8.349522097421638867e-01
-1.662408453820993226e-01,-3.653075851137129737e-01,9.159226766408998799e-01
1.284627366511044769e-02,-2.817727759444884073e-01,9.593951615416120848e-01
1.206077093656270256e-02,-2.804750613414791482e-01,9.597855373831736259e-01
1.808582105329287482e-01,-1.692739274415685780e-01,9.688326197911232285e-01
3.422512937401392952e-01,-5.114269906335819349e-02,9.382155809118252199e-01
4.896325687688090622e-01,6.908231742351805815e-02,8.691878859143469249e-01
6.169682289026995337e-01,1.864790957182477782e-01,7.645755367422950588e-01
7.190451372546249331e-01,2.962413979239090223e-01,6.286613752622024487e-01
7.916842532031295177e-01,3.938755424916792758e-01,4.670097432143002769e-01
8.319117228065479042e-01,4.753843760714288047e-01,2.862386774078896079e-01
8.380806287327892123e-01,5.374309174395216493e-01,9.374896651678336912e-02
8.099384152484174759e-01,5.774749739021889372e-01,-1.025788380785558201e-01
7.486372278800522695e-01,5.938771370828719309e-01,-2.947070529904573521e-01
6.566867444411386145e-01,5.859659004937816107e-01,-4.747699265263211066e-01
5.378514285273884310e-01,5.540651510904058830e-01,-6.353956634870993048e-01
3.969964119348675102e-01,4.994809093014980217e-01,-7.700082273288954005e-01
2.398883155926353483e-01,4.244478603992718480e-01,-8.730965638717211874e-01
7.295916342436031821e-02,3.320378662217933763e-01,-9.404402245051483034e-01
-9.695694546684564818e-02,2.260342027884019722e-01,-9.692821518503001998e-01
-2.629036256186815801e-01,1.107766725349622894e-01,-9.584415540128837785e-01
-4.180870004478244306e-01,-9.016067707765085260e-03,-9.083622463420790716e-01
-5.561538443554965294e-01,-1.284396890791936474e-01,-8.210944815779973593e-01
-6.714516845299527414e-01,-2.426049744886975279e-01,-7.002110122636070466e-01
-7.592602138475293971e-01,-3.468379837377597585e-01,-5.506608218358443052e-01
-8.159845408009008816e-01,-4.368714051808653132e-01,-3.785665126622226317e-01
-8.393023647797711595e-01,-5.090192599656558903e-01,-1.909736459805332076e-01
-8.282590513307169777e-01,-5.603278064402288372e-01,4.437704206049998025e-03
-7.833067150038767190e-01,-5.886964666834171300e-01,1.996673742610294566e-01
-7.062857097301467046e-01,-5.929638244116883783e-01,3.867226385538418687e-01
-6.003492845150172341e-01,-5.729551734982538669e-01,5.579454325862794883e-01
-4.698344890537972107e-01,-5.294896704624266759e-01,7.063258750528299545e-01
-3.200846144075063515e-01,-4.643467981054730798e-01,8.257892532049512235e-01
-1.572304380390268097e-01,-3.801935132756491531e-01,9.114447223047441593e-01
1.206077093656249266e-02,-2.804750613414792038e-01,9.597855373831734038e-01
1.087060082119333145e-02,-2.788873376785624969e-01,9.602622990206102216e-01
1.682211086869976058e-01,-1.524156435942633225e-01,9.738948250092829273e-01
3.186846245980152204e-01,-1.970403515313728926e-02,9.476559824342924987e-01
4.561011545341366324e-01,1.138142588022840185e-01,8.826199925935920287e-01
5.748448496140201591e-01,2.426729836297321641e-01,7.814494365526639674e-01
6.700543290093039506e-01,3.615966479945143530e-01,6.482862487628600068e-01
7.378317054469060166e-01,4.657165031045988890e-01,4.885821457783044441e-01
7.754021651719672503e-01,5.507698698582154107e-01,3.088754323396205037e-01
7.812275691490024876e-01,6.132746534271248384e-01,1.165233224096302728e-01
7.550694246547356991e-01,6.506719006280154982e-01,-8.059926603071933260e-02
6.979986491982134167e-01,6.614305637664931181e-01,-2.744221110497599425e-01
6.123517270321573447e-01,6.451101819095789169e-01,-4.570100825991939564e-01
5.016350532131319540e-01,6.023789134080589358e-01,-6.208880076706123630e-01
3.703813813759448403e-01,5.349861814150959072e-01,-7.593467047567528105e-01
2.239642522672620484e-01,4.456910522967914012e-01,-8.667176585307020398e-01
6.837800035607528859e-02,3.381492791309813617e-01,-9.386050895294036911e-01
-9.000765492376310017e-02,2.167636347466956603e-01,-9.720659178813564338e-01
-2.447083862355721451e-01,8.650366168723454263e-02,-9.657302533423504087e-01
-3.893907274628823911e-01,-4.729778144545061791e-02,-9.198574787630219296e-01
-5.181313665563945792e-01,-1.791628478485057241e-01,-8.363256309244708753e-01
-6.256596466252374311e-01,-3.036929662099024929e-01,-7.185545134917823429e-01
-7.075733472493558329e-01,-4.157898588522570549e-01,-5.713656898501701109e-01
-7.605189119007471632e-01,-5.108642658199663567e-01,-4.007850877334738215e-01
-7.823287429417442596e-01,-5.850238297210036409e-01,-2.137962970347208058e-01
-7.721099433269819068e-01,-6.352324492958816293e-01,-1.805466081536807876e-02
-7.302808719133466742e-01,-6.594345777599426306e-01,1.784261353390984295e-01
-6.585540157992200161e-01,-6.566393771302386773e-01,3.676021445486014616e-01
-5.598658809014618321e-01,-6.269612832489718235e-01,5.417284787688666503e-01
-4.382567710581501408e-01,-5.716153207666694325e-01,6.936763854179410771e-01
-2.987053775147334722e-01,-4.928673598902308384e-01,8.172250993444902800e-01
-1.469249507194721194e-01,-3.939413513904305164e-01,9.073165216840040070e-01
1.087060082119313716e-02,-2.788873376785626079e-01,9.602622990206099995e-01
9.056350656236882013e-03,-2.769086087819634390e-01,9.608535814031328171e-01
1.533654021719231264e-01,-1.362131284568403322e-01,9.787364492306612762e-01
2.913956561030212056e-01,1.005893335166885456e-02,9.565497318300364427e-01
4.174961376357257947e-01,1.559191812468862792e-01,8.952017560184686307e-01
5.265042782399103061e-01,2.953960795421301522e-01,7.972041151337644349e-01
6.139572718313272004e-01,4.227794276333536883e-01,6.665688441079778981e-01
6.762747825770529797e-01,5.328541362827942107e-01,5.086441662858969259e-01
7.109055242651611817e-01,6.211137339851143802e-01,3.298955365329194200e-01
7.164317102620013644e-01,6.839448624403191568e-01,1.376409447532046526e-01
6.926270978635634679e-01,7.187752078671080236e-01,-6.024868347683069725e-02
6.404662506983627157e-01,7.241788118313166045e-01,-2.556717235264051591e-01
5.620846399779819702e-01,6.999344501517534844e-01,-4.406275331746564161e-01
4.606912180547615421e-01,6.470346898441717842e-01,-6.075439998432001776e-01
3.404370435354596158e-01,5.676452533110216692e-01,-7.495875437747746561e-01
2.062453364541617373e-01,4.650163534118330055e-01,-8.609428855914129652e-01
6.360992106563231885e-02,3.433496293668623078e-01,-9.370511245154451441e-01
-8.162969196517241843e-02,2.076261311537437870e-01,-9.747963803029827679e-01
-2.235273758158414503e-01,6.340239473615651156e-02,-9.726333577472049408e-01
-3.562738226372583195e-01,-8.341704317139413127e-02,-9.306506112456891522e-01
-4.744343772995093800e-01,-2.268213775304215030e-01,-8.505669193729714639e-01
-5.731715328114461716e-01,-3.609396180429734757e-01,-7.356609178837542062e-01
-6.484429784252865314e-01,-4.802809481842412187e-01,-5.906368719798886779e-01
-6.971670923135808717e-01,-5.799595198762310666e-01,-4.214320831402809109e-01
-7.173491035289020212e-01,-6.558944806821377371e-01,-2.349738153007426555e-01
-7.081627581608089805e-01,-7.049770443845885248e-01,-3.889569185454099659e-02
-6.699841462680216075e-01,-7.251977650586486357e-01,1.587748257862353352e-01
-6.043763047072266970e-01,-7.157288040240883387e-01,3.499450834040732650e-01
-5.140252262205171618e-01,-6.769578216582180508e-01,5.267885481905468792e-01
-4.026298945769402615e-01,-6.104721065344936859e-01,6.820652279190734246e-01
-2.747508477423795115e-01,-5.189935916418203510e-01,8.094180770773317102e-01
-1.356234689193918375e-01,-4.062674181281730190e-01,9.036332550574580624e-01
9.056350656236706806e-03,-2.769086087819636055e-01,9.608535814031328171e-01
6.314484606184099860e-03,-2.744543619329192774e-01,9.615793937580767725e-01
1.360468390750710355e-01,-1.207112665370680682e-01,9.833209281352129905e-01
2.602094199673997132e-01,3.797376229378229828e-02,9.648051881791902540e-01
3.737189966329544366e-01,1.951041408345976780e-01,9.067902104593152934e-01
4.719284736662382462e-01,3.442469329258812660e-01,8.116511349799100383e-01
5.508171435383852899e-01,4.792962151358823308e-01,6.832829666694685278e-01
6.071552948358042157e-01,5.947230539833061602e-01,5.269411134212391712e-01
6.386364370249274502e-01,6.858018611236615936e-01,3.490262290765923647e-01
6.439717284456548674e-01,7.488038594913172252e-01,1.568221699047092077e-01
6.229427416403520157e-01,7.811497398706805928e-01,-4.180220732889525920e-02
5.764104057996286556e-01,7.815152581185410563e-01,-2.387151972829042179e-01
5.062797602201214442e-01,7.498854498748844799e-01,-4.258551590123060837e-01
4.154219617718566404e-01,6.875552432055509477e-01,-5.955605604958874588e-01
3.075567393986440856e-01,5.970764440950713237e-01,-7.408836426573728318e-01
1.871001079780685583e-01,4.821532652098361460e-01,-8.558748614383334674e-01
5.898357615354157812e-02,3.474906749963070363e-01,-9.358264628309823641e-01
-7.154775020898726523e-02,1.986017757200084777e-01,-9.774652188803906183e-01
-1.991499032714564854e-01,4.158209641101498488e-02,-9.790864340215488237e-01
-3.185988358948722010e-01,-1.171399588107344403e-01,-9.406237355160934621e-01
-4.250042947429780171e-01,-2.710662903554115211e-01,-8.636517907600129718e-01
-5.140100278284225332e-01,-4.138951361240016946e-01,-7.513218402154410169e-01
-5.819721299809569315e-01,-5.397790663890612572e-01,-6.082326852558809227e-01
-6.261082247532494538e-01,-6.435643782548053915e-01,-4.402424126976390850e-01
-6.446113752395510321e-01,-7.210020888591941457e-01,-2.542285640372688449e-01
-6.367240602849247866e-01,-7.689218892315389242e-01,-5.780656809462478285e-02
-6.027691874903332581e-01,-7.853619371142588346e-01,1.409820355377965351e-01
-5.441368733375151479e-01,-7.696491750154113021e-01,3.339988180706144338e-01
-4.632275316568913448e-01,-7.224268852614948999e-01,5.133416497484269980e-01
-3.633536004033103839e-01,-6.456283539434178875e-01,6.716682139704558407e-01
-2.486039300569826971e-01,-5.423977219567868158e-01,8.024966025948702120e-01
-1.236763856044005710e-01,-4.169612635042185822e-01,9.004706860197032592e-01
6.314484606183942000e-03,-2.744543619329194439e-01,9.615793937580767725e-01
2.258282700916347009e-03,-2.714866863554755705e-01,9.624395457850661861e-01
1.159965668906808162e-01,-1.060417050920499094e-01,9.875727584592157715e-01
2.249859380029229083e-01,6.374463603721558513e-02,9.722746263671729894e-01
3.247643583786001265e-01,2.309212642774408075e-01,9.171714568342401730e-01
4.112468877640654275e-01,3.886439488260509112e-01,8.245191800954431161e-01
4.808929212450125390e-01,5.304555044459977609e-01,6.981109912466485490e-01
5.308511420276694759e-01,6.505501493880498920e-01,5.431220563916575594e-01
5.590762546833530910e-01,7.440111947777584556e-01,3.658976407338602188e-01
5.644127197836295018e-01,8.070123344356618933e-01,1.736933326732712501e-01
5.466420618202852966e-01,8.369742943018463333e-01,-2.562200083506147030e-02
5.064918136183034214e-01,8.326704282190089401e-01,-2.238883666187497234e-01
4.456057310565271212e-01,7.942769369702644688e-01,-4.129887163672999462e-01
3.664764975088464216e-01,7.233656545983800923e-01,-5.851812595436592934e-01
2.723436730939933770e-01,6.228396973353823585e-01,-7.334164131984226564e-01
1.670610667036493413e-01,4.968146096829168523e-01,-8.516254127240728833e-01
5.493896061361606270e-02,3.504498735367947981e-01,-9.349687677910627492e-01
-5.943235297899246428e-02,1.897376783919645926e-01,-9.800343916505205311e-01
-1.713704990576360165e-01,2.125760040053675456e-02,-9.849772923666543223e-01
-2.762927167696813679e-01,-1.480927662489510688e-01,-9.495951070033796793e-01
-3.699034781941600847e-01,-3.113801976480455314e-01,-8.753363863866989725e-01
-4.483703477595569198e-01,-4.619196871698098006e-01,-7.652412912636883391e-01
-5.084808826063981213e-01,-5.935481304255827428e-01,-6.238171277643085322e-01
-5.477741503753665864e-01,-7.008766434827883307e-01,-4.568538177588575278e-01
-5.646414800672379108e-01,-7.795111844062996287e-01,-2.711868587763147098e-01
-5.583923212225995192e-01,-8.262324458515418746e-01,-7.441747793236652697e-02
-5.292825151387958726e-01,-8.391276538854316458e-01,1.253985632018151108e-01
-4.785038206971551356e-01,-8.176688771759389462e-01,3.200807724248088681e-01
-4.081351236143610506e-01,-7.627346405628494530e-01,5.016588372168371279e-01
-3.210573266169542417e-01,-6.765739581476021280e-01,6.626989302707974039e-01
-2.208354049452151691e-01,-5.627142583917271734e-01,7.966080512556530380e-01
-1.115724558479607303e-01,-4.258169707811770288e-01,8.979039450246307785e-01
2.258282700916208231e-03,-2.714866863554757370e-01,9.624395457850659641e-01
-3.578003824690317511e-03,-2.680390799277611036e-01,9.634013958470829531e-01
9.291648798716566071e-02,-9.240785966125886208e-02,9.913764742684556541e-01
1.856069678636033393e-01,8.700654923723787071e-02,9.787644833514881348e-01
2.706986766678123324e-01,2.628588997871266209e-01,9.260817594861668889e-01
3.447079498434970635e-01,4.279497760951210261e-01,8.354851395774953726e-01
4.046048390511247095e-01,5.755203382878175677e-01,7.106836598891855816e-01
4.479371586089492263e-01,6.995290302102422642e-01,5.567867076632281309e-01
4.729308782629420005e-01,7.948989214446886553e-01,3.800948422058777476e-01
4.785627521938312645e-01,8.577255574385319603e-01,1.878418492493710568e-01
4.646022108211691481e-01,8.854368083323679306e-01,-1.210141108588500165e-02
4.316208003490464851e-01,8.768981722586691729e-01,-2.115492382294297813e-01
3.809687835973432080e-01,8.324592219815400984e-01,-4.023362147038813674e-01
3.147198600832333271e-01,7.539392933466814162e-01,-5.766514992758580149e-01
2.355862685193023387e-01,6.445530014581039024e-01,-7.273586037138067839e-01
1.468077474419799688e-01,5.087786339580696593e-01,-8.482875614547050747e-01
5.201889993520504574e-02,3.521748094048409161e-01,-9.344875267600917246e-01
-4.489960744687841038e-02,1.811529067757948752e-01,-9.824294629222978248e-01
-1.399799196246067357e-01,2.714582858785008056e-03,-9.901506214419042440e-01
-2.293294374459615703e-01,-1.758348763994135033e-01,-9.573348971819213293e-01
-3.092901811532138834e-01,-3.471856351580993039e-01,-8.853257697492360467e-01
-3.765885485040005864e-01,-5.043225732208328482e-01,-7.770713012816558019e-01
-4.284693364317576081e-01,-6.408124858805186452e-01,-6.370034424376036508e-01
-4.628085393829891037e-01,-7.510674600759861264e-01,-4.708565878154294948e-01
-4.782003063541866439e-01,-8.305736442092631622e-01,-2.854328091647918009e-01
-4.740144965970933821e-01,-8.760760457603533613e-01,-8.832337777001635082e-02
-4.504224776549768383e-01,-8.857117910634504376e-01,1.124020230882198240e-01
-4.083901095552713856e-01,-8.590863915736928202e-01,3.085256719145471060e-01
-3.496382023865728383e-01,-7.972898942745435535e-01,4.920182434824658668e-01
-2.765720661314235995e-01,-7.028522550262095159e-01,6.553675303525234863e-01
-1.921830369930158100e-01,-5.796397618754688397e-01,7.918859935275335271e-01
-9.992601173956594529e-02,-4.326967487687662928e-01,8.959845510848727379e-01
-3.578003824690435472e-03,-2.680390799277613811e-01,9.634013958470829531e-01
-1.174647287577491872e-02,-2.642327979444666353e-01,9.643873956379850343e-01
6.643455251206466239e-02,-8.006800585863242670e-02,9.945730564771707582e-01
1.418957395143318756e-01,1.073747797946454502e-01,9.840407795268092395e-01
2.115476982688408725e-01,2.904216293471296173e-01,9.332217574427377205e-01
2.725388694004243217e-01,4.615785832710497250e-01,8.441965269600598676e-01
3.223722671967969577e-01,6.138384557626723748e-01,7.206097914747569000e-01
3.590077064969997567e-01,7.409677097524151046e-01,5.675212064584221894e-01
3.809453281116008116e-01,8.377616586448846103e-01,3.911982365687690644e-01
3.872870032341375057e-01,9.002575467996174474e-01,1.988595649101495000e-01
3.777731029399777896e-01,9.258967852126034348e-01,-1.620440700898340136e-03
3.527931274250005189e-01,9.136297004507324404e-01,-2.020341052792579140e-01
3.133697598218114222e-01,8.639585084054767217e-01,-3.941764698494850672e-01
2.611169974321338461e-01,7.789167535152863309e-01,-5.701812034303055388e-01
1.981740744876404059e-01,6.619860552173477686e-01,-7.228426515492426541e-01
1.271178816491578267e-01,5.179535700387520869e-01,-8.459108365833483134e-01
5.085746780024179986e-02,3.527160048458093944e-01,-9.343473325774286353e-01
-2.748505675591483843e-02,1.730382049721085058e-01,-9.845315389946391882e-01
-1.047023398591272469e-01,-1.372379934427636269e-02,-9.944089085278648987e-01
-1.776330968665044419e-01,-1.999239497030285140e-01,-9.635750605078743369e-01
-2.432915340171642737e-01,-3.779391900708720664e-01,-8.932923362954290347e-01
-2.989895871796201532e-01,-5.404815555912453329e-01,-7.864381188776559117e-01
-3.424469715131572833e-01,-6.808965427218260924e-01,-6.473870324704761314e-01
-3.718845365971351069e-01,-7.934355453914286871e-01,-4.818318448892086048e-01
-3.860971050582484576e-01,-8.734912036079879316e-01,-2.965504049653388541e-01
-3.845028126737936036e-01,-9.177860293179777029e-01,-9.912815661899511410e-02
-3.671669299613113946e-01,-9.245065871524097423e-01,1.023524101063941899e-01
-3.347991899959305573e-01,-8.933777366839102951e-01,2.996426571361300306e-01
-2.887247318548817887e-01,-8.256738967081447278e-01,4.846654985761955636e-01
-2.308298492679787817e-01,-7.241668703885844049e-01,6.498460775587735494e-01
-1.634847655306889413e-01,-5.930123673093207204e-01,7.884218817724230055e-01
-8.944659628392838402e-02,-4.375798682364189784e-01,8.947196015106720912e-01
-1.174647287577501413e-02,-2.642327979444668573e-01,9.643873956379849233e-01
-2.284183251778573731e-02,-2.603163105764369489e-01,9.652531632349616864e-01
3.620325505279334971e-02,-6.939683354528944359e-02,9.969319955831831281e-01
9.376617710780922599e-02,1.243637580049838931e-01,9.877963148976932617e-01
1.474903008549733885e-01,3.130328826904121287e-01,9.382201370191529666e-01
1.951761543557603562e-01,4.888864043786927405e-01,8.502331164948631059e-01
2.348714731649982068e-01,6.447248592299964498e-01,7.274374522831243972e-01
2.649511262666346401e-01,7.741682025924695454e-01,5.748604133046429920e-01
2.841836491284794874e-01,8.719170087799053004e-01,3.987485214622388252e-01
2.917816600048435127e-01,9.339694301819935207e-01,2.063118183002088657e-01
2.874340954377198609e-01,9.577850333756822154e-01,5.428685056358907059e-03
2.713189452313036765e-01,9.423888047680074598e-01,-1.956766991915420140e-01
2.440959655284954954e-01,8.884110677671472889e-01,-3.887710563835050093e-01
2.068796683168925843e-01,7.980616772680322324e-01,-5.659490808484678448e-01
1.611936931770672210e-01,6.750395479332983451e-01,-7.199570834473009162e-01
1.089084292991179259e-01,5.243812201923960803e-01,-8.444899584584359964e-01
5.216444152946563689e-02,3.522546636846398682e-01,-9.344493153469257685e-01
-6.715164605464601227e-03,1.657067598574688549e-01,-9.861522074719798470e-01
-6.531985111244877074e-02,-2.762519818798436777e-02,-9.974819123551665889e-01
-1.212503352401326784e-01,-2.198261773737986702e-01,-9.679745905473845502e-01
-1.722168163967760235e-01,-4.030274470294504807e-01,-8.988382752704072720e-01
-2.161327208555187396e-01,-5.697287256500025432e-01,-7.929034153948463226e-01
-2.512001263279200480e-01,-7.131052433021602965e-01,-6.545069965308252247e-01
-2.759833691136946987e-01,-8.272871485072192943e-01,-4.893149843275252930e-01
-2.894678203412857087e-01,-9.075998206502801091e-01,-3.040903591737869616e-01
-2.911014249930796161e-01,-9.507552494974673696e-01,-1.064162389863736735e-01
-2.808173031026918731e-01,-9.549866467212300147e-01,9.561457452851897243e-02
-2.590364878286476880e-01,-9.201207784220586383e-01,2.937309161279783587e-01
-2.266506883074037582e-01,-8.475850573446874758e-01,4.798218795092413780e-01
-1.849857829765295669e-01,-7.403491044326090398e-01,6.462688787667187906e-01
-1.357475379556896677e-01,-6.028031721977334945e-01,7.862575541941176915e-01
-8.095177278128536102e-02,-4.405784072667173756e-01,8.940567529714695816e-01
-2.284183251778581017e-02,-2.603163105764371710e-01,9.652531632349615753e-01
-3.746815632227488979e-02,-2.566788130737400753e-01,9.657702232833975664e-01
1.927909303440410171e-03,-6.087271728518670044e-02,9.981436747563116052e-01
4.124504609575315589e-02,1.374255147012628797e-01,9.896530069078001146e-01
7.887360585481863196e-02,3.300975299690304676e-01,9.406458286771923749e-01
1.132730709229325811e-01,5.092553135750527149e-01,8.531284996993482306e-01
1.430351231584410521e-01,6.675641248083539203e-01,7.306839897054705490e-01
1.669413006459294635e-01,7.985427823365468525e-01,5.783251913213274253e-01
1.840128816702036041e-01,8.968290045310882697e-01,4.022896916541642831e-01
1.935509536983041068e-01,9.583989419071935467e-01,2.097844047436481785e-01
1.951650269407245453e-01,9.807319139945239739e-01,8.690519654306005926e-03
1.887890210492747523e-01,9.629136062918115524e-01,-1.927591563307763101e-01
1.746839704542995642e-01,9.056735024099675790e-01,-3.863172498074373129e-01
1.534273375844302789e-01,8.113550189273412983e-01,-5.640594696866321200e-01
1.258893714869077085e-01,6.838195656396630628e-01,-7.187090286026828201e-01
9.319747972933810354e-02,5.282884589893095395e-01,-8.439345554430144336e-01
5.669007220141041026e-02,3.511291607566751627e-01,-9.346093024254089610e-01
1.786176645675636998e-02,1.595945934267380961e-01,-9.870210347545773644e-01
-2.169780210530572462e-02,-3.847379530965819305e-02,-9.990240099508457261e-01
-6.036906009979311344e-02,-2.349670623455980545e-01,-9.701268247993894978e-01
-9.656880168073160575e-02,-4.218407502416516297e-01,-9.015125334555843528e-01
-1.288150051745085567e-01,-5.914442282586286348e-01,-7.959902130688822908e-01
-1.557875072213206480e-01,-7.368339100789509377e-01,-6.578799598342615074e-01
-1.763820504182369853e-01,-8.520575250463325867e-01,-4.928360237464128879e-01
-1.897554917470196667e-01,-9.323978048258089180e-01,-3.076153229406121681e-01
-1.953603209483558700e-01,-9.745656089236265363e-01,-1.098008146703570442e-01
-1.929670756562033296e-01,-9.768345824855141357e-01,9.250895185355048622e-02
-1.826737356140170909e-01,-9.391118334672543533e-01,2.910313910192331432e-01
-1.649017113725404771e-01,-8.629417356458903843e-01,4.776389708418521951e-01
-1.403785916923436516e-01,-7.514427017758348315e-01,6.446919550780095820e-01
-1.101083559744780588e-01,-6.091795154043078142e-01,7.853511749251849139e-01
-7.533027122583484114e-02,-4.419764480965746589e-01,8.938580253960780597e-01
-3.746815632227494530e-02,-2.566788130737403528e-01,9.657702232833975664e-01
-5.616018380746290450e-02,-2.538580404181787209e-01,9.656097188148802246e-01
-3.656255217465703006e-02,-5.506420660738957362e-02,9.978131653416746349e-01
-1.546804535990323887e-02,1.459839622916757340e-01,9.891660236413120089e-01
6.259725049303173361e-03,3.410555306221326188e-01,9.400223087110011200e-01
2.773122157950462519e-02,5.221642454565957880e-01,8.523939700141303089e-01
4.806739863996099815e-02,6.818954947303725866e-01,7.298685220328422485e-01
6.643569075241784194e-02,8.137098623305690781e-01,5.774621710036196287e-01
8.208409787960845028e-02,9.122108525601028139e-01,4.014144508445844917e-01
9.437197239513593627e-02,9.733658233056018405e-01,2.089327759037769017e-01
1.027962472725705845e-01,9.946710828793412507e-01,7.897368568909796105e-03
1.070120317086200173e-01,9.752543914511107026e-01,-1.934613579630700964e-01
1.068467309931386833e-01,9.159106706493461703e-01,-3.868997537692973054e-01
1.023071125568404127e-01,8.190694593762629649e-01,-5.644984281974184670e-01
9.357902891188982220e-02,6.886954481997407118e-01,-7.189864706493884761e-01
8.101980882821741003e-02,5.301261644556416464e-01,-8.440391225156492760e-01
6.514362825169443816e-02,3.498534532515491513e-01,-9.345367135357333099e-01
4.660045988049577037e-02,1.552577005653028308e-01,-9.867742617002628336e-01
2.614946320646808001e-02,-4.569432062409214262e-02,-9.986131556497310768e-01
4.627904436336115201e-03,-2.447756109582821249e-01,-9.695687096748357714e-01
-1.708312128517513670e-02,-4.338357590199268810e-01,-9.008300068063661570e-01
-3.809476201408983770e-02,-6.051346201337590713e-01,-7.952112176162122736e-01
-5.754679871020317028e-02,-7.516591987990157708e-01,-6.570363877435001498e-01
-7.464286270565903547e-02,-8.674107615492350210e-01,-4.919624109580713611e-01
-8.868303913178127162e-02,-9.476504258051916540e-01,-3.067474352648903446e-01
-9.909252151603369085e-02,-9.890931702844864004e-01,-1.089741835306713702e-01
-1.054451444265428056e-01,-9.900423241588214296e-01,9.326048408121620503e-02
-1.074808307349508218e-01,-9.504590289570603590e-01,2.916770565171770691e-01
-1.051162392046086219e-01,-8.719638294356034658e-01,4.781523359887259739e-01
-9.844817649059599274e-02,-7.577703282856529388e-01,6.450520026443821164e-01
-8.774963386388884290e-02,-6.125536208614550393e-01,7.855431645213853953e-01
-7.345861091664984688e-02,-4.422588962271945534e-01,8.938740969454801455e-01
-5.616018380746293920e-02,-2.538580404181789985e-01,9.656097188148803356e-01
-7.928941179520559990e-02,-2.525147770247485601e-01,9.643388805608275050e-01
-7.921064726756853192e-02,-5.258735675454354053e-02,9.954698605528050637e-01
-7.588898953394133950e-02,1.494929960799446234e-01,9.858461874910087186e-01
-6.946042765221693838e-02,3.454530880902387247e-01,9.358618556813217415e-01
-6.018814770115703261e-02,5.272702900851038432e-01,8.475632295409424311e-01
-4.845175791140469285e-02,6.875009844522564917e-01,7.245652651987058990e-01
-3.473174745991962353e-02,8.195853077379978702e-01,5.719035137664305601e-01
-1.958981518661839089e-02,9.181157122277607829e-01,3.958279652847478958e-01
-3.645873577871453376e-03,9.790583515849036189e-01,2.035471733964965835e-01
1.244733052352549503e-02,9.999182269936887080e-01,2.933136313615303681e-03
2.803093945079010094e-02,9.798413327039490195e-01,-1.978009837145745520e-01
4.246695842344379301e-02,9.196496191268414000e-01,-3.904371082288606853e-01
5.516437512858594905e-02,8.218073420884388636e-01,-5.670886916578449233e-01
6.560335583442494789e-02,6.903201759066730503e-01,-7.205235974202649496e-01
7.335652744433553141e-02,5.305712206141112164e-01,-8.444601824463712214e-01
7.810647420164905375e-02,3.491006172101362992e-01,-9.338244683832646054e-01
7.965873272802603822e-02,1.533377935199976005e-01,-9.849578708648312197e-01
7.794975337701391671e-02,-4.870269745327548971e-02,-9.957669823855556102e-01
7.304950196403975360e-02,-2.487492942704876142e-01,-9.658092766497629045e-01
6.515859535770572586e-02,-4.386120657534647860e-01,-8.963112256501571951e-01
5.460008820161735277e-02,-6.105180077297661656e-01,-7.901180877603365404e-01
4.180624701931680981e-02,-7.574292707367903388e-01,-6.515774225226744765e-01
2.730085317201999193e-02,-8.733312904056899084e-01,-4.863611010498377074e-01
1.167775918814662091e-02,-9.534790244333108955e-01,-3.012330989550176530e-01
-4.423423628967914321e-03,-9.945912151716037597e-01,-1.037725783955928266e-01
-2.034351096298229675e-02,-9.949847247012651996e-01,9.793640371610777551e-02
-3.543073256791112041e-02,-9.546434426959157227e-01,2.956358579526318642e-01
-4.906741581857537726e-02,-8.752189459807537819e-01,4.812319454288371823e-01
-6.069527330045058899e-02,-7.599628827832801692e-01,6.471263405168330429e-01
-6.983825916201354123e-02,-6.135938498728116253e-01,7.865273071899532287e-01
-7.612205848783663853e-02,-4.421042126543340833e-01,8.937277534936820533e-01
-7.928941179520559990e-02,-2.525147770247487822e-01,9.643388805608273939e-01
-1.069101091170306800e-01,-2.533646442986526859e-01,9.614450507376901545e-01
-1.255916119626286631e-01,-5.401446279633187464e-02,9.906105111563526799e-01
-1.391313794580887608e-01,1.475470771593007380e-01,9.792202608564810618e-01
-1.469750919312917403e-01,3.430680224399861866e-01,9.277406180236495992e-01
-1.488016268719876134e-01,5.245437225731973685e-01,8.382791652840360097e-01
-1.445362057250955123e-01,6.845445410729915636e-01,7.144984650240742141e-01
-1.343534553335349602e-01,8.165200256306890392e-01,5.614661136560218369e-01
-1.186702586947587096e-01,9.150670844020366568e-01,3.854472736254245802e-01
-9.812868772185572019e-02,9.761511892221478304e-01,1.936481769244708662e-01
-7.356971674398869732e-02,9.972715496626094467e-01,-6.078898892465351735e-03
-4.599879291854807456e-02,9.775634956854520885e-01,-2.055571038745040435e-01
-1.654467310639344546e-02,9.178338773360986691e-01,-3.966197768719860184e-01
1.358678756665347362e-02,8.205280322077037614e-01,-5.714447896034838825e-01
4.316200356034184671e-02,6.896296730327754476e-01,-7.228747855067032546e-01
7.097016205694973989e-02,5.304977940158391858e-01,-8.447102027570971838e-01
9.587279378030612309e-02,3.496472729810505276e-01,-9.319630850573812353e-01
1.168503820617218386e-01,1.544821515086073349e-01,-9.810612891544030489e-01
1.330441019721937401e-01,-4.700748739748029925e-02,-9.899947288036365922e-01
1.437909807159057640e-01,-2.465726342463698262e-01,-9.583976679362078421e-01
1.486510398143858214e-01,-4.360430684781586574e-01,-8.875636939365263434e-01
1.474253078771093350e-01,-6.076618482535670607e-01,-7.803927580227769667e-01
1.401639665136057977e-01,-7.544028805642382096e-01,-6.412724509033197462e-01
1.271642958924684430e-01,-8.702585703060348177e-01,-4.758983742975668174e-01
1.089585040563230689e-01,-9.504857719284620643e-01,-2.910409623323866879e-01
8.629193826203124251e-02,-9.917999743708019178e-01,-9.426829917345773413e-02
6.009257037641958094e-02,-9.925097693308521096e-01,1.063637192296874590e-01
3.143300559902011126e-02,-9.525860977195510504e-01,3.026411944703628620e-01
1.486569879175406173e-03,-8.736634393434974388e-01,4.865285036505912486e-01
-2.852072618618727018e-02,-7.589728971096255661e-01,6.504972787266923850e-01
-5.736038037044440679e-02,-6.132099152925568619e-01,7.878346187815377100e-01
-8.385169384277703364e-02,-4.423420474943052239e-01,8.929179169768298729e-01
-1.069101091170306522e-01,-2.533646442986529079e-01,9.614450507376900434e-01
-1.386010770638248790e-01,-2.570416112801417463e-01,9.564096149178206163e-01
-1.747704423118907335e-01,-5.972047138799196908e-02,9.827963969161161994e-01
-2.037846851170526663e-01,1.400456316196397322e-01,9.689473789509921442e-01
-2.244559589698387203e-01,3.340782500141004085e-01,9.154295414451316670e-01
-2.359379794899441884e-01,5.144336656004560027e-01,8.244339109541034549e-01
-2.377606714081957895e-01,6.737281064737398184e-01,6.996858592817428724e-01
-2.298494135033032626e-01,8.054400395082974562e-01,5.462925863207900301e-01
-2.125280936034260604e-01,9.041771626901989878e-01,3.705340306892105362e-01
-1.865058485804338972e-01,9.658971665952581498e-01,1.796057683053146892e-01
-1.528480322030520422e-01,9.880732270118092186e-01,-1.867557533578240170e-02
-1.129325994283959522e-01,9.697974534208221309e-01,-2.161923387283458953e-01
-6.839369276412439469e-02,9.118180581404240481e-01,-4.048581623718494615e-01
-2.105474028217186808e-02,8.165087244256842292e-01,-5.769490452790352331e-01
2.714619574075969460e-02,6.877714275972554026e-01,-7.254195664838628543e-01
7.423576332052200799e-02,5.308766877132835571e-01,-8.441913254036612635e-01
1.182861100276102750e-01,3.522477938589675395e-01,-9.284017922731645500e-01
1.574938094921404241e-01,1.591978339367070006e-01,-9.746033806844259795e-01
1.902536938913254594e-01,-4.036970401187350843e-02,-9.809045921794319334e-01
2.152245697087397103e-01,-2.382845015349691620e-01,-9.470474544192158950e-01
2.313841263544651194e-01,-4.264439035679831180e-01,-8.744180826017264874e-01
2.380707896807581769e-01,-5.971446420838929514e-01,-7.659899317427596444e-01
2.350108069053908899e-01,-7.433982087913716397e-01,-6.262020630782489938e-01
2.223294540827195909e-01,-8.592169654853507588e-01,-4.607774083756965844e-01
2.005459072873000403e-01,-9.398592786586527081e-01,-2.764884724351963641e-01
1.705519874843949291e-01,-9.820236425348933818e-01,-8.088006594718324949e-02
1.335756492748710333e-01,-9.839838431028767873e-01,1.180395799437119336e-01
9.113070828956149061e-02,-9.456596295210357717e-01,3.121266715626495603e-01
4.495486539947372157e-02,-8.686199995963149734e-01,4.934352605744857789e-01
-3.061434962040851526e-03,-7.560189648296049558e-01,6.545425520422212262e-01
-5.095239981650617755e-02,-6.124664248143139034e-01,7.888527945238636985e-01
-9.675736743583092381e-02,-4.438394374053757918e-01,8.908673109114313426e-01
-1.386010770638248513e-01,-2.570416112801420239e-01,9.564096149178207273e-01
-1.734222347943258913e-01,-2.639215548870793016e-01,9.488256643582771988e-01
-2.253567287288572030e-01,-6.971527973200655759e-02,9.717788455139957371e-01
-2.680650917109378972e-01,1.273451471664921175e-01,9.549472865552051104e-01
-2.997988383420617797e-01,3.191920487775751214e-01,8.990200734833023732e-01
-3.192587853065937398e-01,4.979711904082309015e-01,8.062868729726198058e-01
-3.256482400893594975e-01,6.563633329944432715e-01,6.805441931477533846e-01
-3.187056176608231706e-01,7.878838836084459674e-01,5.269399540948702665e-01
-2.987151497989326554e-01,8.871483754550932854e-01,3.517627314085274848e-01
-2.664952486067341253e-01,9.500929085751012027e-01,1.621843011679536539e-01
-2.233650006247137054e-01,9.741405263868675446e-01,-3.403397341828243161e-02
-1.710901632728442645e-01,9.583067165917036334e-01,-2.288588931339522736e-01
-1.118108745343439486e-01,9.032397172230169913e-01,-4.143143028749395884e-01
-4.795403545518771293e-02,8.111939777050598543e-01,-5.828076363763633472e-01
1.786604746986383829e-02,6.859378614286121278e-01,-7.274407567675491570e-01
8.295469231232772966e-02,5.325993685110004261e-01,-8.422923671060118522e-01
1.446471623047624611e-01,3.574561948687797197e-01,-9.226604289700034434e-01
2.004177604771202603e-01,1.676787226093115479e-01,-9.652546644639657947e-01
2.479832319874577529e-01,-2.896353625519509922e-02,-9.683312605821660091e-01
2.853962408434362330e-01,-2.244200245423431661e-01,-9.317642611180402268e-01
3.111250940666498987e-01,-4.106887306564943607e-01,-8.570507233260897806e-01
3.241164493831286131e-01,-5.801437918836920282e-01,-7.472494282219847017e-01
3.238384391797962114e-01,-7.258476981071698697e-01,-6.068556537283921193e-01
3.103024452270420341e-01,-8.418353142866569216e-01,-4.416171374686473916e-01
2.840626327077034885e-01,-9.233580937877986505e-01,-2.582987637131258229e-01
2.461932626293694137e-01,-9.670784844392985580e-01,-6.440560822237278993e-02
1.982447114525088816e-01,-9.712065683109564196e-01,1.321243204363418411e-01
1.421799984960180896e-01,-9.355733411640372310e-01,3.232450638924441177e-01
8.029441969565974391e-02,-8.616376315046624379e-01,5.011321164531075123e-01
1.512157791876744470e-02,-7.524263759733635926e-01,6.585027612856568791e-01
-5.067034303482919472e-02,-6.124106962033702972e-01,7.889142257003826098e-01
-1.143878141910673885e-01,-4.473228505756092210e-01,8.870274490214489216e-01
-1.734222347943258358e-01,-2.639215548870795236e-01,9.488256643582771988e-01
-2.096827216861313903e-01,-2.738830378886683015e-01,9.386273157026534530e-01
-2.752560155462374092e-01,-8.342361461746615470e-02,9.577445517619842530e-01
-3.295602957886717976e-01,1.104511812380336716e-01,9.376516133419727783e-01
-3.703723387998273386e-01,2.998040927561855806e-01,8.791711077023541820e-01
-3.960212947436159148e-01,4.768829894914140000e-01,7.846972336151820659e-01
-4.054570923500746549e-01,6.344382406054919210e-01,6.580977625857946656e-01
-3.982934289565356334e-01,7.660195156058529076e-01,5.045556918329408003e-01
-3.748235857840253593e-01,8.662398616338388146e-01,3.303570517736699186e-01
-3.360084209696156399e-01,9.309962459476733843e-01,1.426335551994794282e-01
-2.834370319213967981e-01,9.576375345649960069e-01,-5.092937588330884863e-02
-2.192616974838786370e-01,9.450730299995947492e-01,-2.424072523334870610e-01
-1.461097633892151082e-01,8.938171245446444590e-01,-4.239609473914893734e-01
-6.697607841422877073e-02,8.059682409917832135e-01,-5.881576314499878944e-01
1.489961508039111711e-02,6.851229229554712807e-01,-7.282750729713366455e-01
9.616531658298936580e-02,5.362285919548368529e-01,-8.385768474365509206e-01
1.734939987257351213e-01,3.653809993953870405e-01,-9.145471872391170987e-01
2.437198161759699944e-01,1.795746657902456134e-01,-9.530758577413820376e-01
3.039677157160981524e-01,-1.358347573147578036e-02,-9.525854906460562432e-01
3.517711412601192134e-01,-2.061855081607600060e-01,-9.130961616396383596e-01
3.851730149495967703e-01,-3.903462816601741547e-01,-8.362245684914499932e-01
4.028058601511302905e-01,-5.585262325246804771e-01,-7.251178432570065668e-01
4.039477861103974998e-01,-7.038400538055801237e-01,-5.843247083218925386e-01
3.885520422444554423e-01,-8.203385805859844115e-01,-4.196092511728422014e-01
3.572489321160989273e-01,-9.032523494915080109e-01,-2.377149419787821238e-01
3.113200087319421550e-01,-9.491868610812044249e-01,-4.608855512979095903e-02
2.526456076117518101e-01,-9.562615510535157348e-01,1.474247025813891221e-01
1.836278656313378166e-01,-9.241867807697345949e-01,3.349023756472199742e-01
1.070923772566188259e-01,-8.542756950939047744e-01,5.086691061046955120e-01
2.617251437419381571e-02,-7.493904620877980260e-01,6.616108635921624792e-01
-5.581885432185054730e-02,-6.138250955141764109e-01,7.874661945881907821e-01
-1.355249925635214625e-01,-4.531296574088180540e-01,8.810825670544291111e-01
-2.096827216861313070e-01,-2.738830378886685235e-01,9.386273157026534530e-01
-2.450610563182188117e-01,-2.861270247962764968e-01,9.263241356876262822e-01
-3.219028340373215058e-01,-9.956747895777173785e-02,9.415226404992778075e-01
-3.855658719089593012e-01,9.106837116794613829e-02,9.181750977846759865e-01
-4.334437976825777916e-01,2.779758714779691497e-01,8.572373586857759964e-01
-4.635764834515878619e-01,4.535030069489058846e-01,7.612042214011677244e-01
-4.747302935201659357e-01,6.104636760310138133e-01,6.340072938546973402e-01
-4.664485895935872040e-01,7.424318904899754878e-01,4.808540332051215449e-01
-4.390704256036649933e-01,8.440048561202343480e-01,3.080145519381782271e-01
-3.937166668009442483e-01,9.110241637745712939e-01,1.225649187247127153e-01
-3.322441013996487169e-01,9.407460351231829998e-01,-6.790253666210901984e-02
-2.571694234500270793e-01,9.319536532608855284e-01,-2.555900542197749314e-01
-1.715661990882372534e-01,8.850069793341831526e-01,-4.328136849271268516e-01
-7.893903437760250996e-02,8.018280156896340216e-01,-5.923178725201134753e-01
1.691990367539400464e-02,6.858221188719602068e-01,-7.275724968177318397e-01
1.120861388839156231e-01,5.417385839269908132e-01,-8.330402176094935385e-01
2.026635543969676212e-01,3.754762077044694335e-01,-9.044031740142531861e-01
2.849439001810512018e-01,1.938417914219459637e-01,-9.387397582120083905e-01
3.555586092122358099e-01,4.271469423164641309e-03,-9.346442264113256071e-01
4.116167070059087996e-01,-1.854737270356774104e-01,-8.922842501653296399e-01
4.508231684518503313e-01,-3.676256073174412609e-01,-8.133940518786173524e-01
4.715728764119001548e-01,-5.347268520414546478e-01,-7.012034055382510012e-01
4.730163354041863610e-01,-6.799363166151530802e-01,-5.603054093872472663e-01
4.550944500479655042e-01,-7.973091084975020282e-01,-3.964684439428390328e-01
4.185409444354535879e-01,-8.820399717981208809e-01,-2.164000138203469592e-01
3.648523233812814848e-01,-9.306600150180285302e-01,-2.747214170612790468e-02
2.962266053395518073e-01,-9.411787278751893027e-01,1.625804431173796250e-01
2.154733352700727300e-01,-9.131654730293349287e-01,3.459769654972706943e-01
1.258985615375948497e-01,-8.477671164252721381e-01,5.152091502591361616e-01
3.116948590331507923e-02,-7.476610744663523267e-01,6.633486118748878058e-01
-6.483567214610554130e-02,-6.169457002723336414e-01,7.843305033803290582e-01
-1.581864501599966055e-01,-4.609724966211239394e-01,8.732018119224587149e-01
-2.450610563182187007e-01,-2.861270247962767188e-01,9.263241356876262822e-01
-2.768920111982993704e-01,-2.991816735629360680e-01,9.131380729871247937e-01
-3.626408199169117164e-01,-1.162751177679397785e-01,9.246468151235042177e-01
-4.335430708596385019e-01,7.139175501022221315e-02,8.983004080073396791e-01
-4.866960175422239132e-01,2.561358409500907318e-01,8.351774766415382967e-01
-5.199235720822765749e-01,4.303936954667789139e-01,7.378622812528454755e-01
-5.318653944928550814e-01,5.870311815219453333e-01,6.103389173745243923e-01
-5.220325851613657475e-01,7.196355420323681251e-01,4.578282065071124229e-01
-4.908277004571456881e-01,8.227779388983996744e-01,2.865739550727690599e-01
-4.395282720264041543e-01,8.922357102736280243e-01,1.035873322467366353e-01
-3.702345044965223986e-01,9.251652468370094029e-01,-8.364016813247190929e-02
-2.857832928518457827e-01,9.202184094925824898e-01,-2.674434302010348929e-01
-1.896320796197034364e-01,8.775977223424571427e-01,-4.402975268138983878e-01
-8.571730676710724584e-02,7.990480813262778037e-01,-5.951257909462381868e-01
2.170674269589023542e-02,6.877853179764374936e-01,-7.255895352729276881e-01
1.282421155624839937e-01,5.483645428972983016e-01,-8.263475587723930760e-01
2.295272411501408927e-01,3.864936590018456242e-01,-8.932748161240011697e-01
3.214154945168052890e-01,2.087996792957806935e-01,-9.236312975481583143e-01
4.001449597732346097e-01,2.255741618642592705e-02,-9.161742051286244637e-01
4.624924433615112962e-01,-1.646083501919849978e-01,-8.712088331052263435e-01
5.059054319780129649e-01,-3.450350313728761664e-01,-7.905760690918088862e-01
5.286065927679705068e-01,-5.113359378294672908e-01,-6.775770279210284741e-01
5.296665375413698307e-01,-6.567026909118979239e-01,-5.368379036152410855e-01
5.090418720346497894e-01,-7.751839586691057216e-01,-3.741205724596703419e-01
4.675769724769509028e-01,-8.619291040781524860e-01,-1.960867011102998547e-01
4.069694167280841213e-01,-9.133867706938701980e-01,-1.002501717826462246e-02
3.297004852414933684e-01,-9.274502755989919578e-01,1.764470921349382548e-01
2.389335771509538686e-01,-9.035438572503108334e-01,3.556954367644836745e-01
1.383847003383509855e-01,-8.426462472239066859e-01,5.203815684204520231e-01
3.217033763438414962e-02,-7.472506008294256263e-01,6.637632175230487874e-01
-7.536108247218858969e-02,-6.212624270387702152e-01,7.799703225113855387e-01
-1.798072110077986729e-01,-4.698396964899118067e-01,8.642453508534843065e-01
-2.768920111982992593e-01,-2.991816735629362900e-01,9.131380729871247937e-01
-3.022951384780980799e-01,-3.110091399209247154e-01,9.010499232218780463e-01
-3.948167582175462487e-01,-1.312559436952290826e-01,9.093358041313781559e-01
-4.711745334865689028e-01,5.387088628726777184e-02,8.803933703773196839e-01
-5.282423679939943773e-01,2.367922358556034945e-01,8.154075285981846610e-01
-5.636838978899028074e-01,4.100192834661043895e-01,7.170388067919237773e-01
-5.760481427761531270e-01,5.664600934362830076e-01,5.893144319871188586e-01
-5.648289090143644442e-01,6.997099606249450598e-01,4.374634550952556378e-01
-5.304855133529490230e-01,8.043136198131923820e-01,2.677026729520191051e-01
-4.744239784454625797e-01,8.759885849034499961e-01,8.698211192439850303e-02
-3.989394701179683200e-01,9.118004744034718945e-01,-9.729950698537118137e-02
-3.071223330104468907e-01,9.102831453494089065e-01,-2.775976726469533973e-01
-2.027315715041360378e-01,8.714987173710129209e-01,-4.465309569740274487e-01
-9.004095564049760525e-02,7.970350295066963575e-01,-5.971832114574251449e-01
2.633594752642586662e-02,6.899406338867358768e-01,-7.233867150977077998e-01
1.416346539072750599e-01,5.545999876508702631e-01,-8.199746816275603756e-01
2.511348209157951983e-01,3.965539527578463286e-01,-8.829927883486463625e-01
3.503534988489340751e-01,2.222729524458051109e-01,-9.098610665674913278e-01
4.352286633744092970e-01,3.889207134466970278e-02,-8.994795258169270280e-01
5.022855152841397830e-01,-1.460810557269409393e-01,-8.522731875950610991e-01
5.487787391820955207e-01,-3.250736072132953680e-01,-7.701746849352060220e-01
5.728048970191721434e-01,-4.907576070258106160e-01,-6.565451401824200506e-01
5.733803550705661722e-01,-6.363499327451185295e-01,-5.160365602497876125e-01
5.504815540160400422e-01,-7.558900174498989211e-01,-3.544013829088075163e-01
5.050459734612610108e-01,-8.444838760269745004e-01,-1.782569713111464560e-01
4.389337514125957185e-01,-8.985044654968634692e-01,5.185301636297767747e-03
3.548515300085728352e-01,-9.157401765795187831e-01,1.884152877255048930e-01
2.562416452727146465e-01,-8.954853772381065058e-01,3.639315297973734764e-01
1.471411974722764138e-01,-8.385693013375017379e-01,5.245483722791985937e-01
3.201677175896666672e-02,-7.473220997124305764e-01,6.636901427680964582e-01
-8.441842435196611483e-02,-6.254794435185140333e-01,7.756603608317879095e-01
-1.973975202511856764e-01,-4.780295854162354696e-01,8.558749525868031283e-01
-3.022951384780979134e-01,-3.110091399209248819e-01,9.010499232218778243e-01
-3.186972955884077585e-01,-3.194128102447341688e-01,8.924166574174837718e-01
-4.163327212191310078e-01,-1.422796803018563094e-01,8.980108895862415341e-01
-4.969234363261254561e-01,4.067839646973221007e-02,8.668404504235392993e-01
-5.571700475639036476e-01,2.219710949103412823e-01,8.001814613710690471e-01
-5.946060515897146903e-01,3.941762706448245779e-01,7.007629492727375231e-01
-6.076988140001984284e-01,5.502438235453638304e-01,5.726551196950299127e-01
-5.959123155639350911e-01,6.837843296590514486e-01,4.211027222328880826e-01
-5.597290969117602044e-01,7.893306249752503057e-01,2.523103298450627974e-01
-5.006305032666413801e-01,8.625616317625518503e-01,7.318832290817564590e-02
-4.210360379961998190e-01,9.004792639988061786e-01,-1.089300225678349887e-01
-3.242043078605597595e-01,9.015311693651283376e-01,-2.865887601211845048e-01
-2.140996152687197618e-01,8.656742827322273515e-01,-4.525145201624229396e-01
-9.522965927214180337e-02,7.943765892518597216e-01,-5.999142825800132250e-01
2.753901016404747271e-02,6.905570248722348037e-01,-7.227534837818425650e-01
1.491802292884244485e-01,5.584659747573355038e-01,-8.160030724377147493e-01
2.647139922978005711e-01,4.035112620189049704e-01,-8.758453994316969249e-01
3.694103333599313421e-01,2.320367508028602366e-01,-8.998305128654805474e-01
4.589829719704353606e-01,5.106262774578584906e-02,-8.869764593769554617e-01
5.297647937802603124e-01,-1.320020052908049690e-01,-8.378094854262289060e-01
5.788579826880012602e-01,-3.096624607212132840e-01,-7.543424927037180039e-01
6.042526577715703340e-01,-4.746452986259011020e-01,-6.399926296984369545e-01
6.049091580492985676e-01,-6.201961022363895459e-01,-4.994413932373610310e-01
5.808006063226804905e-01,-7.403560045513725152e-01,-3.384429674552756895e-01
5.329140095320380466e-01,-8.302056450518853215e-01,-1.635886468202110700e-01
4.632098505764166707e-01,-8.860665688989526334e-01,1.796301223652277748e-02
3.745418259133503347e-01,-9.056518233068954205e-01,1.987792634617291665e-01
2.705400148905953706e-01,-8.881595856590830396e-01,3.714574682852405108e-01
1.554622638711174176e-01,-8.343059902200674616e-01,5.289281607127548357e-01
3.401986950271556481e-02,-7.462958095146507986e-01,6.647444720942687901e-01
-8.881530232029241634e-02,-6.277321906816701880e-01,7.733460666840844544e-01
-2.080143652309526248e-01,-4.834691422067810551e-01,8.502867824395489160e-01
-3.186972955884075920e-01,-3.194128102447343354e-01,8.924166574174835498e-01
-3.242458457367163316e-01,-3.224777171284336497e-01,8.893102683979948742e-01
-4.260099942077944513e-01,-1.476252101800392957e-01,8.925930103660750792e-01
-5.103332434619566316e-01,3.327109021835156916e-02,8.593328896145425722e-01
-5.737633897671761130e-01,2.128052682740160240e-01,7.908915793948634310e-01
-6.137035954809916261e-01,3.836271736429847645e-01,6.900710749889437112e-01
-6.285187038887047883e-01,5.387433374487310411e-01,5.609989796930682227e-01
-6.176021827114022145e-01,6.718032857196716279e-01,4.089595202539770824e-01
-5.814009556087196273e-01,7.773595285397145727e-01,2.401772100049848480e-01
-5.213971050717042255e-01,8.510905809254748489e-01,6.156201655876458040e-02
-4.400471957914949273e-01,8.899778849292495631e-01,-1.195735330786012879e-01
-3.406817026122314074e-01,8.924293897560591216e-01,-2.958137282224359010e-01
-2.273686604996229266e-01,8.583447305102546165e-01,-4.599432745762064845e-01
-1.047471187114766000e-01,7.891193371461368011e-01,-6.052426892277869008e-01
2.216278242398145651e-02,6.875873054016710118e-01,-7.257633970693856407e-01
1.481653366429853957e-01,5.579053685859827194e-01,-8.165712661613852008e-01
2.681019845711376526e-01,4.053827204292868580e-01,-8.739486116736877586e-01
3.770625057503018684e-01,2.362636560677688069e-01,-8.955463983394678085e-01
4.705860436410854164e-01,5.747192986703548306e-02,-8.804804102349961248e-01
5.448437336136905396e-01,-1.236727038951193625e-01,-8.293674506834481930e-01
5.967954571157308985e-01,-2.997541626288823258e-01,-7.443000902543822628e-01
6.243143044829643218e-01,-4.635636507250004423e-01,-6.287609966787542914e-01
6.262736508708488525e-01,-6.083947884940205109e-01,-4.874803540228180854e-01
6.025932804080516014e-01,-7.283181721387430585e-01,-3.262422083966781683e-01
5.542426702436445973e-01,-8.184241242423537788e-01,-1.516476684269464081e-01
4.832013000387140322e-01,-8.750236965387310217e-01,2.915534490602901888e-02
3.923776118364565302e-01,-8.957996958878937654e-01,2.087647349929440954e-01
2.854899381032026673e-01,-8.799015504354110728e-01,3.798272723004331164e-01
1.669142727603601939e-01,-8.279801321240602974e-01,5.353396364521330053e-01
4.150511747911438815e-02,-7.421611099200156048e-01,6.689351329877458729e-01
-8.560326218837069345e-02,-6.259579246756179494e-01,7.751443465822998036e-01
-2.092070342439076025e-01,-4.841279484480671691e-01,8.496190595521808664e-01
-3.242458457367161651e-01,-3.224777171284338162e-01,8.893102683979947631e-01
-3.180595686171269754e-01,-3.188282524177965538e-01,8.928530989313410160e-01
-4.237216205176461692e-01,-1.462752320161906927e-01,8.939035433448664358e-01
-5.120364594889964538e-01,3.226631357076803486e-02,8.583574716646463765e-01
-5.793884656471378625e-01,2.094868724890086575e-01,7.876701442417550769e-01
-6.230202399464311869e-01,3.781310142338866753e-01,6.847355085662940599e-01
-6.411454924205477468e-01,5.312944278275220089e-01,5.537677207171228799e-01
-6.330221731035703403e-01,6.627065851214537506e-01,4.001286173168482896e-01
-5.989828516427855298e-01,7.669874569557957322e-01,2.301082013105056057e-01
-5.404211018582485426e-01,8.398677721851677269e-01,5.066712850594516648e-02
-4.597344486668513697e-01,8.783638021410058450e-01,-1.308482624927835014e-01
-3.602262131305291049e-01,8.808995148338264469e-01,-3.070067102510398160e-01
-2.459702741038601870e-01,8.473710978880520939e-01,-4.705962672198614194e-01
-1.216442831550992032e-01,7.791512086328642450e-01,-6.149195577159882742e-01
7.661839038627882292e-03,6.790327773498674446e-01,-7.340679692692425595e-01
1.366542846418856982e-01,5.511146643792032007e-01,-8.231635519112896482e-01
2.600520877757080407e-01,4.006338522956307546e-01,-8.785587220204781334e-01
3.728033278811700435e-01,2.337510432265965110e-01,-8.979855948238817387e-01
4.702919559406458228e-01,5.729843898328396135e-02,-8.806488318663681092e-01
5.485267760669529924e-01,-1.214999700842849806e-01,-8.272582022604011431e-01
6.043048455319195433e-01,-2.953241561009629645e-01,-7.399995246551818173e-01
6.353426036180047642e-01,-4.570577364677529397e-01,-6.224451795643267671e-01
6.403693608623828304e-01,-6.000793194015489052e-01,-4.794078556879051711e-01
6.191793212328495777e-01,-7.185335844927193127e-01,-3.167435178715894417e-01
5.726400074415624042e-01,-8.075710002106463170e-01,-1.411116632178277541e-01
5.026567444632736859e-01,-8.635463642943859153e-01,4.029731950798820517e-02
4.120946553069987361e-01,-8.841680387615236114e-01,2.200565252384131254e-01
3.046613625433894912e-01,-8.685917698364314932e-01,3.908065909700335627e-01
1.847551978010634754e-01,-8.174552517990359979e-01,5.455569889495162084e-01
5.728513355294799492e-02,-7.328520197060742758e-01,6.779722197011811557e-01
-7.253019079354257326e-02,-6.182457398198896170e-01,7.826311881199262688e-01
-1.993761206070098768e-01,-4.783284067046887911e-01,8.552491437417815145e-01
-3.180595686171268088e-01,-3.188282524177967203e-01,8.928530989313407940e-01
-3.005274296275026180e-01,-3.077691247032272592e-01,9.027521420195544488e-01
-4.105887035799955509e-01,-1.379910970475887733e-01,9.013186859419366481e-01
-5.038404277657994035e-01,3.743630233444351224e-02,8.629851369614071066e-01
-5.764648656401346605e-01,2.113310551003249882e-01,7.893208750772292559e-01
-6.254887641834170342e-01,3.765738896400542268e-01,6.833417238261247917e-01
-6.489050792292212488e-01,5.263997448923667388e-01,5.493864821123354281e-01
-6.457551440882716154e-01,6.546747327394416560e-01,3.929392932706963215e-01
-6.161679174753403876e-01,7.561472601071490551e-01,2.204051235941482945e-01
-5.613547039243124148e-01,8.266630298025391399e-01,3.884754226115340325e-02
-4.835595628382460265e-01,8.633351179290312816e-01,-1.443004620164055340e-01
-3.859674364337456476e-01,8.646621648899398549e-01,-3.215407884244286252e-01
-2.725737578323996213e-01,8.305898412267636033e-01,-4.856171971749169147e-01
-1.480208775593383486e-01,7.625130718736011781e-01,-6.298123808154661996e-01
-1.740800516728324351e-02,6.632189277664516380e-01,-7.482229715856175689e-01
1.139175530016742072e-01,5.367725228316285735e-01,-8.360012259865876594e-01
2.405793131659989814e-01,3.883505877439850651e-01,-8.895534919696935772e-01
3.573917279824387339e-01,2.240295339648462336e-01,-9.066873334734628642e-01
4.595724834635324108e-01,5.053668474283401491e-02,-8.867012890135903547e-01
5.429382874741550680e-01,-1.250251422903581044e-01,-8.304135895985237381e-01
6.040761342030457337e-01,-2.954684253083526002e-01,-7.401286602558398986e-01
6.404830330217318179e-01,-4.538151962781575288e-01,-6.195427766008564374e-01
6.506684812149470254e-01,-5.935827197913128295e-01,-4.735927388786487779e-01
6.342154853369219580e-01,-7.090488970132037272e-01,-3.082537587819652591e-01
5.917976329720479045e-01,-7.954865290816659495e-01,-1.302948335824692661e-01
5.251515159800287380e-01,-8.493568491838263679e-01,5.299837741288596776e-02
4.370056342211041112e-01,-8.684544000852084666e-01,2.341218286099126800e-01
3.309686904511856542e-01,-8.519973258080428824e-01,4.056603046355026776e-01
2.113818496070257180e-01,-8.006593809068609513e-01,5.605910001262532916e-01
8.314101100364146291e-02,-7.165423468778693294e-01,6.925710342051893953e-01
-4.850363035888594077e-02,-6.030899849775468446e-01,7.961971287701237188e-01
-1.781625273955858568e-01,-4.649470482321791387e-01,8.672268193340187947e-01
-3.005274296275024515e-01,-3.077691247032274813e-01,9.027521420195544488e-01
-2.732851838646330744e-01,-2.892122835073563936e-01,9.174265438434470177e-01
-3.888371388881185498e-01,-1.231743915798236555e-01,9.130354586105844383e-01
-4.884700557591005743e-01,4.790627441136353221e-02,8.712645944250932972e-01
-5.681049511545105402e-01,2.170256518994013728e-01,7.938240553745956607e-01
-6.244815631001571221e-01,3.772599736992461317e-01,6.838842662266959582e-01
-6.552918264790152936e-01,5.220492278496793315e-01,5.459461748664858893e-01
-6.592743654883022053e-01,6.454657252737666662e-01,3.856569829612902511e-01
-6.362661345130491419e-01,7.424567800661434624e-01,2.095789488608877926e-01
-5.872090932327355128e-01,8.090515670476449150e-01,2.492072796963972284e-02
-5.141116426813346907e-01,8.425236878146930009e-01,-1.607577504527466228e-01
-4.199664010730067565e-01,8.415027898102774850e-01,-3.398547876833640791e-01
-3.086276856607932384e-01,8.060306687186497010e-01,-5.050381299749823194e-01
-1.846537165354134591e-01,7.375595573450980380e-01,-6.495451518859641782e-01
-5.312000255918339353e-02,6.388926710342698323e-01,-7.674597189604198677e-01
8.058845056315491751e-02,5.140694437045971732e-01,-8.539543949679478940e-01
2.109976030506968137e-01,3.682001529490634417e-01,-9.054880777101070866e-01
3.327684888781774486e-01,2.072567046701139781e-01,-9.199509721604828272e-01
4.409157936723481219e-01,3.782814255034130241e-02,-8.967509657209586926e-01
5.310119540681671468e-01,-1.331491081700603984e-01,-8.368378693810543112e-01
5.993684226731798015e-01,-2.986752187576240392e-01,-7.426645323444146518e-01
6.431866776311531142e-01,-4.519735307964025672e-01,-6.180864220942170473e-01
6.606727944356812765e-01,-5.867679933797410596e-01,-4.682037811014113093e-01
6.511108894102551892e-01,-6.975401053718012223e-01,-2.991528222987054897e-01
6.148924280700923672e-01,-7.797548434924574945e-01,-1.178545118021264715e-01
5.535001984779471806e-01,-8.300463267032286430e-01,6.826877625494874591e-02
4.694476057266030455e-01,-8.463556157724672069e-01,2.515971325909057699e-01
3.661757728390602207e-01,-8.280150064894186146e-01,4.246250727571831973e-01
2.479126607876596389e-01,-7.757753655530610359e-01,5.802688125534539720e-01
1.194999752751116223e-01,-6.917753900012260093e-01,7.121562789850958142e-01
-1.380505326585043657e-02,-5.794540487025836573e-01,8.148879836802779275e-01
-1.465449013040836801e-01,-4.434097905670977280e-01,8.842580785783169528e-01
-2.732851838646329079e-01,-2.892122835073566156e-01,9.174265438434470177e-01
-2.390108404578845103e-01,-2.636172551064779879e-01,9.345478912039445474e-01
-3.614757265768390737e-01,-1.027417280891060464e-01,9.267035320991329206e-01
-4.691417539781432833e-01,6.234005734787440023e-02,8.809198215071408766e-01
-5.576010628497669597e-01,2.248696335123871459e-01,7.990711499189624423e-01
-6.232321186929780099e-01,3.781930204598426548e-01,6.845084115662282143e-01
-6.633479783702338484e-01,5.160331407138791793e-01,5.419218184176490816e-01
-6.763062938729343943e-01,6.327468035557699544e-01,3.771488823499415388e-01
-6.615765502418615718e-01,7.235557379154947677e-01,1.969354267257152347e-01
-6.197617849119427813e-01,7.847422153507699338e-01,8.659411592408025951e-03
-5.525738992888115098e-01,8.138012542862892440e-01,-1.799711208689300235e-01
-4.627635733041196020e-01,8.095431742537405606e-01,-3.612336144961854623e-01
-3.540076522559460481e-01,7.721423015499594422e-01,-5.277071615028192664e-01
-2.307586163302810522e-01,7.031298322978548621e-01,-6.725763153145689621e-01
-9.806229553906828378e-02,6.053311450972288510e-01,-7.899101157529786477e-01
3.864870715334448037e-02,4.827501296929326280e-01,-8.749049032419635719e-01
1.737774272338690751e-01,3.404052672582760231e-01,-9.240809811952613861e-01
3.017916790254583370e-01,1.841241731861449071e-01,-9.354250752035201399e-01
4.174505440187286642e-01,2.030501383010133165e-02,-9.084727567251672520e-01
5.160189346915160513e-01,-1.443454351778845068e-01,-8.443274568454695039e-01
5.934614495483823138e-01,-3.030863651098191780e-01,-7.456152916782544660e-01
6.466075829319782864e-01,-4.494189036430224493e-01,-6.163775488636543676e-01
6.732815258971739381e-01,-5.773521794566008891e-01,-4.619052367772896184e-01
6.723912440849190153e-01,-6.816485892072255970e-01,-2.885224700257018604e-01
6.439731857372108514e-01,-7.580382256253979101e-01,-1.033275594513109463e-01
5.891907895017847174e-01,-8.033936880207567244e-01,8.609759354748931781e-02
5.102868531171772526e-01,-8.158581184337956316e-01,2.719979009504177037e-01
4.104917130097931466e-01,-7.949212216188962232e-01,4.467625823300394594e-01
2.938909939410597194e-01,-7.414401565916416414e-01,6.032367510966950563e-01
1.652583430496538108e-01,-6.576044444380058085e-01,7.350143363961432197e-01
2.985999617676418638e-02,-5.468463290638366781e-01,8.367003484030156590e-01
-1.067608224480027235e-01,-4.137002607260785725e-01,9.041317498381520323e-01
-2.390108404578843437e-01,-2.636172551064781544e-01,9.345478912039445474e-01
-2.009283934886760825e-01,-2.319104212236103857e-01,9.517590751960001150e-01
-3.317542594886673246e-01,-7.799611180867652149e-02,9.401360102952404096e-01
-4.489980671257221556e-01,7.911136758785855538e-02,8.900236666717027401e-01
-5.478598411396171652e-01,2.329800183001558000e-01,8.034736495612849749e-01
-6.242921688864579988e-01,3.773104396892547063e-01,6.840293268336828936e-01
-6.751659018878721774e-01,5.061937273453812614e-01,5.365807630954766427e-01
-6.983982635373715553e-01,6.143533843287504181e-01,3.671645198705788538e-01
-6.930381182193394718e-01,6.973613415742428989e-01,1.827165180621803664e-01
-6.593049109128862328e-01,7.518192435592072620e-01,-9.211919463963165466e-03
-5.985796830886217501e-01,7.754975773778475245e-01,-2.007632199248974292e-01
-5.133485327085824945e-01,7.674269492615422017e-01,-3.840952505734299138e-01
-4.071008330835623745e-01,7.279377716736313841e-01,-5.517023765342101704e-01
-2.841863775197844277e-01,6.586467361843458823e-01,-6.967227423774031703e-01
-1.496372982698650211e-01,5.623906259279674025e-01,-8.132191972862188312e-01
-8.962050447141267639e-03,4.431101773680055089e-01,-8.964223627089384916e-01
1.320801047738847100e-01,3.056887460833621617e-01,-9.429258912771986134e-01
2.677148849867144742e-01,1.557523816171633435e-01,-9.508259230674823703e-01
3.923893863530247272e-01,-5.605036525698769978e-04,-9.197990298500809958e-01
5.009994201382469425e-01,-1.568504418369105480e-01,-8.511154562788202371e-01
5.890984787980768633e-01,-3.067189045033036909e-01,-7.475871159256844978e-01
6.530797765197814408e-01,-4.440302591813907185e-01,-6.134524712087947584e-01
6.903239114571505519e-01,-5.631629628772513163e-01,-4.542030102430123506e-01
6.993061043498481899e-01,-6.592397087040785530e-01,-2.763584246712932901e-01
6.796586231654847543e-01,-7.283271033991840504e-01,-8.719969272279527728e-02
6.321858380922289466e-01,-7.675967009063259239e-01,1.055290048913027773e-01
5.588312905287952104e-01,-7.754407992895799850e-01,2.939373326460193447e-01
4.625981242712239871e-01,-7.515382602394933276e-01,4.703118314660376109e-01
3.474261364530172314e-01,-6.968676565132058132e-01,6.274317086465426296e-01
2.180304817875862722e-01,-6.136672090507946375e-01,7.588644579549627123e-01
7.970863358027752144e-02,-5.053431539470084610e-01,8.592292071919187535e-01
-6.187649545117447636e-02,-3.763302907453321966e-01,9.244170117312923152e-01
-2.009283934886759160e-01,-2.319104212236105800e-01,9.517590751960001150e-01
-1.622429378273969602e-01,-1.954024634757952628e-01,9.672099598291593603e-01
-3.026124799277524202e-01,-5.049464287881794133e-02,9.517751719983634784e-01
-4.305930315444091994e-01,9.648043433048682227e-02,8.973745967971202830e-01
-5.409450538571046740e-01,2.395055912223317540e-01,8.062354001659648439e-01
-6.291507221065453237e-01,3.727253610688223140e-01,6.820888315233775145e-01
-6.915988858708729259e-01,4.906857108397849609e-01,5.300174659761884843e-01
-7.257329099882284806e-01,5.885573299558437554e-01,3.562471230975263192e-01
-7.301553435006694626e-01,6.623333428309603477e-01,1.678919811419916641e-01
-7.046851314605832028e-01,7.089933508297140419e-01,-2.733667824796626178e-02
-6.503650273415130245e-01,7.266270877423176566e-01,-2.214461708185291033e-01
-5.694189025884353050e-01,7.145126263076930773e-01,-4.064896311369613491e-01
-4.651607010595069647e-01,6.731459340003627112e-01,-5.748913581961424546e-01
-3.418587657751407383e-01,6.042205680637685594e-01,-7.197569655039068870e-01
-2.045610924532407782e-01,5.105583410777413400e-01,-8.351556380760890574e-01
-5.888866397139735920e-02,3.959937956199336417e-01,-9.163629406988150761e-01
8.919467333255935715e-02,2.652172176421503935e-01,-9.600542368612579036e-01
2.336263702303519318e-01,1.235826156123976255e-01,-9.644407997650177311e-01
3.684933760809809833e-01,-2.311147322086742895e-02,-9.293430430094152817e-01
4.882742198187213778e-01,-1.688593756249874567e-01,-8.561978728798363969e-01
5.880650596272983810e-01,-3.076941553508862337e-01,-7.479998612355783782e-01
6.637804468000234603e-01,-4.339319002041918671e-01,-6.091786473860837381e-01
7.123205844898643502e-01,-5.424044220783040826e-01,-4.454175881371509882e-01
7.316982337565755001e-01,-6.286708431827171539e-01,-2.634210804955390284e-01
7.211200713624003056e-01,-6.891994061015421780e-01,-7.064008286777691270e-02
6.810191685186377519e-01,-7.215120643570781533e-01,1.250329280524493658e-01
6.130372608993672756e-01,-7.242859339237673888e-01,3.155870762074630687e-01
5.199575357900572126e-01,-6.974074522556339417e-01,4.932210523826361936e-01
4.055906880730856812e-01,-6.419770275502585388e-01,6.506625007222512913e-01
2.746189099315197724e-01,-5.602639879078774587e-01,7.814657498326995633e-01
1.324042013510055571e-01,-4.556136747723246172e-01,8.802756993266704910e-01
-1.523115078965189828e-02,-3.323104842592590757e-01,9.430470582622044740e-01
-1.622429378273967937e-01,-1.954024634757954293e-01,9.672099598291593603e-01
-1.255909085584709650e-01,-1.555700734168005972e-01,9.798085914833301047e-01
-2.762305851545095448e-01,-2.182354487786314357e-02,9.608435859775300569e-01
-4.155613491386068725e-01,1.128164421525316430e-01,9.025415311674822583e-01
-5.378789826625843817e-01,2.428377107858327444e-01,8.072893200273105752e-01
-6.381757874382585349e-01,3.629171750073422187e-01,6.789865892727533492e-01
-7.123456004937395170e-01,4.681387674430937951e-01,5.228860677758327968e-01
-7.573519009679524627e-01,5.541947037357553008e-01,3.453785292276652652e-01
-7.713521256314674890e-01,6.175618437423623375e-01,1.537311531126631381e-01
-7.537731036416036590e-01,6.556459293057212978e-01,-4.420999447341497635e-02
-7.053345222240735568e-01,6.668877934881783931e-01,-2.403411796912976739e-01
-6.280194625934023556e-01,6.508271930492407487e-01,-4.266327687737292984e-01
-5.249932123750037372e-01,6.081216508579191382e-01,-5.954579621753425256e-01
-4.004736783578891068e-01,5.405195368292141644e-01,-7.399050366421571212e-01
-2.595587048951432663e-01,4.507884894543722210e-01,-8.540603119736915882e-01
-1.080173675571373670e-01,3.426021083558697944e-01,-9.332502577851972125e-01
4.794621350015954020e-02,2.203895566872395295e-01,-9.742328283907277786e-01
2.019468709433190068e-01,8.915423067316032013e-02,-9.753301925344449730e-01
3.476797997623091718e-01,-4.573108001985538157e-02,-9.364974239993703042e-01
4.791786767283884863e-01,-1.787441549236844784e-01,-8.593243408919861714e-01
5.910599223681036740e-01,-3.044394231233914505e-01,-7.469704183021613764e-01
6.787431053394767932e-01,-4.176709055703136109e-01,-6.040354390217481662e-01
7.386384658293229100e-01,-5.138028920689392542e-01,-4.363711778966343768e-01
7.682938807417819538e-01,-5.888997277969861832e-01,-2.508418294769960144e-01
7.664952539059742831e-01,-6.398869394762443097e-01,-5.504298708590585343e-02
7.333162213158879172e-01,-6.646771046698222163e-01,1.430093216637576270e-01
6.701151364641315666e-01,-6.622553111019736649e-01,3.352068119816250524e-01
5.794794591903482672e-01,-6.327207072859153403e-01,5.136808960318365314e-01
4.651198247713667078e-01,-5.772824433720451509e-01,6.711248238435623126e-01
3.317181300769865282e-01,-4.982101683987164575e-01,8.010928225133140401e-01
1.847358561620291162e-01,-3.987411105939351330e-01,8.982639869049606762e-01
3.019047459025680363e-02,-2.829475448713468233e-01,9.586601181311810160e-01
-1.255909085584707707e-01,-1.555700734168007637e-01,9.798085914833301047e-01
-9.288062682731000608e-02,-1.139665412668088296e-01,9.891333664536066106e-01
-2.539417065733390322e-01,6.525219717328153979e-03,9.671975140426379847e-01
-4.046063830153719953e-01,1.267498374395569505e-01,9.056644817658811020e-01
-5.387064265975242128e-01,2.417853019245367885e-01,8.070534391945708430e-01
-6.507517657794561483e-01,3.469220477401592784e-01,6.754015339978821642e-01
-7.361552512102914614e-01,4.378557641596899086e-01,5.160986106430094367e-01
-7.914204541620080136e-01,5.108636141486551097e-01,3.356665495294001156e-01
-8.142848107323769069e-01,5.629566477504481803e-01,1.414922604389120819e-01
-8.038122514769595606e-01,5.920021700487405614e-01,-5.847473841857964844e-02
-7.604315242021462140e-01,5.968110539479358767e-01,-2.560477746147247213e-01
-6.859186409795864359e-01,5.771864231761814068e-01,-4.431381848338069585e-01
-5.833241680033042220e-01,5.339317124230689160e-01,-6.120864656992671682e-01
-4.568483350512873020e-01,4.688177746290435599e-01,-7.559758547418933272e-01
-3.116690775848705575e-01,3.845103820579556242e-01,-8.689155034679949541e-01
-1.537300514625673797e-01,2.844610892673632430e-01,-9.462816493888800418e-01
1.050270102912728536e-02,1.727659260594063273e-01,-9.849069134004118098e-01
1.743054717066745418e-01,5.399770553944296253e-02,-9.832099726556822183e-01
3.309721558925272089e-01,-6.698118738976620301e-02,-9.412603001081623066e-01
4.740888011285627757e-01,-1.852178626372830428e-01,-8.607753202808249293e-01
5.977961951433259369e-01,-2.958716968262546376e-01,-7.450500977043847950e-01
6.970297426908511618e-01,-3.944125089837113851e-01,-5.988224365882574007e-01
7.677268106750954058e-01,-4.768060266818726634e-01,-4.280789145595584322e-01
8.069930528262311276e-01,-5.396790496253487390e-01,-2.398097914716541268e-01
8.132209045770033562e-01,-5.804575488675671746e-01,-4.172282734444628105e-02
7.861553969449939228e-01,-5.974720478582812300e-01,1.580722742364672750e-01
7.269045949927194217e-01,-5.900259710096924515e-01,3.513958783374362405e-01
6.378942335137796071e-01,-5.584241615828590133e-01,5.303332938920078954e-01
5.227684071653956321e-01,-5.039604013687700723e-01,6.875588020831245872e-01
3.862403808049805209e-01,-4.288644431098109222e-01,8.166355721322290373e-01
2.338996278730918754e-01,-3.362107241605037378e-01,9.122791859076345711e-01
7.198299669403954160e-02,-2.297924986609826969e-01,9.705739826237286261e-01
-9.288062682730981179e-02,-1.139665412668089683e-01,9.891333664536066106e-01
-6.518143074983651086e-02,-7.197312711545662822e-02,9.952744596635767493e-01
-2.362481908220947779e-01,3.334950489359765624e-02,9.711202823835145548e-01
-3.976429222041127920e-01,1.373068042539076217e-01,9.072083266408830227e-01
-5.427581056300349038e-01,2.356427469151981535e-01,8.061551554131213271e-01
-6.656527084400936101e-01,3.243314478309332616e-01,6.720978974035376474e-01
-7.612954111557428405e-01,3.997419811651430344e-01,5.105248725061033443e-01
-8.257705902902631179e-01,4.587870308227632865e-01,3.280508993441436094e-01
-8.564386244343753507e-01,4.990492855333124034e-01,1.321464838186905966e-01
-8.520439606668787080e-01,5.188804038583263445e-01,-6.916802428085219723e-02
-8.127665170387655680e-01,5.174684974835218609e-01,-2.676507853394391456e-01
-7.402143167070743823e-01,4.948713700217749478e-01,-4.551758917985976316e-01
-6.373576552779063320e-01,4.520141505264195780e-01,-6.240660437666248894e-01
-5.084074965553160297e-01,3.906514185991049048e-01,-7.674068585781996799e-01
-3.586430751884068235e-01,3.132953716947503020e-01,-8.793299464331060245e-01
-1.941957641845121485e-01,2.231129754625694184e-01,-9.552531629641590749e-01
-2.179805577787001514e-02,1.237963078002894401e-01,-9.920682027659786240e-01
1.514920675934808836e-01,1.941140475121706788e-02,-9.882678537834945764e-01
3.185800879179924716e-01,-8.576820348911332048e-02,-9.440077027505719975e-01
4.726254020115706056e-01,-1.874364514012634431e-01,-8.610997654508455446e-01
6.073213766156680959e-01,-2.814310289701978940e-01,-7.429383025786350236e-01
7.171535427038886468e-01,-3.639037871463507434e-01,-5.943608583073107798e-01
7.976253584918483464e-01,-4.314782815198523469e-01,-4.214502106624500311e-01
8.454422983861514806e-01,-4.813880043513857898e-01,-2.312853418747714551e-01
8.586467312492734871e-01,-5.115896457240846074e-01,-3.165162401586581881e-02
8.366980660483429588e-01,-5.208467468916083698e-01,1.692779150491572071e-01
7.804948837155448738e-01,-5.087803210444954427e-01,3.632771963827572947e-01
6.923381491391773501e-01,-4.758843690746713539e-01,5.424038666131890674e-01
5.758370093907736464e-01,-4.235056551208912223e-01,6.993244588147286001e-01
4.357610348199356665e-01,-3.537885698866599649e-01,8.276146255052579948e-01
2.778449522838221109e-01,-2.695873390328771269e-01,9.220221521870128889e-01
1.085538647558131897e-01,-1.743491708439208754e-01,9.786819836252285132e-01
-6.518143074983630270e-02,-7.197312711545675312e-02,9.952744596635767493e-01
-4.287911322180087970e-02,-3.071131996963408911e-02,9.986081295858915130e-01
-2.230258927708481664e-01,5.781225014549247476e-02,9.730967037694039368e-01
-3.940419660654272960e-01,1.439689799470116605e-01,9.077465845665890765e-01
-5.489259149713225927e-01,2.242316027938632550e-01,8.052332135359230314e-01
-6.813367724222355593e-01,2.953141574762394583e-01,6.697535001322110215e-01
-7.858536223565105727e-01,3.543065158535981807e-01,5.068539997403914699e-01
-8.581975326576301022e-01,3.987935238426627560e-01,3.232038370463840571e-01
-8.954067351378176554e-01,4.269538781093591417e-01,1.263216712888592108e-01
-8.959578806756387515e-01,4.376346904413077610e-01,-7.573211853339764654e-02
-8.598284053080181843e-01,4.303986871266964331e-01,-2.746854265247510862e-01
-7.884974540015392552e-01,4.055421109914197353e-01,-4.623930808800142400e-01
-6.848853242837205091e-01,3.640825931829795303e-01,-6.311703081751692812e-01
-5.532339089191172787e-01,3.077174912317397482e-01,-7.741073488942703529e-01
-3.989330323211414675e-01,2.387543990342026468e-01,-8.853523437958888964e-01
-2.282997905072969291e-01,1.600166736877545182e-01,-9.603509097180202847e-01
-4.831992844599725112e-02,7.472784691936881774e-02,-9.960325965598550990e-01
1.336381571632320742e-01,-1.362034668204498838e-02,-9.909365918696686482e-01
3.101250809163819122e-01,-1.014109216899730798e-01,-9.452715266782322212e-01
4.739154474186652588e-01,-1.850497216486363117e-01,-8.609069341199003800e-01
6.183036598209277201e-01,-2.611125642605852670e-01,-7.412967105264302026e-01
7.373784477425263661e-01,-3.264854278122824582e-01,-5.913377125053426164e-01
8.262648753752569464e-01,-3.784919395889357330e-01,-4.171692790550554641e-01
8.813239219281238102e-01,-4.150029468879032346e-01,-2.259218863049452519e-01
9.003014635660893106e-01,-4.345236847805042935e-01,-2.542522498481608606e-02
8.824205575047288086e-01,-4.362549719638263435e-01,1.761123480335284874e-01
8.284132501391116010e-01,-4.201259293371665815e-01,3.704398608310581764e-01
7.404906069783754319e-01,-3.867968818007426202e-01,5.496015222013287405e-01
6.222521913639922353e-01,-3.376323244766922804e-01,7.062624326772402039e-01
4.785386979236392335e-01,-2.746450601184525220e-01,8.340088761770327874e-01
3.152337739643829018e-01,-2.004137947295389632e-01,9.276108982942560255e-01
1.390231422606289791e-01,-1.179775650367770323e-01,9.832364212456593533e-01
-4.287911322180065765e-02,-3.071131996963419666e-02,9.986081295858915130e-01
-2.587611222465749372e-02,8.985743979534421486e-03,9.996247712123130791e-01
-2.137709330842117728e-01,7.941989026673848540e-02,9.736500753342151038e-01
-3.929139468262803359e-01,1.466025769149814084e-01,9.078140309729080260e-01
-5.559710174198523314e-01,2.077833368392535407e-01,8.048119735199503744e-01
-6.962665692364348180e-01,2.604574225398212373e-01,6.688608193096945431e-01
-8.080568859006296289e-01,3.024683507591608977e-01,5.055264245690903602e-01
-8.867652587133997288e-01,3.320961891598983584e-01,3.214957186097948671e-01
-9.291693576439493674e-01,3.481279705567840721e-01,1.243029401564712949e-01
-9.335331538997918566e-01,3.499073519357753792e-01,-7.797881527183343764e-02
-8.996779931494889304e-01,3.373614852141479381e-01,-2.770681088407875858e-01
-8.289899096519697252e-01,3.110039996495617132e-01,-4.648142014796795563e-01
-7.243628818511207434e-01,2.719139737979041627e-01,-6.335307460966436155e-01
-5.900803525582620779e-01,2.216917579104250580e-01,-7.763104675317089587e-01
-4.316398643001704838e-01,1.623934554064176694e-01,-8.873079472134194345e-01
-2.555279892820994103e-01,9.644674575765066482e-02,-9.619789352819553274e-01
-6.895476835955517692e-02,2.655149500555396141e-02,-9.972663927123223138e-01
1.204414688814704759e-01,-4.443077707173830049e-02,-9.917256468512213319e-01
3.049068182352169254e-01,-1.135940479153189214e-01,-9.455835364852152036e-01
4.768892466253837892e-01,-1.781067650905125421e-01,-8.607291250341566613e-01
6.293477732265999602e-01,-2.353277703762441941e-01,-7.406363620728215746e-01
7.560407280466960867e-01,-2.829144290929335726e-01,-5.902218594271473329e-01
8.517812866295463303e-01,-3.189185378415241856e-01,-4.156436045084021536e-01
9.126498192577312540e-01,-3.418660841795455596e-01,-2.240488515850330431e-01
9.361543610537043092e-01,-3.508175928636972363e-01,-2.328151235315044365e-02
9.213326333146715230e-01,-3.454065880766920560e-01,1.784389747299316709e-01
8.687914393157484261e-01,-3.258545969902763018e-01,3.728541492218812037e-01
7.806818217125787163e-01,-2.929620804167891723e-01,5.520046310361843567e-01
6.606109986022768998e-01,-2.480756618494557864e-01,7.085559783980760473e-01
5.134946835907012730e-01,-1.930329965383530966e-01,8.360989607525579626e-01
3.453558358998589095e-01,-1.300875376685561857e-01,9.294119534163736152e-01
1.630780797096885726e-01,-6.181627972197194232e-02,9.846747115060554556e-01
-2.587611222465726474e-02,8.985743979534334749e-03,9.996247712123130791e-01
-1.374771812391920554e-02,4.666971998083412065e-02,9.988157675383854128e-01
-2.077752941682831367e-01,9.804886217709474217e-02,9.732501465497235271e-01
-3.932965252568372261e-01,1.454138724355730217e-01,9.078395502092795333e-01
-5.627161503909967610e-01,1.868256216711343676e-01,8.052618960166493256e-01
-7.090981102118085744e-01,2.205887080044009740e-01,6.697167251868425542e-01
-8.264495100850587361e-01,2.453208667138948307e-01,5.067532729395123337e-01
-9.099659699117322864e-01,2.600095603161437507e-01,3.230432821570570767e-01
-9.562283160137577953e-01,2.640534319692237064e-01,1.261078614471179138e-01
-9.633425625061236008e-01,2.572869250925226559e-01,-7.599042992751084413e-02
-9.310174513015437858e-01,2.399870612726037744e-01,-2.749776641724109294e-01
-8.605763762507728787e-01,2.128620989669018915e-01,-4.627072805375889719e-01
-7.549032032428645289e-01,1.770225373192604867e-01,-6.314936064717608932e-01
-6.183242043968333324e-01,1.339356521945036238e-01,-7.744265099596305824e-01
-4.564309399727865535e-01,8.536542573213282137e-02,-8.856543011385019648e-01
-2.758513392378955098e-01,3.330032871027685526e-02,-9.606233011688009027e-01
-8.397835226344893544e-02,-2.012808768160032763e-02,-9.962642703808041178e-01
1.113327183197007075e-01,-7.273245779884290885e-02,-9.911180633073356505e-01
3.020858143338027713e-01,-1.223591525480999392e-01,-9.453953662706371386e-01
4.804714816155028489e-01,-1.669764492154477420e-01,-8.609680718595795756e-01
6.391865899868622858e-01,-2.047577104330154107e-01,-7.412926434271380760e-01
7.717333242629245138e-01,-2.341561669274460633e-01,-5.912686070746017153e-01
8.726852055688467669e-01,-2.539682424356855539e-01,-4.170379644773201111e-01
9.379092520226226526e-01,-2.633828282586067049e-01,-2.257337386144566416e-01
9.647351834989345010e-01,-2.620144901464521725e-01,-2.518794697012926784e-02
9.520647432112289144e-01,-2.499192480223063895e-01,1.763890421826133093e-01
9.004166604735981405e-01,-2.275922825198626875e-01,3.707446432235673717e-01
8.119054138617126659e-01,-1.959476622300979909e-01,5.499219150103022979e-01
6.901546642114934071e-01,-1.562809216257604328e-01,7.065853189834343517e-01
5.401489015187256326e-01,-1.102160217278355947e-01,8.343210369771345558e-01
3.680293793329801888e-01,-5.963886495054051412e-02,9.278995536884315776e-01
1.808426911157265393e-01,-6.620086034901195501e-03,9.834897536481558289e-01
-1.374771812391896962e-02,4.666971998083405820e-02,9.988157675383854128e-01
-5.977628615160694540e-03,8.203423252729540038e-02,9.966115856489903280e-01
-2.043244641301519560e-01,1.137548488380857731e-01,9.722712315623395218e-01
-3.943062320765496898e-01,1.408183282718176721e-01,9.081259790185075564e-01
-5.681450565527185192e-01,1.621166888006504159e-01,8.068019421933858570e-01
-7.187239556594090528e-01,1.767779730420822593e-01,6.724473390596638067e-01
-8.398782115749244825e-01,1.842019462966414389e-01,5.105626628556317881e-01
-9.266477548270628528e-01,1.840846702270064472e-01,3.277754912457244707e-01
-9.754802301200929948e-01,1.764309461292473957e-01,1.315691525122322236e-01
-9.843764301779462933e-01,1.615541183672010161e-01,-7.002364278382985918e-02
-9.529721435249948192e-01,1.400632460173985294e-01,-2.687496619168932566e-01
-8.825530653466575615e-01,1.128381679189110476e-01,-4.564730383143347781e-01
-7.760021609774461204e-01,8.099348196790162602e-02,-6.255083548898825452e-01
-6.376816369614354274e-01,4.583291334879624479e-02,-7.689352859221272318e-01
-4.732543518038128116e-01,8.795939872052490130e-03,-8.808819160026605255e-01
-2.894519778783168351e-01,-2.860114041653213576e-02,-9.567651369428143981e-01
-9.379940596931907182e-02,-6.482728665597263518e-02,-9.934782807613991018e-01
1.056933246410247523e-01,-9.839939616283487067e-02,-9.895183070368706035e-01
3.008589581221266518e-01,-1.279430228293524929e-01,-9.450473375587882252e-01
4.837073905082821534e-01,-1.522486471085695847e-01,-8.618860190427017898e-01
6.467527854938233123e-01,-1.703211938867053021e-01,-7.434389856396999008e-01
7.833200454510220734e-01,-1.814207709752288233e-01,-5.945554728142364853e-01
8.878180907112582787e-01,-1.850929603839909510e-01,-4.213307890744567019e-01
9.559687590235792509e-01,-1.811874222471330786e-01,-2.308567733257029797e-01
9.849819540199150625e-01,-1.698640497548594142e-01,-3.093145415247585545e-02
9.736698720882099867e-01,-1.515864231074434132e-01,1.702602023880452065e-01
9.224956311918611762e-01,-1.271028304873602077e-01,3.644813862380753000e-01
8.335543107658833772e-01,-9.741563305317602062e-02,5.437806593107740172e-01
7.104871789186774089e-01,-6.374022815594392044e-02,7.008174882997753041e-01
5.583326184878417697e-01,-2.745529082884867744e-02,8.291627669752251739e-01
3.833198550548166383e-01,9.953669330639331944e-03,9.235620245482207835e-01
1.926139317176770172e-01,4.695512509822447750e-02,9.801505443222823244e-01
-5.977628615160453414e-03,8.203423252729535875e-02,9.966115856489903280e-01
-2.002580682476243819e-03,1.150226723558214065e-01,9.933608480883135972e-01
-2.027538310015716272e-01,1.267893423416483756e-01,9.709867901690301117e-01
-3.952043156568992299e-01,1.333652417548931435e-01,9.088604189741232853e-01
-5.714750891946978051e-01,1.344811525009419750e-01,8.095251954398505756e-01
-7.243496054353936175e-01,1.300913890627378167e-01,6.770479152890989116e-01
-8.475691637220996721e-01,1.203756688712159656e-01,5.168522139366592549e-01
-9.360891408608745801e-01,1.057317546525659707e-01,3.354965222180961160e-01
-9.862855185870013086e-01,8.675916997548624443e-02,1.404055634607565273e-01
-9.961032512985484866e-01,6.423465468584048377e-02,-6.043361556161960801e-02
-9.651403998647704041e-01,3.908036508610496923e-02,-2.587986352622546615e-01
-8.946645870613469942e-01,1.232612074799634833e-02,-4.465684084277048438e-01
-7.875611009450063094e-01,-1.493275642179289764e-02,-6.160556184825645154e-01
-6.482147708214769377e-01,-4.158028478914956028e-02,-7.603214391332860922e-01
-4.823304518185147494e-01,-6.652551141176241134e-02,-8.734596107319152480e-01
-2.966994674466807425e-01,-8.874717578076203595e-02,-9.508382432400331874e-01
-9.892157201687241941e-02,-1.073355203459468721e-01,-9.892894463511544556e-01
1.029061841940978050e-01,-1.215295360967804522e-01,-9.872390232920847941e-01
3.005209491331984339e-01,-1.307481183606977182e-01,-9.447709186237776002e-01
4.858323511050737231e-01,-1.346138572966764091e-01,-8.636237815411432761e-01
6.512537195398298007e-01,-1.329684890984724754e-01,-7.471197853707288727e-01
7.900126841775626518e-01,-1.258793753334430110e-01,-6.000286174043891751e-01
8.964284367025167066e-01,-1.136367451520638172e-01,-4.283722073411450615e-01
9.661443037030005287e-01,-9.674181327240846673e-02,-2.391781887777570947e-01
9.963061093927483292e-01,-7.588626019070035533e-02,-4.019218706356397774e-02
9.856790259029594159e-01,-5.192391470052795666e-02,1.604392875113929695e-01
9.346981272803354113e-01,-2.583579804171501348e-02,3.545023588048176744e-01
8.454505775044875993e-01,1.310039224503095406e-03,5.340520618765144389e-01
7.215901817493813875e-01,2.840224333094699960e-02,6.917376107865339518e-01
5.681877991702091180e-01,5.433165625830003315e-02,8.211033406352346020e-01
3.915237413337766537e-01,7.803672479473969248e-02,9.168530032427825160e-01
1.988306555250531904e-01,9.854696064915687004e-02,9.750665961719173769e-01
-2.002580682475999657e-03,1.150226723558213926e-01,9.933608480883135972e-01
-1.308355601078657528e-03,1.456991814864555812e-01,9.893280733506939484e-01
-2.025116357155991864e-01,1.374914994671675161e-01,9.695798703428513132e-01
-3.954240656698163048e-01,1.236548993051283379e-01,9.101369535223747809e-01
-5.721477879151560808e-01,1.047558530367034418e-01,8.134329228881407303e-01
-7.254477124987387393e-01,8.156808983666584412e-02,6.834268528165562406e-01
-8.490477224961361369e-01,5.504091945487150223e-02,5.254412070914161736e-01
-9.378876189756701898e-01,2.626036736356130927e-02,3.459439366112332381e-01
-9.883302861372241788e-01,-3.595287253075243883e-03,1.522836807194996867e-01
-9.983105952604423017e-01,-3.330375038714258190e-02,-4.761108695346289582e-02
-9.674199513171837239e-01,-6.164875406733578284e-02,-2.455566511324855095e-01
-8.969230208999815490e-01,-8.746985051259126287e-02,-4.334490971624629374e-01
-7.897059566231540151e-01,-1.097099210005901548e-01,-6.035960862265025151e-01
-6.501582376956644982e-01,-1.274584544324565138e-01,-7.490317806009002544e-01
-4.839929641265652283e-01,-1.399888237641256084e-01,-8.638020258699998788e-01
-2.980129617393657560e-01,-1.467880342029030116e-01,-9.432081147075531691e-01
-9.983227368352040609e-02,-1.475777252745519019e-01,-9.839991525067314226e-01
1.024355593867223996e-01,-1.423255669338141516e-01,-9.845051493872928328e-01
3.005096686200055545e-01,-1.312465831602619704e-01,-9.447053897774950748e-01
4.862808767115989195e-01,-1.147943488513099713e-01,-8.662292805120365147e-01
6.521436885750425683e-01,-9.364242041262205163e-02,-7.522896427247963702e-01
7.913076612045941705e-01,-6.865676027972410222e-02,-6.075511785741228854e-01
8.980754052097270623e-01,-4.086028431414751028e-02,-4.379394977883927509e-01
9.680758366061941178e-01,-1.139098350787015601e-02,-2.503985225074996102e-01
9.984431295079225777e-01,1.854466550160313240e-02,-5.260620229457228791e-02
9.879340433755100515e-01,4.772109372653510206e-02,1.473398220212610854e-01
9.369788214299831219e-01,7.494381476731232228e-02,3.412537367118501641e-01
8.476635764447754129e-01,9.909832722599137833e-02,5.211966833258443454e-01
7.236448850436776326e-01,1.191957425244793700e-01,6.798017764864686674e-01
5.700000870242278861e-01,1.344132701191100565e-01,8.105757050444193368e-01
3.930194184698396764e-01,1.441279026421757314e-01,9.081645689992504655e-01
1.999484887454755222e-01,1.479419218967612526e-01,9.685730687944462680e-01
-1.308355601078412716e-03,1.456991814864555812e-01,9.893280733506939484e-01
-3.454530129214963743e-03,1.741469095662297739e-01,9.847136234002835664e-01
-2.031701654591487882e-01,1.462203678938900631e-01,9.681639777848973782e-01
-3.945679903437042668e-01,1.123075471798107988e-01,9.119775851645602893e-01
-5.698121553438182385e-01,7.379684228861357886e-02,8.184547230547696284e-01
-7.217281437540706834e-01,3.226488600335971485e-02,6.914242284187701593e-01
-8.440964971595753541e-01,-1.058799850583484747e-02,5.360867446324087959e-01
-9.319074407942398164e-01,-5.300740911216350604e-02,3.588018065332786444e-01
-9.815659843083129887e-01,-9.325669016133408817e-02,1.668274803172538623e-01
-9.910391010956975943e-01,-1.296880313581037780e-01,-3.197678254435592365e-02
-9.599389606420745125e-01,-1.608099293133760654e-01,-2.294719121714873522e-01
-8.895388063517258859e-01,-1.853482498681943702e-01,-4.175724347525134883e-01
-7.827208288129657854e-01,-2.022983912959140373e-01,-5.885774927920935928e-01
-6.438581685768107743e-01,-2.109664128149273399e-01,-7.354861191218464711e-01
-4.786358792689981989e-01,-2.109974446057964470e-01,-8.522838573188010747e-01
-2.938181808265851735e-01,-2.023902162233572888e-01,-9.341889942580231532e-01
-9.697153153896119482e-02,-1.854971086088931520e-01,-9.778483240097755047e-01
1.038451436435389452e-01,-1.610097275729960586e-01,-9.814744284842678024e-01
3.004103864439863769e-01,-1.299305893724208572e-01,-9.449188545382657400e-01
4.846767927266952825e-01,-9.353207757674270040e-02,-8.696781916642157828e-01
6.491004741680681533e-01,-5.330435153552018357e-02,-7.588328014405838484e-01
7.869499059309333910e-01,-1.089433907943804410e-02,-6.169207071669061682e-01
8.925815160822976324e-01,3.196168889858668621e-02,-4.497518066567100514e-01
9.616707340913779323e-01,7.350920157776429098e-02,-2.641700143383948207e-01
9.913890392552437980e-01,1.120472389073838143e-01,-6.777307059440702830e-02
9.805197606687335865e-01,1.459980491111434187e-01,1.313985106227134880e-01
9.295078878742655260e-01,1.739716820302504574e-01,3.251906213762706943e-01
8.404418529376855851e-01,1.948228938462343296e-01,5.056693898824076161e-01
7.169680297941120051e-01,2.076980334974353193e-01,6.654459941531284395e-01
5.641414512706010020e-01,2.120699912537686027e-01,7.979791612366355924e-01
3.882188554482653431e-01,2.077597786510066158e-01,8.978429677005447251e-01
1.964025340700992217e-01,1.949438562995349511e-01,9.609489775747241946e-01
-3.454530129214720448e-03,1.741469095662298017e-01,9.847136234002835664e-01
-8.082717296787731223e-03,2.005323325064187479e-01,9.796537415335243582e-01
-2.044205953727307179e-01,1.533491033862727781e-01,9.667969138749267222e-01
-3.923894702557140790e-01,9.988774395573823961e-02,9.143593069684756713e-01
-5.642938741226234400e-01,4.233696855134413961e-02,8.244877226020781436e-01
-7.130960204812374359e-01,-1.694708731992450312e-02,7.008615139991577481e-01
-8.327039319761248004e-01,-7.553732744511726382e-02,5.485419526653803057e-01
-9.182208466573519301e-01,-1.310350605094477705e-01,3.737650193385395614e-01
-9.661456919900587303e-01,-1.811682028005556222e-01,1.836861022044539715e-01
-9.745164191753938887e-01,-2.238842975826487725e-01,-1.391294553608255630e-02
-9.429903296588709738e-01,-2.574345429164202614e-01,-2.109423956516701670e-01
-8.728581052494545078e-01,-2.804453878159190450e-01,-3.993358393045995935e-01
-7.669909674546528944e-01,-2.919747655873001779e-01,-5.713804267764296396e-01
-6.297231293346454706e-01,-2.915506621499588946e-01,-7.200326324416830293e-01
-4.666743523103517588e-01,-2.791904403484500863e-01,-8.392066175345319623e-01
-2.845198724705641502e-01,-2.554001291155919007e-01,-9.240233851029263645e-01
-9.071711562216598634e-02,-2.211537065885003095e-01,-9.710105267170690002e-01
1.067996105986121214e-01,-1.778532253292184340e-01,-9.782443832785225890e-01
2.999439482130615842e-01,-1.272714121280916211e-01,-9.454287998497188372e-01
4.808085453457509040e-01,-7.147909236068478167e-02,-8.739072502719003044e-01
6.419887841393797645e-01,-1.276041015359477560e-02,-7.666078351882081865e-01
7.768859266798634478e-01,4.648068474446806486e-02,-6.279234052593144488e-01
8.799772681018527276e-01,1.038188549478436945e-01,-4.635317173412372704e-01
9.470422367748133619e-01,1.569066690314571133e-01,-2.801629864525456148e-01
9.753351850014748692e-01,2.035707056491717903e-01,-8.532434998073351595e-02
9.636977961571581153e-01,2.419005336590671906e-01,1.130074754044751995e-01
9.126065063084839446e-01,2.703269253988544452e-01,3.067127614688101578e-01
8.241529988648290672e-01,2.876861010507475447e-01,4.878611910413927499e-01
7.019585708137822122e-01,2.932673739239414212e-01,6.490365261314847700e-01
5.510258763969893003e-01,2.868422460512358718e-01,7.836402295831998988e-01
3.775341178577121259e-01,2.686737629226598201e-01,8.861616099619614717e-01
1.885860681749648715e-01,2.395057443722032886e-01,9.524034299093121492e-01
-8.082717296787491831e-03,2.005323325064188034e-01,9.796537415335243582e-01
-1.491513273962480866e-02,2.250020315721442121e-01,9.742441298790387449e-01
-2.060591107295270397e-01,1.592173030048066040e-01,9.654996081352028581e-01
-3.887670045152449294e-01,8.691419934521338320e-02,9.172274189929245924e-01
-5.555587314579252256e-01,1.105281815244232857e-02,8.314038315474303609e-01
-6.996058186593386852e-01,-6.526106671414065585e-02,7.115424735525820443e-01
-8.150109614446454653e-01,-1.389031558415970424e-01,5.625504830878000906e-01
-8.970494597086868804e-01,-2.068585334484705496e-01,3.905276097485286257e-01
-9.423626476934182650e-01,-2.663450983911180847e-01,2.025164901811065121e-01
-9.490953981586714994e-01,-3.149274637114129471e-01,6.214321710992635507e-03
-9.169720715093343522e-01,-3.506166616649566969e-01,-1.903422618201210670e-01
-8.473078005127614443e-01,-3.719515722942285940e-01,-3.791062107880530663e-01
-7.429546486087567070e-01,-3.780587418513207676e-01,-5.523495069432335924e-01
-6.081848460972448800e-01,-3.686881420970037904e-01,-7.029795493858466138e-01
-4.485158845278268691e-01,-3.442234064862181864e-01,-8.248295264800132864e-01
-2.704846299474606974e-01,-3.056661241693538478e-01,-9.129108858467339660e-01
-8.137970283645085123e-02,-2.545948348147515361e-01,-9.636175662844147505e-01
1.110569188703923182e-01,-1.931004030092103863e-01,-9.748736303381549950e-01
2.989468572700476612e-01,-1.237004180161382083e-01,-9.462182534230632047e-01
4.745978762083030711e-01,-4.923612337530336447e-02,-8.788245900369072716e-01
6.308188023317078397e-01,2.724390394151526146e-02,-7.754517446771351796e-01
7.612139325695905789e-01,1.026085626299456377e-01,-6.403318137785700692e-01
8.604448749692344967e-01,1.737724147083116455e-01,-4.789966231881166991e-01
9.244491030896579975e-01,2.378220037111276053e-01,-2.980512545646284983e-01
9.506062763114335734e-01,2.921351319391111145e-01,-1.049036325597288988e-01
9.378455168895240002e-01,3.344882135410868207e-01,9.253875648781947905e-02
8.866892518139879442e-01,3.631473083799941493e-01,2.861925979719143198e-01
7.992318245876238736e-01,3.769391097458274498e-01,4.681296808688365507e-01
6.790537525568903776e-01,3.752989796702016490e-01,6.309014796280865145e-01
5.310751401110497261e-01,3.582940652711202878e-01,7.678440976835863019e-01
3.613542490303833232e-01,3.266205497420740511e-01,8.733510881620696331e-01
1.768394725370915355e-01,2.815751505303021318e-01,9.431029824768019099e-01
-1.491513273962457274e-02,2.250020315721442399e-01,9.742441298790385229e-01
-2.372301764030786478e-02,2.476411601155430187e-01,9.685613425336898619e-01
-2.079622791711054075e-01,1.641090648153226139e-01,9.642716968196243243e-01
-3.836875405581076093e-01,7.385832511956647028e-02,9.205046545406497804e-01
-5.437045889532891030e-01,-1.941618308456943831e-02,8.390520435500764540e-01
-6.814623075941461661e-01,-1.118957904719183605e-01,7.232485433121339513e-01
-7.913208792936777813e-01,-1.997943710501499104e-01,5.778351627328970341e-01
-8.687826812186707492e-01,-2.795133466027464597e-01,4.087651426986266823e-01
-9.106764180969405542e-01,-3.477890129040028255e-01,2.229602296944094841e-01
-9.152869554183857836e-01,-4.018261561534954285e-01,2.802729868978857605e-02
-8.824255372433514877e-01,-4.394124893574952173e-01,-1.680530732162600072e-01
-8.134375138929761384e-01,-4.590092236184240004e-01,-3.572533325594375864e-01
-7.111472631489726970e-01,-4.598140663331206079e-01,-5.318275984921471133e-01
-5.797425598953948045e-01,-4.417940671462805557e-01,-6.846287800554987646e-01
-4.246031281228410115e-01,-4.056869669418729507e-01,-8.094011789229121900e-01
-2.520803943961889004e-01,-3.529709946446704105e-01,-9.010365984246211379e-01
-6.923745970476807843e-02,-2.858043483543841745e-01,-9.557834737195211039e-01
1.164400647220220075e-01,-2.069368384618844037e-01,-9.714004613005541300e-01
2.973505192179657364e-01,-1.195973100887089968e-01,-9.472481998612344301e-01
4.660874085199235850e-01,-2.736145378841459141e-02,-8.843154858226583981e-01
6.157426245541304244e-01,6.599458364481185224e-02,-7.851787918918446962e-01
7.401892651924051325e-01,1.566487950695855391e-01,-6.538967859663881166e-01
8.343324703451565627e-01,2.408897864187583282e-01,-4.958441687938576758e-01
8.943180061320744612e-01,3.152687216085989785e-01,-3.174916330916905394e-01
9.176900576700413037e-01,3.767405182932817564e-01,-1.261409526270667325e-01
9.034917704229931124e-01,4.227885138939062037e-01,7.037395325904186039e-02
8.523044239390521470e-01,4.515274980601730048e-01,2.640077412301368165e-01
7.662236341975288134e-01,4.617808934036280455e-01,4.468330212556774761e-01
6.487735588445041612e-01,4.531289247141873089e-01,6.113649048903601058e-01
5.047626177647291934e-01,4.259258046065597658e-01,7.508674374865048629e-01
3.400866358065768313e-01,3.812852320141825735e-01,8.596293689687745099e-01
1.614874670200203144e-01,3.210347972240323866e-01,9.331979730833004361e-01
-2.372301764030763926e-02,2.476411601155431019e-01,9.685613425336898619e-01
-3.437480941433557896e-02,2.686168213433950402e-01,9.626335625611109892e-01
-2.100805356900744825e-01,1.682803659520827333e-01,9.630928755624779125e-01
-3.771855401512468897e-01,6.105449260658860067e-02,9.241230530797087672e-01
-5.288485242812080989e-01,-4.867095883981756299e-02,8.473195242240080249e-01
-6.588603876900333001e-01,-1.564038155127266405e-01,7.358266344907595791e-01
-7.618984294140203062e-01,-2.577334816018768682e-01,5.942089158855009545e-01
-8.337442599185327374e-01,-3.485115086718477695e-01,4.282642144473067236e-01
-8.714565024611895527e-01,-4.250214336284297567e-01,2.447863257507312817e-01
-8.734912134012936535e-01,-4.841309311543657290e-01,5.128685611674880379e-02
-8.397650914338895545e-01,-5.234200514758731160e-01,-1.443123034326030674e-01
-7.716588879549729496e-01,-5.412802933907133740e-01,-3.340033003234487152e-01
-6.719608789371103175e-01,-5.369804564964038018e-01,-5.100201628553306943e-01
-5.447527125835115447e-01,-5.106965766206067459e-01,-6.651567399950907289e-01
-3.952423061710177987e-01,-4.635047188936621820e-01,-7.930617220468532125e-01
-2.295506333048836778e-01,-3.973369235157192536e-01,-8.884986640172219952e-01
-5.446113054019321997e-02,-3.149021078039363486e-01,-9.475603662885652145e-01
1.228580173077237769e-01,-2.195751627992337252e-01,-9.678288358304389938e-01
2.951473434918585048e-01,-1.152587848305444140e-01,-9.484742791183550237e-01
4.553533027550961676e-01,-6.223698668560317948e-03,-8.902890739781695872e-01
5.969170443017989269e-01,1.030661864481681456e-01,-7.956553295447931218e-01
7.140429319200115588e-01,2.081365297819461613e-01,-6.684473624343212350e-01
8.019358180089362076e-01,3.046857391314470864e-01,-5.138730817665581041e-01
8.569973574851177389e-01,3.887610785218524323e-01,-3.382607767537487709e-01
8.769733244529444027e-01,4.569204936800859707e-01,-1.488000357966871856e-01
8.610459004776769287e-01,5.063735301411781409e-01,4.675259610915261793e-02
8.098671561682561082e-01,5.350955747819273745e-01,2.403911712370869480e-01
7.255323553299563022e-01,5.419107437200436639e-01,4.241881035698114588e-01
6.114941746180160287e-01,5.265400231384527174e-01,5.906187251024022089e-01
4.724213505496994703e-01,4.896126921437478074e-01,7.328693466345469476e-01
3.140075408827263659e-01,4.326405600056290046e-01,8.451162110069813105e-01
1.427382255976949732e-01,3.579560725077725603e-01,9.227639184038513021e-01
-3.437480941433536386e-02,2.686168213433951513e-01,9.626335625611109892e-01
-4.674251002720571785e-02,2.879606189996317123e-01,9.565008205232775618e-01
-2.124021095416733507e-01,1.719114414636095933e-01,9.619416823051951670e-01
-3.693659417353166718e-01,4.882418931533047401e-02,9.280005385901893833e-01
-5.112078888756607098e-01,-7.626193088011688770e-02,8.560669437898674738e-01
-6.321209249810585407e-01,-1.982258786649358229e-01,7.490858677271938770e-01
-7.271548561466770755e-01,-3.120744356866605451e-01,6.114371282259163376e-01
-7.924189820645827220e-01,-4.131466286441841107e-01,4.487560808542578883e-01
-8.252413817514872019e-01,-4.973045500823470855e-01,2.677029068058253136e-01
-8.242783023077407956e-01,-5.611027648093352971e-01,7.568994429900634258e-02
-7.895691723189269817e-01,-6.019293664182536752e-01,-1.194217734206047959e-01
-7.225349876449379538e-01,-6.181129090423111982e-01,-3.096443497049141125e-01
-6.259201356825085938e-01,-6.089908365449934191e-01,-4.871900499306375809e-01
-5.036800398227442299e-01,-5.749366076461385200e-01,-6.447901322698004201e-01
-3.608192239527449607e-01,-5.173444064780678975e-01,-7.759924308342140975e-01
-2.031864266596616064e-01,-4.385720645233983639e-01,-8.754255081050358323e-01
-3.723515318574020794e-02,-3.418445307171112391e-01,-9.390185622159075152e-01
1.302405318345500884e-01,-2.311218416582387913e-01,-9.641680860596639757e-01
2.923841541789211629e-01,-1.109369972462146969e-01,-9.498444551751977771e-01
4.425575348975278045e-01,1.378962086761315042e-02,-8.966340806938741803e-01
5.746125581391271497e-01,1.379516902829092395e-01,-8.067154015989121962e-01
6.831428757364021997e-01,2.564660012893879015e-01,-6.837696991774556698e-01
7.637052437351489198e-01,3.644805640696031634e-01,-5.328303849321459618e-01
8.130014293238225775e-01,4.575732497321610692e-01,-3.600769321228021735e-01
8.290132408723670521e-01,5.319328327881102103e-01,-1.725818874051077145e-01
8.110851529346769784e-01,5.845150231702599397e-01,2.197868006046256595e-02
7.599511435373823565e-01,6.131670998262203076e-01,2.156394377819723374e-01
6.777046450331991601e-01,6.167160433712199907e-01,4.004718915841298799e-01
5.677128387344421157e-01,5.950165596395436962e-01,5.689089790913839373e-01
4.344788021144707635e-01,5.489570280447472195e-01,7.140548661506698203e-01
2.834571522868414295e-01,4.804231312220867967e-01,8.299672630918631944e-01
1.208307333397875827e-01,3.922206549598730163e-01,9.119007027650628538e-01
-4.674251002720551662e-02,2.879606189996318233e-01,9.565008205232775618e-01
-6.070581065073480526e-02,3.056655196361733884e-01,9.502017652366171463e-01
-2.149401614346406197e-01,1.751295886472062358e-01,9.607967288572067943e-01
-3.603748367550156373e-01,3.742383172216946080e-02,9.320565615095602885e-01
-4.910557239163949039e-01,-1.018140612706864429e-01,8.651578890217163087e-01
-6.016327320440392201e-01,-2.368836746324761156e-01,7.628395509055876378e-01
-6.875788254329562310e-01,-3.622552425221624017e-01,6.292904719455426621e-01
-7.453753609215661990e-01,-4.727960382198074796e-01,4.699781671255562898e-01
-7.726561415561610247e-01,-5.639805085615580138e-01,2.914249009233597643e-01
-7.683042889722048185e-01,-6.320755506179023264e-01,1.009406650363889324e-01
-7.324979685258056206e-01,-6.742933453662258714e-01,-9.367609353719615062e-02
-6.667030951831030006e-01,-6.889054913291521309e-01,-2.844577418348950282e-01
-5.736133187893166507e-01,-6.753137655341046042e-01,-4.635936567595076441e-01
-4.570397457275924835e-01,-6.340746148320924869e-01,-6.237499929064440618e-01
-3.217549117758909394e-01,-5.668763748982507122e-01,-7.583699310562785900e-01
-1.732973939314873535e-01,-4.764701495709285917e-01,-8.619421151239854417e-01
-1.774506041794944589e-02,-3.665571803373072757e-01,-9.302262877246182393e-01
1.385337579540553421e-01,-2.416373170720366170e-01,-9.604268868088571276e-01
2.891409879983956044e-01,-1.068247936546575239e-01,-9.513074963017736918e-01
4.279107520214582294e-01,3.236114936632351197e-02,-9.032414651222112623e-01
5.491617995793836027e-01,1.702222231299736488e-01,-8.181966222341794381e-01
6.479300985387576040e-01,3.011143790784209795e-01,-6.996547134978587934e-01
7.201720631354004976e-01,4.196788769679601350e-01,-5.524688585849977240e-01
7.629300988506557690e-01,5.210616723242568193e-01,-3.826648636893324462e-01
7.744536866784847984e-01,6.011121415934516099e-01,-1.971945243130134029e-01
7.542710495792522840e-01,6.565530091581326388e-01,-3.651017941946805168e-03
7.032084670871597831e-01,6.851145193861767346e-01,1.900419615326394973e-01
6.233564473290323926e-01,6.856273606930126663e-01,3.759546007730971140e-01
5.179841413759816993e-01,6.580705372952824206e-01,5.464756144851142805e-01
3.914055038144461651e-01,6.035722287806783992e-01,6.946238523319524516e-01
2.488026789385530679e-01,5.243636023030676663e-01,8.143341080494833628e-01
9.601384315384212109e-02,4.236874683370620565e-01,9.007054297032732748e-01
-6.070581065073460403e-02,3.056655196361734994e-01,9.502017652366169242e-01
-7.623240588742509483e-02,3.217823295616294987e-01,9.437397695734262015e-01
-2.177356666074264924e-01,1.780313597585510554e-01,9.596332708016843682e-01
-3.503248035536654093e-01,2.699176516916095697e-02,9.362392731711998151e-01
-4.685716018810005545e-01,-1.251528754576523850e-01,8.745155296936425460e-01
-5.676350237725020786e-01,-2.721737426583908936e-01,7.769890176792159098e-01
-6.434594010964739264e-01,-4.080517848556380334e-01,6.476524839886689255e-01
-6.929404749362867433e-01,-5.272241390368463954e-01,4.918009815076901381e-01
-7.140524843151593304e-01,-6.248118750196802740e-01,3.158150890596247429e-01
-7.059311010885647164e-01,-6.968197394269302070e-01,1.268996897587609529e-01
-6.689088156400216922e-01,-7.402997218291986758e-01,-6.721099775090692841e-02
-6.045013246857274813e-01,-7.534717466382557793e-01,-2.585700591156960271e-01
-5.153454784729099014e-01,-7.357965496107716774e-01,-4.393432318795963409e-01
-4.050913278208887469e-01,-6.879977553897987930e-01,-6.021296411097081247e-01
-2.782526906116702947e-01,-6.120322522268636378e-01,-7.402647920855596197e-01
-1.400223555555072663e-01,-5.110100767470244776e-01,-8.480934154960083626e-01
3.940511189026523441e-03,-3.890670886840276177e-01,-9.212009948293053974e-01
1.477420529424911533e-01,-2.511956482968648041e-01,-9.565944971977696776e-01
2.854950176895360570e-01,-1.030402285541928975e-01,-9.528249084558763071e-01
4.115597828681310522e-01,4.933367025220046498e-02,-9.100465560096262507e-01
5.207752421798836906e-01,1.996878428020086305e-01,-8.300107906344119657e-01
6.086701018882990644e-01,3.418667716051775884e-01,-7.159942859684976790e-01
6.716459361097071312e-01,4.700496346111900370e-01,-5.726648911092767635e-01
7.071245067917371063e-01,5.789886103477336343e-01,-4.058905283227743910e-01
7.136533170821115490e-01,6.642237243483677389e-01,-2.224989596166254691e-01
6.909650767204400523e-01,7.222654410312058237e-01,-2.999825736125421444e-02
6.399886449328844318e-01,7.507375256956403398e-01,1.637305770751323331e-01
5.628110028263036968e-01,7.484743278501816421e-01,3.507562624485370262e-01
4.625918121365291125e-01,7.155685030805370994e-01,5.234219452251877014e-01
3.434340583056549323e-01,6.533672197190462105e-01,6.746586720648519719e-01
2.102160737759588005e-01,5.644170056148688497e-01,7.982747936011530543e-01
6.839181848653505535e-02,4.523594929846365686e-01,8.892094512941173257e-01
-7.623240588742491441e-02,3.217823295616296653e-01,9.437397695734262015e-01
-9.321060192436024516e-02,3.362288098777060918e-01,9.371563215905432953e-01
-2.208158248833947956e-01,1.806522180527612154e-01,9.584389117693842275e-01
-3.393808220269454723e-01,1.767970319500195356e-02,9.404829002885961575e-01
-4.440515284411594710e-01,-1.460166207888377032e-01,8.840234083679441301e-01
-5.305427131071531743e-01,-3.037350071613578173e-01,7.913718942403684675e-01
-5.953134167624183348e-01,-4.490184466533439500e-01,6.663215217803425405e-01
-6.357119191890733267e-01,-5.759190181819147103e-01,5.139918679291750614e-01
-6.500843009511488857e-01,-6.792413974385067554e-01,3.406193266135068565e-01
-6.378421550506222504e-01,-7.547555540764906423e-01,1.533017900452101623e-01
-5.994866763790521746e-01,-7.993699296505709651e-01,-4.029193981973292621e-02
-5.365881427398299097e-01,-8.112580063827782295e-01,-2.322361129343544495e-01
-4.517216274904093942e-01,-7.899330850149061112e-01,-4.146725122988585976e-01
-3.483615757364938448e-01,-7.362682103333272332e-01,-5.801321702878959874e-01
-2.307395601411791897e-01,-6.524604286128604658e-01,-7.218411490627114624e-01
-1.036710398429374624e-01,-5.419408402841380257e-01,-8.339978663821656646e-01
2.764178500730413157e-02,-4.092341302788378710e-01,-9.120106130613454543e-01
1.578229519315748064e-01,-2.597733268969535381e-01,-9.526855380850967059e-01
2.815428286603574026e-01,-9.967737298983803118e-02,-9.543574052438464905e-01
3.937363089039071506e-01,6.449938427907554728e-02,-9.169577680996793267e-01
4.898101783988790814e-01,2.260355291772478403e-01,-8.420177721915480529e-01
5.658311616399486210e-01,3.783177529528570227e-01,-7.326054697570073548e-01
6.186869506411399877e-01,5.151116034721272552e-01,-5.932002133131271115e-01
6.462136231904529460e-01,6.308167244222050440e-01,-4.295092704381420212e-01
6.472842340794721094e-01,7.206961345566199606e-01,-2.482341675662228242e-01
6.218549523726093486e-01,7.810701602640864882e-01,-5.679632870786621712e-02
5.709668558507576819e-01,8.094670818384942512e-01,1.369667585210757321e-01
4.967033091646188558e-01,8.047243259740903820e-01,3.251224105632538608e-01
4.021046706411197658e-01,7.670360616532136966e-01,4.999675129167114318e-01
2.910438196562805668e-01,6.979452508453439785e-01,6.543438865476702837e-01
1.680676004985164340e-01,6.002804794627809581e-01,7.819313445812252628e-01
3.821067402923845890e-02,4.780401547210501034e-01,8.775064414945931146e-01
-9.321060192436009251e-02,3.362288098777062584e-01,9.371563215905432953e-01
-1.115204304552589315e-01,3.489186795701691435e-01,9.304939272440639897e-01
-2.241986055533857214e-01,1.829966990962553774e-01,9.572080199140571288e-01
-3.276980633979393875e-01,9.582812260141739327e-03,9.447339037816019358e-01
-4.177815240240937422e-01,-1.642233960358347455e-01,8.935822706268075066e-01
-4.907609599694569558e-01,-3.313062792026744141e-01,8.058472743210929323e-01
-5.436485845517061710e-01,-4.848254443721217166e-01,6.851207959216383259e-01
-5.742791722064122251e-01,-6.184957988844033139e-01,5.363453916388764009e-01
-5.813987030760500163e-01,-7.268448627201867795e-01,3.656119440045112468e-01
-5.647157027303072452e-01,-8.054368124755607594e-01,1.799103004250220406e-01
-5.249131751635081056e-01,-8.510540844933780491e-01,-1.315689199243030849e-02
-4.636206405308354594e-01,-8.618291022974273741e-01,-2.056854397058436312e-01
-3.833474224017182075e-01,-8.373207353928000529e-01,-3.897932013506864024e-01
-2.873799157580651520e-01,-7.785323592001825999e-01,-5.579427835334757058e-01
-1.796470415975705004e-01,-6.878707767482417079e-01,-7.032501226029109764e-01
-6.455939644644018149e-02,-5.690476838748432797e-01,-8.197663190246021747e-01
5.317131798061445341e-02,-4.269277119633447248e-01,-9.027211860269734878e-01
1.687251924021781480e-01,-2.673292693621907579e-01,-9.487185416081649336e-01
2.773714376224282741e-01,-9.678633506349318405e-02,-9.558752486262225290e-01
3.746620635966561585e-01,7.771904316461532292e-02,-9.238983106549497615e-01
4.566139806663134237e-01,2.490425946339646091e-01,-8.540968672920209448e-01
5.198720677176275062e-01,4.101703130177373202e-01,-7.493285978300360251e-01
5.618465312342073581e-01,5.545056105935980417e-01,-6.138827275305177578e-01
5.808189317478944513e-01,6.761393833201141401e-01,-4.533044262377421418e-01
5.760125369524958794e-01,7.700919302505003783e-01,-2.741677884737848681e-01
5.476241212156628402e-01,8.325168230744713904e-01,-8.380668923636347412e-02
4.968159096131583019e-01,8.608583793452000421e-01,1.099854657052624363e-01
4.256679962977003573e-01,8.539562924189716409e-01,2.992748027581714210e-01
3.370931851999487416e-01,8.120931345455066896e-01,4.763117942228646817e-01
2.347177394933436800e-01,7.369827883268569302e-01,6.338485248678142892e-01
1.227329219537176830e-01,6.317002801623046171e-01,7.654354224306362253e-01
5.723404168800515744e-03,5.005558883062760644e-01,8.656853038643044229e-01
-1.115204304552587927e-01,3.489186795701693100e-01,9.304939272440638787e-01
-1.310892246791566795e-01,3.597914874863830659e-01,9.237779498912882525e-01
-2.278957805294998806e-01,1.850509224115980123e-01,9.559391556639286192e-01
-3.153722563483481456e-01,2.734350830721932191e-03,9.489641000856061659e-01
-3.899373549376283221e-01,-1.796941653944365003e-01,9.031383427512316153e-01
-4.485383724000681083e-01,-3.547659813751786739e-01,8.203379955503719012e-01
-4.887761761954281803e-01,-5.153136363951883459e-01,7.039529144260584514e-01
-5.090034259085851609e-01,-6.547642905943973357e-01,5.587479182741865724e-01
-5.083920155596816093e-01,-7.674088178051342579e-01,3.906677166980767613e-01
-4.869669763602391122e-01,-8.486355378482215439e-01,2.065935328988399433e-01
-4.456054519324182950e-01,-8.951190192613607266e-01,1.406138558901529056e-02
-3.860007879460666813e-01,-9.049562228539208553e-01,-1.790464364989665658e-01
-3.105932063480362770e-01,-8.777444123549998922e-01,-3.648240764396173952e-01
-2.224699023889651073e-01,-8.145976424836760543e-01,-5.356657758258214219e-01
-1.252386544869861507e-01,-7.181011494179115884e-01,-6.845772554116602571e-01
-2.288012135539282954e-02,-5.922055109216752822e-01,-8.054620617265334515e-01
8.041512663279036521e-02,-4.420649092271124458e-01,-8.933711565965485324e-01
1.804181698882509899e-01,-2.738261182083704393e-01,-9.447055313488472716e-01
2.730348720702516774e-01,-9.437685373697496383e-02,-9.573635506495371539e-01
3.544734945094610845e-01,8.893621021522181425e-02,-9.308269937011942607e-01
4.213999304345859565e-01,2.686082152716464111e-01,-8.661822702631963855e-01
4.710742036953294298e-01,4.372833684347249283e-01,-7.660759429085277628e-01
5.014626437079172661e-01,5.880560891154711367e-01,-6.346063764410827535e-01
5.113211441677442126e-01,7.147537244141735080e-01,-4.771559503590567797e-01
5.002460969076603092e-01,8.121892582553628115e-01,-3.001707036058873790e-01
4.686909156637559803e-01,8.763736684353916617e-01,-1.108964329785327441e-01
4.179474732637332712e-01,9.046792376601417995e-01,8.291795064474064003e-02
3.500932122015502634e-01,8.959471325997886426e-01,2.733376636261726778e-01
2.679060938976300932e-01,8.505348466614822689e-01,4.525669005429375780e-01
1.747508686319114435e-01,7.703015641672532610e-01,6.132679953771215109e-01
7.444132227204711127e-02,6.585320451294264243e-01,7.488618264246363898e-01
-2.891586056811877581e-02,5.198021467897709913e-01,8.537971663107980502e-01
-1.310892246791565963e-01,3.597914874863833434e-01,9.237779498912882525e-01
-1.517911728933568072e-01,3.687435651739263687e-01,9.170537732186043733e-01
-2.318892486360685512e-01,1.867778051360055869e-01,9.546420417494578814e-01
-3.024937512937898587e-01,-2.834660189643567474e-03,9.531471529254116337e-01
-3.607141242320368035e-01,-1.923310741940702506e-01,9.126303076705635231e-01
-4.041668185421141701e-01,-3.739534314230499867e-01,8.347502703901749088e-01
-4.310728758134925731e-01,-5.402660912319076081e-01,7.226954589610200541e-01
-4.403307589001543287e-01,-6.844601937871606090e-01,5.810534105288901463e-01
-4.315614489807763077e-01,-8.006324155881090476e-01,4.156229671988306285e-01
-4.051239626338081767e-01,-8.840266522245660008e-01,2.331768707580258448e-01
-3.621006536565674616e-01,-9.312287338502279743e-01,4.118448583126855383e-02
-3.042529013736065546e-01,-9.403062016973312565e-01,-1.524939967843927657e-01
-2.339489995602122008e-01,-9.108874231656581832e-01,-3.399293572544169195e-01
-1.540671982169825316e-01,-8.441768065048551595e-01,-5.134479698984415474e-01
-6.787786767662246090e-02,-7.429054921991804505e-01,-6.659459623272494522e-01
2.109039074172935901e-02,-6.112195397551822840e-01,-7.911800488130513731e-01
1.091952060850990835e-01,-4.545101875383603662e-01,-8.840231311407384940e-01
1.928295568614528666e-01,-2.791931348410384151e-01,-9.406742026112160371e-01
2.685694429233879132e-01,-9.244588239952404585e-02,-9.588139617022648498e-01
3.333140644364698812e-01,9.808611532935690436e-02,-9.376997645453660768e-01
3.844127689887830712e-01,2.846024559720247704e-01,-8.781960288529356840e-01
4.197735696121128735e-01,4.594671386278296188e-01,-7.827388445556138219e-01
4.379487909742226792e-01,6.155211826431141731e-01,-6.552362399942761595e-01
4.381943373770497141e-01,7.463757171203215801e-01,-5.009081867805835753e-01
4.205001561220119144e-01,8.466735420432000003e-01,-3.260728935458810929e-01
3.855906490686683563e-01,9.123084526749124512e-01,-1.378881377374719108e-01
3.348950155374760818e-01,9.405933480624224519e-01,5.594177463107769671e-02
2.704887407216859940e-01,9.303702412652311571e-01,2.474814241733513942e-01
1.950086250796723708e-01,8.820576674767793834e-01,4.288891551321355466e-01
1.115448334143565451e-01,7.976335491444528358e-01,5.927381136874739775e-01
2.351438316309550913e-02,6.805542195921900905e-01,7.323203042246761996e-01
-6.547874869768537109e-02,5.356129203280974860e-01,8.419212154629376332e-01
-1.517911728933566962e-01,3.687435651739265907e-01,9.170537732186042623e-01
-1.734114936777808869e-01,3.756481633570305512e-01,9.103938220500668033e-01
-2.361187941669283530e-01,1.881285395991464104e-01,9.533391671537712053e-01
-2.891593634801014612e-01,-7.093088674091641878e-03,9.572546947416044061e-01
-3.303617144776166414e-01,-2.020243250636099275e-01,9.219801026540652700e-01
-3.580390180685648072e-01,-3.886846618481734628e-01,8.489595368358062721e-01
-3.710581621919876727e-01,-5.594322029081644221e-01,7.411824678309796299e-01
-3.688861415577877056e-01,-7.072765238506021346e-01,6.030613015079102635e-01
-3.516118789459305449e-01,-8.261648608051332943e-01,4.402507346444126668e-01
-3.199425846973855125e-01,-9.112299112880528629e-01,2.594162509773080272e-01
-2.751748034396719889e-01,-9.589891021378711411e-01,6.796123551507719796e-02
-2.191413333974716326e-01,-9.674871664697297646e-01,-1.262761209142473362e-01
-1.541361914179654735e-01,-9.363761925314024737e-01,-3.153437181165281711e-01
-8.282069565157433588e-02,-8.669298672513082726e-01,-4.915011064478045366e-01
-8.114510874189184708e-03,-7.619913313460116022e-01,-6.475363817321799775e-01
6.692388293179982184e-02,-6.258567808052291070e-01,-7.770614414661456415e-01
1.392224051073386037e-01,-4.640995801232312701e-01,-8.747735144856447764e-01
2.058211456598448841e-01,-2.833420881016031068e-01,-9.366722570405778825e-01
2.639935443260794101e-01,-9.098453770181354205e-02,-9.602235273379525760e-01
3.113580162696797382e-01,1.050979303617176064e-01,-9.444631336046375170e-01
3.459754544441858704e-01,2.968776768077574513e-01,-8.900363082118423197e-01
3.664286168633572593e-01,4.765032162836422280e-01,-7.991712917860284149e-01
3.718801486546083890e-01,6.366206580981237373e-01,-6.755881087758548453e-01
3.621068634658777818e-01,7.706747753703167003e-01,-5.243462692141656056e-01
3.375088807411040781e-01,8.731773767884077886e-01,-3.516376317827775710e-01
2.990932447831800012e-01,9.399319938067959290e-01,-1.645329083905353040e-01
2.484326962418683948e-01,9.682056845614138707e-01,2.930781160301143898e-02
1.876012839268123011e-01,9.568409208307497860e-01,2.219486663460090159e-01
1.190894530055776751e-01,9.063029773772406372e-01,4.055029166109402339e-01
4.570208588587806875e-02,8.186608835438288212e-01,5.724558298252497845e-01
-2.955632999975646436e-02,6.975027169495631174e-01,7.159723341058097379e-01
-1.036047062624796539e-01,5.477887071702929322e-01,8.301768469049003452e-01
-1.734114936777808036e-01,3.756481633570307732e-01,9.103938220500666922e-01
-1.957290443159093174e-01,3.804093905568092793e-01,9.038688161383685582e-01
-2.404948301437963287e-01,1.890621233000669144e-01,9.520597408815136831e-01
-2.754147293686536324e-01,-1.002536949843652221e-02,9.612732279706999172e-01
-2.990591172133015840e-01,-2.087024224917431725e-01,9.311320761619571451e-01
-3.104599896612826870e-01,-3.988351737867441016e-01,8.628702677517703368e-01
-3.091505936550309475e-01,-5.726395662057728320e-01,7.592824491968744871e-01
-2.951845360208898983e-01,-7.230000275020450617e-01,6.246095179599588931e-01
-2.691335887993432374e-01,-8.437607827234873126e-01,4.643649996692603144e-01
-2.320642808304975435e-01,-9.299778723625475862e-01,2.851093237315315831e-01
-1.854942339380560579e-01,-9.781215586393248174e-01,9.418123858131073611e-02
-1.313300313135434272e-01,-9.862208333810047467e-01,-1.006026375422548608e-01
-7.178916177643088203e-02,-9.539441113280386908e-01,-2.912678298645323682e-01
-9.309235521322954329e-03,-8.826128052736286200e-01,-4.700084830096387667e-01
5.355181192981670751e-02,-7.751472272687153220e-01,-6.295069336366789781e-01
1.142204419084789230e-01,-6.359470307034887915e-01,-7.632332964367093409e-01
1.702128735750759736e-01,-4.707110879806578607e-01,-8.657127984045163149e-01
2.192367701983459205e-01,-2.862041780096944432e-01,-9.327499166887075477e-01
2.592850876904688739e-01,-8.998003536345107467e-02,-9.616001437902014226e-01
2.887182432278397881e-01,1.099279005027772455e-01,-9.510823480217049930e-01
3.063312399645097273e-01,3.053353752064419946e-01,-9.016271291777689934e-01
3.114029997446403075e-01,4.882423837737721040e-01,-8.152591897286054490e-01
3.037258841269263598e-01,6.511606917833592245e-01,-6.955144432630654405e-01
2.836141951267799888e-01,7.874204045632030580e-01,-5.472952537708584142e-01
2.518913076548903174e-01,8.914430334622602814e-01,-3.766697322848106544e-01
2.098559604516373744e-01,9.589698798312635830e-01,-1.906233077022083666e-01
1.592290855704660557e-01,9.872363866457982695e-01,3.227257495010071864e-03
1.020833532174166974e-01,9.750853197957038976e-01,1.969456983911959669e-01
4.075831638936159435e-02,9.230141453855130740e-01,3.826011592551095686e-01
-2.223537070057282627e-02,8.331546634136821616e-01,5.525928837053912801e-01
-8.431873910148066087e-02,7.091857316301788394e-01,6.999613905698675032e-01
-1.429500884165426644e-01,5.561826526679505278e-01,8.186733958624419216e-01
-1.957290443159092619e-01,3.804093905568095013e-01,9.038688161383684472e-01
-2.185507355417854181e-01,3.829584545297614606e-01,8.975401930266517780e-01
-2.449030386110720436e-01,1.895544972121459004e-01,9.508373121968407560e-01
-2.612289825047361402e-01,-1.160984349304267083e-02,9.652070400870506051e-01
-2.668601811615542441e-01,-2.122988758415274846e-01,9.400610783490849220e-01
-2.615660926468781899e-01,-4.042963672690012000e-01,8.764289056110207143e-01
-2.455634575665281982e-01,-5.797419179176761528e-01,7.769156305012175912e-01
-2.195074256809233515e-01,-7.314527663300181004e-01,6.455953381949840475e-01
-1.844647339969140987e-01,-8.532178525467585262e-01,4.878442968888165310e-01
-1.418700344293852278e-01,-9.400520996313934674e-01,3.101208527487497313e-01
-9.346715898329605032e-02,-9.884005033056875167e-01,1.197010244594962081e-01
-4.123772706650582348e-02,-9.962836742425187353e-01,-7.561937783540258196e-02
1.267998224161430432e-02,-9.633788744974998153e-01,-2.678439139168200533e-01
6.607857158692806432e-02,-8.910332304383417057e-01,-4.491028886921593077e-01
1.167718964475704946e-01,-7.822085812330790144e-01,-6.119755384370927365e-01
1.626845661475340987e-01,-6.413602208065279919e-01,-7.497938377343389416e-01
2.019369105947928511e-01,-4.742544975835315535e-01,-8.569154892177062166e-01
2.329219341957212142e-01,-2.877327395069279037e-01,-9.289549198892056436e-01
2.543711064435115188e-01,-8.943116926774928588e-02,-9.629628269928723894e-01
2.654062957061685268e-01,1.125317235489672885e-01,-9.575469228161231916e-01
2.655757200386993366e-01,3.098875543816729250e-01,-9.129289351122954477e-01
2.548724431890236897e-01,4.945565523277517528e-01,-8.309355295403750841e-01
2.337346585689488443e-01,6.589783469136043514e-01,-7.149235257582927661e-01
2.030277495644049468e-01,7.964214905501459940e-01,-5.696424688317182072e-01
1.640088606379466740e-01,9.012590447880127753e-01,-4.010401823010250055e-01
1.182754296867479515e-01,9.691989478388169932e-01,-2.160192635867072275e-01
6.769978874740084640e-02,9.974597320890588037e-01,-2.215449083996389942e-02
1.435251050234779766e-02,9.848843977110326442e-01,1.726172893648096063e-01
-3.958236120901981181e-02,9.319877803717135922e-01,3.603220974613177141e-01
-9.189672640176016483e-02,8.409354738000620610e-01,5.332752765517104754e-01
-1.404488288182056122e-01,7.154551701253132334e-01,6.843961031628917890e-01
-1.832509396807969759e-01,5.606840477232208908e-01,8.074976728974564422e-01
-2.185507355417853903e-01,3.829584545297616827e-01,8.975401930266516670e-01
-2.415203752122556669e-01,3.832397764809675755e-01,8.915128614216103475e-01
-2.491671043685142750e-01,1.896067215968604835e-01,9.497184031205768706e-01
-2.466129029960342500e-01,-1.178885474726593108e-02,9.690423618086128066e-01
-2.339623403991108741e-01,-2.127017939929077006e-01,9.486936123465612436e-01
-2.117333320968400601e-01,-4.049066968010798795e-01,8.895052349282748239e-01
-1.808359363009144904e-01,-5.805346718676994699e-01,7.939004086795975468e-01
-1.425350960255090949e-01,-7.323954892581274745e-01,6.657932064202404243e-01
-9.839885217165678100e-02,-8.542719492655118652e-01,5.104283520626585746e-01
-5.023414774852255626e-02,-9.411744152972739696e-01,3.341665009988464830e-01
-1.285141430209385538e-05,-9.895450901834674795e-01,1.442238341212450092e-01
5.020897105832994312e-02,-9.974036728109385574e-01,-5.162337347086148887e-02
9.837523235653025666e-02,-9.644284318835740777e-01,-2.453571140875818180e-01
1.425140000834552445e-01,-8.919693776393671225e-01,-4.290459056253196901e-01
1.808182279022795824e-01,-7.829929922726527325e-01,-5.951695073760038257e-01
2.117197362255449078e-01,-6.419607818045255376e-01,-7.369267995652662995e-01
2.339534136717236479e-01,-4.746466215021318269e-01,-8.485142219951044007e-01
2.466090108738231701e-01,-2.879003727468310014e-01,-9.253633724802751148e-01
2.491684061954198837e-01,-8.936744890441733480e-02,-9.643280377705236717e-01
2.415268176913314691e-01,1.128241887963725154e-01,-9.638129998907136731e-01
2.239970928927638438e-01,3.103967909515595869e-01,-9.238393445521586589e-01
1.972969007926256013e-01,4.952617120151158181e-01,-8.460435979011243779e-01
1.625193503926356808e-01,6.598505603979923917e-01,-7.336107269461161762e-01
1.210882386923584353e-01,7.974250493090264680e-01,-5.911437466343336666e-01
7.469976027275208874e-02,9.023528630078839763e-01,-4.244752718789004398e-01
2.525306489073012028e-02,9.703382444732390200e-01,-2.404287296190182888e-01
-2.522749393502747572e-02,9.985978641999572192e-01,-4.653900691935736189e-02
-7.467523619498034337e-02,9.859747700360620426e-01,1.492560281916831544e-01
-1.210657655111430642e-01,9.329857529397739269e-01,3.389405039717176549e-01
-1.624998481626561131e-01,8.418001894969603383e-01,5.147487156953316489e-01
-1.972811679374685823e-01,7.161512273888185343e-01,6.694830545179728531e-01
-2.239857735173680919e-01,5.611829498871822031e-01,7.968086784277293999e-01
-2.415203752122556391e-01,3.832397764809677976e-01,8.915128614216102365e-01
-2.642989806489610682e-01,3.812609264169420364e-01,8.858815692944589371e-01
-2.530833447649470935e-01,1.892665053100994754e-01,9.487502361371442650e-01
-2.315064470102257410e-01,-1.047650876200862009e-02,9.727769568389555976e-01
-2.004516481140531936e-01,-2.097906133344627500e-01,9.569780746313406583e-01
-1.611903351920227767e-01,-4.005158655476532270e-01,9.020003976081691910e-01
-1.153298710081707007e-01,-5.748439511667070567e-01,8.100947183263726981e-01
-6.474778835455965997e-02,-7.256378578836993887e-01,6.850236660942067290e-01
-1.151492363817086494e-02,-8.467240654401048117e-01,5.319076644852807068e-01
4.218936340491073744e-02,-9.331452902715392517e-01,3.570153005958304204e-01
9.416641295315557325e-02,-9.813634372793406113e-01,1.675066883524702344e-01
1.422882784910145526e-01,-9.894044498596178405e-01,-2.885966739324064001e-02
1.845848451892885267e-01,-9.569391280125556509e-01,-2.240445049650049980e-01
2.193244866377145053e-01,-8.852966058290858697e-01,-4.100569341793903755e-01
2.450849578336596057e-01,-7.774099365850390964e-01,-5.792815843288278144e-01
2.608116220596348733e-01,-6.376960131954118038e-01,-7.247903783531467470e-01
2.658606278344242124e-01,-4.718747400994640628e-01,-8.406261691284343529e-01
2.600252682683747985e-01,-2.867348597009166111e-01,-9.220466257702228940e-01
2.435444436677464131e-01,-8.985602045629814683e-02,-9.657183852171000726e-01
2.170928809281034433e-01,1.107015348234353797e-01,-9.698535205060968556e-01
1.817535101359334382e-01,3.067269562606193545e-01,-9.342827387126240168e-01
1.389731292836675347e-01,4.901949400696068437e-01,-8.604623118226955025e-01
9.050317218987907752e-02,6.535942854366842969e-01,-7.514144567867171443e-01
3.832800459296571011e-02,7.902354039639160055e-01,-6.116036056024406475e-01
-1.541631601533298424e-02,8.945241922041479166e-01,-4.467536309444279929e-01
-6.852949083462372970e-02,9.621910549134119472e-01,-2.636135101442276807e-01
-1.188370602472716975e-01,9.904657027818722925e-01,-6.968102126545028252e-02
-1.642794264506346469e-01,9.781905684036642512e-01,1.271042168111068404e-01
-2.029961736330956334e-01,9.258681972224985790e-01,3.186857933173061208e-01
-2.334022336159799482e-01,8.356406732621495248e-01,4.972203360011038242e-01
-2.542527787310281395e-01,7.112019219548384452e-01,6.553986197081077547e-01
-2.646941852113949833e-01,5.576464804000184072e-01,7.867448069181935955e-01
-2.642989806489610682e-01,3.812609264169422585e-01,8.858815692944588260e-01
-2.865221256473601263e-01,3.770899369580033578e-01,8.807430107355525006e-01
-2.564171570142603218e-01,1.886407929840080433e-01,9.479793736211176158e-01
-2.158144398452601365e-01,-7.531327219104488879e-03,9.764053495677875727e-01
-1.663762541518749305e-01,-2.033951140009736536e-01,9.648571757803947602e-01
-1.101266050651321798e-01,-3.909318809177316223e-01,9.138076358506481700e-01
-4.936835982769623155e-02,-5.624638506971721963e-01,8.253467039413378004e-01
1.341103186162155569e-02,-7.109684843423740297e-01,7.030959809985490860e-01
7.564137433079523576e-02,-8.303659847033492136e-01,5.520604259834096528e-01
1.347749500473820472e-01,-9.157682040867088924e-01,3.784234522641635734e-01
1.883908234736448029e-01,-9.636787655965634025e-01,1.892937779463550740e-01
2.342939544519146988e-01,-9.721362052154474132e-01,-7.585605881652079940e-03
2.706050634065524374e-01,-9.407942743716568579e-01,-2.041544341135932972e-01
2.958375692705809135e-01,-8.709361153964569890e-01,-3.923651558257963412e-01
3.089584502892334106e-01,-7.654217295262777387e-01,-5.645124019575431529e-01
3.094305360519681858e-01,-6.285708881160583239e-01,-7.135484440257572336e-01
2.972344993121912027e-01,-4.659862806924240375e-01,-8.333717289571745956e-01
2.728696472470023004e-01,-2.843241401861786311e-01,-9.190766773880647555e-01
2.373334797626989179e-01,-9.102173597404311645e-02,-9.671545186597632071e-01
1.920808517314107622e-01,1.060071088034696130e-01,-9.756369403017000064e-01
1.389644110616969630e-01,2.986960100912618432e-01,-9.441766709752122955e-01
8.015875107549209899e-02,4.791562616306272449e-01,-8.740616978029509543e-01
1.807138240200338239e-02,6.399997995203640100e-01,-7.681625360247479328e-01
-4.475583079032061096e-02,7.746416704209537762e-01,-6.308147097664262848e-01
-1.057507350115020617e-01,8.775696203179780275e-01,-4.676412551726857880e-01
-1.624161917161288660e-01,9.445697668491319643e-01,-2.853225126466611972e-01
-2.124323104488051173e-01,9.728991161432474222e-01,-9.132263292891040773e-02
-2.537514254319705453e-01,9.613978613116658245e-01,1.064160061109035438e-01
-2.846819272434246706e-01,9.105368650785323759e-01,2.997979613571875590e-01
-3.039575175048268019e-01,8.223983826055449864e-01,4.809061528407432839e-01
-3.107890512860894683e-01,7.005908137209795328e-01,6.423259899229254444e-01
-3.048968447915366697e-01,5.501009746067517803e-01,7.774489255075638372e-01
-2.865221256473601819e-01,3.770899369580035798e-01,8.807430107355523896e-01
-3.077101396597560212e-01,3.708989027588617815e-01,8.762125734562611346e-01
-2.588933936616135689e-01,1.879172487311106809e-01,9.474499028168722470e-01
-1.994775217082825902e-01,-2.757759539031234830e-03,9.798985218355238391e-01
-1.318950165786008932e-01,-1.933198648096223493e-01,9.722299802370414357e-01
-5.891271397318477432e-02,-3.759674321007877018e-01,9.247582290154822138e-01
1.648148206424349116e-02,-5.432228485474493995e-01,8.394267672435510308e-01
9.120092428946964536e-02,-6.882386577486038215e-01,7.197290749922116149e-01
1.621865899586313053e-01,-8.050778954369217644e-01,5.705655898461154951e-01
2.265323175787714582e-01,-8.889571494934159768e-01,3.980430824131090395e-01
2.816037855008196034e-01,-9.364423934016197215e-01,2.092246444180335951e-01
3.251463613574243072e-01,-9.455895756966518073e-01,1.184052489763171186e-02
3.553774069769806698e-01,-9.160242096606052709e-01,-1.860283471032815883e-01
3.710592597998271791e-01,-8.489567048527788540e-01,-3.762811967163837146e-01
3.715499029288569233e-01,-7.471328128001025748e-01,-5.511290499247539776e-01
3.568292493767193374e-01,-6.147212156070118727e-01,-7.034136150742908988e-01
3.274999644294422363e-01,-4.571428596202941619e-01,-8.269003441750959471e-01
2.847627924588118642e-01,-2.808490212487162463e-01,-9.165336760287075002e-01
2.303673983067103526e-01,-9.305719094885717135e-02,-9.686440114975694016e-01
1.665407358009120820e-01,9.854441168220391678e-02,-9.810979473248820915e-01
9.589587600371887732e-02,2.861115945205187638e-01,-9.533856179145998588e-01
2.132502777564629359e-02,4.619653350624790544e-01,-8.866415692888403033e-01
-5.411886959514547457e-02,6.189061605083588935e-01,-7.835983106404347254e-01
-1.273471340860148349e-01,7.505088950246404655e-01,-6.484744450855175479e-01
-1.953617919447498130e-01,8.513857071975623469e-01,-4.868019595562872448e-01
-2.553783150872308005e-01,9.174066884842428937e-01,-3.051997446060209507e-01
-3.049396200043627547e-01,9.458689321536697392e-01,-1.111026162521367572e-01
-3.420166610496319093e-01,9.356071906058446297e-01,8.754306626511293432e-02
-3.650914998062778638e-01,8.870415807454391510e-01,2.826047253635954881e-01
-3.732194496644250514e-01,8.021603843463549488e-01,4.660965138010468856e-01
-3.660677514018873535e-01,6.844386475622881161e-01,6.305062561994687620e-01
-3.439291963858218115e-01,5.386959121288945607e-01,7.691029983877446519e-01
-3.077101396597560767e-01,3.708989027588620035e-01,8.762125734562610235e-01
-3.274225000414129894e-01,3.629619131542193844e-01,8.723836060277943005e-01
-2.602338542255007714e-01,1.873775253618612247e-01,9.471895291356445812e-01
-1.823912038414169101e-01,4.121879665264006377e-03,9.832174016306373110e-01
-9.708143614200887006e-02,-1.793025162691295193e-01,9.789922381797322437e-01
-7.797143040362691790e-03,-3.553862461203135537e-01,9.346870174710453227e-01
8.180636601348145742e-02,-5.169204212992211112e-01,8.521156004460321842e-01
1.680607128308936882e-01,-6.572918136945680168e-01,7.346584706194267955e-01
2.474346343187138197e-01,-7.707536020087504269e-01,5.871243366869569602e-01
3.166785528051908605e-01,-8.526606472969916473e-01,4.155532634263426894e-01
3.729576141316731652e-01,-8.996596655015217658e-01,2.269693907356186979e-01
4.139677469149459776e-01,-9.098265112948974442e-01,2.909336452040717572e-02
4.380299915003758038e-01,-8.827449528157839120e-01,-1.699737474565947981e-01
4.441592367674415121e-01,-8.195237122502643246e-01,-3.620821142416563720e-01
4.321045506947538417e-01,-7.227510746152713272e-01,-5.393667967268225283e-01
4.023594535464938837e-01,-5.963889230658835361e-01,-6.945697391810848886e-01
3.561417130948122955e-01,-4.456105389334555911e-01,-8.213369149047945461e-01
2.953434890641544741e-01,-2.765888069800767624e-01,-9.144784608293120565e-01
2.224538678898236033e-01,-9.624349677112858936e-02,-9.701811511208207062e-01
1.404569592268637979e-01,8.804203350376028914e-02,-9.861645110939979419e-01
5.270972615016415036e-02,2.687231125825055300e-01,-9.617741801135768487e-01
-3.719544930825325474e-02,4.384026358584982019e-01,-8.980087011956378040e-01
-1.255778387017107978e-01,5.901339037123211062e-01,-7.974786405392071398e-01
-2.088190566239508661e-01,7.177050202103720800e-01,-6.642997106393400131e-01
-2.835111978328089255e-01,8.158932088542512062e-01,-5.039242725339960760e-01
-3.465963572912405533e-01,8.806786336642556945e-01,-3.229181155025227512e-01
-3.954918211588259180e-01,9.094089717366997672e-01,-1.286916528811083982e-01
-4.281958033998530810e-01,9.009079996552262770e-01,7.080346112988555873e-02
-4.433693991388196753e-01,8.555237482156724527e-01,2.673998731231687076e-01
-4.403913995833506068e-01,7.751142540043969298e-01,4.530489028926381057e-01
-4.193837243851467056e-01,6.629714911621233941e-01,6.201500573466972588e-01
-3.812064302351196310e-01,5.236865975758300262e-01,7.618621955884447017e-01
-3.274225000414130449e-01,3.629619131542196064e-01,8.723836060277941895e-01
-3.451843882181078738e-01,3.536935047963500334e-01,8.693380486297392906e-01
-2.601617866584817751e-01,1.874151312534084735e-01,9.472018862628664992e-01
-1.644881309853455376e-01,1.346396021660944964e-02,9.862871673808959461e-01
-6.208031190313439973e-02,-1.610384269334057539e-01,9.849937359825298167e-01
4.286908244251785155e-02,-3.289478819635554552e-01,9.433745453011890270e-01
1.460634115160703295e-01,-4.833901720563824056e-01,8.631334898934152067e-01
2.432778873604325154e-01,-6.180424117092871983e-01,7.475556479955259848e-01
3.305325379123206231e-01,-7.273919224099139047e-01,6.013727900346407251e-01
4.042551475261542127e-01,-8.069619223421569121e-01,4.305696593914347670e-01
4.614275039023039149e-01,-8.534948063597119772e-01,2.421389563029566760e-01
4.997089640532638155e-01,-8.650855127235187458e-01,4.379505589331589288e-02
5.175322805025727169e-01,-8.412595165531928654e-01,-1.563418192502976090e-01
5.141677645806452812e-01,-7.829922569313829683e-01,-3.500780419444200486e-01
4.897531599646390843e-01,-6.926692023131185705e-01,-5.294820284689145673e-01
4.452880034361278438e-01,-5.739881891669795788e-01,-6.872089585363949649e-01
3.825927037278224474e-01,-4.318080321155958190e-01,-8.168014730977712912e-01
3.042340137761661567e-01,-2.719496034941100704e-01,-9.129540393804268517e-01
2.134199475545347779e-01,-1.009575261528537216e-01,-9.717301600233027026e-01
1.138684436042416981e-01,7.416776417110609865e-02,-9.907235337413787812e-01
9.655152193816905412e-03,2.462566175155584403e-01,-9.691565695830102189e-01
-9.495342228185515987e-02,4.082636960050003427e-01,-9.079122215948512986e-01
-1.956745924927544844e-01,5.535564108110495596e-01,-8.094978405794428511e-01
-2.883848218962119514e-01,6.761864611183778795e-01,-6.779425228587542263e-01
-3.692885428074608178e-01,7.711333582589841029e-01,-5.186321585973641124e-01
-4.350735473866106928e-01,8.345099651081450132e-01,-3.380889328263066984e-01
-4.830465898167816685e-01,8.637216359350212702e-01,-1.437043064215774157e-01
-5.112436481042890168e-01,8.575724415037342396e-01,5.656359117259023017e-02
-5.185103313698288252e-01,8.163141305568010209e-01,2.545157686982124634e-01
-5.045491407467107559e-01,7.416358231920348043e-01,4.420480407489966179e-01
-4.699316490194155871e-01,6.365948580872773377e-01,6.114828140730776962e-01
-4.160751003666411374e-01,5.054916246957069648e-01,7.558834091428268120e-01
-3.451843882181079848e-01,3.536935047963501999e-01,8.693380486297391796e-01
-3.605592779134722536e-01,3.436493280914488246e-01,8.671229130941063845e-01
-2.584231322843920653e-01,1.885509671591018288e-01,9.474523826998847431e-01
-1.457071132561600368e-01,2.573330747746322214e-02,9.889930404370017580e-01
-2.702582789136193445e-02,-1.381378768358380305e-01,9.900442068968796638e-01
9.276189804270845718e-02,-2.963536802409685311e-01,9.505628472011442565e-01
2.087519409718501251e-01,-4.424367291569550886e-01,8.721653328546018491e-01
3.161956549102925562e-01,-5.704063663971472575e-01,7.580612673059167195e-01
4.106942815852958062e-01,-6.750234999771381750e-01,6.129220844053103745e-01
4.883790361176678085e-01,-7.520050921561713952e-01,4.426897993538636555e-01
5.460694955292823005e-01,-7.981995075054842959e-01,2.543337419030268221e-01
5.814038056334865923e-01,-8.117155412330628872e-01,5.556523117573408665e-02
5.929353756230093531e-01,-7.919998453300333141e-01,-1.454781266445304144e-01
5.801921016675776199e-01,-7.398595827031616556e-01,-3.405655928670137111e-01
5.436956949001980899e-01,-6.574293818306129467e-01,-5.217102637027636325e-01
4.849403225020725849e-01,-5.480839448212463383e-01,-6.814960550441689913e-01
4.063314363226436798e-01,-4.162998867137687187e-01,-8.133813178196795945e-01
3.110872933982492539e-01,-2.674724623310696936e-01,-9.119666538754057639e-01
2.031072001309255359e-01,-1.076946839138567535e-01,-9.732159679699406984e-01
8.681187422615903315e-02,5.649212751637756186e-02,-9.946217059877654476e-01
-3.303754000938857044e-02,2.183661446085481406e-01,-9.753075144993625933e-01
-1.515343934752059474e-01,3.713002260835126522e-01,-9.160641187735888424e-01
-2.638274110676128714e-01,5.090332326766935367e-01,-8.193169503922606012e-01
-3.653193034525071825e-01,6.259263589152253004e-01,-6.890268497962190875e-01
-4.518549806308602146e-01,7.171939864765434214e-01,-5.305279090123031782e-01
-5.198916618114799437e-01,7.790996079647963812e-01,-3.503090932990408635e-01
-5.666439172728611195e-01,8.091087999626536131e-01,-1.557485821465451614e-01
-5.901977041832581206e-01,8.059929826237925976e-01,4.518829425871128541e-02
-5.895887277391068659e-01,7.698797178761591642e-01,2.442751565876172815e-01
-5.648419195075824462e-01,7.022474870216497411e-01,4.333613653047138636e-01
-5.169704167253100779e-01,6.058651615378978228e-01,6.047057088084371035e-01
-4.479340843408586847e-01,4.846786451546504226e-01,7.512933295436390324e-01
-3.605592779134724202e-01,3.436493280914490467e-01,8.671229130941063845e-01
-3.731188432178802472e-01,3.335807421148258012e-01,8.657402712857195093e-01
-2.548382271222685569e-01,1.914248664516340348e-01,9.478470332818219601e-01
-1.261245040660509131e-01,4.143203426444552750e-02,9.911488263680690025e-01
7.752771005630931800e-03,-1.102570302735867425e-01,9.938728700477650335e-01
1.413126467214302073e-01,-2.574321590375671653e-01,9.559076416526017805e-01
2.690871660769231788e-01,-3.940679849635554399e-01,8.788074420938021269e-01
3.858452252368273494e-01,-5.145706212841134608e-01,7.657287626001921810e-01
4.868067355406469066e-01,-6.140066759098190552e-01,6.213010575964209581e-01
5.678383208940696036e-01,-6.883052250810555162e-01,4.514372142948777089e-01
6.256225386719193038e-01,-7.344244774650435792e-01,2.630914783984817373e-01
6.577936962090136230e-01,-7.504763054504006714e-01,6.397474646451541125e-02
6.630347025358332980e-01,-7.358035453133966453e-01,-1.377611191064215534e-01
6.411309902375661451e-01,-6.910069015780163637e-01,-3.338570282748971607e-01
5.929792998692805517e-01,-6.179203541021687229e-01,-5.162847914792634274e-01
5.205509672922370434e-01,-5.195360747268193968e-01,-6.775757946595812875e-01
4.268112169521076638e-01,-3.998819274092572096e-01,-8.111267651947604573e-01
3.155977652417705781e-01,-2.638565669994287766e-01,-9.114701106595181068e-01
1.914637039412724062e-01,-1.170288877348134027e-01,-9.744977627006843335e-01
5.949109610538855231e-02,3.458996794397573016e-02,-9.976293618382591211e-01
-7.491708419495690663e-02,1.847927062709897594e-01,-9.799178976857028101e-01
-2.062581502659774080e-01,3.274300094910486680e-01,-9.220884796664294836e-01
-3.291549834308049038e-01,4.566622896511511875e-01,-8.265086509488163147e-01
-4.385761728999069131e-01,5.671987620173950528e-01,-6.970914609507160575e-01
-5.300420023199744479e-01,6.545140504236216517e-01,-5.391352646365242807e-01
-5.998078498877712494e-01,7.150334567033698185e-01,-3.591068072424093982e-01
-6.450174936067328835e-01,7.462793092528182681e-01,-1.643764749665320990e-01
-6.638200453510972876e-01,7.469723991973604704e-01,3.708344950789083105e-02
-6.554457264432442809e-01,7.170843513532325630e-01,2.370251732023404556e-01
-6.202373824832021487e-01,6.578387859108696389e-01,4.272630584566108891e-01
-5.596364472094994547e-01,5.716612232805401428e-01,6.000087438963899178e-01
-4.761239300325493251e-01,4.620797830017637775e-01,7.481900008630167909e-01
-3.731188432178803027e-01,3.335807421148259122e-01,8.657402712857192872e-01
-3.825476724977719400e-01,3.244057401131905105e-01,8.651116656525610349e-01
-2.493290883891384480e-01,1.967856973038294432e-01,9.482143191387086834e-01
-1.059029421069297011e-01,6.110922492551194157e-02,9.924969669888656920e-01
4.185888306820423344e-02,-7.706906630128512736e-02,9.961466723970564541e-01
1.879070006523158032e-01,-2.120921408984767220e-01,9.590140159950475418e-01
3.262621835515865931e-01,-3.384321383275163408e-01,8.826192130988390616e-01
4.512601543220765565e-01,-4.509166842493395611e-01,7.700898759150098805e-01
5.577834813538038450e-01,-5.449406481375340672e-01,6.260329687295016488e-01
6.414710871221300792e-01,-6.166546778631705195e-01,4.563461982484572355e-01
6.988967912140239269e-01,-6.631227926232404757e-01,2.679765607927193094e-01
7.277095785567294639e-01,-6.824425823396952362e-01,6.863593145221826008e-02
7.267298502510775027e-01,-6.738230925515640291e-01,-1.335146609863158695e-01
6.959977164890146506e-01,-6.376172061835202465e-01,-3.301991475167636025e-01
6.367713544376322199e-01,-5.753071964774824076e-01,-5.133652421511224473e-01
5.514754983181159309e-01,-4.894440425519311355e-01,-6.755141034539597911e-01
4.436021705018361461e-01,-3.835429920170705942e-01,-8.100073379918549810e-01
3.175677177041693056e-01,-2.619396463246431161e-01,-9.113387769405425498e-01
1.785320052310712946e-01,-1.296124607350832014e-01,-9.753598992835246229e-01
3.218717148719335563e-02,8.021074225788571432e-03,-9.994496727499171396e-01
-1.154754088392024591e-01,1.453262254654203445e-01,-9.826218591835775840e-01
-2.584104123599371694e-01,2.766817039593916783e-01,-9.255653912490963142e-01
-3.907660632367214171e-01,3.967098009845453910e-01,-8.306161674475612822e-01
-5.071237055715315245e-01,5.004965521459693312e-01,-7.016614201574672416e-01
-6.027196438157376157e-01,5.837929156566894484e-01,-5.439805718844102911e-01
-6.736401690255763297e-01,6.431887286076695132e-01,-3.640290950834020878e-01
-7.169817865661488598e-01,6.762523194379849167e-01,-1.691742243580770244e-01
-7.309700855229203098e-01,6.816300608542356088e-01,3.260665898959497211e-02
-7.150323832930451928e-01,6.591017874909821384e-01,2.330526218871132871e-01
-6.698211712784150063e-01,6.095898095066762945e-01,4.239573830620527173e-01
-5.971874018110007176e-01,5.351211530974057107e-01,5.975052791615543812e-01
-5.001047099469038137e-01,4.387445738062616396e-01,7.465912389282928219e-01
-3.825476724977721066e-01,3.244057401131906770e-01,8.651116656525609239e-01
-3.887149391828625955e-01,3.171500412418647996e-01,8.650529159515878419e-01
-2.419632385815893572e-01,2.054515116530244156e-01,9.482844866044124466e-01
-8.530553456331246842e-02,8.534177303758161415e-02,9.926931789569561904e-01
7.484458806296123701e-02,-3.826186779325241316e-02,9.964608959265061072e-01
2.319305644600714311e-01,-1.602990632610520327e-01,9.594333867376408920e-01
3.795212762975022636e-01,-2.757735962446040689e-01,8.831265619671004874e-01
5.115743424914567239e-01,-3.799579257958802803e-01,7.706644319866619020e-01
6.226834949963778731e-01,-4.685867332219122994e-01,6.266512096114633668e-01
7.082999120539432703e-01,-5.380315447332360002e-01,4.569828130863806126e-01
7.649184474903144570e-01,-5.854492815871588096e-01,2.686054865003410508e-01
7.902211318123305572e-01,-6.088986560655335056e-01,6.923141973717251985e-02
7.831720701509092830e-01,-6.074196480220308558e-01,-1.329769894843819689e-01
7.440598519186987225e-01,-5.810728082197280653e-01,-3.297413051323130895e-01
6.744857359256162255e-01,-5.309367793757536758e-01,-5.130059730051689248e-01
5.772980946550301251e-01,-4.590641364017132298e-01,-6.752681160675508831e-01
4.564758015596209195e-01,-3.683973537456407543e-01,-8.098847031174923883e-01
3.169653355147316054e-01,-2.626483401423707065e-01,-9.113445152643917524e-01
1.644782713920236450e-01,-1.461464726338023989e-01,-9.754937758779330670e-01
5.257447513149826612e-03,-2.366135136412478301e-02,-9.997062066913798839e-01
-1.541786168846361049e-01,9.979246841049083105e-02,-9.829905479423897141e-01
-3.073025905919470890e-01,2.191607728032640146e-01,-9.260311406641528187e-01
-4.478455601339021985e-01,3.295566094071739061e-01,-8.311599096830867284e-01
-5.700536798243563963e-01,4.264603597006967339e-01,-7.022608943424522021e-01
-6.689237348843378728e-01,5.059047727611082346e-01,-5.446112354752861151e-01
-7.404079736429531877e-01,5.646373849833932201e-01,-3.646651286386587421e-01
-7.815798229663828423e-01,6.002536763223823568e-01,-1.697895885892312939e-01
-7.907537025058388735e-01,6.112955116259207733e-01,3.203715716646871048e-02
-7.675540325550909149e-01,5.973108368593211814e-01,2.325522979435674653e-01
-7.129306103277681661e-01,5.588721862506575988e-01,4.235467203191217167e-01
-6.291197251478365393e-01,4.975532426721984702e-01,5.972010902001846366e-01
-5.195526045019235317e-01,4.158644108787157290e-01,7.464059772803032233e-01
-3.887149391828627620e-01,3.171500412418649106e-01,8.650529159515877309e-01
-3.916681630241865553e-01,3.129417211338725857e-01,8.652534479833217107e-01
-2.330099137048909919e-01,2.182099272477920626e-01,9.476765311886491405e-01
-6.481221114101476388e-02,1.145445933016090989e-01,9.913016258598487118e-01
1.060389109620861192e-01,6.189790247239979060e-03,9.943427154953506930e-01
2.725487875913560343e-01,-1.024184235471205240e-01,9.566752975281646032e-01
4.279004848335131173e-01,-2.068336150478082835e-01,8.798414804756010676e-01
5.657338859504139617e-01,-3.027810140465206912e-01,7.669868498353819009e-01
6.804060753055958255e-01,-3.863325227549100904e-01,6.227316874457738960e-01
7.672223599934471228e-01,-4.540675325895693892e-01,4.529818166042693384e-01
8.226284711183671217e-01,-5.032129642893419241e-01,2.646868169678824323e-01
8.443560759809599636e-01,-5.317567981060963289e-01,6.555550794544980076e-02
8.315156438852655540e-01,-5.385304461296158696e-01,-1.362596512747144273e-01
7.846328636299690906e-01,-5.232565944139485614e-01,-3.324963243618626607e-01
7.056271217472144253e-01,-4.865605562429345943e-01,-5.151205588629769183e-01
5.977329225924625788e-01,-4.299446717308972321e-01,-6.766556971601452863e-01
4.653674673561389308e-01,-3.557268018418429656e-01,-8.104884717119085202e-01
3.139498133278992298e-01,-2.669454348892591478e-01,-9.111397530034345271e-01
1.496790170544785581e-01,-1.672352904675521723e-01,-9.744888657526245002e-01
-2.071965576369022566e-02,-6.067851360479134537e-02,-9.979422898403220721e-01
-1.902700634404372870e-01,4.836244873437227365e-02,-9.805398393287163561e-01
-3.520307923641500247e-01,1.554234467400044672e-01,-9.229939725864538813e-01
-4.993793392866122116e-01,2.561213905746209107e-01,-8.276606241593149615e-01
-6.262832373840996336e-01,3.463336945861270055e-01,-6.984427525330997311e-01
-7.275470261579262132e-01,4.223670564487957413e-01,-5.406305525546404311e-01
-7.990249541977013648e-01,4.811086613944287604e-01,-3.606848742332012803e-01
-8.377907067311768374e-01,5.201536212147065408e-01,-1.659727147819817505e-01
-8.422572092948495959e-01,5.379034306669985277e-01,3.553438711337808531e-02
-8.122416027489711698e-01,5.336314104668142821e-01,2.355867070252031237e-01
-7.489727295522138339e-01,5.075124576230902740e-01,4.259940794711534751e-01
-6.550408248070297423e-01,4.606158851340950156e-01,5.989612042513758894e-01
-5.342914717302168492e-01,3.948616441876413585e-01,7.474067869545935050e-01
-3.916681630241867218e-01,3.129417211338726967e-01,8.652534479833215997e-01
-3.917238854351434707e-01,3.128448619667333341e-01,8.652632489136519167e-01
-2.229452748078405155e-01,2.357047291486074059e-01,9.459062771214894472e-01
-4.503925843494710479e-02,1.489148170250078340e-01,9.878237912047049818e-01
1.347106704701612201e-01,5.602831479565636985e-02,9.892996832116325301e-01
3.089455286983894267e-01,-3.915199322447675961e-02,9.502735299500986166e-01
4.705321206821472813e-01,-1.327294140418359414e-01,8.723430667200090527e-01
6.128550723600012518e-01,-2.208728770532783769e-01,7.586987758424439399e-01
7.300876653680234973e-01,-2.999737785266985424e-01,6.139932679385682324e-01
8.174303835742204871e-01,-3.667937182618131176e-01,4.441508035041416003e-01
8.713074058328968974e-01,-4.185970800748572418e-01,2.561247529887519803e-01
8.895130005225012626e-01,-4.532630282465680560e-01,5.761292499262193889e-02
8.713018284573746941e-01,-4.693723347857199357e-01,-1.432575829219370767e-01
8.174194571615851501e-01,-4.662654827898367604e-01,-3.382631085596207177e-01
7.300718372468923967e-01,-4.440696671446697219e-01,-5.194201027886458100e-01
6.128349905355131577e-01,-4.036935871506293627e-01,-6.793119769802329344e-01
4.705086073065561370e-01,-3.467902442666598861e-01,-8.113927390184810795e-01
3.089195464120547130e-01,-2.756892680362897363e-01,-9.102549869867140320e-01
1.346832829909383744e-01,-1.933015407804003494e-01,-9.718512888372911052e-01
-4.506692986044091159e-02,-1.030000257329946600e-01,-9.936598847351916231e-01
-2.229720973081943391e-01,-8.481677530091047412e-03,-9.747879282019544789e-01
-3.917487608940416477e-01,8.638391154744951006e-02,-9.160080393554106415e-01
-5.444871841803614609e-01,1.777129331365586429e-01,-8.197266737512817203e-01
-6.749342381718096417e-01,2.617663663626740855e-01,-6.898856018099808196e-01
-7.777494051510981388e-01,3.351030537936594000e-01,-5.318005322724628225e-01
-8.487234201018258872e-01,3.947205828293955387e-01,-3.519434864598008916e-01
-8.849505985128172103e-01,4.381782048263967999e-01,-1.576778329598707562e-01
-8.849477954434135096e-01,4.636967596340524911e-01,4.304316954779496829e-02
-8.487151256516054509e-01,4.702315146202341589e-01,2.420019796368165221e-01
-7.777359588958276948e-01,4.575149361480065346e-01,4.310532002454813827e-01
-6.749161906027595359e-01,4.260676424341568458e-01,6.024570521894957453e-01
-5.444652741671294205e-01,3.771770893782305789e-01,7.491962416311742645e-01
-3.917238854351435817e-01,3.128448619667333896e-01,8.652632489136515836e-01
-3.894653903051481514e-01,3.176946226019223274e-01,8.645153766846942478e-01
-2.124460341764113913e-01,2.582501857393316724e-01,9.424295857666573628e-01
-2.672911244714338067e-02,1.882329559294644850e-01,9.817606168765593555e-01
1.600821022862482512e-01,1.105094467874116471e-01,9.808982529795602368e-01
3.403395369431923001e-01,2.826166790957359426e-02,9.398777993549268794e-01
5.066634309694846294e-01,-5.514314697308742019e-02,8.603786381937506000e-01
6.522444646014606828e-01,-1.362903949396255809e-01,7.456554744947245794e-01
7.711225332171823821e-01,-2.118578981238939396e-01,6.004050880590863226e-01
8.584307547199423460e-01,-2.787519140667241158e-01,4.305740467737065869e-01
9.105947202631367032e-01,-3.342337938957033461e-01,2.431152534231089679e-01
9.254788309684215397e-01,-3.760321029317892361e-01,4.570329303253967829e-02
9.024737295947138360e-01,-4.024356134919515049e-01,-1.535797655446905774e-01
8.425212476952377294e-01,-4.123633627515764788e-01,-3.465752504756647312e-01
7.480758469230752716e-01,-4.054089074895140254e-01,-5.253819039313024630e-01
6.230041330827023049e-01,-3.818569639213069133e-01,-6.826793605102400297e-01
4.724265568340460519e-01,-3.426717513838732909e-01,-8.120278438584694891e-01
3.025077818408404284e-01,-2.894575170825626764e-01,-9.081318118699126529e-01
1.202043027159156174e-01,-2.243928580220777569e-01,-9.670567568024442950e-01
-6.702035468560459119e-02,-1.501415289891277760e-01,-9.863902844871399456e-01
-2.515011908917387795e-01,-6.974338811848218578e-02,-9.653408780289944868e-01
-4.256855387926304912e-01,1.351005525623433234e-02,-9.047703026016047367e-01
-5.824422707194243376e-01,9.621039538139639080e-02,-8.071583246797088274e-01
-7.153537476489040259e-01,1.749718706154025916e-01,-6.765011901083493040e-01
-8.189785580991411074e-01,2.465699769080923753e-01,-5.181480173284392921e-01
-8.890742901549045785e-01,3.080734793754226764e-01,-3.385818038392959251e-01
-9.227712163099329734e-01,3.569644174000263792e-01,-1.451540115192989366e-01
-9.186897804482183627e-01,3.912411902347348036e-01,5.421640308717012857e-02
-8.769970770334878374e-01,4.095005027723452873e-01,2.513671917810938461e-01
-7.994000102422250675e-01,4.109948166121898394e-01,4.382269781091083227e-01
-6.890754131061326282e-01,3.956629543700906915e-01,6.071457004638524113e-01
-5.505399875945519161e-01,3.641326042876571467e-01,7.512078065050157294e-01
-3.894653903051483734e-01,3.176946226019223829e-01,8.645153766846941368e-01
-3.857125780742503007e-01,3.278373892133625289e-01,8.624085188291449322e-01
-2.023396328055410698e-01,2.855648671247452142e-01,9.367557737532996587e-01
-1.068287919587562751e-02,2.316012858235937111e-01,9.727521372358646223e-01
1.814112327432539917e-01,1.681559206688285901e-01,9.689239139264700373e-01
3.660783474989599551e-01,9.782623236439993986e-02,9.254278317371997797e-01
5.357581716956791862e-01,2.349152661287845847e-02,8.440446253834554824e-01
6.835039933942648194e-01,-5.180492499831143571e-02,7.281061328954798739e-01
8.032670812949799233e-01,-1.249804768932501753e-01,5.823588897779251594e-01
8.901443205076043919e-01,-1.930393133795968441e-01,4.127698052885981350e-01
9.405789466511306207e-01,-2.531950976950265164e-01,2.262818764723630027e-01
9.525061602054257781e-01,-3.029850449616610653e-01,3.052994104635753728e-02
9.254376596461889593e-01,-3.403707488883339627e-01,-1.664718937532013165e-01
8.604816325667292709e-01,-3.638216343636535566e-01,-3.566583496628871197e-01
7.602973863476889527e-01,-3.723776193808983059e-01,-5.322431708317976184e-01
6.289864758004242162e-01,-3.656884209081764925e-01,-6.860378940509370693e-01
4.719247850311173442e-01,-3.440278955169089881e-01,-8.117461452816012724e-01
2.955424381138287426e-01,-3.082828276616178531e-01,-9.042214139483144564e-01
1.070605490553979272e-01,-2.599166246201658481e-01,-9.596777516864787305e-01
-8.580441146044121004e-02,-2.009094044278575131e-01,-9.758447695132504984e-01
-2.751565292894997405e-01,-1.336769296124201145e-01,-9.520605878192578420e-01
-4.532437064799270110e-01,-6.097170559227769321e-02,-8.892989337975755193e-01
-6.127750330731913664e-01,1.422970721868360711e-02,-7.901292769380323655e-01
-7.472192778144299830e-01,8.884855414419240427e-02,-6.586116346443980918e-01
-8.510722775274086604e-01,1.598299308237761118e-01,-5.001303546448410131e-01
-9.200822782016686574e-01,2.242678513562149922e-01,-3.211736791633026944e-01
-9.514240023012747738e-01,2.795242197037767218e-01,-1.290681155205135044e-01
-9.438143159590932640e-01,3.233368336539645949e-01,6.832151193654484311e-02
-8.975647606280728885e-01,3.539119996438942484e-01,2.629140486674844679e-01
-8.145687985375579254e-01,3.699979667855086696e-01,4.467428533548881697e-01
-6.982242941271452619e-01,3.709361736940091636e-01,6.122819531358862921e-01
-5.532944050772962141e-01,3.566882100683270718e-01,7.527541578154262059e-01
-3.857125780742505228e-01,3.278373892133625844e-01,8.624085188291448212e-01
-3.813960678744374722e-01,3.429028945148303587e-01,8.584606248065583811e-01
-1.934340243304212281e-01,3.166472659803081791e-01,9.286106757832003344e-01
2.447230897215269419e-03,2.774280611720781886e-01,9.607432965861565366e-01
1.982282962043824537e-01,2.268509189430501505e-01,9.535429739443311847e-01
3.858938717741061675e-01,1.669864734386424798e-01,9.073044899126827545e-01
5.577609068927934510e-01,1.002855820915791868e-01,8.239208534602580070e-01
7.067931449491656748e-01,2.947898723063112347e-02,7.068058004605805023e-01
8.268891886066509489e-01,-4.253448083117290779e-02,5.607540349438916438e-01
9.131322917272253203e-01,-1.128065822501594234e-01,3.917449333507982967e-01
9.619916515359986375e-01,-1.784603689376138280e-01,2.066977481582480680e-01
9.714669601016684419e-01,-2.368079671525593066e-01,1.318833287014470335e-02
9.411702971782547333e-01,-2.854606193685242932e-01,-1.808610143152254990e-01
8.723420117055489253e-01,-3.224264802873432201e-01,-3.675058903242633956e-01
7.677999417777836566e-01,-3.461921632196954812e-01,-5.391050320033173859e-01
6.318240520209733591e-01,-3.557846983139814623e-01,-6.886331503300039403e-01
4.699812113382503265e-01,-3.508113660563658698e-01,-8.099685465712204158e-01
2.888972846428918273e-01,-3.314757752538174951e-01,-8.981437353485480779e-01
9.598586917026369347e-02,-2.985695272656278543e-01,-9.495488140732979421e-01
-1.008552190640558260e-01,-2.534398077507536429e-01,-9.620792527826387275e-01
-2.935672827799077900e-01,-1.979342327286504610e-01,-9.352220538435458419e-01
-4.742606674460596028e-01,-1.343252069623513401e-01,-8.700767541361724700e-01
-6.355377646637069278e-01,-6.521689144047208841e-02,-7.693104098847866057e-01
-7.707958711235055604e-01,6.561411279639523843e-03,-6.370484070625824780e-01
-8.744975040548383927e-01,7.807108905102957963e-02,-4.787055676052265341e-01
-9.423971064210723281e-01,1.463845272637070427e-01,-3.007644659645968277e-01
-9.717148605234692260e-01,2.087049657307566419e-01,-1.105100317490521622e-01
-9.612504940643870066e-01,2.624809983789968548e-01,8.426869615067600350e-02
-9.114324194361713705e-01,3.055110281133932015e-01,2.755974537288441994e-01
-8.243001944674767101e-01,3.360334004608054870e-01,4.556432191700274803e-01
-7.034210226861232762e-01,3.527985259111044436e-01,6.170348976825850151e-01
-5.537437115875392113e-01,3.551200382585360527e-01,7.531650949854953314e-01
-3.813960678744376942e-01,3.429028945148303587e-01,8.584606248065582701e-01
-3.773937820971561274e-01,3.615744782147080616e-01,8.525478461283938492e-01
-1.863722275484197555e-01,3.495921722224125117e-01,9.181779271576142598e-01
1.227942789395591872e-02,3.232975216239952210e-01,9.462176959676761312e-01
2.104283621155816353e-01,2.837670325044456265e-01,9.355192011289625853e-01
3.999623344679125170e-01,2.326190877329535611e-01,8.865204402771906800e-01
5.731218018535484404e-01,1.719476901780920275e-01,8.012274284387416179e-01
7.228175953323474623e-01,1.042367339843436741e-01,6.831320715397850574e-01
8.429211515307789560e-01,3.225831365398009604e-02,5.370692073673792866e-01
9.285154167465103914e-01,-4.104076582756836789e-02,3.690186667424006361e-01
9.760961517047105351e-01,-1.126596315340509386e-01,1.858604585431358203e-01
9.837153955256916493e-01,-1.796661986885849105e-01,-4.906898666561909650e-03
9.510612154721997946e-01,-2.393172105589261300e-01,-1.954733668683142356e-01
8.794704775123282081e-01,-2.891705477104066779e-01,-3.780371324633322594e-01
7.718741148697082499e-01,-3.271852086625263722e-01,-5.451240134378245727e-01
6.326771352729649855e-01,-3.518048687293726107e-01,-6.898934532528202546e-01
4.675782794217394622e-01,-3.620215961351213596e-01,-8.064185740326065277e-01
2.833367138728729584e-01,-3.574171168593669456e-01,-8.899288236413389619e-01
8.749530996740072231e-02,-3.381799388246618521e-01,-9.370052826479977615e-01
-1.119281622083994066e-01,-3.050976343600195761e-01,-9.457206352896018187e-01
-3.067692822723869228e-01,-2.595245968972281769e-01,-9.157180740049930545e-01
-4.890512318762830768e-01,-2.033265919446186343e-01,-8.482259071783142534e-01
-6.513113665860840173e-01,-1.388043724279365010e-01,-7.460072720494433929e-01
-7.869067374220145572e-01,-6.859948559523336431e-02,-6.132470115507357988e-01
-8.902860539702719400e-01,4.413872237836001002e-03,-4.553803463456763123e-01
-9.572169548648167270e-01,7.724652562288036872e-02,-2.788703562563061844e-01
-9.849592811589792385e-01,1.469166971728426696e-01,-9.094338101592731871e-02
-9.723772587546916091e-01,2.105720818785697945e-01,1.007068269286371387e-01
-9.199859971275099468e-01,2.656066208110191562e-01,2.882340855461934526e-01
-8.299304006841634607e-01,3.097671934800126370e-01,4.639610068354215189e-01
-7.058973561241257411e-01,3.412458608518345038e-01,6.206933099917039121e-01
-5.529647908649486521e-01,3.587538825856961822e-01,7.520143561085584905e-01
-3.773937820971563495e-01,3.615744782147080616e-01,8.525478461283937381e-01
-3.743414155347786765e-01,3.815017327634515065e-01,8.451774562267383439e-01
-1.814724692052163135e-01,3.815800510492138309e-01,9.063467369400295404e-01
1.882598133571738996e-02,3.660364372112690501e-01,9.304100757517761444e-01
2.183536939888080786e-01,3.355072486264397691e-01,9.163823167437029626e-01
4.089419807545269792e-01,2.912423538624160368e-01,8.648377580177920576e-01
5.827881347795133005e-01,2.350539629117414653e-01,7.778866398645110092e-01
7.327748740919279857e-01,1.692424351017922934e-01,6.590887512773776491e-01
8.527617239616271938e-01,9.650210211363394186e-02,5.133076917733081501e-01
9.378364086570891711e-01,1.981096172642785036e-02,3.465117550569465910e-01
9.845159605910307477e-01,-5.769124176154733635e-02,1.655295863751511110e-01
9.908893134226619548e-01,-1.328315590333717933e-01,-2.222938302174382041e-02
9.566955413382186579e-01,-2.025337366713244602e-01,-2.090782788658866742e-01
8.833345413844352345e-01,-2.639441593332493285e-01,-3.873674854076054053e-01
7.738097215189717604e-01,-3.145486770999492698e-01,-5.497978215829899540e-01
6.326050407357397543e-01,-3.522755350682768571e-01,-6.897193703442656698e-01
4.655014352568502822e-01,-3.755801912402914611e-01,-8.014037270450622419e-01
2.793401463244490901e-01,-3.835085502541297764e-01,-8.802785209996942806e-01
8.174263898045142085e-02,-3.757360241602226147e-01,-9.231146088762641755e-01
-1.192014216077582622e-01,-3.525808210900877038e-01,-9.281582762040787582e-01
-3.152653619897739512e-01,-3.149909177780372271e-01,-8.952030346501316238e-01
-4.984223014098214666e-01,-2.645052492822923540e-01,-8.255980756757174133e-01
-6.611737732480167384e-01,-2.031907048028833429e-01,-7.221930344794843526e-01
-7.968567131248184277e-01,-1.335575089949502525e-01,-5.892213255975828901e-01
-8.999162455396018112e-01,-5.845645307642284572e-02,-4.321268264151501004e-01
-9.661331011263246671e-01,1.903781689939489097e-02,-2.573410041865348274e-01
-9.927963540371164131e-01,9.575267641450289913e-02,-7.201961101023873768e-02
-9.788144075650101472e-01,1.685474101067393482e-01,1.162502735027614587e-01
-9.247596842413827734e-01,2.344417930257261251e-01,2.997608581597315247e-01
-8.328451907902638673e-01,2.907381013924986157e-01,4.709991980632367570e-01
-7.068339173730368019e-01,3.351315577279858071e-01,6.229547754579771723e-01
-5.518847803290987120e-01,3.658046887138031722e-01,7.494065111513897870e-01
-3.743414155347788985e-01,3.815017327634515065e-01,8.451774562267382329e-01
-3.724921584263811147e-01,3.995124390486020638e-01,8.376391842292784107e-01
-1.786324451702158422e-01,4.092402603867110189e-01,8.947697239017001758e-01
2.254050137963914402e-02,4.022137373808992722e-01,9.152682859466078069e-01
2.227906371546152786e-01,3.787205367086058927e-01,8.982956568254040208e-01
4.139196980676929649e-01,3.397224727656886767e-01,8.445466979685101183e-01
5.881028379083800273e-01,2.868161308720483804e-01,7.562218980667617663e-01
7.382089784659482401e-01,2.221675028810419783e-01,6.369372848058600933e-01
8.580927567092488939e-01,1.484233112185125714e-01,4.915763842680530571e-01
9.428461166712547303e-01,6.860265175569867091e-02,3.260902888005393629e-01
9.889992458370245876e-01,-1.402660833046286137e-02,1.472540185955494851e-01
9.946626296757494767e-01,-9.608161742351885304e-02,-3.761084843235491110e-02
9.596044085876525020e-01,-1.742030338101451525e-01,-2.209359229063514451e-01
8.852598702632464844e-01,-2.451925575245967881e-01,-3.952158547376933284e-01
7.746726888366448627e-01,-3.061438691250891186e-01,-5.533156030401826797e-01
6.323703165088949696e-01,-3.545616147532230644e-01,-6.887625455423842524e-01
4.641786291229137440e-01,-3.884635662141392998e-01,-7.960114685039176852e-01
2.769834141219671975e-01,-4.064617736317176488e-01,-8.706715884175245668e-01
7.844846560269802538e-02,-4.078193882795828618e-01,-9.096863112017500308e-01
-1.232981723156489490e-01,-3.924808292545384769e-01,-9.114583695217727266e-01
-3.199969685724731172e-01,-3.610740589652739474e-01,-8.759152151017629562e-01
-5.035950513378932847e-01,-3.148848742775703924e-01,-8.045119888598188940e-01
-6.665758935316334899e-01,-2.558042658395415225e-01,-7.001719472678090694e-01
-8.022670403248468585e-01,-1.862510007023167879e-01,-5.671667838879445034e-01
-9.051132802247862097e-01,-1.090725977127757623e-01,-4.109417457364398785e-01
-9.709040760860279118e-01,-2.742874975738766180e-02,-2.378927042308805195e-01
-9.969459449959225950e-01,5.533803443580914694e-02,-5.510430746290301274e-02
-9.821727297815094904e-01,1.358392729972609514e-01,1.299400661270868618e-01
-9.271892476094456548e-01,2.107792357617680468e-01,3.096646781425244632e-01
-8.342465287001401553e-01,2.770898718486796142e-01,4.767115818507521308e-01
-7.071496588860459731e-01,3.320564160254289021e-01,6.242418573867777321e-01
-5.511019989506000805e-01,3.734285315151247286e-01,7.462155979360846070e-01
-3.724921584263812813e-01,3.995124390486020083e-01,8.376391842292781886e-01
-3.717183711457880402e-01,4.120112063730101970e-01,8.319087800809515931e-01
-1.774034227471827929e-01,4.290923123488185054e-01,8.856680038709349168e-01
2.417444262270929123e-02,4.286063286408602346e-01,9.031678755208703002e-01
2.247626034712512655e-01,4.105731514792398396e-01,8.836919482292617811e-01
4.161489569251954346e-01,3.757310612557623886e-01,8.280375687477520286e-01
5.904981231871960778e-01,3.255064972379488886e-01,7.384832339114262290e-01
7.406722269053293006e-01,2.619556589778243016e-01,6.186953087106707994e-01
8.605231226286669255e-01,1.876803252606645545e-01,4.735779248776884609e-01
9.451441006044131177e-01,1.057213369758312482e-01,3.090722051571700435e-01
9.910707680516981366e-01,1.943410473347784162e-02,1.319130330430749731e-01
9.964228818090758999e-01,-6.764876204007465310e-02,-5.064667414292706171e-02
9.609813257104723450e-01,-1.519620805473142766e-01,-2.311329005387859348e-01
8.861970812267709885e-01,-2.300540536221605814e-01,-4.021565188296241655e-01
7.751318241139095733e-01,-2.987275867115120609e-01,-5.567158019881930375e-01
6.323325790477026809e-01,-3.551711773018931262e-01,-6.884830748020359659e-01
4.636455638993594586e-01,-3.970740181626933873e-01,-7.920637696401572336e-01
2.759768448889357573e-01,-4.227206020656967822e-01,-8.632172806856690528e-01
7.700960142285666332e-02,-4.310609548525686785e-01,-8.990305748361855365e-01
-1.251104241737181766e-01,-4.217536215002649080e-01,-8.980374516213014413e-01
-3.221084143047703297e-01,-3.951796453297938827e-01,-8.602785696221210143e-01
-5.059192481080538872e-01,-3.524269680478842592e-01,-7.872997819041709366e-01
-6.690176884508056698e-01,-2.952458892856837380e-01,-6.820888486112675064e-01
-8.047264660221408183e-01,-2.259774091262083673e-01,-5.489531177141819818e-01
-9.074896475231845061e-01,-1.474573872858878087e-01,-3.933431816786252533e-01
-9.731000962291229683e-01,-6.290044268457571641e-02,-2.216297295692841729e-01
-9.988717126610346941e-01,2.423165343073118219e-02,-4.084273029098906688e-02
-9.837494038141605390e-01,1.103717028074854417e-01,1.416163751642360580e-01
-9.283522787894878947e-01,1.919931217031769222e-01,3.182776895810199846e-01
-8.349483023944122007e-01,2.657543196381063066e-01,4.819086779903161144e-01
-7.073614443970493992e-01,3.286355045022449906e-01,6.258102685008234412e-01
-5.508151257546307633e-01,3.780623131990294428e-01,7.440911130893226311e-01
-3.717183711457882622e-01,4.120112063730101415e-01,8.319087800809514821e-01
-3.716170811310073319e-01,4.155268085779039722e-01,8.302037197969727167e-01
-1.771439325504867990e-01,4.380987707802957432e-01,8.812998889148575543e-01
2.458150944217896150e-02,4.427349178325225010e-01,8.963155370322282156e-01
2.253005815500772613e-01,4.292454453295416195e-01,8.746359217508954398e-01
4.167958213776208898e-01,3.981826138605709664e-01,8.171486090677236858e-01
5.912273913065354547e-01,3.508181393956781302e-01,7.262071363184346984e-01
7.414540423690912929e-01,2.890911290845449289e-01,6.055346580825534675e-01
8.613254778199058714e-01,2.155286939819250625e-01,4.600715197974710735e-01
9.459341470073268088e-01,1.331424888241388993e-01,2.957729994357719550e-01
9.918161610737248335e-01,4.530541453031433630e-02,1.193654977253205407e-01
9.970931049723138484e-01,-4.438646875754160420e-02,-6.192884148685618567e-02
9.615489399998708997e-01,-1.322611647992750217e-01,-2.406878066522308846e-01
8.866388484466298792e-01,-2.147210732140990563e-01,-4.095929847336466367e-01
7.754296582623428913e-01,-2.883902756628831665e-01,-5.617293778949349337e-01
6.324742867596790941e-01,-3.502527463416100773e-01,-6.908685043248048441e-01
4.636253436445008647e-01,-3.977758284321612492e-01,-7.917233930140149534e-01
2.757955244868519062e-01,-4.290139213700243648e-01,-8.601650329696823860e-01
7.667460415211306557e-02,-4.426881339600032828e-01,-8.933914154104709571e-01
-1.255853834854968598e-01,-4.382386423320125957e-01,-8.900422483353209735e-01
-3.227038907675544022e-01,-4.158476091960950360e-01,-8.502546470377988497e-01
-5.066108628454915053e-01,-3.764317260796700149e-01,-7.756575205898701419e-01
-6.697771266742847951e-01,-3.216046838686935083e-01,-6.693048841131034044e-01
-8.055226362415621733e-01,-2.536111081131867673e-01,-5.355508270407614013e-01
-9.082899544362188493e-01,-1.752346637934862894e-01,-3.798712561848202607e-01
-9.738717751767186348e-01,-8.968409174888168633e-02,-2.086397114676952214e-01
-9.995831710164084782e-01,-4.618424506445117927e-04,-2.886643244895747973e-02
-9.843715143886510033e-01,8.877931473178618527e-02,1.520886417059022500e-01
-9.288595723030802498e-01,1.743858363379710841e-01,3.268171889996658863e-01
-8.353200101910555064e-01,2.528529813150134919e-01,4.881658021763937705e-01
-7.075823487158754421e-01,3.209682955280556693e-01,6.295288500549740540e-01
-5.508761827468714456e-01,3.759431300100056217e-01,7.451189128458043376e-01
-3.716170811310075539e-01,4.155268085779039167e-01,8.302037197969726057e-01
-3.716170811310036681e-01,4.072763029021413961e-01,8.342821813427602207e-01
-1.771439325504829132e-01,4.341658863808851021e-01,8.832440264522870566e-01
2.458150944218295830e-02,4.432806674588698481e-01,8.960457573420905764e-01
2.253005815500811471e-01,4.342474859278214194e-01,8.721632696454026945e-01
4.167958213776244980e-01,4.074361613009750416e-01,8.125743152145992187e-01
5.912273913065385633e-01,3.639443523587504448e-01,7.197184728454820712e-01
7.414540423690939575e-01,3.055526188693128420e-01,5.973972716347408785e-01
8.613254778199077588e-01,2.346515252624572501e-01,4.506185559320743383e-01
9.459341470073280300e-01,1.541437706409731767e-01,2.853914636041164909e-01
9.918161610737252776e-01,6.732535193832360487e-02,1.084804112241329888e-01
9.970931049723135153e-01,-2.224937458307402194e-02,-7.287184193727386239e-02
9.615489399998699005e-01,-1.109132090948499461e-01,-2.512407133276906013e-01
8.866388484466281028e-01,-1.950362437945339367e-01,-4.193237603949412362e-01
7.754296582623403378e-01,-2.711744717574842145e-01,-5.702396434431733496e-01
6.324742867596760965e-01,-3.362107849850355379e-01,-6.978098484885285613e-01
4.636253436444973675e-01,-3.874825891722095683e-01,-7.968116363475877817e-01
2.757955244868480760e-01,-4.228908106314022697e-01,-8.631918621931846669e-01
7.667460415210913816e-02,-4.409858326157849451e-01,-8.942329117798551996e-01
-1.255853834855006901e-01,-4.410268427992420914e-01,-8.886639608903527110e-01
-3.227038907675581214e-01,-4.230121622200445630e-01,-8.467130030284173436e-01
-5.066108628454948359e-01,-3.876793140177396402e-01,-7.700975153379447935e-01
-6.697771266742877927e-01,-3.364748291491632681e-01,-6.619541448869207256e-01
-8.055226362415645047e-01,-2.714950252411064691e-01,-5.267102939679167983e-01
-9.082899544362205146e-01,-1.954001831003676359e-01,-3.699028617280343822e-01
-9.738717751767195230e-01,-1.113056345049531909e-01,-1.979515628672655347e-01
-9.995831710164085893e-01,-2.265422015504917064e-02,-1.789610376438971473e-02
-9.843715143886503371e-01,6.692466062976039354e-02,1.628920239293030481e-01
-9.288595723030785845e-01,1.537636379450738056e-01,3.370113330243300620e-01
-8.353200101910535080e-01,2.343075138564556237e-01,4.973333585481907737e-01
-7.075823487158726666e-01,3.052588126205901253e-01,6.372944979388999176e-01
-5.508761827468682259e-01,3.637127797296502152e-01,7.511647257050666493e-01
-3.716170811310038902e-01,4.072763029021413406e-01,8.342821813427601096e-01
-3.709943525925876728e-01,3.856624663615896287e-01,8.447648503484863625e-01
-1.766358809303444632e-01,4.165322884415001981e-01,8.917962874186268207e-01
2.495408445102181849e-02,4.303492296921499483e-01,9.023174797002341263e-01
2.255224266829829460e-01,4.265476229153155607e-01,8.758976883451117246e-01
4.168578542687825794e-01,4.052831063391105770e-01,8.136185427155318006e-01
5.911270723221003776e-01,3.674262517706392561e-01,7.180297583510584225e-01
7.411954785800691781e-01,3.145269232839265072e-01,5.930447513147782956e-01
8.609192548581992011e-01,2.487508256026255415e-01,4.437804224798716501e-01
9.453968956887170982e-01,1.727908398941720436e-01,2.763476710066534170e-01
9.911698765303204040e-01,8.975677689838955364e-02,9.760121341295006914e-02
9.963642461692566732e-01,3.048060910413375336e-03,-8.514104932553524796e-02
9.607673465021956405e-01,-8.378544304936698384e-02,-2.643976275009845001e-01
8.858365187839645216e-01,-1.671887611263346562e-01,-4.328297357411410307e-01
7.746394399053466717e-01,-2.437473516789449013e-01,-5.835417437447208977e-01
6.317285313407343672e-01,-3.103268970147213257e-01,-7.103634841961482538e-01
4.629545824780815222e-01,-3.642016227248529026e-01,-8.081028601404197653e-01
2.752272186139224086e-01,-4.031658912087554003e-01,-8.727584100424883307e-01
7.623202008188423306e-02,-4.256245007365905830e-01,-9.016831280926583814e-01
-1.258841263091884377e-01,-4.306579931955143437e-01,-8.936928329354457690e-01
-3.228465617784061492e-01,-4.180602968128481756e-01,-8.491146481934068735e-01
-5.065916210755559979e-01,-3.883471627586646546e-01,-7.697736099875948090e-01
-6.695967598838838963e-01,-3.427350502322873416e-01,-6.589179497443320432e-01
-8.051885286682869403e-01,-2.830913244797416128e-01,-5.210861112189643096e-01
-9.078157844833754098e-01,-2.118578066411770378e-01,-3.619209460752740304e-01
-9.732769554178888338e-01,-1.319508053064873676e-01,-1.879386948753563880e-01
-9.988920534424073905e-01,-4.664172249898874273e-02,-6.262211425382636400e-03
-9.836123934341608477e-01,4.057687790778810588e-02,1.756706476961247820e-01
-9.280635264691708963e-01,1.261342561654394956e-01,3.504115298605284257e-01
-8.345196296876987718e-01,2.065276831555319381e-01,5.108065228208351627e-01
-7.068104012149191151e-01,2.784658425312644403e-01,6.502890367196388910e-01
-5.501642718697050682e-01,3.390035775954198249e-01,7.631486410494232597e-01
-3.709943525925878949e-01,3.856624663615895732e-01,8.447648503484862514e-01
-3.688194700198341724e-01,3.505322026361932797e-01,8.608712873881351202e-01
-1.747389787393051619e-01,3.858921632838019922e-01,9.058440967546734779e-01
2.649534686176924225e-02,4.054536534261677927e-01,9.137315423679132076e-01
2.266449498492518755e-01,4.084158233584848641e-01,8.842107112777130018e-01
4.175156819602550140e-01,3.946574014956838461e-01,8.184901897774558011e-01
5.912932729957958156e-01,3.647416592453738282e-01,7.192605837391958801e-01
7.408632479608792121e-01,3.198933506102329405e-01,5.905843648931230483e-01
8.601021945067085506e-01,2.619485706152364646e-01,4.377295527576093304e-01
9.441284561517164775e-01,1.932795853616018633e-01,2.669540413011603497e-01
9.895019878714897965e-01,1.166977111738763395e-01,8.524940002807393502e-02
9.943651919462573874e-01,3.533821897929331768e-02,-9.994536169854123520e-02
9.585189682297959868e-01,-4.746802405236622002e-02,-2.810483485741365195e-01
8.834308653328100114e-01,-1.283309206020659121e-01,-4.506451830373278122e-01
7.721749990103794481e-01,-2.039399341840740787e-01,-6.017925507584102052e-01
6.293061975017542053e-01,-2.711996228986615076e-01,-7.283024607438209896e-01
4.606735263270683722e-01,-3.273563671871749792e-01,-8.249955824144739047e-01
2.731808268577113896e-01,-3.701111033403056139e-01,-8.879132880082135637e-01
7.450407223941550583e-02,-3.977134474364758532e-01,-9.144797192655150786e-01
-1.272228878502189298e-01,-4.090333562652509469e-01,-9.036072433692818873e-01
-3.237413279632108121e-01,-4.036073914291480325e-01,-8.557409807601672469e-01
-5.070057600713983037e-01,-3.816576925660809527e-01,-7.728405818534354044e-01
-6.695133167916149652e-01,-3.440828829264835909e-01,-6.582999987207112103e-01
-8.046109196579084299e-01,-2.924212796318539365e-01,-5.168085362933955151e-01
-9.067676569356383220e-01,-2.287879147910546751e-01,-3.541588716678035764e-01
-9.718012197977472511e-01,-1.557879458372710690e-01,-1.770099012242312420e-01
-9.970491265395414748e-01,-7.641000007660316007e-02,7.385875373241535848e-03
-9.814777248925087294e-01,6.096180064994655146e-03,1.914792733651300982e-01
-9.257245098696406105e-01,8.835278187846085096e-02,3.677334874075910420e-01
-8.320720246446977608e-01,1.669922104208117208e-01,5.289326492687349557e-01
-7.043544129664894848e-01,2.387949582477829902e-01,6.684772463218694449e-01
-5.478004488633035907e-01,3.008214124268738243e-01,7.806543063678451633e-01
-3.688194700198344500e-01,3.505322026361932797e-01,8.608712873881352312e-01
-3.639549324270317521e-01,3.031543894597873434e-01,8.807009840537799450e-01
-1.704616186132774103e-01,3.442331227125130511e-01,9.232802357937331950e-01
3.001041389489433886e-02,3.712189114757137309e-01,9.280602861994695640e-01
2.292538165321351962e-01,3.830069543867288262e-01,8.948454394457461269e-01
4.191115409843706452e-01,3.791146475837446905e-01,8.249955152612388209e-01
5.918107897051910760e-01,3.597013425646025664e-01,7.213701777490796330e-01
7.402812351606653518e-01,3.255618223177523252e-01,5.882118604024759723e-01
8.584444798693103840e-01,2.780937628133234307e-01,4.309720803790360044e-01
9.414629067091622172e-01,2.192405119846873307e-01,2.560882527478089421e-01
9.859377315311462775e-01,1.514115288357318068e-01,7.072014195999447306e-02
9.900481497814805909e-01,7.738373990614200171e-02,-1.175432597489262099e-01
9.536258804540428402e-01,1.878515725915186341e-04,-3.009944265929790919e-01
8.781620555345330814e-01,-7.701572742641248082e-02,-4.721228462469718723e-01
7.667461728817795974e-01,-1.510662734956154662e-01,-6.239225011035347546e-01
6.239396118223957677e-01,-2.189321485783743970e-01,-7.501786954571375565e-01
4.555888897452113895e-01,-2.778349157748994935e-01,-8.457224858764710307e-01
2.685863049924367418e-01,-3.253630888753837880e-01,-9.066422983558493076e-01
7.058776535572069966e-02,-3.595708588887701618e-01,-9.304440686145921680e-01
-1.303006456883688546e-01,-3.790577556914681567e-01,-9.161533493817175522e-01
-3.258545329883007491e-01,-3.830259834387623741e-01,-8.643552043817075425e-01
-5.080678974214100085e-01,-3.713130824204314839e-01,-7.771702557568859193e-01
-6.694809024386432217e-01,-3.443985801803733926e-01,-6.581678655477498641e-01
-8.034852806493723021e-01,-3.033843596026159495e-01,-5.122200055916483752e-01
-9.045948770648041259e-01,-2.499495476965785667e-01,-3.453017984233294202e-01
-9.686702529278180540e-01,-1.862817719400184646e-01,-1.642468950563208963e-01
-9.930881548220449329e-01,-1.149875985530551953e-01,2.353229549248420094e-02
-9.768489109749535215e-01,-3.898581937086070121e-02,2.103480710988995250e-01
-9.206173579376741856e-01,3.861204383701613563e-02,3.885521719596771728e-01
-8.266956220984799097e-01,1.146291254334829979e-01,5.508489012474838686e-01
-6.989288703579624729e-01,1.859532771663527373e-01,6.905938117962209244e-01
-5.425478885443348886e-01,2.496644798834496415e-01,8.020657305486930122e-01
-3.639549324270320296e-01,3.031543894597873434e-01,8.807009840537799450e-01
-3.551986935909267062e-01,2.459896300475063746e-01,9.018442160264643626e-01
-1.628429153758831904e-01,2.944947195292474951e-01,9.416767200484840172e-01
3.617967092787911093e-02,3.309431605918007890e-01,9.429568685094021907e-01
2.337210572529232755e-01,3.538427497755555762e-01,9.056322519808177596e-01
4.216938760329744795e-01,3.622559752087413099e-01,8.312309446488672648e-01
5.924024979813091729e-01,3.558383984536113154e-01,7.227989447775031717e-01
7.388580920579509437e-01,3.348527558565539408e-01,5.847754711816779416e-01
8.550647490336006351e-01,3.001582020912011428e-01,4.228112210874747090e-01
9.362649547179725529e-01,2.531751362651432080e-01,2.435370299237409886e-01
9.791343631497294586e-01,1.958270506135748878e-01,5.429240414054337105e-02
9.819178957107337347e-01,1.304617825011852861e-01,-1.371749590472549074e-01
9.445015942508866447e-01,5.975539368458866046e-02,-3.230263632942850793e-01
8.684172865481829540e-01,-1.339738797041564733e-02,-4.956530302740611016e-01
7.567798730994981238e-01,-8.600167898778490749e-02,-6.479876039576587532e-01
6.141598027282603178e-01,-1.550850511626260253e-01,-7.737934889999192878e-01
4.463959578726144906e-01,-2.178192231211493746e-01,-8.679201776856484418e-01
2.603566100523661553e-01,-2.716358504924210049e-01,-9.265141123206366291e-01
6.365823202597115094e-02,-3.143316742286755838e-01,-9.471764503364319410e-01
-1.356463214990918653e-01,-3.441587222896047016e-01,-9.290612731869464236e-01
-3.293974986842159725e-01,-3.598958718230644838e-01,-8.729102183531226578e-01
-5.096631035706460366e-01,-3.608988420781186757e-01,-7.810221166173262342e-01
-6.690630411140213729e-01,-3.471265713346811665e-01,-6.571588776610143290e-01
-8.010714591426193465e-01,-3.191428979751615436e-01,-5.063914770403710186e-01
-9.002839175120185278e-01,-2.780934768748403729e-01,-3.348923498512226260e-01
-9.626386465196068443e-01,-2.256588761566672152e-01,-1.496826905109850114e-01
-9.855828362334442261e-01,-1.639857745348480000e-01,4.165499576574178270e-02
-9.681771488308181794e-01,-9.559907603606171422e-02,2.312873216215648453e-01
-9.111341751990736926e-01,-2.329854013194449305e-02,4.114507173550946972e-01
-8.167892613809590863e-01,4.995584074263667573e-02,5.747692723767003908e-01
-6.890048992332449274e-01,1.211650236276522880e-01,7.145567058546820061e-01
-5.330125955562834417e-01,1.874136962090660330e-01,8.250901038381249775e-01
-3.551986935909269283e-01,2.459896300475063191e-01,9.018442160264642515e-01
-3.415331318984243802e-01,1.822366415938712070e-01,9.220330396879704571e-01
-1.511747891653895670e-01,2.400602270208838374e-01,9.589146315097500928e-01
4.537266719835981316e-02,2.880557185477824467e-01,9.565381456498354140e-01
2.400625612359464089e-01,3.242581751122250444e-01,9.150008757185564834e-01
4.249242658103798975e-01,3.471854638888552946e-01,8.360033624273218722e-01
5.923895210160552427e-01,3.558989389813158044e-01,7.227797732520883089e-01
7.356022796285198728e-01,3.500418696955316378e-01,5.799654952368971106e-01
8.486993944833949310e-01,3.298540451362390047e-01,4.134073617036548298e-01
9.270506564101753666e-01,2.961619572128642019e-01,2.299242822089626881e-01
9.674483555396959922e-01,2.503449639636421420e-01,3.702807558567941526e-02
9.682386053230662704e-01,1.942788184754642711e-01,-1.573840648026959554e-01
9.293890528413045748e-01,1.302588753321090587e-01,-3.453528830862062637e-01
8.524902033376428045e-01,6.090611852788931080e-02,-5.191829137589264453e-01
7.406903047459922895e-01,-1.094014192502729133e-02,-6.717575349409541374e-01
5.985664580506254717e-01,-8.233851168212118210e-02,-7.968303237143401496e-01
4.319372302340932501e-01,-1.503659330965847196e-01,-8.892807854112735333e-01
2.476244414613076317e-01,-2.122373555428270775e-01,-9.453239872674135125e-01
5.317387896045967094e-02,-2.654197557163157639e-01,-9.626655140139734890e-01
-1.434536283926950706e-01,-3.077358399052812499e-01,-9.405954015084061481e-01
-3.342081273443671674e-01,-3.374531826510986376e-01,-8.800172027498175398e-01
-5.112801062947737174e-01,-3.533551524501147290e-01,-7.834109963130203580e-01
-6.674202176206098791e-01,-3.547907207903554516e-01,-6.547318516402846900e-01
-7.962360668185127777e-01,-3.417011153352995101e-01,-4.992479080336695851e-01
-8.924539178871001566e-01,-3.146222260702400964e-01,-3.233246964130175871e-01
-9.521346006985067500e-01,-2.746626659033230000e-01,-1.341645337321779319e-01
-9.728347810862510991e-01,-2.234583839228310165e-01,6.048834072332048839e-02
-9.537069912330911059e-01,-1.631056894492930454e-01,2.526648154025278314e-01
-8.955343251030348783e-01,-9.607542888559619798e-02,4.344971628523004448e-01
-8.006983784824449613e-01,-2.511182897493951377e-02,5.985411454036509982e-01
-6.730817461687192971e-01,4.687985216446583642e-02,7.380807831365776561e-01
-5.179090680830987781e-01,1.169522666481092182e-01,8.474033068870830965e-01
-3.415331318984246023e-01,1.822366415938711237e-01,9.220330396879703461e-01
-3.223746623123036614e-01,1.153696560530925591e-01,9.395554371942176353e-01
-1.351942554891871762e-01,1.842848891497104180e-01,9.735304786773762986e-01
5.752102003830722454e-02,2.456554772319840541e-01,9.676490679785089144e-01
2.478813782470004057e-01,2.969689012130872774e-01,9.221519907426634077e-01
4.280934437054361164e-01,3.361243834861624147e-01,8.389019026575550431e-01
5.907793132797275470e-01,3.615188940063759349e-01,7.213070721108579830e-01
7.292786083547246889e-01,3.721127785293019130e-01,5.741818452819600349e-01
8.379211515170815749e-01,3.674723221778433691e-01,4.035495462437164726e-01
9.122591042847740805e-01,3.477875057802592429e-01,2.163958813671967574e-01
9.492490621371545423e-01,3.138642280327345602e-01,2.038294368206758703e-02
9.473766518536107517e-01,2.670913119120687518e-01,-1.764644741122999294e-01
9.067185301311500023e-01,2.093836460998262095e-01,-3.660874156028142146e-01
8.289392452502162278e-01,1.431037892147230262e-01,-5.407226952851044155e-01
7.172230902725130752e-01,7.096524638518782180e-02,-6.932207242902034272e-01
5.761437377089182466e-01,-4.078621969419396476e-03,-8.173382153928848703e-01
4.114769928295055612e-01,-7.895551106138087860e-02,-9.079937839242190334e-01
2.299643315171590319e-01,-1.505999522536107249e-01,-9.614759802569557978e-01
3.903690345283850061e-02,-2.160788137058347602e-01,-9.755952369893423626e-01
-1.534887000254827605e-01,-2.727113831367593000e-01,-9.497735100918118789e-01
-3.397304580906042037e-01,-3.181791164998379884e-01,-8.850679440974736911e-01
-5.120636112848628851e-01,-3.506205594489545385e-01,-7.841275924807167286e-01
-6.634328200681991472e-01,-3.687075554980642766e-01,-6.510849650967194258e-01
-7.876410112478968717e-01,-3.716996209037851107e-01,-4.913868427424273322e-01
-8.796030868832164229e-01,-3.594742601568538531e-01,-3.115712853107576175e-01
-9.355541087925627330e-01,-3.325319809626688383e-01,-1.189999628503939644e-01
-9.532034355650010893e-01,-2.919758033970233924e-01,7.844323207096683126e-02
-9.318285016887603023e-01,-2.394661021346035645e-01,2.726749518546536799e-01
-8.723043994681815017e-01,-1.771526305147207991e-01,4.557433270714646989e-01
-7.770680526419603273e-01,-1.075865093870150557e-01,6.201535169304025485e-01
-6.500184484389580630e-01,-3.361578392412686161e-02,7.591745489412654591e-01
-4.963570125829400714e-01,4.173117568230199498e-02,8.671148857192509940e-01
-3.223746623123038835e-01,1.153696560530924758e-01,9.395554371942175242e-01
-2.976150432088350839e-01,4.845156303291012212e-02,9.534556791458475011e-01
-1.150742444951766558e-01,1.299063156491356286e-01,9.848260086981505124e-01
7.217770730876389706e-02,2.060426884393415092e-01,9.758774457422083604e-01
2.564746952949631398e-01,2.737436493558528250e-01,9.269763454968490413e-01
4.302715791212894381e-01,3.302375131042224465e-01,8.401247247517529271e-01
5.864530939436262136e-01,3.732114142648448873e-01,7.188782990648560078e-01
7.186251501945981612e-01,4.009059962749854100e-01,5.682009113496304664e-01
8.213766083617334290e-01,4.121874396931735629e-01,3.942613115629787224e-01
8.905008116748855951e-01,4.065938809003555310e-01,2.041806073572014490e-01
9.231678071286653076e-01,3.843543208507242404e-01,5.740725096017612605e-03
9.180402040909857453e-01,3.463792497457492403e-01,-1.929341831251039641e-01
8.753279272326772720e-01,2.942233714583494253e-01,-3.837103432202794706e-01
7.967796221867986528e-01,2.300219537736666320e-01,-5.587773567799658725e-01
6.856110657909622041e-01,1.564034102750579414e-01,-7.109679596995287509e-01
5.463735118057638784e-01,7.638169278316794819e-02,-8.340514508138048289e-01
3.847673620510758119e-01,-6.767100185732830876e-03,-9.229887775348791790e-01
2.074087912857711935e-01,-8.963884727792917340e-02,-9.741388352570989895e-01
2.155888023572894233e-02,-1.688407694304497331e-01,-9.854075346074401276e-01
-1.651736539042249208e-01,-2.411303306445396200e-01,-9.563335337104834633e-01
-3.451439592462595130e-01,-3.035479877904311841e-01,-8.881071255790005115e-01
-5.109840303440593701e-01,-3.535383546508084618e-01,-7.835215073781565120e-01
-6.559043552014987011e-01,-3.890548197327886593e-01,-6.468584266053829523e-01
-7.739718786914993043e-01,-4.086433347829080964e-01,-4.837128858447470314e-01
-8.603529025300354904e-01,-4.115019436934622132e-01,-3.007640827037763587e-01
-9.115109774518180830e-01,-3.975136146797804693e-01,-1.055019626786337927e-01
-9.253516858587311766e-01,-3.672510315752421928e-01,9.407942009452624488e-02
-9.013083875223812935e-01,-3.219531480878494167e-01,2.898091803551537393e-01
-8.403654179016263326e-01,-2.634744648898514341e-01,4.736741187209087545e-01
-7.450177893332345924e-01,-1.942091061423277254e-01,6.381467830118837670e-01
-6.191690449336668678e-01,-1.169928037707360924e-01,7.764936430272889600e-01
-4.679714470852410768e-01,-3.498680226669974302e-02,8.830507620630279053e-01
-2.976150432088353059e-01,4.845156303291002498e-02,9.534556791458473901e-01
-2.675726234768631140e-01,-1.605977580808929175e-02,9.634038482208282517e-01
-9.133085036385520106e-02,7.892113676852464954e-02,9.926883347471032737e-01
8.865001849396825229e-02,1.706710087329953440e-01,9.813320442129049859e-01
2.650015451787138265e-01,2.554335895469452278e-01,9.297999044870111085e-01
4.305038774674833091e-01,3.297386891926706864e-01,8.402016474245689315e-01
5.783813304306761882e-01,3.905442481601973381e-01,7.162054361970630056e-01
7.025797837691163394e-01,4.353608797210446468e-01,5.628876902610837618e-01
7.980145382104295582e-01,4.623537857133810935e-01,3.865252561493204286e-01
8.607784836946806850e-01,4.704178733943485957e-01,1.943384326360147463e-01
8.883020569192943139e-01,4.592229980667982825e-01,-5.804629143205702890e-03
8.794584395625720807e-01,4.292274792419820129e-01,-2.057100487232886299e-01
8.346096903581790016e-01,3.816593369849116124e-01,-3.971936747387353472e-01
7.555919223680473973e-01,3.184660166286109595e-01,-5.724161450421031416e-01
6.456401322978867485e-01,2.422346601333667804e-01,-7.242038311114059601e-01
5.092557593519561054e-01,1.560861881908985616e-01,-8.463425272446706282e-01
3.520223957831452588e-01,6.354752936454648171e-02,-9.338318608715140412e-01
1.803771939700972438e-01,-3.159277278050773297e-02,-9.830900083936928713e-01
1.347328642493095469e-03,-1.254396630959347947e-01,-9.921003354640626215e-01
-1.777376964780391644e-01,-2.141510388656796826e-01,-9.604939582336937676e-01
-3.495461194214678491e-01,-2.940950459425849539e-01,-8.895648454999892651e-01
-5.070440831658569181e-01,-3.619987672839002912e-01,-7.822168434720836450e-01
-6.437836025702851073e-01,-4.150822165595634550e-01,-6.428447919658546450e-01
-7.541665456441245530e-01,-4.511721511191885137e-01,-4.771545991454874680e-01
-8.336738217284869190e-01,-4.687910448015170650e-01,-2.919296409728192598e-01
-8.790503935987701301e-01,-4.672175780290625524e-01,-9.475304899844738671e-02
-8.884385390710840547e-01,-4.465161687163637927e-01,1.063027439349314429e-01
-8.614539063667319141e-01,-4.075343349929949621e-01,3.030064900415720408e-01
-7.992012495191894716e-01,-3.518679977117616930e-01,4.873051148441598368e-01
-7.042291996141719634e-01,-2.817961432614746742e-01,6.516534109891080062e-01
-5.804259235335325062e-01,-2.001875215964219190e-01,7.893229399221373122e-01
-4.328599419462800801e-01,-1.103831992761766106e-01,8.946774949532467769e-01
-2.675726234768633915e-01,-1.605977580808940972e-02,9.634038482208282517e-01
-2.329241962684293066e-01,-7.628720933915228430e-02,9.694981075195292508e-01
-6.472329712957992920e-02,3.267070715446802193e-02,9.973682969208020888e-01
1.061273813984189573e-01,1.402910810585392687e-01,9.844061110603381515e-01
2.726331924625287617e-01,2.421679216205718799e-01,9.311422233502572032e-01
4.279773685941825057e-01,3.341303790179355748e-01,8.397572636116508171e-01
5.658001009703851336e-01,4.124134994396524978e-01,7.139925428334947810e-01
6.804589107341707521e-01,4.738123627377813785e-01,5.589968834611735993e-01
7.672596527419723866e-01,5.158132922348366289e-01,3.811158260006071163e-01
8.226486944173363458e-01,5.366967649423093345e-01,1.876318418443675695e-01
8.443584018861369778e-01,5.356078090338515230e-01,-1.353381196278571896e-02
8.314999771738196266e-01,5.125910064923023812e-01,-2.141453899180274234e-01
7.845998456989069503e-01,4.685886679180724657e-01,-4.059898304490098253e-01
7.055781043545136244e-01,4.054022542224459125e-01,-5.812129996196301329e-01
5.976699125159393722e-01,3.256186246062102718e-01,-7.326412402961952619e-01
4.652930442357297025e-01,2.325041302400323862e-01,-8.540750625133434193e-01
3.138670240548977475e-01,1.298708894637522204e-01,-9.405429513216363446e-01
1.495912510314489074e-01,2.192071921364448228e-02,-9.885049011937171448e-01
-2.080880538545313088e-02,-8.692688785664501316e-02,-9.959973442665329690e-01
-1.903569468649438934e-01,-1.922156979246077702e-01,-9.627135390403579462e-01
-3.521118525737922944e-01,-2.896351747351516015e-01,-8.900161284118328631e-01
-4.994512576668839743e-01,-3.751969534613504575e-01,-7.808813529136722220e-01
-6.263430695880620735e-01,-4.453981248290712069e-01,-6.397772030775629171e-01
-7.275923226481189054e-01,-4.973646446342322447e-01,-4.724804993768286776e-01
-7.990538605304940978e-01,-5.289689974502033154e-01,-2.858403885175055947e-01
-8.378020394779085445e-01,-5.389172973593451266e-01,-8.749793856745628762e-02
-8.422505044915375993e-01,-5.268022597945013485e-01,1.144266872681160008e-01
-8.122171348910508515e-01,-4.931198758170334817e-01,3.116666710823666753e-01
-7.489315003566631157e-01,-4.392491061844909783e-01,4.961469847632263841e-01
-6.549845222019589075e-01,-3.673954265351768722e-01,6.603149825930840766e-01
-5.342224007508928896e-01,-2.805005349563829964e-01,7.974496074518649946e-01
-3.915891514446183108e-01,-1.821219185190612877e-01,9.019365516852159148e-01
-2.329241962684295009e-01,-7.628720933915240920e-02,9.694981075195291398e-01
-1.944531217082313967e-01,-1.311081796910337494e-01,9.721103994279792770e-01
-3.602367022699737992e-02,-8.226029251335741435e-03,9.993170806236281178e-01
1.238805945459314495e-01,1.149928957924293421e-01,9.856116031237741604e-01
2.787131732227980385e-01,2.335039981713607771e-01,9.315550707875865921e-01
4.221352018405157835e-01,3.424554194296019483e-01,8.393605644002821720e-01
5.482749656961030116e-01,4.373866755795919326e-01,7.128025378857514305e-01
6.519682880365182953e-01,5.144112698406010376e-01,5.570622917194358870e-01
7.289699520616973460e-01,5.703758062735782008e-01,3.785158498780866188e-01
7.761275005991381537e-01,6.029890901814035642e-01,1.844729246690045565e-01
7.915102980709408653e-01,6.109159298889923484e-01,-1.712234375067492320e-02
7.744885709412081543e-01,5.938317996473517768e-01,-2.180166214054120588e-01
7.257591907185991786e-01,5.524361257558749738e-01,-4.099852729639461013e-01
6.473171439548864869e-01,4.884236519674637900e-01,-5.851690792761117255e-01
5.423738572611260800e-01,4.044150564801624048e-01,-7.363959947282662233e-01
4.152257211248727709e-01,3.038496610638116713e-01,-8.574747716333900316e-01
2.710781951788163724e-01,1.908446248226891573e-01,-9.434484306388349895e-01
1.158326960718038118e-01,7.002638721803448874e-02,-9.907972000434424054e-01
-4.415500722215229268e-02,-5.365873890707761884e-02,-9.975826156645433151e-01
-2.023349993324403961e-01,-1.751470699566999023e-01,-9.635268817893571924e-01
-3.522313727967055774e-01,-2.894648593833879513e-01,-8.900242441641136315e-01
-4.877073524732447041e-01,-3.919319234562434473e-01,-7.800839094093824366e-01
-6.032165358363481555e-01,-4.783532485327545158e-01,-6.382068477474638346e-01
-6.940299633473780982e-01,-5.451907354102142333e-01,-4.702015227526433749e-01
-7.564297226139079511e-01,-5.897080495227885466e-01,-2.829460921699967213e-01
-7.878611601599062597e-01,-6.100826468001461222e-01,-8.410681532915620373e-02
-7.870374692392019256e-01,-6.054803888358382125e-01,1.181758044133912056e-01
-7.539923718548688925e-01,-5.760896926116664263e-01,3.156202928381868777e-01
-6.900787381764553752e-01,-5.231138166843081194e-01,5.001432493903776866e-01
-5.979131998762887701e-01,-4.487215996386304528e-01,6.641902825481895700e-01
-4.812690249213689153e-01,-3.559586675811980960e-01,8.010452874994340444e-01
-3.449216395394589796e-01,-2.486227458496239606e-01,9.051054042616268891e-01
-1.944531217082315910e-01,-1.311081796910338881e-01,9.721103994279791660e-01
-1.529578889109023676e-01,-1.799267129483559380e-01,9.717151136971772241e-01
-5.937867483472967708e-03,-4.362153525997821552e-02,9.990304817127998449e-01
1.413252509363996379e-01,9.446951320725577306e-02,9.854454244260033580e-01
2.828024969779241449e-01,2.286929687040882841e-01,9.315161156782850727e-01
4.127017755652898079e-01,3.535537071918923857e-01,8.394504277062014852e-01
5.257049949706130709e-01,4.639399153664638953e-01,7.130175405925889276e-01
6.171857901141251102e-01,5.553323688953066828e-01,5.573936315911118822e-01
6.833989264941137121e-01,6.239894499927929328e-01,3.789499618213238996e-01
7.216336305274687613e-01,6.671003296919268966e-01,1.849920360898409666e-01
7.303245689386781425e-01,6.829000435125129886e-01,-1.653948533480132169e-02
7.091159336880445974e-01,6.707417493143484899e-01,-2.173938782865301733e-01
6.588760087946380350e-01,6.311232090904453917e-01,-4.093481403185119660e-01
5.816616226865350958e-01,5.656664105325509562e-01,-5.845436413894896654e-01
4.806339414033067303e-01,4.770511626644728387e-01,-7.358078571010202573e-01
3.599290500869367637e-01,3.689053841457796690e-01,-8.569480126890826055e-01
2.244886211701399015e-01,2.456565758556160106e-01,-9.430046159505378611e-01
7.985760172634447096e-02,1.123505584865013701e-01,-9.904544994366403232e-01
-6.804279731499726647e-02,-2.555510394768070737e-02,-9.973550593423444743e-01
-2.131575162395737411e-01,-1.624145374236475314e-01,-9.634237859343292021e-01
-3.495455414043575626e-01,-2.926247006545923957e-01,-8.900498295326744191e-01
-4.716231310341899019e-01,-4.108547742587960183e-01,-7.802371285335371054e-01
-5.743924142661170906e-01,-5.122644051314579894e-01,-6.384814278182667779e-01
-6.536460045697465304e-01,-5.927018710695262094e-01,-4.705862224297344132e-01
-7.061392506461460217e-01,-6.488740527664951241e-01,-2.834251618033953313e-01
-7.297230728332533278e-01,-6.784812545037398612e-01,-8.466064175178271423e-02
-7.234319466797467513e-01,-6.803113539634391138e-01,1.175698949203509425e-01
-6.875234316295268933e-01,-6.542894266586849472e-01,3.149871062805691957e-01
-6.234676265078209489e-01,-6.014808133507808519e-01,4.995087085002476446e-01
-5.338869835025492616e-01,-5.240475048733010954e-01,6.635803655041446758e-01
-4.224489446636259804e-01,-4.251596299733409468e-01,8.004849643769196277e-01
-2.937157963945306594e-01,-3.088656698681369606e-01,9.046176147551137081e-01
-1.529578889109025341e-01,-1.799267129483561045e-01,9.717151136971771130e-01
-1.092362700801186165e-01,-2.224713309893814883e-01,9.688002602119770712e-01
2.490724172359195382e-02,-7.363628367831058508e-02,9.969740854384168127e-01
1.580310481246620935e-01,7.821344173844628489e-02,9.843316744675270069e-01
2.846850448476487827e-01,2.268610996607420272e-01,9.313906090898753654e-01
3.996840023855001700e-01,3.662210375078794322e-01,8.403183027423344331e-01
4.983198499048130392e-01,4.905878430502996213e-01,7.148432663473142101e-01
5.765544242189265534e-01,5.948699246566163668e-01,5.601024626375175064e-01
6.311847926632488948e-01,6.747979616532429059e-01,3.824309982980956812e-01
6.599743815348735332e-01,7.270996908143918525e-01,1.891027639546155881e-01
6.617445416827634208e-01,7.496338732030133345e-01,-1.196735976379781526e-02
6.364228025424785162e-01,7.414779567444633734e-01,-2.125475383673765817e-01
5.850458390896003946e-01,7.029658456168341729e-01,-4.044259957769192892e-01
5.097170302444268275e-01,6.356742301746721724e-01,-5.797472054013180776e-01
4.135203462918382589e-01,5.423580370606084777e-01,-7.313334963191825411e-01
3.003940907754842349e-01,4.268376421849197078e-01,-8.529789079697025489e-01
1.749696658879749400e-01,2.938424640868870785e-01,-9.397032629071769838e-01
4.238196232094908200e-02,1.488173409841136996e-01,-9.879560558507861634e-01
-9.194086376316551457e-02,-2.300381543844403753e-03,-9.957618117879564190e-01
-2.224996200822234316e-01,-1.533239261811142340e-01,-9.628009621534829865e-01
-3.439492158125196375e-01,-2.980703712657327697e-01,-8.904229280041360273e-01
-4.513174902351347328e-01,-4.306137803289509236e-01,-7.815908745620480103e-01
-5.402087735799696588e-01,-5.455278106305306851e-01,-6.407603988823614705e-01
-6.069838462626048203e-01,-6.381078682681003977e-01,-4.736971171862808805e-01
-6.489089289616751799e-01,-7.045637148042831477e-01,-2.872406198555459422e-01
-6.642676038654929949e-01,-7.421746400736570770e-01,-8.902445779858519925e-02
-6.524310850189278810e-01,-7.494008483765979278e-01,1.128363760205792765e-01
-6.138839608942906478e-01,-7.259464978961401860e-01,3.100776753477500480e-01
-5.502043552823381312e-01,-6.727718124967224655e-01,4.946243582136039540e-01
-4.639993187188600210e-01,-5.920537700463575081e-01,6.589210617382985635e-01
-3.587980955294267638e-01,-4.870969766869304163e-01,7.962414595754898627e-01
-2.389076361520324765e-01,-3.621983758704757084e-01,9.009636385032613326e-01
-1.092362700801187830e-01,-2.224713309893816549e-01,9.688002602119769602e-01
-6.386433993484628979e-02,-2.588444990505817667e-01,9.638054115826170110e-01
5.610716633329687619e-02,-9.864822603324088779e-02,9.935393869326673011e-01
1.737816386194427631e-01,6.558671694857527712e-02,9.825977430457730755e-01
2.843414702020331530e-01,2.271365320324048032e-01,9.314284321082521023e-01
3.832603285858480757e-01,3.793873508074182554e-01,8.421263317220254452e-01
4.664884640861817755e-01,5.161060068642551180e-01,7.183474803694563926e-01
5.306185070567600581e-01,6.316952223601882688e-01,5.651593987683167786e-01
5.730249660034072434e-01,7.214227612316583826e-01,3.888336249781925158e-01
5.919717155143002785e-01,7.816151674947290351e-01,1.965889568954500011e-01
5.866830734383146062e-01,8.098081569646828903e-01,-3.704086180813860076e-03
5.573755574034302551e-01,8.048475053400840906e-01,-2.038454835336238613e-01
5.052490205596019690e-01,7.669363022812958341e-01,-3.956414228397396871e-01
4.324375294498245537e-01,6.976266368959220809e-01,-5.712397558089032934e-01
3.419219950751189452e-01,5.997560550283799197e-01,-7.234514660574289380e-01
2.374081340479095026e-01,4.773313897996316890e-01,-8.460449882836255098e-01
1.231747561185072282e-01,3.353647213884294320e-01,-9.340013292834252745e-01
3.898589201193965615e-03,1.796681818799033825e-01,-9.837195461218651849e-01
-1.155371864160809475e-01,1.661600589509909867e-02,-9.931641691599369937e-01
-2.302428560464385432e-01,-1.471164313233484511e-01,-9.619485344207659994e-01
-3.355223560978680131e-01,-3.048259045579712057e-01,-8.913506136582551864e-01
-4.270655314684480564e-01,-4.500557694444680679e-01,-7.842606940433251017e-01
-5.011245938026402946e-01,-5.768602982506004784e-01,-6.450630494675425597e-01
-5.546675563869127856e-01,-6.800480986681461948e-01,-4.794564478548686837e-01
-5.855023640420343733e-01,-7.553946500239592243e-01,-2.942208429332758834e-01
-5.923666361196684438e-01,-7.998152556526885171e-01,-9.693980213251357503e-02
-5.749793485144387706e-01,-8.114913307406946830e-01,1.043099655574969697e-01
-5.340523388238233027e-01,-7.899448554019937729e-01,3.012892710016829567e-01
-4.712611636332748599e-01,-7.360579448685559134e-01,4.859337582910739362e-01
-3.891765010327445928e-01,-6.520367355890629435e-01,6.506840604212359436e-01
-2.911589067536365372e-01,-5.413210657434903705e-01,7.887952806656217675e-01
-1.812212326223156533e-01,-4.084436478638546753e-01,8.946131294400468947e-01
-6.386433993484644245e-02,-2.588444990505819887e-01,9.638054115826170110e-01
-1.740559121971946982e-02,-2.891952781995110744e-01,9.571118724900435915e-01
8.732092943651567629e-02,-1.190396927979115449e-01,9.890422674592426189e-01
1.884725209818463032e-01,5.598939161340454884e-02,9.804811557911280451e-01
2.819080253735992136e-01,2.287262637535936727e-01,9.317790304032805837e-01
3.638021820837704645e-01,3.920990557815157151e-01,8.449297620313354074e-01
4.308022347144907505e-01,5.394192663960597489e-01,7.234889699267955665e-01
4.801651932388864008e-01,6.646555888652763144e-01,5.724284543871083208e-01
5.098701323350672832e-01,7.626808334326325989e-01,3.979326506673251940e-01
5.187009283062539167e-01,8.294818350680641661e-01,2.071454374741207305e-01
5.062960473278111939e-01,8.623237529158320758e-01,7.877665732170330282e-03
4.731633466845082125e-01,8.598620350004867463e-01,-1.917126185704418340e-01
4.206592830336087774e-01,8.221974643427222285e-01,-3.834541657435036055e-01
3.509333789099464140e-01,7.508720328906665076e-01,-5.594970543170749711e-01
2.668402210207895253e-01,6.488058121883490958e-01,-7.126340677487926767e-01
1.718225931306468224e-01,5.201774053035947976e-01,-8.365957587159271736e-01
6.977052808943796924e-02,3.702528743274611789e-01,-9.263071210254036902e-01
-3.513795056944141182e-02,2.051701471734958815e-01,-9.780953609636351409e-01
-1.386078774034739669e-01,3.168773008777900357e-02,-9.898402619026898108e-01
-2.364031814508742724e-01,-1.430919863908818312e-01,-9.610609862181560548e-01
-3.245201114734813097e-01,-3.120135001341055037e-01,-8.929357608379797639e-01
-3.993511500028701366e-01,-4.681611445218094580e-01,-7.882536404935994723e-01
-4.578327055293733849e-01,-6.051422166461912777e-01,-6.513003234915409889e-01
-4.975705362984455538e-01,-7.173486953198868754e-01,-4.876826947212002938e-01
-5.169377708494036217e-01,-8.001868341222933001e-01,-3.040992791286900587e-01
-5.151415123241779304e-01,-8.502652299177720918e-01,-1.080660033185030511e-01
-4.922552997578428791e-01,-8.655336672984950130e-01,9.239150736475967851e-02
-4.492160973818798420e-01,-8.453670546441294231e-01,2.890664988809678038e-01
-3.877859351984523917e-01,-7.905910154462221229e-01,4.739070739691180201e-01
-3.104797712650875230e-01,-7.034480871854463802e-01,6.393458377672553983e-01
-2.204625290163057805e-01,-5.875059115836576140e-01,7.786097078472551392e-01
-1.214195249263492760e-01,-4.475111749326203814e-01,8.859972050052321579e-01
-1.740559121971959819e-02,-2.891952781995112964e-01,9.571118724900434804e-01
2.962762235625560417e-02,-3.137378845636696889e-01,9.490472821640798529e-01
1.182797880507658606e-01,-1.351944698731739891e-01,9.837338802005222149e-01
2.020895653251927881e-01,4.888382229860510630e-02,9.781462975977320840e-01
2.776257720506906113e-01,2.309608050418742453e-01,9.325132906439808078e-01
3.417959470487899609e-01,4.035822252899864404e-01,8.487030800056054591e-01
3.919729558153933202e-01,5.596809418158288363e-01,7.301468655534231189e-01
4.261025457160477758e-01,6.928662548240126506e-01,5.816983526368695312e-01
4.427874473301637304e-01,7.976855419513730894e-01,4.094350408167081179e-01
4.413445788252670643e-01,8.698474892671729242e-01,2.204094103189362386e-01
4.218330114074775872e-01,9.063977781696341829e-01,2.236019266570088079e-02
3.850515509393916957e-01,9.058400355366137413e-01,-1.766044539024795301e-01
3.325060347342110312e-01,8.681970954170394883e-01,-3.683388933777499985e-01
2.663476823992115272e-01,7.950100642022643882e-01,-5.449934952801528398e-01
1.892850246522643498e-01,6.892752275493323477e-01,-6.993359994517698297e-01
1.044730157560074396e-01,5.553213820941300671e-01,-8.250476056373401423e-01
1.538386931964145360e-02,3.986326140085023062e-01,-9.169816659091405420e-01
-7.433509453419856472e-02,2.256237798680230389e-01,-9.713743890378496726e-01
-1.610107708838057206e-01,4.337788167007838869e-02,-9.859989305477047106e-01
-2.410946473554676228e-01,-1.406439121001239745e-01,-9.602565599909814731e-01
-3.113080806369784015e-01,-3.189077275839892200e-01,-8.952011730428723890e-01
-3.687765245200649855e-01,-4.841154232304993310e-01,-7.934961448887161151e-01
-4.111472141598982444e-01,-6.295033765688053951e-01,-6.593052913309779273e-01
-4.366854885442787437e-01,-7.491193877068784701e-01,-4.981224016810668620e-01
-4.443458077192902755e-01,-8.380663630944412690e-01,-3.165463223794359182e-01
-4.338145573178583403e-01,-8.927028031083008575e-01,-1.220107994469772361e-01
-4.055228879687873267e-01,-9.107918854747812931e-01,7.751985995050092448e-02
-3.606290639393578412e-01,-8.915930410364213410e-01,2.738768471734087107e-01
-3.009710436601352179e-01,-8.358922727402962050e-01,4.590212840938740491e-01
-2.289912334908706659e-01,-7.459699765850118514e-01,6.253733357108253177e-01
-1.476364953171622474e-01,-6.255075819405860882e-01,7.661225294855283918e-01
-6.023750167861767479e-02,-4.794368333974926566e-01,8.755065768875192056e-01
2.962762235625549662e-02,-3.137378845636699110e-01,9.490472821640797418e-01
7.695637221164004782e-02,-3.327943439794713854e-01,9.398540532398075298e-01
1.488967549382614886e-01,-1.475220929079927301e-01,9.777867806801741057e-01
2.147412870230846205e-01,4.378972998024905500e-02,9.756888024344259058e-01
2.717942855861528173e-01,2.333087961780247466e-01,9.336460099784456013e-01
3.177199941628512381e-01,4.132761728476522789e-01,8.533796401751995164e-01
3.506382088480084480e-01,5.763239744430086464e-01,7.381758076353306386e-01
3.692012540646879559e-01,7.157770048094764803e-01,5.927509707988967147e-01
3.726491565606536716e-01,8.259260404988172377e-01,4.230588395726740947e-01
3.608407588026095736e-01,9.022615670479472438e-01,2.360466297470431574e-01
3.342594979821975620e-01,9.416583990309015384e-01,3.937064316526694974e-02
2.939936140405710607e-01,9.425036255173666611e-01,-1.589171821735496648e-01
2.416915969973406630e-01,9.047626428356769779e-01,-3.506989194022049339e-01
1.794946975754823093e-01,8.299805712511981737e-01,-5.281230016651604631e-01
1.099492641451522423e-01,7.212189975611188464e-01,-6.839256661881264465e-01
3.590249492222964689e-02,5.829306333712531707e-01,-8.117283335794968080e-01
-3.961412666117308801e-02,4.207770205597272661e-01,-9.062987476200932146e-01
-1.135089412446051577e-01,2.413967470872855070e-01,-9.637651844475416674e-01
-1.827566864367487498e-01,5.213366242617678559e-02,-9.817749613861067592e-01
-2.445223514131729947e-01,-1.392637805001048779e-01,-9.595907560518647239e-01
-2.962772425925855879e-01,-3.249597478899127201e-01,-8.981207924177330160e-01
-3.359025086491598810e-01,-4.973518250199587820e-01,-7.998816580173065960e-01
-3.617758865347685537e-01,-6.493822599973291254e-01,-6.688952745555476476e-01
-3.728381171187819532e-01,-7.748269089512329622e-01,-5.105242399616268800e-01
-3.686363113813339032e-01,-8.685500532143775043e-01,-3.312522829996260576e-01
-3.493424917430064669e-01,-9.267146562486271444e-01,-1.384188186511298435e-01
-3.157465494467204814e-01,-9.469394523717092893e-01,6.008152839646430793e-02
-2.692239063174414193e-01,-9.283964360540323257e-01,2.561221306122272168e-01
-2.116792048310604524e-01,-8.718447605623536045e-01,4.416770627076531675e-01
-1.454683318276454584e-01,-7.795996581358426436e-01,6.091496839609764624e-01
-7.330196822740335516e-02,-6.554376541061797123e-01,7.516836455808884043e-01
1.865386564684185173e-03,-5.044419555067555239e-01,8.634435904316407617e-01
7.695637221163996455e-02,-3.327943439794716074e-01,9.398540532398074188e-01
1.242786579677348652e-01,-3.466216847262690304e-01,9.297355660892293594e-01
1.790782849475578975e-01,-1.563409885515616993e-01,9.713333429667488916e-01
2.265464259008228565e-01,4.034032606373277874e-02,9.731646186563878143e-01
2.647397295596333189e-01,2.353701029901909547e-01,9.351544205162467538e-01
2.920945575846749520e-01,4.207638002454177073e-01,8.588588905241913984e-01
3.074910001025467632e-01,5.889313780809499743e-01,7.474015766424411122e-01
3.102987249475618325e-01,7.329880361013493273e-01,6.053455543969926689e-01
3.004027835346716468e-01,8.470360778013220626e-01,4.385066140294488490e-01
2.782083168680436480e-01,9.264063629535953526e-01,2.537151613611999812e-01
2.446239690207486495e-01,9.678494627584226517e-01,5.853658017655780782e-02
2.010246871396481894e-01,9.696686918404368027e-01,-1.390384954782689642e-01
1.491954309476528351e-01,9.317895707472698685e-01,-3.309213187918855770e-01
9.125809628294176412e-02,8.557628751470838235e-01,-5.092561844325584897e-01
2.958464443403599486e-02,7.447011468905077036e-01,-6.667420420475014264e-01
-3.330000623404730936e-02,6.031512661815648935e-01,-7.969314021221560740e-01
-9.482135073432414185e-02,4.369083017678840331e-01,-8.944942969584657178e-01
-1.524606979945020702e-01,2.527782601452803202e-01,-9.554364901786785991e-01
-2.038582863654136434e-01,5.829944685214437372e-02,-9.772630012319553083e-01
-2.469098925401936317e-01,-1.385661526450124581e-01,-9.590802501912688571e-01
-2.798529787036976302e-01,-3.297588375720509335e-01,-9.016326410206074726e-01
-3.013388510377433827e-01,-5.074511569438717729e-01,-8.072720855892248082e-01
-3.104878754044922418e-01,-6.643683663274306817e-01,-6.798617161233769801e-01
-3.069254896714049274e-01,-7.940862567335761346e-01,-5.246177281190783637e-01
-2.907975383289564952e-01,-8.912941624878756297e-01,-3.478958286856188575e-01
-2.627643016000605902e-01,-9.520123805073040790e-01,-1.569310331497459077e-01
-2.239734634901636712e-01,-9.737550998120582113e-01,4.045853732189119700e-02
-1.760131254692149094e-01,-9.556321709191404334e-01,2.361917305218935725e-01
-1.208467894108923718e-01,-8.983855486667809975e-01,4.222552065229798757e-01
-6.073297159519307209e-02,-8.043589164961832960e-01,5.910315047561351953e-01
1.867261213434626360e-03,-6.774017357760723224e-01,7.356109037413212093e-01
6.439104812859039462e-02,-5.227116484019643794e-01,8.500743058967259458e-01
1.242786579677347958e-01,-3.466216847262692524e-01,9.297355660892292484e-01
1.713877825764342222e-01,-3.554634423702323631e-01,9.188427336175845062e-01
2.087940592604954626e-01,-1.619182451204324025e-01,9.644622971970663317e-01
2.376522826261716903e-01,3.825590410918416895e-02,9.705966610097920277e-01
2.567809936181749131e-01,2.368638521296929089e-01,9.369946834805114033e-01
2.653970605609643485e-01,4.257745662136909193e-01,8.650320335173379283e-01
2.631477406615574388e-01,5.972540195305132693e-01,7.576548704650166721e-01
2.501251213409195762e-01,7.442818231133887519e-01,6.192592279951898426e-01
2.268623501641306717e-01,8.608386414086010019e-01,4.555110399713704905e-01
1.943118077164278645e-01,9.421526245802995803e-01,2.731141764508484560e-01
1.538061170301465441e-01,9.848947686034476012e-01,7.953598645687551261e-02
1.070035858411995666e-01,9.873152050797489032e-01,-1.172984161677238096e-01
5.582031527552640260e-02,9.493148410554742567e-01,-3.093306078524374891e-01
2.351754443864650934e-03,8.724494158986308978e-01,-4.886987681068692968e-01
-5.121308749104834523e-02,7.598658091464438602e-01,-6.480595433753386647e-01
-1.026812596067955274e-01,6.161732068873597701e-01,-7.808886847942584364e-01
-1.499456488897048245e-01,4.472544011410295450e-01,-8.817481517071767971e-01
-1.910712456892038891e-01,2.600249476618247124e-01,-9.465087456881945416e-01
-2.243743632402688537e-01,6.215004227371074413e-02,-9.725191604106820931e-01
-2.484915679974089020e-01,-1.382692931474089337e-01,-9.587145264398068134e-01
-2.624354987642155690e-01,-3.330278674611215073e-01,-9.056600071123120932e-01
-2.656352893767534584e-01,-5.141522417518632482e-01,-8.155276606831065589e-01
-2.579599400313856705e-01,-6.742271628549598717e-01,-6.920075160051033514e-01
-2.397236804321270232e-01,-8.066991446924466347e-01,-5.401565023144204725e-01
-2.116731051896406923e-01,-9.061447687630997949e-01,-3.661914179532910762e-01
-1.749566081501565673e-01,-9.684927195331018979e-01,-1.772344139154892195e-01
-1.310773670164764870e-01,-9.911904645723562668e-01,1.897858785217216085e-02
-8.183180307620516181e-02,-9.733087555320837359e-01,2.144146040032761380e-01
-2.923603550316535016e-02,-9.155796716814047498e-01,4.010724610738398699e-01
2.455665879846227750e-02,-8.203666484960454586e-01,5.713103644640273870e-01
7.734400060359603035e-02,-6.915677183322697097e-01,7.181587544069398810e-01
1.269648699364843147e-01,-5.344559245242141987e-01,8.356056405643615959e-01
1.713877825764341944e-01,-3.554634423702326407e-01,9.188427336175845062e-01
2.179634646373145856e-01,-3.595096203368374210e-01,9.073283644682113014e-01
2.379379010033617625e-01,-1.644500635523767351e-01,9.572574010493373198e-01
2.481711317458149269e-01,3.734209815598032306e-02,9.679962071585344052e-01
2.482442071957246532e-01,2.376054699783212709e-01,9.391051348119362485e-01
2.381541356355855454e-01,4.281412459422924144e-01,8.717669879059692928e-01
2.183140057806027268e-01,6.011488689929257445e-01,7.687385980868599589e-01
1.895360748781556026e-01,7.495453867149957095e-01,6.342379597391247792e-01
1.529985148006535456e-01,8.672554282371101042e-01,4.737715447998736562e-01
1.101971775506505463e-01,9.494599306290112395e-01,2.939088671507228967e-01
6.288435490410534956e-02,9.927934319041559208e-01,1.020135259475959399e-01
1.299703937918804050e-02,9.954818534288688570e-01,-9.405826099390621198e-02
-3.742237646500046894e-02,9.574151309100527030e-01,-2.862792916789411723e-01
-8.630971581976930318e-02,8.801517204402776740e-01,-4.667800145262517297e-01
-1.316635252679158041e-01,7.668547951222417502e-01,-6.281707087345347329e-01
-1.716270145217864418e-01,6.221627443902884025e-01,-7.638440203203012979e-01
-2.045640736358171896e-01,4.519992778019782387e-01,-8.682454679662934272e-01
-2.291262555399395662e-01,2.633309076727949893e-01,-9.371008441392347788e-01
-2.443079816210648181e-01,6.388173924341965237e-02,-9.675912016484414790e-01
-2.494877102296547688e-01,-1.381827550963670159e-01,-9.584682616750224149e-01
-2.444533826678813582e-01,-3.345900312067240923e-01,-9.101055184533889397e-01
-2.294111048976319456e-01,-5.172991521268188730e-01,-8.244829483734155140e-01
-2.049767095382131754e-01,-6.788299849787715612e-01,-7.051059495144015310e-01
-1.721505436065592642e-01,-8.125694384865567166e-01,-5.568618302358366856e-01
-1.322765141928227972e-01,-9.130422037098473442e-01,-3.858197221989297376e-01
-8.698706874620169838e-02,-9.761349138353530019e-01,-1.989821094033061843e-01
-3.813636248456446498e-02,-9.992645458974570571e-01,-3.998145669306119032e-03
1.227565093802314086e-02,-9.814841700419201231e-01,1.911495026181573853e-01
6.218509776888035689e-02,-9.235217169453736608e-01,3.784714678093207829e-01
1.095486793906408629e-01,-8.277501762478893799e-01,5.502987666398613253e-01
1.524273252067252227e-01,-6.980904460783005083e-01,6.995967693068062543e-01
1.890655784193960021e-01,-5.398508110241212465e-01,8.202531980392002708e-01
2.179634646373145579e-01,-3.595096203368376431e-01,9.073283644682111904e-01
2.638499977237378502e-01,-3.589476224471290222e-01,8.952875421007124856e-01
2.664964740369229479e-01,-1.641002908260780768e-01,9.497635094467897776e-01
2.582325533910302950e-01,3.746532598235802897e-02,9.653560471236415363e-01
2.393965616682721675e-01,2.374971079430875376e-01,9.414267948067319702e-01
2.107596465829132681e-01,4.278057303999014960e-01,8.789554188974830762e-01
1.734942068032429563e-01,6.005999359891047717e-01,7.804995048656948597e-01
1.291258938123441558e-01,7.488055096314177872e-01,6.500898493999069938e-01
7.947115155711968748e-02,8.663548977285090436e-01,4.930654391173731055e-01
2.656285101968288917e-02,9.484356145202168520e-01,3.158548718246447229e-01
-2.743293575950218194e-02,9.916872658170139410e-01,1.257131689680436870e-01
-8.030561492546024749e-02,9.943391239329565368e-01,-6.957524579677942800e-02
-1.298905727808607746e-01,9.562826214851973816e-01,-2.620152418239378722e-01
-1.741577953251185751e-01,8.790757961553969935e-01,-4.437283030653406124e-01
-2.112949772660939751e-01,7.658795044439746791e-01,-6.072750754433865472e-01
-2.397817180116897373e-01,6.213280158335949821e-01,-7.459599348809884400e-01
-2.584517670487314622e-01,4.513392852520458631e-01,-8.541051069379920202e-01
-2.665407703760048208e-01,2.628726713021636852e-01,-9.272831155638652234e-01
-2.637175632468738429e-01,6.364401930294356913e-02,-9.624980444874139396e-01
-2.500977280929178037e-01,-1.381902263243939000e-01,-9.583081903809295143e-01
-2.262388625656023555e-01,-3.343669478493483949e-01,-9.148850863638184894e-01
-1.931177514229134029e-01,-5.168546472429026428e-01,-8.340064794165391593e-01
-1.520903768465982631e-01,-6.781822566504897010e-01,-7.189835492103466841e-01
-1.048364043723227779e-01,-8.117450047877738939e-01,-5.745253480225023246e-01
-5.329041718528997745e-02,-9.120748170530585952e-01,-4.065460115827548293e-01
4.372859426667805027e-04,-9.750641791439503825e-01,-2.219226336616811068e-01
5.414708653275183969e-02,-9.981342991755122185e-01,-2.821371704369590727e-02
1.056400990381734933e-01,-9.803406837230282944e-01,1.666502724650291700e-01
1.528081934767877570e-01,-9.224118054937839872e-01,3.546915802384603689e-01
1.937203025202619000e-01,-8.267192795688389495e-01,5.282117730424378266e-01
2.267014796173875413e-01,-6.971807692029550196e-01,6.801069137958098976e-01
2.504014715026844917e-01,-5.390995962306398548e-01,8.041583975892122593e-01
2.638499977237378502e-01,-3.589476224471292443e-01,8.952875421007123746e-01
3.088527011623070084e-01,-3.539210550080401640e-01,8.828079608877236195e-01
2.944190722084258360e-01,-1.609814821310556199e-01,9.420203672590186095e-01
2.679318918455596554e-01,3.854869153889540351e-02,9.626663491120360794e-01
2.304755483498755753e-01,2.365006772479651409e-01,9.439006575239133889e-01
1.835835088250205305e-01,4.247702974428532730e-01,8.864915621131435053e-01
1.291755388787227676e-01,5.956497717520404800e-01,7.927893979911257993e-01
6.947910719324876250e-02,7.421432744198225295e-01,6.666303427665523085e-01
6.938192695834663470e-03,8.582533442347248798e-01,5.131793629833767412e-01
-5.588677222574992692e-02,9.392264212961713987e-01,3.387187597836467945e-01
-1.164237261259954137e-01,9.817474583153341650e-01,1.503909707606100044e-01
-1.721942789994357070e-01,9.840756390406384391e-01,-4.409384227555523950e-02
-2.209151778586702919e-01,9.461156474796409421e-01,-2.367734482281524944e-01
-2.605917833799397121e-01,8.694215701469586444e-01,-4.197595213905901956e-01
-2.895997306713999353e-01,7.571332715797628454e-01,-5.855605904276476315e-01
-3.067514309626495073e-01,6.138478479147098099e-01,-7.273887400921492663e-01
-3.113446916285255162e-01,4.454314212319685495e-01,-8.394375092727301979e-01
-3.031914640376816017e-01,2.587789798280208386e-01,-9.171196081939659850e-01
-2.826255422856507327e-01,6.153209658467495569e-02,-9.572547225987626529e-01
-2.504888976253540345e-01,-1.382339179225619830e-01,-9.581997161877118252e-01
-2.080972080650795586e-01,-3.323406195882535052e-01,-9.199159008122497205e-01
-1.571859943562368689e-01,-5.128412572396375824e-01,-8.439706203720049871e-01
-9.983956756987981407e-02,-6.723461135633411745e-01,-7.334730835713932917e-01
-3.840569715656080851e-02,-8.043250410004476603e-01,-5.929470725499407235e-01
2.460050701082562574e-02,-9.033748067548164062e-01,-4.281457387099706913e-01
8.659956353075203006e-02,-9.654403017786100660e-01,-2.458160680222262751e-01
1.450532237447127448e-01,-9.879805574131684809e-01,-5.342265862749018268e-02
1.975683879355347450e-01,-9.700727729444451608e-01,1.411578806883510839e-01
2.419950791109762023e-01,-9.124500951726655096e-01,3.299593997834646686e-01
2.765144633143997166e-01,-8.174716032961826251e-01,5.052523422828597566e-01
2.997133129006617769e-01,-6.890257279319191852e-01,6.598601945245651246e-01
3.106418642419517817e-01,-5.323710583090375259e-01,7.874532928721539315e-01
3.088527011623070084e-01,-3.539210550080403861e-01,8.828079608877235085e-01
3.526377474326983785e-01,-3.445799513794808866e-01,8.700064805464986506e-01
3.215530893554201519e-01,-1.551927097619679174e-01,9.340871659340582722e-01
2.773040100190472534e-01,4.054813962756914636e-02,9.599262129976956492e-01
2.217020719306568854e-01,2.346289434165494958e-01,9.464657681146664281e-01
1.570236249685380281e-01,4.191040106943259014e-01,8.942569034800169625e-01
8.591661235071464120e-02,5.864209105316463555e-01,8.054370561461708933e-01
1.129216352847972789e-02,7.297296693902698417e-01,6.836425210988646972e-01
-6.379458779538406399e-02,8.431632098444601375e-01,5.338595809131855274e-01
-1.362695811993589745e-01,9.220775494201475242e-01,3.622203667590831455e-01
-2.031656819380362189e-01,9.632419257830623360e-01,1.757518082307780449e-01
-2.617441557872163260e-01,9.649710645282978394e-01,-1.791204997645606811e-02
-3.096067931448351906e-01,9.271941745124590017e-01,-2.108425867530772657e-01
-3.447940920138509724e-01,8.514578460513904101e-01,-3.951412032550754572e-01
-3.658654802442340426e-01,7.408627333309287799e-01,-5.632626924686909842e-01
-3.719582927260495775e-01,5.999366132602241830e-01,-7.083241408720818422e-01
-3.628230890004169318e-01,4.344490177530866415e-01,-8.243867157236168808e-01
-3.388338653812043577e-01,2.511750284135459421e-01,-9.066988015721009209e-01
-3.009727435019965425e-01,5.761790389894187736e-02,-9.518905319516375307e-01
-2.507897621410212774e-01,-1.382981043711011548e-01,-9.581117521106857771e-01
-1.903394184514465848e-01,-3.285521719988540035e-01,-9.251077645649712355e-01
-1.220965566065375790e-01,-5.053552751017331701e-01,-8.542297564424200518e-01
-4.885504738842077338e-02,-6.614690738652232449e-01,-7.483794817233815344e-01
2.638659321000232094e-02,-7.905022510253549850e-01,-6.118904630917322285e-01
1.005479635821148743e-01,-8.871721731484379925e-01,-4.503505770070307390e-01
1.705928885112915905e-01,-9.475211622645198783e-01,-2.703732853857155338e-01
2.336537205410026685e-01,-9.690785236684827941e-01,-7.932687969319680843e-02
2.871487417986186008e-01,-9.509616964515662518e-01,1.149671777744738499e-01
3.288878598284546428e-01,-8.939123856486675956e-01,3.045544654759878567e-01
3.571622702342308608e-01,-8.002661967470667825e-01,4.816732575772844638e-01
3.708144153318329028e-01,-6.738570157233556568e-01,6.390722899191625395e-01
3.692853746969059214e-01,-5.198600493010928636e-01,7.703076276239442244e-01
3.526377474326983785e-01,-3.445799513794810531e-01,8.700064805464983175e-01
3.950884074348148256e-01,-3.310230410614081187e-01,8.569299251380341209e-01
3.478651579622902279e-01,-1.467897696340967617e-01,9.259819627868770553e-01
2.864002680503688336e-01,4.345309220910015258e-02,9.571241900809646097e-01
2.132101175138626514e-01,2.319169793517351086e-01,9.490816405758198959e-01
1.312911197152138443e-01,4.108861581106217353e-01,9.021835771931434600e-01
4.399704804937257241e-02,5.730336092793860692e-01,8.183500121581102071e-01
-4.509826793304355652e-02,7.117209971556619497e-01,7.010131014732803312e-01
-1.323472555274594620e-01,8.212704437847185845e-01,5.549766320485923776e-01
-2.141779309304388812e-01,8.971969819500491550e-01,3.862193541008495101e-01
-2.872401366762877828e-01,9.363921702581754491e-01,2.016502104173705512e-01
-3.485426974773265796e-01,9.372513530945235649e-01,8.825483426510571938e-03
-3.955758792916153066e-01,8.997393554128236826e-01,-1.843605598927808009e-01
-4.264141381295131761e-01,8.253919228056375568e-01,-3.699988602286156669e-01
-4.397949520508548371e-01,7.172528478993557277e-01,-5.404893637536708484e-01
-4.351705089615217625e-01,5.797493571264428214e-01,-6.888521692218469994e-01
-4.127301341049403605e-01,4.185108595551162436e-01,-8.090132859453875724e-01
-3.733925390643710873e-01,2.401384782206652524e-01,-8.960533036872991852e-01
-3.187682096027458223e-01,5.193479937278704106e-02,-9.464087938944597544e-01
-2.510934721863099517e-01,-1.383950962634929449e-01,-9.580181968812697679e-01
-1.731389385163361883e-01,-3.230590803980121772e-01,-9.304062223254019326e-01
-8.809607636054200830e-02,-4.944969878232068350e-01,-8.647033077094424813e-01
5.534495123020454236e-04,-6.456901304659899976e-01,-7.635993380775338846e-01
8.918031709708491850e-02,-7.704486433021267011e-01,-6.312335218256186486e-01
1.741561320216707953e-01,-8.636648981576022788e-01,-4.730249310233727855e-01
2.520019744388128369e-01,-9.215226106061891187e-01,-2.954506439669607465e-01
3.195308264134551490e-01,-9.416530791022493796e-01,-1.057805728325645483e-01
3.739780488114525792e-01,-9.232321599003244783e-01,8.822016738228632970e-02
4.131145659505541801e-01,-8.670140075969074989e-01,2.786091635790770571e-01
4.353381242207395863e-01,-7.753001999526527577e-01,4.575918678837532783e-01
4.397388885352703225e-01,-6.518455110284310239e-01,6.178407073525074011e-01
4.261366910860414636e-01,-5.017041902941097309e-01,7.527950756690490186e-01
3.950884074348148811e-01,-3.310230410614083407e-01,8.569299251380340099e-01
4.359292791870526540e-01,-3.133623526580602281e-01,8.436644472087586610e-01
3.732081700732609586e-01,-1.358307714322601056e-01,9.177503273345551937e-01
2.952078746265718312e-01,4.726173753541479394e-02,9.542634012281902001e-01
2.051217341072184563e-01,2.284193454153714553e-01,9.517088193543542518e-01
1.066378856927351348e-01,4.002254384558891487e-01,9.101911665951127883e-01
3.788269708571656569e-03,5.556462550215306440e-01,8.314101805325462280e-01
-9.921643848256347931e-02,6.883188486209277368e-01,7.185911639924291716e-01
-1.981592140247859790e-01,7.928115876837532605e-01,5.763529407675851424e-01
-2.889893280621146920e-01,8.648465271953997835e-01,4.105187604291211101e-01
-3.679881850537761179e-01,9.014745482685142530e-01,2.278778938047825442e-01
-4.319215625125600866e-01,9.011960954167539395e-01,3.590767943356042852e-02
-4.781720204534511964e-01,8.640225685325865213e-01,-1.575325995526446754e-01
-5.048460596941511946e-01,7.914758561743537868e-01,-3.445234754038700165e-01
-5.108516419340792813e-01,6.865260292698787126e-01,-5.174095196922713358e-01
-4.959428979307067276e-01,5.534697460637113542e-01,-6.691127574514338372e-01
-4.607301934152349121e-01,3.977543464237616733e-01,-7.934224403031238104e-01
-4.066551406478441932e-01,2.257548371070719762e-01,-8.852493152256256659e-01
-3.359315786423806016e-01,4.451289823415171404e-02,-9.408339791704123378e-01
-2.514549383370133784e-01,-1.385514039225182459e-01,-9.579007894646637267e-01
-1.566837033114280575e-01,-3.159433953235016301e-01,-9.357510288896677686e-01
-5.549781906271922249e-02,-4.804006269981684341e-01,-8.752915112458513613e-01
4.796015241913395566e-02,-6.251902005588528821e-01,-7.789974562892441057e-01
1.494546296258691953e-01,-7.443844138519284392e-01,-6.508111539438404813e-01
2.448304167355479510e-01,-8.331034417804510372e-01,-4.959805664889122001e-01
3.301828178177209638e-01,-8.877151169169841260e-01,-3.208444763666860045e-01
4.020174955436026654e-01,-9.059836308648383518e-01,-1.325729756843822549e-01
4.573935297668790811e-01,-8.871610685165293164e-01,6.112607819910330365e-02
4.940438191400416956e-01,-8.320180277861540796e-01,2.523226232591083695e-01
5.104678965099271881e-01,-7.428120712402467296e-01,4.331890504762361815e-01
5.059933582192649437e-01,-6.231953012210508236e-01,5.963206670693145250e-01
4.808033923914108998e-01,-4.780648423475263864e-01,7.350388454878719058e-01
4.359292791870527095e-01,-3.133623526580604501e-01,8.436644472087585500e-01
4.748010319275954849e-01,-2.917644403861556768e-01,8.303237268720203845e-01
3.973686712786971831e-01,-1.224067205806479430e-01,9.094584838478840805e-01
3.036679905388124934e-01,5.196234474761057820e-02,9.513599036381805707e-01
1.975351065867948508e-01,2.242040655765856483e-01,9.543125371934875201e-01
8.331511216172450551e-02,3.872668456179960694e-01,9.181955033491311369e-01
-3.431581274435702156e-02,5.344748754978836391e-01,8.444874377142705946e-01
-1.505418442447477023e-01,6.598014411767563203e-01,7.362059571563270843e-01
-2.606046749538427076e-01,7.581156583304747842e-01,5.977841182118762697e-01
-3.599983196505783800e-01,8.253925313573363676e-01,4.348889272311798893e-01
-4.446535908428127515e-01,8.588777371709239716e-01,2.541893324723596415e-01
-5.111046917813639734e-01,8.572003875108846760e-01,6.308319657614236409e-02
-5.566311065861345719e-01,8.204291532693805955e-01,-1.306055727998628180e-01
-5.793689784858908620e-01,7.500694530966959261e-01,-3.189473346799384657e-01
-5.783874163334703500e-01,6.490018213848138817e-01,-4.942313552034967028e-01
-5.537266053987216496e-01,5.213639788509614181e-01,-6.492814859753054391e-01
-5.063961621788357625e-01,3.723814337652841533e-01,-7.777499564239497287e-01
-4.383338005803256165e-01,2.081535490282954426e-01,-8.743772522748578524e-01
-3.523260016840222830e-01,3.540383353708478897e-02,-9.352074406826684783e-01
-2.518939348822275548e-01,-1.387953190589079067e-01,-9.577501265867220948e-01
-1.411493007900738450e-01,-3.073121749848714002e-01,-9.410824097774536101e-01
-2.462599773923556529e-02,-4.632476343593071588e-01,-8.858866685394077845e-01
9.290549655247856697e-02,-6.002176811537867085e-01,-7.944226230040951631e-01
2.066334288994019219e-01,-7.126147455592470870e-01,-6.704348219422998634e-01
3.119017643887867508e-01,-7.958372785528343707e-01,-5.189993404974400093e-01
4.044008049971933860e-01,-8.464781398555590863e-01,-3.463159650727818395e-01
4.803436291339380215e-01,-8.624640866556388952e-01,-1.594543733476457836e-01
5.366211286559591231e-01,-8.431406524128092217e-01,3.393529915743614261e-02
5.709292961204999184e-01,-7.892989407953792114e-01,2.259356565277844675e-01
5.818635511205234589e-01,-7.031432378030985086e-01,4.086861815735726156e-01
5.689762439716083975e-01,-5.882007680393364080e-01,5.747050463271514698e-01
5.327949825426256947e-01,-4.491772897213882620e-01,7.171954189591209783e-01
4.748010319275956514e-01,-2.917644403861559543e-01,8.303237268720204955e-01
5.114343190073975531e-01,-2.663752545363270441e-01,8.169939786266141590e-01
4.201763970736724363e-01,-1.065995234880365433e-01,9.011594403513227824e-01
3.117164040751206899e-01,5.754040457676640186e-02,9.484313287063097508e-01
1.904947048686111144e-01,2.193246217174861235e-01,9.568743270281110380e-01
6.147413006260332713e-02,3.721296630755429602e-01,9.261427779734219268e-01
-7.006320285107120460e-02,5.096996723039083355e-01,8.574948347713449159e-01
-1.987321400079459233e-01,6.264025170609830440e-01,7.537409522823640406e-01
-3.192649600028604762e-01,7.174603691704104502e-01,6.191288266461417722e-01
-4.267270350232178489e-01,7.791453094679873237e-01,4.591694941024781484e-01
-5.167188550914271206e-01,8.089319492502581310e-01,2.804117085201342507e-01
-5.855561445203057991e-01,8.056008199847549678e-01,9.017383464399909843e-02
-6.304206965925973627e-01,7.692882984949986902e-01,-1.037557666174369064e-01
-6.494757512751013762e-01,7.014810236773201257e-01,-2.934375946027699689e-01
-6.419411923902421657e-01,6.049550333297715188e-01,-4.711060529876123781e-01
-6.081254856640391226e-01,4.836621128385038548e-01,-6.294873742105310255e-01
-5.494130501030395353e-01,3.425680086197424035e-01,-7.620974083716445246e-01
-4.682075797175291321e-01,1.874491298780568416e-01,-8.635070850913795226e-01
-3.678336360063284571e-01,2.465606173482609575e-02,-9.295646802896990746e-01
-2.524005400184114456e-01,-1.391464284727927658e-01,-9.575657882577457425e-01
-1.266341362663367109e-01,-2.972522475497243466e-01,-9.463640403453178473e-01
4.316683903361595576e-03,-4.431885246863143113e-01,-8.964180374280990016e-01
1.350907785268670724e-01,-5.709806115498057277e-01,-8.097725747339266089e-01
2.603342408049901802e-01,-6.753966850890750218e-01,-6.899749276859098446e-01
3.749195886765824270e-01,-7.521619389850563442e-01,-5.419296260298200885e-01
4.741556845365743067e-01,-7.981335947237143680e-01,-3.716976618100421570e-01
5.539797909607113713e-01,-8.114295673176680213e-01,-1.862483516431402697e-01
6.111238996530552470e-01,-7.915055180867103246e-01,6.825987923283927117e-03
6.432485240895938761e-01,-7.391771399473331394e-01,1.996208707421095185e-01
6.490384783714120420e-01,-6.565867628488860630e-01,3.842432516582965363e-01
6.282567210899212551e-01,-5.471156465337364549e-01,5.531346687049277788e-01
5.817540598299789645e-01,-4.152455513661369446e-01,6.993806874242153304e-01
5.114343190073976642e-01,-2.663752545363272106e-01,8.169939786266140480e-01
5.455973763472056204e-01,-2.373064456756520668e-01,8.037469463480607645e-01
4.414744582033978126e-01,-8.847733782048981810e-02,8.929009258849569530e-01
3.192775238696966000e-01,6.397404264068916324e-02,9.454994366047188015e-01
1.840093301952537008e-01,2.138063182795275075e-01,9.593890892984168195e-01
4.120777292243898993e-02,3.548853381268260998e-01,9.340012399528059284e-01
-1.032808354155282521e-01,4.814353105339558847e-01,8.703752701030412764e-01
-2.435411142166007958e-01,5.882752647615784314e-01,7.711160344305061365e-01
-3.738307911867798095e-01,6.710311605304530858e-01,6.402872177060991987e-01
-4.888157916425190930e-01,7.263149617443974693e-01,4.832449670582507073e-01
-5.837886161549968866e-01,7.518633430861417777e-01,3.064186106801649045e-01
-6.548610661298392976e-01,7.466303508217476681e-01,1.170474403781747857e-01
-6.991234271144177725e-01,7.108302242693698147e-01,-7.711566588538781852e-02
-7.147635928494172619e-01,6.459286248163991218e-01,-2.681216477268966170e-01
-7.011412531120053693e-01,5.545826315700541631e-01,-4.481506978075103786e-01
-6.588141080915888015e-01,4.405319602265387324e-01,-6.098324056644134350e-01
-5.895150360785316179e-01,3.084458586710412953e-01,-7.465475031811503737e-01
-4.960811492233437314e-01,1.637319474207018510e-01,-8.526988582020437191e-01
-3.823376418318921721e-01,1.231483100527197734e-02,-9.239406217802837995e-01
-2.529411864610774940e-01,-1.396064560384449871e-01,-9.573561477444254564e-01
-1.131892891972186704e-01,-2.858122383688859736e-01,-9.515774005353393461e-01
3.119659086555126928e-02,-4.203168340789928403e-01,-9.068409627427390651e-01
1.743052788328414426e-01,-5.376136092167744795e-01,-8.249783493861622130e-01
3.102778882047144693e-01,-6.329004200263045332e-01,-7.093410254748756527e-01
4.335476843773826139e-01,-7.022762132773155974e-01,-5.646631966366161270e-01
5.390679874119507220e-01,-7.429007358428021401e-01,-3.968679901829450518e-01
6.225187837040745409e-01,-7.531108149957542741e-01,-2.128249615811751705e-01
6.804835878485019363e-01,-7.324884488960164974e-01,-2.006885404640101553e-02
7.105893139529853020e-01,-6.818779196347376503e-01,1.735088747310232216e-01
7.116034300535342139e-01,-6.033512282263591153e-01,3.599831297905320970e-01
6.834844181178384437e-01,-5.001232666436339347e-01,5.317196332201948872e-01
6.273834737983891019e-01,-3.764201997625298279e-01,6.816874723914185807e-01
5.455973763472057314e-01,-2.373064456756522334e-01,8.037469463480606535e-01
5.769125994460396756e-01,-2.048008325155480924e-01,7.907138999672067570e-01
4.610077003597558565e-01,-6.820157573208424084e-02,8.847714084873382623e-01
3.262290918546389418e-01,7.118986157519609226e-02,9.426062715877717713e-01
1.780946259987021829e-01,2.076667775851342990e-01,9.618507231778675726e-01
2.266894522914864041e-02,3.356417913209267523e-01,9.417168931484002359e-01
-1.336848048215742435e-01,4.498755906838045604e-01,8.830290628664004826e-01
-2.845654832556042679e-01,5.456914305059499259e-01,7.881899189991410370e-01
-4.237960173701252331e-01,6.191665990471609815e-01,6.610821872396734911e-01
-5.456762927395956142e-01,6.672930142743949133e-01,5.069096730607548507e-01
-6.452165165700648464e-01,6.881003750936351970e-01,3.319842173073713765e-01
-7.183415004024340522e-01,6.807368257081807261e-01,1.434672886909345024e-01
-7.620574988067849720e-01,6.455038306950525717e-01,-5.092320758119961432e-02
-7.745747736720317578e-01,5.838438330097892592e-01,-2.432289017517365037e-01
-7.553808662944743180e-01,4.982812002023676579e-01,-4.255767761063750099e-01
-7.052615774973377549e-01,3.923188765131059297e-01,-5.905014872440702556e-01
-6.262687968527433924e-01,2.702949719238870174e-01,-7.312509981130147496e-01
-5.216364980815385577e-01,1.372051594257934493e-01,-8.420630072008683520e-01
-3.956483397891893405e-01,-1.501848420113804494e-03,-9.184008578357159003e-01
-2.534622919791648665e-01,-1.401473704152419730e-01,-9.571392694432506731e-01
-1.008994681549584965e-01,-2.730552425989532517e-01,-9.566922869006896368e-01
5.579419175069639386e-02,-3.947842010680349678e-01,-9.170782097258434185e-01
2.102036308905381179e-01,-5.003506479602168877e-01,-8.399188428927069072e-01
3.560073086838433376e-01,-5.854326805362025654e-01,-7.283730999452692201e-01
4.872360054305494570e-01,-6.465470303856171164e-01,-5.870076767058668432e-01
5.985172028671289501e-01,-6.811916688449940471e-01,-4.216100902116529103e-01
6.852950356955429534e-01,-6.879482403452341632e-01,-2.389517370870917201e-01
7.440168092438336211e-01,-6.665401300552543651e-01,-4.651067177054807322e-02
7.722784472034185388e-01,-6.178437885256724549e-01,1.478345459130538941e-01
7.689229147956306853e-01,-5.438528497002869111e-01,3.361273999171536797e-01
7.340875879115037472e-01,-4.475965113081750713e-01,5.106591586753527201e-01
6.691986289266503851e-01,-3.330155191527495173e-01,6.642844714774793768e-01
5.769125994460397866e-01,-2.048008325155482590e-01,7.907138999672066459e-01
6.049925371204361024e-01,-1.691966068521731370e-01,7.780466170212985144e-01
4.785109892646422503e-01,-4.600811308102061709e-02,8.768754111524028616e-01
3.324391452857001772e-01,7.906395824539265427e-02,9.398048229224417183e-01
1.727572036388203280e-01,2.008991418316189437e-01,9.642585148196578526e-01
6.002561776857815931e-03,3.145094909466116806e-01,9.492353498245922339e-01
-1.609978256695205057e-01,4.152437845489542756e-01,8.953503780772901210e-01
-3.214069432165472251e-01,4.989779488227894522e-01,8.048096566523011974e-01
-4.686576227445761189e-01,5.622838972444001993e-01,6.813199333228474597e-01
-5.967214041325096252e-01,6.025698768472723676e-01,5.299368918714635335e-01
-7.003553411234701986e-01,6.181865748930629456e-01,3.568581718019208093e-01
-7.753166481605774374e-01,6.084946419288931319e-01,1.691696362497523420e-01
-8.185364005261525078e-01,5.738908668290697568e-01,-2.544472408706894076e-02
-8.282451764802434280e-01,5.157919322119506322e-01,-2.190173744301375236e-01
-8.040454975945572347e-01,4.365764152870953430e-01,-4.036234277305874585e-01
-7.469281015660150791e-01,3.394874086248357847e-01,-5.717050904760081487e-01
-6.592313812990348021e-01,2.284997475653984811e-01,-7.163810796448449869e-01
-5.445456508252736194e-01,1.081572799930535095e-01,-8.317283432418189904e-01
-4.075661574253286457e-01,-1.661315933014781421e-02,-9.130245507425424067e-01
-2.539008576534005357e-01,-1.407034539584096355e-01,-9.569414258600363876e-01
-8.984082693705802702e-02,-2.590333326496602195e-01,-9.616810065669769703e-01
7.789729778993693954e-02,-3.667583562671097308e-01,-9.270492538723450471e-01
2.424462979928675432e-01,-4.594682496867063537e-01,-8.544639958005171287e-01
3.970695182697397407e-01,-5.333674589789023646e-01,-7.468968813453594757e-01
5.354366658149615210e-01,-5.854305418324864396e-01,-6.087517208112653844e-01
6.518829733505817625e-01,-6.135260295182806134e-01,-4.456841933018680368e-01
7.416411153642318288e-01,-6.165036894693486369e-01,-2.643703025530229067e-01
8.010363829757395360e-01,-5.942416159374340756e-01,-7.223306055546564741e-02
8.276371269504416706e-01,-5.476512208286156147e-01,1.228614114282568504e-01
8.203543097045593591e-01,-4.786399203927873547e-01,3.129259227925034192e-01
7.794860906318339389e-01,-3.900330453782757667e-01,4.901792101103903954e-01
7.067056194229143218e-01,-2.854581716590405827e-01,6.473645029727461697e-01
6.049925371204361024e-01,-1.691966068521732480e-01,7.780466170212982924e-01
6.296116311001020982e-01,-1.306909227861173250e-01,7.658388059407671422e-01
4.938204301839921317e-01,-2.206326378009135225e-02,8.692839554048291673e-01
3.378121628347127148e-01,8.746766783741502516e-02,9.371405175980895841e-01
1.679738258477362634e-01,1.934176628566430800e-01,9.666304368915488165e-01
-8.741379305533038616e-03,2.914491160329096275e-01,9.565463925244140908e-01
-1.850987113629653236e-01,3.775486081549718209e-01,9.073012264579009001e-01
-3.538780804290226345e-01,4.481912158990915551e-01,8.209110415768338109e-01
-5.081696393034068615e-01,5.004848226040706782e-01,7.009126622006590646e-01
-6.416566734373122527e-01,5.322885218671693508e-01,5.522188360802486873e-01
-7.488742079692360942e-01,5.423002665037804926e-01,3.809171059277545734e-01
-8.254327444379162548e-01,5.301101745121509223e-01,1.940205847027183517e-01
-8.681979673650784823e-01,4.962173096906931091e-01,-8.191620564976798136e-04
-8.754190634993848086e-01,4.420092499074401715e-01,-1.956253722248731397e-01
-8.468004003166538229e-01,3.697052794990949298e-01,-3.824226566693570972e-01
-7.835136292501366784e-01,2.822655315095308204e-01,-5.535635126170432851e-01
-6.881497181431763810e-01,1.832697994951748011e-01,-7.020414133172367954e-01
-5.646128767212759136e-01,7.677098035619923933e-02,-8.217776560698590860e-01
-4.179607177872100565e-01,-3.287085173876629074e-02,-9.078702250282064679e-01
-2.541971979586367669e-01,-1.411669473013857090e-01,-9.567944803036770862e-01
-8.002681497873433136e-02,-2.436836514550743127e-01,-9.665474571369371271e-01
9.741987520914936749e-02,-3.362239182865791043e-01,-9.367298675105067973e-01
2.708781842596208467e-01,-4.149991383987980398e-01,-8.685624470471102754e-01
4.332467086196681305e-01,-4.767842450246419506e-01,-7.648359779498506983e-01
5.778780618244995226e-01,-5.190497486394070048e-01,-6.297970340509126963e-01
6.988510192804466836e-01,-5.400652945591186693e-01,-4.689741255799208530e-01
7.912129338955439239e-01,-5.389705038646022128e-01,-2.889513613055669783e-01
8.511824980333855262e-01,-5.158101974155238079e-01,-9.709889434901991523e-02
8.763045506920431604e-01,-4.715325608791289813e-01,9.872881275081185626e-02
8.655505920839556833e-01,-4.079503258976191482e-01,2.905145506564821845e-01
8.193608905380749263e-01,-3.276665566417328868e-01,4.704065887242661059e-01
7.396264578627484987e-01,-2.339680800577483843e-01,6.310401257792510599e-01
6.296116311001023202e-01,-1.306909227861174916e-01,7.658388059407671422e-01
6.504078637753771819e-01,-8.973868295018737340e-02,7.542655895117540421e-01
5.066929450927981637e-01,3.285477314916671054e-03,8.621203309469032128e-01
3.422339577042267655e-01,9.617512975272082820e-02,9.346797647382479868e-01
1.637638718764616585e-01,1.851273610783507328e-01,9.689732991409998331e-01
-2.141072610736366108e-02,2.665004564898915129e-01,9.635969528273907736e-01
-2.057087664487000922e-01,3.369629919002622431e-01,9.187708340471937296e-01
-3.815850657218730069e-01,3.936302228307655970e-01,8.363301293701153050e-01
-5.418392275700507632e-01,4.341821861889901824e-01,7.196499709320064442e-01
-6.799104277781048422e-01,4.569586798303967301e-01,5.735072581286602134e-01
-7.901460151868399118e-01,4.610272314291817275e-01,4.038850907932849399e-01
-8.680329318956111484e-01,4.462212740048562831e-01,2.177278203863490247e-01
-9.103824783830370970e-01,4.131469651939986276e-01,2.265674743086371068e-02
-9.154608592400620415e-01,3.631583710853913960e-01,-1.733418954264960010e-01
-8.830601649577154433e-01,2.983020305952515105e-01,-3.622439007182870485e-01
-8.145068837668357764e-01,2.212331699235415283e-01,-5.363155981528201499e-01
-7.126075950540469162e-01,1.351069972813681297e-01,-6.884304719845699694e-01
-5.815340676719080726e-01,4.344952829609739775e-02,-8.123609214061255912e-01
-4.266524672319296774e-01,-4.998676948271837950e-02,-9.030332192569587857e-01
-2.543036646539396650e-01,-1.413766030457156431e-01,-9.567352310095141865e-01
-7.154364016560554873e-02,-2.269784618689758005e-01,-9.712683899929237530e-01
1.141453893571297701e-01,-3.032877957944834502e-01,-9.460377069708326703e-01
2.951612932280698320e-01,-3.671804917253617129e-01,-8.820761290706449209e-01
4.640932590742734010e-01,-4.160407751831277645e-01,-7.820022508067604461e-01
6.140251923653337052e-01,-4.478683004221812314e-01,-6.499131085134840502e-01
7.388188621360605168e-01,-4.613600448196596426e-01,-4.912164471961179002e-01
8.333652008834067093e-01,-4.559636547747176749e-01,-3.124093268150608393e-01
8.937934703903326339e-01,-4.319000591298440828e-01,-1.208121318876578809e-01
9.176297302032048187e-01,-3.901544243180924965e-01,7.573112591404873584e-02
9.038981210446423997e-01,-3.324358215335598277e-01,2.691739425228044658e-01
8.531608166069927224e-01,-2.611072571558926692e-01,4.515967462980813307e-01
7.674950080953132359e-01,-1.790889309914633076e-01,6.155311262195500843e-01
6.504078637753772929e-01,-8.973868295018748442e-02,7.542655895117539311e-01
6.670844287729037481e-01,-4.687448764124552830e-02,7.435059833633469450e-01
5.169378072533487023e-01,2.961810472519291887e-02,8.555104156610748856e-01
3.456276911672283014e-01,1.048981284042024426e-01,9.324901510234328006e-01
1.601675367951921614e-01,1.758836103813371798e-01,9.712936300399508394e-01
-3.184989535212557482e-02,2.396683966840131574e-01,9.703322337204774994e-01
-2.225633890415235627e-01,2.936411306666047993e-01,9.296453217432911753e-01
-4.041651114334737227e-01,3.355921622583377117e-01,8.508986210652473847e-01
-5.692202666759531571e-01,3.638040112968095041e-01,7.373160308644494121e-01
-7.109714773201776250e-01,3.771216813676335766e-01,5.935476357291057381e-01
-8.236154321473124762e-01,3.749999454933506948e-01,4.254793306481266524e-01
-9.025404744116320988e-01,3.575256677899472102e-01,2.399918517787142380e-01
-9.445154036095365635e-01,3.254142472397411057e-01,4.467907829963630589e-02
-9.478217612078188026e-01,2.799803291729894283e-01,-1.524628618945975123e-01
-9.123241845379246318e-01,2.230839835336036470e-01,-3.433629546092409335e-01
-8.394759485595078008e-01,1.570545533970970908e-01,-5.202057276187479484e-01
-7.322594686128288677e-01,8.459529139138685649e-02,-6.757512170179656996e-01
-5.950641999843064855e-01,8.672688216588586921e-03,-8.036313721950713029e-01
-4.335069330913517982e-01,-6.760497583279441447e-02,-8.986107645718337533e-01
-2.542018414227353307e-01,-1.411148842283354576e-01,-9.568009266647435895e-01
-6.448969649882381472e-02,-2.088475326832735790e-01,-9.758195464006634845e-01
1.278626641769674277e-01,-2.680299386116154481e-01,-9.548879992530118210e-01
3.149803123581281228e-01,-3.162391673610169818e-01,-8.948632252213657434e-01
4.892026295427318039e-01,-3.515015274421341429e-01,-7.982026456071925624e-01
6.433969335949876189e-01,-3.723733736900943780e-01,-6.688635558970322803e-01
7.712504915899347502e-01,-3.780002102671684572e-01,-5.121411136203165571e-01
8.675289638411053383e-01,-3.681516738227660901e-01,-3.344515539779595037e-01
9.282906983822956093e-01,-3.432309645960744948e-01,-1.430695084193556732e-01
9.510481026621890877e-01,-3.042583393508937473e-01,5.416981962389006561e-02
9.348694858756849690e-01,-2.528293419438503720e-01,2.491914288870500926e-01
8.804172024949300512e-01,-1.910494815714395278e-01,4.340111117728248091e-01
7.899205353994037671e-01,-1.214480329761330329e-01,6.010623287484797572e-01
6.670844287729038591e-01,-4.687448764124561851e-02,7.435059833633468340e-01
6.794646894109357405e-01,-2.535665638595858799e-03,7.337038273332558980e-01
5.244576680008605774e-01,5.654982909814063041e-02,8.495565144850977246e-01
3.479792880416709977e-01,1.133201671872764715e-01,9.306282581152678368e-01
1.572545951442248513e-01,1.654511643172109081e-01,9.735999715140213340e-01
-3.990811935505599733e-02,2.108085713403123063e-01,9.767123876858513354e-01
-2.354369907589360378e-01,2.475354506837860735e-01,9.398380839469901993e-01
-4.213270440984733245e-01,2.741281995920849535e-01,8.644866986250528962e-01
-5.899679187487936183e-01,2.894981078003881492e-01,7.537431262885320171e-01
-7.344554374872510616e-01,2.930159294607600495e-01,6.121412218007016293e-01
-8.488742643201306892e-01,2.845376445410986443e-01,4.454781837688108204e-01
-9.285400790332533072e-01,2.644103550221708621e-01,2.605772165519606998e-01
-9.701913538119275593e-01,2.334580745017378611e-01,6.500818747295056266e-02
-9.721228805728976408e-01,1.929479929810446748e-01,-1.332222844393398942e-01
-9.342555823836249385e-01,1.445385979572810231e-01,-3.259986203737298971e-01
-8.581397508811966501e-01,9.021177575058214604e-02,-5.054285344868081342e-01
-7.468915771505526546e-01,3.219167284522078676e-02,-6.641661450126650212e-01
-6.050655744953309378e-01,-2.714636092878484203e-02,-7.957127155254949402e-01
-4.384681161280841732e-01,-8.537301949680403679e-02,-8.946827139724369271e-01
-2.539197215687373776e-01,-1.401044966157202476e-01,-9.570242969885919271e-01
-5.897582377406601628e-02,-1.891000791816094539e-01,-9.801851928404536896e-01
1.383825511752810322e-01,-2.303538822874877656e-01,-9.632171917305571984e-01
3.300755282202523233e-01,-2.621769703870843182e-01,-9.068149656179971263e-01
5.082551743576586567e-01,-2.832665025145476023e-01,-8.132876282668018986e-01
6.656267939394151512e-01,-2.927590707466644626e-01,-6.864641998571250348e-01
7.957475743694644166e-01,-2.902660482246827156e-01,-5.315368464491787570e-01
8.932903556084580421e-01,-2.758894995835698971e-01,-3.548483120946754332e-01
9.542617247316810269e-01,-2.502180024138659364e-01,-1.636322461501097947e-01
9.761655067233971916e-01,-2.143025508259712997e-01,3.428294317781399592e-02
9.581049581752805189e-01,-1.696135276277809245e-01,2.307945847839631415e-01
9.008194800669153679e-01,-1.179805066797658536e-01,4.178574689718446145e-01
8.066543466028158749e-01,-6.151734992616024467e-02,5.878132192838509962e-01
6.794646894109358515e-01,-2.535665638595930357e-03,7.337038273332556759e-01
6.873692045101882364e-01,4.252819337998734600e-02,7.250620176639124281e-01
5.291813772691275064e-01,8.347982617413736428e-02,8.443922006825284043e-01
3.493288022664970960e-01,1.210137850762550843e-01,9.291528677933306168e-01
1.551746650546846906e-01,1.535934253988349152e-01,9.758739073258475560e-01
-4.533234117671547381e-02,1.798849328391252667e-01,9.826425544321288896e-01
-2.439834360340168706e-01,1.988119299933996387e-01,9.491816999043609648e-01
-4.326458203532492219e-01,2.095995433743343406e-01,8.768612350583943060e-01
-6.035956339534940263e-01,2.118061268226230920e-01,7.686419682223164518e-01
-7.498341713802071373e-01,2.053413425526305069e-01,6.289544088956205981e-01
-8.653744097288402770e-01,1.904698595919498971e-01,4.635173821697327612e-01
-9.454861180659991371e-01,1.678005182003166063e-01,2.791038993568358828e-01
-9.868895136396339529e-01,1.382614038778386123e-01,8.326387011095470747e-02
-9.878895365702680120e-01,1.030618514355767651e-01,-1.159849917603582581e-01
-9.484452458016232601e-01,6.364293468628905159e-02,-3.104854144413444206e-01
-8.701714952322753271e-01,2.161846871321732033e-02,-4.922745277746146120e-01
-7.562728214073087818e-01,-2.129105990903574358e-02,-6.539098641009911672e-01
-6.114122494156435383e-01,-6.332893003701955958e-02,-7.887740537599263746e-01
-4.415203880950129278e-01,-1.027741063284544620e-01,-8.913457409809140142e-01
-2.535526302093295548e-01,-1.380116986313576766e-01,-9.574256288374655144e-01
-5.520439785170710989e-02,-1.675990757766070982e-01,-9.843083989566763226e-01
1.454039090402058920e-01,-1.903249270675069771e-01,-9.708934675712745932e-01
3.400593628117785094e-01,-2.052588534820336541e-01,-9.177300435483662921e-01
5.207927463145584079e-01,-2.117894583181146317e-01,-8.269946437138862017e-01
6.802048135926708206e-01,-2.096493778464472713e-01,-7.024019859980148439e-01
8.117692158816272041e-01,-1.989262272129904419e-01,-5.490529084466557741e-01
9.100996910935569284e-01,-1.800590134645944917e-01,-3.732255403125130377e-01
9.711705780199431093e-01,-1.538201625489222790e-01,-1.821182747058371909e-01
9.924816273744949680e-01,-1.212838961053954584e-01,1.644493446528455180e-02
9.731603622926956465e-01,-8.378225270506112210e-02,2.143348860871995831e-01
9.139977976371456148e-01,-4.285055403498481963e-02,4.034499422894249898e-01
8.174160557561496177e-01,-1.645486479899399828e-04,5.760477104509659219e-01
6.873692045101883474e-01,4.252819337998729049e-02,7.250620176639122061e-01
6.907649471713651623e-01,8.753905460671605743e-02,7.177608945031077603e-01
5.311645910153975914e-01,1.097674950652322567e-01,8.401281296793648989e-01
3.498182940940700036e-01,1.275020413786447926e-01,9.281004205156848652e-01
1.541503951106268366e-01,1.400166391371618912e-01,9.780761710889236404e-01
-4.782843916054756173e-02,1.467989392381469915e-01,9.880093682987112214e-01
-2.478491715128864070e-01,1.475712735185794044e-01,9.574933458841782263e-01
-4.377229296624463584e-01,1.423020225222727253e-01,8.877774333884556057e-01
-6.096762596413652924e-01,1.312069100041265146e-01,7.817158084603903490e-01
-7.566693719166479593e-01,1.147401711742540437e-01,6.436506464862491450e-01
-8.726843512007866899e-01,9.357595625510992110e-02,4.792343514192211051e-01
-9.529715306107081618e-01,6.858073069217357487e-02,2.951981456974447360e-01
-9.942439435880265908e-01,4.077780195680596326e-02,9.907649320650557812e-02
-9.948118926961478925e-01,1.130542521813841621e-02,-1.011013625573014274e-01
-9.546521260318548974e-01,-1.862979695729077498e-02,-2.971401166591069454e-01
-8.754087891609556582e-01,-4.780231305638027450e-02,-4.810139194724071809e-01
-7.603261136056415070e-01,-7.501779684240827972e-02,-6.451949559057714723e-01
-6.141155976247872905e-01,-9.916204321149121870e-02,-7.829616350371649824e-01
-4.427631169216554863e-01,-1.192465838804503547e-01,-8.886737728360509792e-01
-2.532838621892937181e-01,-1.344491553944651974e-01,-9.580035019602944901e-01
-5.343513637931202737e-02,-1.441473626895256321e-01,-9.881124551536514256e-01
1.486012301924009571e-01,-1.479441600194808526e-01,-9.777679683347340056e-01
3.445538449401334136e-01,-1.456841060555378597e-01,-9.273935460093343242e-01
5.264003847926590485e-01,-1.374597276725255113e-01,-8.390515229461976698e-01
6.866960310423542158e-01,-1.236077318877677328e-01,-7.163586319492757370e-01
8.188782610978173615e-01,-1.046952210362329105e-01,-5.643379343917851454e-01
9.175355189298259884e-01,-8.149647553430859614e-02,-3.892131754934030630e-01
9.786287648110014725e-01,-5.496125474858041399e-02,-1.981539834597148553e-01
9.996568340768173799e-01,-2.617591373577210848e-02,1.017655938918671449e-03
9.797588351008372776e-01,3.681072260917988247e-03,2.001476323838433102e-01
9.197493942990538907e-01,3.338735472673848292e-02,3.910835412426252322e-01
8.220853052287022678e-01,6.172675496719869093e-02,5.660084439725691086e-01
6.907649471713654954e-01,8.753905460671604355e-02,7.177608945031076493e-01
6.897665525400500375e-01,1.316562477821958954e-01,7.119611895440126625e-01
5.305999414940483216e-01,1.347183023195775708e-01,8.368480633344628217e-01
3.497105065004345037e-01,1.322649737312673879e-01,9.274742790865280195e-01
1.545038822814529533e-01,1.243967015779244845e-01,9.801295888791898836e-01
-4.702814903156653237e-02,1.114356138459895590e-01,9.926582781428008317e-01
-2.466348423976609250e-01,9.391233899007117580e-02,9.645474208668503024e-01
-4.361442763376314757e-01,7.254428194166798183e-02,8.969478788511011658e-01
-6.077979123595628197e-01,4.820625346698166613e-02,7.926271852882869062e-01
-7.545682304362714143e-01,2.189465531136284421e-02,6.558562416300304232e-01
-8.704464365009163540e-01,-5.313312605215934382e-03,4.922344663796041631e-01
-9.506884631821002074e-01,-3.230375287944948354e-02,3.084605542405025602e-01
-9.920091924794574023e-01,-5.797167371526853324e-02,1.120582307682187473e-01
-9.927169488805744901e-01,-8.126622741780203940e-02,-8.893176983799881696e-02
-9.527827567552322741e-01,-1.012337322214744845e-01,-2.862808933380096010e-01
-8.738415266211100318e-01,-1.170567161335412248e-01,-4.719096434281853103e-01
-7.591251217151001596e-01,-1.280873843335206819e-01,-6.382183572693826967e-01
-6.133300451326593183e-01,-1.338741399692571499e-01,-7.783983365764984841e-01
-4.424251644392670491e-01,-1.341800725851086673e-01,-8.867105965262511713e-01
-2.534073455309817091e-01,-1.289926572638367963e-01,-9.587208204701481717e-01
-5.401500012255909533e-02,-1.185242673981896921e-01,-9.914809013790836234e-01
1.475887257373746375e-01,-1.032034800992506079e-01,-9.836496376915002671e-01
3.431501518246807825e-01,-8.365753019915420086e-02,-9.355476422629016575e-01
5.246629703778536991e-01,-6.068663118336196233e-02,-8.491442164378792956e-01
6.846960252784758394e-01,-3.523121435654650441e-02,-7.279767266216812249e-01
8.166975444558298713e-01,-8.333427474482105538e-03,-5.770057840839578622e-01
9.152633702052757059e-01,1.890553090752374737e-02,-4.024121569505365037e-01
9.763582060396374107e-01,4.537049463286998291e-02,-2.113437288301392436e-01
9.974808222015185688e-01,6.997798497713982047e-02,-1.162286361960240995e-02
9.777664563034491607e-01,9.172056839438137710e-02,1.885738429931494986e-01
9.180222168016359818e-01,1.097081009648477878e-01,3.810503143172760399e-01
8.206940398809332571e-01,1.232041709916587846e-01,5.579265410017424376e-01
6.897665525400502595e-01,1.316562477821958954e-01,7.119611895440124405e-01
6.846801146859322618e-01,1.738679775357394042e-01,7.078015731412923284e-01
5.278511089453812311e-01,1.575305296601845484e-01,8.346001072430502266e-01
3.494118167847343748e-01,1.347437633912904054e-01,9.272300148929288888e-01
1.566675637907753438e-01,1.064405716174368632e-01,9.818990167881902487e-01
-4.249067767243513288e-02,7.377969033532934262e-02,9.963689575679071098e-01
-2.399093457992936551e-01,3.809825986214789711e-02,9.700474361564125347e-01
-4.275060971209778127e-01,8.570821538546603531e-04,9.040120587329401047e-01
-5.976006985966954010e-01,-3.641918459852026141e-02,8.009663214080342541e-01
-7.432294572567638147e-01,-7.220444565435928108e-02,6.651289287751368517e-01
-8.584303146109869553e-01,-1.050336482214466738e-01,5.020610796488544914e-01
-9.384869340237571578e-01,-1.335627608894184304e-01,3.184387909320757215e-01
-9.801217880900620072e-01,-1.566237984336193156e-01,1.217795806995686375e-01
-9.816303409925393186e-01,-1.732726392674328597e-01,-7.986529987527180019e-02
-9.429508323981143914e-01,-1.828276778909670441e-01,-2.782404856894444278e-01
-8.656668059332923715e-01,-1.848977299003050911e-01,-4.652244733276222344e-01
-7.529422787220303448e-01,-1.793980471229637830e-01,-6.331621163662125573e-01
-6.093922061529271073e-01,-1.665537872180328227e-01,-7.751780279673803342e-01
-4.408935450633790776e-01,-1.468907956951565619e-01,-8.854580600240126165e-01
-2.543446504361443483e-01,-1.212140777375848855e-01,-9.594873350663573053e-01
-5.738285593582653776e-02,-9.057484119538714018e-02,-9.942350858761104249e-01
1.419281994287039661e-01,-5.622746001255818360e-02,-9.882787354524331658e-01
3.354286976327673919e-01,-1.957812001036914398e-02,-9.418621374815122627e-01
5.151967055445467736e-01,1.787275052537585368e-02,-8.568855929379961545e-01
6.738724997982900033e-01,5.459190855465293618e-02,-7.368280515398163422e-01
8.049598747336342841e-01,8.907606743342563749e-02,-5.866046831379764237e-01
9.030920978186144366e-01,1.199134416454803731e-01,-4.123656500853438711e-01
9.642516243100843765e-01,1.458415454673379907e-01,-2.212443188673109684e-01
9.859345760075443055e-01,1.657988792821087909e-01,-2.106521923974652780e-02
9.672532503208615129e-01,1.789683874985288914e-01,1.799762929385512744e-01
9.089724629186113347e-01,1.848109089028666108e-01,3.736495545376282701e-01
8.134782360847437888e-01,1.830872499823611721e-01,5.520255594719760683e-01
6.846801146859324838e-01,1.738679775357394319e-01,7.078015731412921063e-01
6.760425761554599289e-01,2.131805670994584290e-01,7.053513174555219312e-01
5.234806845195125735e-01,1.774219259262866943e-01,8.333603261108533111e-01
3.494874321529675698e-01,1.343996102595016173e-01,9.272514650995257179e-01
1.611861232510502229e-01,8.587495875740884521e-02,9.831808201596025087e-01
-3.371416447533021749e-02,3.383457635390856727e-02,9.988586369235038509e-01
-2.272341903468447499e-01,-1.959099758091469370e-02,9.736430637308503000e-01
-4.114512217666755900e-01,-7.221451377293078289e-02,9.085664291108533908e-01
-5.788233918239129583e-01,-1.218815592862380059e-01,8.062929781310353983e-01
-7.224984642110184874e-01,-1.665587594418915240e-01,6.710097978911305772e-01
-8.365943645833597841e-01,-2.044170244161706562e-01,5.082553976852592914e-01
-9.164399933739946214e-01,-2.339064323928713440e-01,3.246929617806795787e-01
-9.587664611587707331e-01,-2.538196835445689636e-01,1.278375578709960991e-01
-9.618409173734309148e-01,-2.633415270294053867e-01,-7.425153067820122743e-02
-9.255374934193136838e-01,-2.620821374563423456e-01,-2.733007528372485839e-01
-8.513424557385718128e-01,-2.500930743824731350e-01,-4.611610100636641119e-01
-7.422933578914014952e-01,-2.278651714586968080e-01,-6.301412813539550850e-01
-6.028546827563909805e-01,-1.963084416423806489e-01,-7.733234945471585409e-01
-4.387350660769163135e-01,-1.567148211599629082e-01,-8.848457530119486769e-01
-2.566535842430712755e-01,-1.107052774860467076e-01,-9.601423223834684162e-01
-6.406467451479920527e-02,-6.016344674453392299e-02,-9.961305522646760613e-01
1.311470505153888577e-01,-7.158517424394939856e-03,-9.913370802957977013e-01
3.209895998883522394e-01,4.613948244018870048e-02,-9.459581517824480201e-01
4.976907973272099994e-01,9.754852647251202602e-02,-8.618515853897615875e-01
6.540164750473062005e-01,1.449639223695855517e-01,-7.424607138279567531e-01
7.835666414352926434e-01,1.864444782523105582e-01,-5.926734134066057313e-01
8.810374974577469542e-01,2.202919752890899752e-01,-4.186219938042189948e-01
9.424385748167707355e-01,2.451206929743259266e-01,-2.274321405894917936e-01
9.652561061909652462e-01,2.599141406887345851e-01,-2.693118881688883609e-02
9.485559391649247551e-01,2.640666729447315175e-01,1.746723289901577769e-01
8.930217805388817043e-01,2.574082845838545075e-01,3.691247411252201460e-01
8.009272052919728102e-01,2.402115708079252676e-01,5.484651429883004026e-01
6.760425761554601509e-01,2.131805670994584567e-01,7.053513174555217091e-01
6.646485536071982114e-01,2.485827867750686759e-01,7.045912987732664279e-01
5.182635627743533702e-01,1.936319772329369582e-01,8.330123269755947968e-01
3.506608007881434896e-01,1.307538517920974752e-01,9.273297326367500037e-01
1.687019444167724425e-01,6.252264829596426710e-02,9.836821500871393287e-01
-2.016358938065803894e-02,-8.268239767504929547e-03,9.997625047352161065e-01
-2.082036234597233193e-01,-7.872062512341557183e-02,9.749124649723268643e-01
-3.877197767314604082e-01,-1.459501788374928388e-01,9.101493943461196334e-01
-5.513626367886721447e-01,-2.072045150815453041e-01,8.081247005773690706e-01
-6.924326457133965773e-01,-2.599758741326625433e-01,6.730152866163606751e-01
-8.051543807652330464e-01,-3.021037903509203315e-01,5.103525477453397796e-01
-8.849130008669183756e-01,-3.318635418965233397e-01,3.267959156057462233e-01
-9.284431787402489533e-01,-3.480367610445720961e-01,1.298602202843640030e-01
-9.339627837885122741e-01,-3.499613143028730278e-01,-7.239196771338800296e-02
-9.012458427325065191e-01,-3.375584102349058480e-01,-2.716804200472589526e-01
-8.316317909831416610e-01,-3.113358251904925211e-01,-4.598462440633013237e-01
-7.279706359983405539e-01,-2.723671148823742505e-01,-6.291859088177524928e-01
-5.945062776428494677e-01,-2.222476628891943973e-01,-7.727666285389995782e-01
-4.367027624291385801e-01,-1.630293654643393542e-01,-8.847101916916365605e-01
-2.610205848111827320e-01,-9.713662666223710218e-02,-9.604336156473841646e-01
-7.465219378244075665e-02,-2.726710295151388297e-02,-9.968367745323697404e-01
1.147724668310152740e-01,4.371873915779303510e-02,-9.924293187446521225e-01
2.994983291672167480e-01,1.129147309492459783e-01,-9.473916900420347176e-01
4.719626947177528731e-01,1.774879803887192686e-01,-8.635677342352995334e-01
6.251048520932821484e-01,2.347948510571261083e-01,-7.443892139240705363e-01
7.526551433774111288e-01,2.824891929360307530e-01,-5.947353117327713878e-01
8.493916446584444113e-01,3.186183940650633706e-01,-4.207328760007005286e-01
9.113539522078802912e-01,3.417033207050005350e-01,-2.295055868911470287e-01
9.360053218743832337e-01,3.507988732468396709e-01,-2.888231208850855491e-02
9.223365236873930506e-01,3.455326787008356493e-01,1.729234079645609878e-01
8.709071598507012180e-01,3.261203356904535666e-01,3.676496233779237843e-01
7.838227545624749659e-01,2.933565878193917786e-01,5.473242200131976931e-01
6.646485536071983224e-01,2.485827867750687314e-01,7.045912987732662058e-01
6.515874190672139576e-01,2.790767385880054685e-01,7.053722487399167740e-01
5.131874287944453439e-01,2.054832742627163145e-01,8.333158386383985317e-01
3.537774848898695979e-01,1.234773005458519868e-01,9.271433801925705875e-01
1.798838491868130218e-01,3.641615163667367289e-02,9.830135628269371928e-01
-1.374252437406519927e-03,-5.213587879922616797e-02,9.986390546999793782e-01
-1.825760920053709213e-01,-1.385534602313800989e-01,9.733801463384980091e-01
-3.563032449148553216e-01,-2.192986467223209113e-01,9.082709404186073421e-01
-5.154433011136719811e-01,-2.910657208499530801e-01,8.059770154806747966e-01
-6.534810480028783175e-01,-3.509165301672179660e-01,6.706862968306850359e-01
-7.647652040060841649e-01,-3.964007755084954510e-01,5.079376023861533751e-01
-8.447397827011847715e-01,-4.256563265253417438e-01,3.243938828197980850e-01
-8.901306154397887749e-01,-4.374854575217456132e-01,1.275694395761376443e-01
-8.990793961963814418e-01,-4.314038824848506204e-01,-7.447771151254251043e-02
-8.712197608353504652e-01,-4.076605818112218338e-01,-2.734757363411396969e-01
-8.076922861017450384e-01,-3.672276090201572751e-01,-4.612776323918958976e-01
-7.110977942753202719e-01,-3.117602947683954517e-01,-6.301947679747074149e-01
-5.853908752008206706e-01,-2.435294774185362554e-01,-7.733116557118933088e-01
-4.357179849150920048e-01,-1.653285346496635166e-01,-8.847690734039728166e-01
-2.682067491322501773e-01,-8.035902224695555540e-02,-9.600039412749415968e-01
-8.971509752697892637e-02,7.900397968326949849e-03,-9.959361349944406694e-01
9.244950071212350295e-02,9.583637496252898902e-02,-9.910945863297401237e-01
2.708292055297160661e-01,1.798487995054689759e-01,-9.456775088520306127e-01
4.381211308518415670e-01,2.564981930653183473e-01,-8.615442830495296800e-01
5.874763255998457501e-01,3.226465204638157003e-01,-7.421393330718261128e-01
7.127801705522547326e-01,3.755856614051678588e-01,-5.923511116004926969e-01
8.089027115741405094e-01,4.131482812391510384e-01,-4.183119660219347669e-01
8.719086805421478736e-01,4.337965618963415260e-01,-2.271470794048699449e-01
8.992186056838398223e-01,4.366851603405639826e-01,-2.668276466832097960e-02
8.897144154551352990e-01,4.216958170121159477e-01,1.748739455888405903e-01
8.437852125206924958e-01,3.894421973880373145e-01,3.692712959667790451e-01
7.633113438450997990e-01,3.412447684453772112e-01,5.485506361003024134e-01
6.515874190672140687e-01,2.790767385880055240e-01,7.053722487399165519e-01
6.381675441252294689e-01,3.039050234100164616e-01,7.073782032062683189e-01
5.093815277268455288e-01,2.125246212290046732e-01,8.338847309923183015e-01
3.597413717335362637e-01,1.124434360842946762e-01,9.262519199142471571e-01
1.953733617136395040e-01,7.758803454750884399e-03,9.806982464049072146e-01
2.300674330979124091e-02,-9.724347549985101757e-02,9.949946714605988340e-01
-1.503017738683375681e-01,-1.982645951418659513e-01,9.685558977597840125e-01
-3.174569187645879254e-01,-2.911687389636719581e-01,9.024643318041976059e-01
-4.716153401070120044e-01,-3.721524004014311049e-01,7.994257700694907820e-01
-6.064657740130053876e-01,-4.379000988407052430e-01,6.636586233795994660e-01
-7.164874278742034974e-01,-4.857201157823640147e-01,5.007212146719699497e-01
-7.971760022545335556e-01,-5.136546941142023925e-01,3.172842206034251489e-01
-8.452280974383596934e-01,-5.205601889171413976e-01,1.208575732640633504e-01
-8.586764550029751808e-01,-5.061538884225876833e-01,-8.051699732489105144e-02
-8.369704976095689863e-01,-4.710255882654562631e-01,-2.785951925830189579e-01
-7.809988697041692074e-01,-4.166134451815806106e-01,-4.652676679232528034e-01
-6.930530563096101160e-01,-3.451450987019696326e-01,-6.328920302720790758e-01
-5.767335693594590751e-01,-2.595464713286728120e-01,-7.746057185399102263e-01
-4.368025423164145771e-01,-1.633219809237646536e-01,-8.846069576784100219e-01
-2.789887678688166006e-01,-6.041106943031962495e-02,-9.583922840326515313e-01
-1.097531604848809850e-01,4.497307834360195211e-02,-9.929409176722844288e-01
6.397575418475488773e-02,1.485160230060243725e-01,-9.868384334768097732e-01
2.350854939612345151e-01,2.459787042366880783e-01,-9.403346678662019009e-01
3.965708059935684759e-01,3.333709884146313640e-01,-8.553334904685196971e-01
5.418204626334346408e-01,4.071150251574515155e-01,-7.353148594736382826e-01
6.648879258718867202e-01,4.641917249363413656e-01,-5.851923517360787530e-01
7.607347993041295720e-01,5.022643609561254774e-01,-4.111120003612622753e-01
8.254371006703178359e-01,5.197742350248093501e-01,-2.202006753880468293e-01
8.563459101503220205e-01,5.160044908406981046e-01,-2.027430889196374722e-02
8.521958174523998064e-01,4.911094621736151189e-01,1.804820901922863374e-01
8.131567278592195525e-01,4.461083544222327890e-01,3.738495312983190488e-01
7.408269062856240872e-01,3.828435182252982183e-01,5.519115286675437826e-01
6.381675441252296910e-01,3.039050234100166281e-01,7.073782032062682079e-01
6.258592447640530798e-01,3.225650419580948780e-01,7.101070337983842462e-01
5.080041088161869611e-01,2.146128595523584814e-01,8.341901137873961591e-01
3.693512249654380408e-01,9.787440146060830126e-02,9.241213525047757837e-01
2.155770585676775875e-01,-2.287104612669310991e-02,9.762189544709612976e-01
5.297714206292769568e-02,-1.426801503983338437e-01,9.883500377402487658e-01
-1.117916648624285025e-01,-2.566479125484610324e-01,9.600179543382519887e-01
-2.719837078933538543e-01,-3.601084790040048889e-01,8.923826230883269428e-01
-4.210407059663965890e-01,-4.488261620181749900e-01,7.882130423986597467e-01
-5.528602480669926322e-01,-5.191688492244863617e-01,6.517739271420913694e-01
-6.620456266534051615e-01,-5.682567027437973595e-01,4.886511107281408250e-01
-7.441267794975691130e-01,-5.940800600854498903e-01,3.055228604269125681e-01
-7.957432945579182570e-01,-5.955817099657608749e-01,1.098864683223948063e-01
-8.147819856431989249e-01,-5.727001746621939171e-01,-9.024868870635364970e-02
-8.004634065034290646e-01,-5.263722269185435731e-01,-2.866890538156932067e-01
-7.533737614509519176e-01,-4.584945383587374357e-01,-4.713923353772847546e-01
-6.754409060870143477e-01,-3.718460295277037919e-01,-6.367967593422827477e-01
-5.698554206669378397e-01,-2.699741005577525610e-01,-7.761306491593653600e-01
-4.409399873695877825e-01,-1.570494001903571246e-01,-8.836896590083844760e-01
-2.939724191810783038e-01,-3.769507892664733517e-02,-9.550703103884741196e-01
-1.349695856110028347e-01,8.320248329730305092e-02,-9.873502710452629616e-01
2.955891865224047690e-02,2.006937260791854249e-01,-9.792079955967277760e-01
1.928772773128351603e-01,3.099685441348740689e-01,-9.309768297564082751e-01
3.482992175781246535e-01,4.065532135739235997e-01,-8.446313631207285066e-01
4.894617469523451780e-01,4.864935466812823073e-01,-7.237065892389149546e-01
6.105856548970235442e-01,5.465167768269447723e-01,-5.731531825617464104e-01
7.067121143894492530e-01,5.841655459163173081e-01,-3.991348172478604850e-01
7.739056968836235395e-01,5.978985089193386004e-01,-2.087758256194976181e-01
8.094154892173236471e-01,5.871534367171102886e-01,-9.869527160154323298e-03
8.117877163201847601e-01,5.523702338280839230e-01,1.894408309007456492e-01
7.809252589358909313e-01,4.949729286653891114e-01,3.809954590862166257e-01
7.180916296959399814e-01,4.173113736462837897e-01,5.569520884116324622e-01
6.258592447640533019e-01,3.225650419580950445e-01,7.101070337983841352e-01
6.161042991812734071e-01,3.349721558897314488e-01,7.128878925251399545e-01
5.100504911693979349e-01,2.120101080773705571e-01,8.336067481318009120e-01
3.831151561206592171e-01,8.036834153019209448e-02,9.201976455253118026e-01
2.404950415662211460e-01,-5.456371436211165937e-02,9.691155431923840213e-01
8.802903175309456651e-02,-1.872619253774662484e-01,9.783577366549185417e-01
-6.804089696297589696e-02,-3.122936111655255087e-01,9.475458494266477683e-01
-2.213252233629160459e-01,-4.245399598195266910e-01,8.779413237909399204e-01
-3.655484691137689812e-01,-5.194055926371893284e-01,7.723937772055056161e-01
-4.948061175889826857e-01,-5.930066994647195111e-01,6.352243386288624061e-01
-6.038063454728532786e-01,-6.423300423408354609e-01,4.720487409930629319e-01
-6.880866706288321089e-01,-6.653563178129421329e-01,2.895474124376352099e-01
-7.441966466425156135e-01,-6.611428274577392239e-01,9.519197879663465756e-02
-7.698391245032609742e-01,-6.298620720654325433e-01,-1.030606256408827248e-01
-7.639642981545868849e-01,-5.727946894371160891e-01,-2.970939159555531228e-01
-7.268126836774702060e-01,-4.922770249227256256e-01,-4.789641464439502450e-01
-6.599052725337336556e-01,-3.916054811679042791e-01,-6.412255285010343142e-01
-5.659812619968888070e-01,-2.749015630023787793e-01,-7.772350620804856502e-01
-4.488859120939168168e-01,-1.469431425479737485e-01,-8.814245008971195450e-01
-3.134131202079644685e-01,-1.296885257256841402e-02,-9.495283170840441711e-01
-1.651091583562201981e-01,1.215363837509333411e-01,-9.787583324047077760e-01
-1.004560816186950145e-02,2.510659062437533562e-01,-9.679178665975016749e-01
1.454292104109365935e-01,3.703167610359624495e-01,-9.174507296062733852e-01
2.949501400223124015e-01,4.744068041209874020e-01,-8.294230519490807252e-01
4.323957762460046150e-01,5.590745769048662828e-01,-7.074386970920221174e-01
5.521390785858391048e-01,6.208537708217866102e-01,-5.564917188554986405e-01
6.492777421747820688e-01,6.572151384140422214e-01,-3.827619042640303393e-01
7.198348987121940823e-01,6.666700410201269467e-01,-1.933617723393784571e-01
7.609219299193193953e-01,6.488313938164440575e-01,3.954613263891126884e-03
7.708567279110172255e-01,6.044295131154640011e-01,2.011090965354895843e-01
7.492325608902185019e-01,5.352822171300846144e-01,3.900301497656095684e-01
6.969347247954862379e-01,4.442204042824097199e-01,5.629833228377287835e-01
6.161042991812735181e-01,3.349721558897316154e-01,7.128878925251398435e-01
6.099973777024139121e-01,3.416089856439771255e-01,7.149870629063644900e-01
5.160498764408154582e-01,2.054901456356755252e-01,8.315445418449005643e-01
4.009752326044443982e-01,6.095851492098253860e-02,9.140584895379716412e-01
2.694846156326577424e-01,-8.606876455689695116e-02,9.591507752720457303e-01
1.269612668337722905e-01,-2.295723787011665629e-01,9.649753155710512065e-01
-2.075989114660325985e-02,-3.636772726878012563e-01,9.312936530707925931e-01
-1.676311367442532008e-01,-4.828931764003321914e-01,8.594847189914577301e-01
-3.076395439077711513e-01,-5.823393767334945625e-01,7.524883795314460944e-01
-4.350531519975933681e-01,-6.579445345612160434e-01,6.146850773997866169e-01
-5.446556329280591857e-01,-7.066133658388010774e-01,4.517164959769499610e-01
-6.319598482521308069e-01,-7.263533628954003118e-01,2.702545881343820788e-01
-6.933915531366308116e-01,-7.163563679321657274e-01,7.772842570002702622e-02
-7.264357263656689989e-01,-6.770316590974887472e-01,-1.179799476151893733e-01
-7.297395356047229331e-01,-6.099891945915183467e-01,-3.088582080129847474e-01
-7.031677225153648569e-01,-5.179737007882841970e-01,-4.870917770854298889e-01
-6.478081402475283079e-01,-4.047523028154518254e-01,-6.453837515731438712e-01
-5.659272166037334628e-01,-2.749602980089786430e-01,-7.772536394420823669e-01
-4.608771662185573437e-01,-1.339113862955546852e-01,-8.773026719888370462e-01
-3.369587504976256365e-01,1.261987330672909198e-02,-9.414348300656817381e-01
-1.992452039403490027e-01,1.586344738130632814e-01,-9.670245355857416403e-01
-5.337453532343681972e-02,2.981545603227316321e-01,-9.530241429983625778e-01
9.468129304085812215e-02,4.254681641011136550e-01,-9.000068300210486427e-01
2.388608581434808753e-01,5.353630512508096295e-01,-8.101431316763606505e-01
3.732614316487503081e-01,6.233401121798096689e-01,-6.871120783330660897e-01
4.923806382859637898e-01,6.857975556768151071e-01,-5.359505757705745888e-01
5.913417237394816839e-01,7.201783666666203843e-01,-3.628471936645171758e-01
6.660932095434026756e-01,7.250749907077290723e-01,-1.748888048170992304e-01
7.135747610859878298e-01,7.002869594365693784e-01,2.022955224809286703e-02
7.318424780682381003e-01,6.468290977658524010e-01,2.145197090673763851e-01
7.201484780105348316e-01,5.668899768334093592e-01,4.000274037924460013e-01
6.789715146492268927e-01,4.637423136426628290e-01,5.691579296050287562e-01
6.099973777024140231e-01,3.416089856439772920e-01,7.149870629063643790e-01
6.079951600224140495e-01,3.434985039969041254e-01,7.157867441781845530e-01
5.257964913874834112e-01,1.962921408409881163e-01,8.276517655926747263e-01
4.220716526166844451e-01,4.104955437569478977e-02,9.056326264788473468e-01
3.010671507964450822e-01,-1.158736056688574045e-01,9.465367812296607841e-01
1.677369244487109945e-01,-2.680528866827558976e-01,9.486896089435821189e-01
2.753952870579490578e-02,-4.092580510209855582e-01,9.120029726010574489e-01
-1.137853385780936560e-01,-5.337081426646369531e-01,8.379788274044459584e-01
-2.504518207313854439e-01,-6.363081602395538328e-01,7.296477305555649773e-01
-3.768647759170948297e-01,-7.128576469712291086e-01,5.914447698877710602e-01
-4.878488428970274016e-01,-7.602226578786852595e-01,4.290279908489618710e-01
-5.788603209289507889e-01,-7.764640638502184888e-01,2.490467554561476005e-01
-6.461731894088428296e-01,-7.609169398170699816e-01,5.886951663320755951e-02
-6.870316515922106904e-01,-7.142177868638662774e-01,-1.337178471175704264e-01
-6.997629572366022010e-01,-6.382784737994293689e-01,-3.208307864961752465e-01
-6.838458851930708793e-01,-5.362079650231075245e-01,-4.948088757796097470e-01
-6.399320822612551973e-01,-4.121850391569787941e-01,-6.485294315510529151e-01
-5.698193846928369943e-01,-2.712872093580777633e-01,-7.756991161958232128e-01
-4.763782145641591304e-01,-1.192828493331633821e-01,-8.711115878827602188e-01
-3.634340643591609243e-01,3.760496455859047016e-02,-9.308606488105115595e-01
-2.356108808576093949e-01,1.929532267829198733e-01,-9.525001654044783495e-01
-9.814176021064385802e-02,3.404019612317153998e-01,-9.351442133127682022e-01
4.334529563051225942e-02,4.739145993921519140e-01,-8.795033472532538532e-01
1.830577899756992699e-01,5.880251181708727737e-01,-7.878555108199357671e-01
3.152758768909040832e-01,6.780618195216603361e-01,-6.639527772045575871e-01
4.345865323628527177e-01,7.403385903123501643e-01,-5.128677388792860503e-01
5.361051641381168187e-01,7.723058122295615169e-01,-3.407858350648957368e-01
6.156755875038839587e-01,7.726547434520147917e-01,-1.547521191223133474e-01
6.700401799784323487e-01,7.413710986944649362e-01,3.761716675973869606e-02
6.969732487582854796e-01,6.797356340489582038e-01,2.284464014148174238e-01
6.953721508430947829e-01,5.902717126799414959e-01,4.099230135546612641e-01
6.653024353696292970e-01,4.766419980398265421e-01,5.746173293556680051e-01
6.079951600224141606e-01,3.434985039969042919e-01,7.157867441781844420e-01
6.095684858974120823e-01,3.421885781351945433e-01,7.150756868993298765e-01
5.381146430389550650e-01,1.860362455600762799e-01,8.220846345024136470e-01
4.446303234686972972e-01,2.226756723339778921e-02,8.954373405781254069e-01
3.329427862137863681e-01,-1.424127479121441442e-01,9.321307367211484340e-01
2.076245321721666981e-01,-3.012626684253753573e-01,9.306625909820964715e-01
7.380610538857181047e-02,-4.477788598964113631e-01,8.910930094200263385e-01
-6.303395202148037724e-02,-5.759629322315060751e-01,8.150419753533172385e-01
-1.972933920295982801e-01,-6.805670144482718342e-01,7.056230270522774184e-01
-3.234756173870351748e-01,-7.573086031302965759e-01,5.673157891165321320e-01
-4.364147129618755616e-01,-8.030458886201842228e-01,4.057825761175811174e-01
-5.314869389115054465e-01,-8.159063810760761593e-01,2.276365767749477242e-01
-6.048000271350344459e-01,-7.953635704257842054e-01,4.017110923298623099e-02
-6.533525311866691387e-01,-7.422584817510090582e-01,-1.489389682408786275e-01
-6.751567058458587400e-01,-6.587652436216792085e-01,-3.319514668553762426e-01
-6.693198856401745278e-01,-5.483020790168484648e-01,-5.013738334141735198e-01
-6.360810306746340625e-01,-4.153913628743088338e-01,-6.502698963240703955e-01
-5.768009435769265725e-01,-2.654744755292824943e-01,-7.725438332749913206e-01
-4.939065580779464781e-01,-1.046890319641608780e-01,-8.631897349215877924e-01
-3.907915800596987177e-01,6.038239287001257588e-02,-9.184965474000071906e-01
-2.716775488377458081e-01,2.229817554454577300e-01,-9.362000033091083528e-01
-1.414410068456188052e-01,3.764522187537224229e-01,-9.155753210839047140e-01
-5.413853414619751447e-03,5.145106839949515898e-01,-8.574668776379936741e-01
1.308349438112745566e-01,6.315050213809890733e-01,-7.642536394735029992e-01
2.617273430650821631e-01,7.226454689929995290e-01,-6.397517675129772430e-01
3.819045941421482793e-01,7.842007261971992715e-01,-4.890583830228292794e-01
4.864466262631503279e-01,8.136507135312125438e-01,-3.183428908698066051e-01
5.710734763498872546e-01,8.097897450533586561e-01,-1.345944033608726387e-01
6.323205112165753983e-01,7.727758892667648816e-01,5.466439483582645475e-02
6.676802700595516615e-01,7.041244977762786128e-01,2.416852262851530986e-01
6.757051201971890908e-01,6.066461666157156873e-01,4.188114361735573166e-01
6.560665233219730164e-01,4.843316701160071958e-01,5.787914566567616825e-01
6.095684858974120823e-01,3.421885781351946543e-01,7.150756868993296544e-01
6.130823627039688750e-01,3.395645227129323596e-01,7.133203708405191357e-01
5.508130317775278284e-01,1.765534783323589318e-01,8.157413029342029942e-01
4.659933506123317137e-01,6.314313804705817823e-03,8.847656902402275536e-01
3.620958469211728037e-01,-1.641833594720122913e-01,9.175676662322624910e-01
2.433740967126056254e-01,-3.279593467212205682e-01,9.128043141591254406e-01
1.146885823893821071e-01,-4.783086397820751068e-01,8.706706462143610770e-01
-1.869229597219890585e-02,-6.090759209313725275e-01,7.928916197141235855e-01
-1.513079095404265551e-01,-7.149075623143574809e-01,6.826515171419801353e-01
-2.777289595141446688e-01,-7.914708040981207615e-01,5.444635812498965777e-01
-3.927797532535865499e-01,-8.356311381682361983e-01,3.839852423696877848e-01
-4.917500977451652600e-01,-8.455806352592541986e-01,2.077865025505135077e-01
-5.705881354568735908e-01,-8.209119617912522537e-01,2.308095890304406872e-02
-6.260662278617183940e-01,-7.626350561544563700e-01,-1.625695219138136027e-01
-6.559130953382460438e-01,-6.731357817128830190e-01,-3.415643874024120175e-01
-6.589068036251095606e-01,-5.560782492778879593e-01,-5.065755667386441230e-01
-6.349247899532989292e-01,-4.162548079810362012e-01,-6.508474828524943856e-01
-5.849488807803050472e-01,-2.593898459375775789e-01,-7.684736265470314409e-01
-5.110250956995903149e-01,-9.190543312442178703e-02,-8.546383696789158213e-01
-4.161798831580351132e-01,7.934159891927783370e-02,-9.058141175404006429e-01
-3.042962173009299831e-01,2.473403765809801258e-01,-9.199057290011416477e-01
-1.799546285542371893e-01,4.052130101641971405e-01,-8.963362918322423933e-01
-4.824567617076309933e-02,5.464961755007844424e-01,-8.360707415606883908e-01
8.543845986376834289e-02,6.654057232017956958e-01,-7.415763568954991669e-01
2.156247353128843414e-01,7.570734824130724849e-01,-6.167217490474857788e-01
3.369833087634601654e-01,8.177465643020008779e-01,-4.666184803317395824e-01
4.445457459594023830e-01,8.449410057672639418e-01,-2.974117962058686060e-01
5.339084280838592989e-01,8.375434631800623420e-01,-1.160290381989271258e-01
6.014128364309864194e-01,7.958567928030906291e-01,7.010396226471171666e-02
6.442953325916210838e-01,7.215876518195577516e-01,2.533668982763673250e-01
6.608003021344676098e-01,6.177766275875830049e-01,4.262569637032419534e-01
6.502520296671903122e-01,4.886737556365010615e-01,5.816960189530392400e-01
6.130823627039688750e-01,3.395645227129324706e-01,7.133203708405189136e-01
6.158887244388584481e-01,3.376528884994471347e-01,7.118086863737009828e-01
5.609164004852796870e-01,1.696712774196673379e-01,8.102989875875531434e-01
4.829800931909550288e-01,-5.256695693202251274e-03,8.756155530434823753e-01
3.852705241336412123e-01,-1.799694590667566541e-01,9.050843148773524138e-01
2.717879345509316980e-01,-3.473142516406043101e-01,8.974988185172519950e-01
1.471783149939805690e-01,-5.004399579445939494e-01,8.531696150754217722e-01
1.654319792845829543e-02,-6.330775935711336899e-01,7.739115473492307329e-01
-1.147691996039983398e-01,-7.397969581334120637e-01,6.629694499438161248e-01
-2.413829326198589087e-01,-8.162289483072570073e-01,5.248853053620989861e-01
-3.581144200129721122e-01,-8.592444294345734646e-01,3.653122947074527449e-01
-4.601846609740967153e-01,-8.670823426639049369e-01,1.907833557851111583e-01
-5.434148878455398179e-01,-8.394218029067266329e-01,8.443723860834750905e-03
-6.043976453600482523e-01,-7.773952359106730547e-01,-1.742415951103996052e-01
-6.406362922598083376e-01,-6.835420166163745925e-01,-3.497934427052961093e-01
-6.506472140828836181e-01,-5.617045068490251758e-01,-5.110247056568534285e-01
-6.340205625136041689e-01,-4.168707485737992435e-01,-6.513345571159657732e-01
-5.914370346207648010e-01,-2.549702528717289196e-01,-7.649786952781895133e-01
-5.246400050396503589e-01,-8.263124505935731667e-02,-8.473045157745437983e-01
-4.363641520096295245e-01,9.309069563450339535e-02,-8.949415898410350012e-01
-3.302234993257235907e-01,2.650014923113951926e-01,-9.059396500682620479e-01
-2.105634577798086160e-01,4.260630967567056726e-01,-8.798484345783056382e-01
-8.228292353223266853e-02,5.696816279605078082e-01,-8.177361207989115588e-01
4.936628327258579807e-02,6.899773263808578472e-01,-7.221455941540957379e-01
1.789944286399326734e-01,7.820252719902819338e-01,-5.969903420361066804e-01
3.012945210678083519e-01,8.420570110803559105e-01,-4.473942351717725696e-01
4.112595804025648838e-01,8.676148371993024355e-01,-2.794817557529155061e-01
5.043876241946914085e-01,8.576524099428946002e-01,-1.001272604158222057e-01
5.768659793892579879e-01,8.125775922535453111e-01,8.332645672714862617e-02
6.257273736087536342e-01,7.342357524635227950e-01,2.633687789412668123e-01
6.489714156328622030e-01,6.258342146986056731e-01,4.326287524010120067e-01
6.456464916500578299e-01,4.918109506515299101e-01,5.841768539057399234e-01
6.158887244388584481e-01,3.376528884994473567e-01,7.118086863737008718e-01
6.147274638055892915e-01,3.383854020655789885e-01,7.124643604504454775e-01
5.651384721198622341e-01,1.670080296862035130e-01,8.079151102376769256e-01
4.924126449845971365e-01,-1.120667105113543061e-02,8.702897204857833469e-01
3.995273863076331811e-01,-1.889625693589129796e-01,8.970345673225013083e-01
2.902854294927603163e-01,-3.589823178749774746e-01,8.870547135759497825e-01
1.691591530873640392e-01,-5.143052881186089831e-01,8.407587356310954885e-01
4.110748107921454592e-02,-6.485725394383590192e-01,7.600419962645471594e-01
-8.862713603424192399e-02,-7.562871547894650659e-01,6.482090482697857592e-01
-2.147333477852102490e-01,-8.330392851635229912e-01,5.098383456775300582e-01
-3.320483510477550415e-01,-8.756866893250262462e-01,3.505948013097741622e-01
-4.357692558043800846e-01,-8.824833775367455502e-01,1.769978645832558373e-01
-5.216497160276603040e-01,-8.531510925847164417e-01,-3.845385515666821519e-03
-5.861737755855288556e-01,-7.888907016612718426e-01,-1.845312050797643655e-01
-6.266998118984316024e-01,-6.923330327210933666e-01,-3.576622954264005450e-01
-6.415686842781114230e-01,-5.674311680756359833e-01,-5.161506493747444191e-01
-6.301716593423256629e-01,-4.192986047388306270e-01,-6.535077350925601047e-01
-5.929753326310390760e-01,-2.539999072585234496e-01,-7.641101373517876771e-01
-5.315025261301945525e-01,-7.830242373133043665e-02,-8.434297808087042325e-01
-4.482699437606846304e-01,1.006007702235674206e-01,-8.882193099405210068e-01
-3.466851372241304130e-01,2.753853568254238660e-01,-8.966450361620353915e-01
-2.309070004358459161e-01,4.388956345624420718e-01,-8.683620092517574385e-01
-1.056755039192976697e-01,5.844374734524262482e-01,-8.045281396545087560e-01
2.388236014405115126e-02,7.060523735107808729e-01,-7.077567934917620152e-01
1.524624775770443696e-01,7.987614064399725100e-01,-5.820098010455700965e-01
2.748007632644529630e-01,8.587690535390316571e-01,-4.324352589613246756e-01
3.858886734160961729e-01,8.836185946851233819e-01,-2.651567665662170614e-01
4.811782559380903268e-01,8.722926867440295995e-01,-8.702272499329133382e-02
5.567683441259346777e-01,8.252550137175964640e-01,9.467403716559585902e-02
6.095642708877604399e-01,7.444313034662178863e-01,2.724948331191964779e-01
6.374045647786806823e-01,6.331304881839682208e-01,4.391596585881136772e-01
6.391494408957054674e-01,4.959092363257932567e-01,5.878452360353647599e-01
6.147274638055892915e-01,3.383854020655792105e-01,7.124643604504453664e-01
6.062768994514187160e-01,3.433706356397099868e-01,7.173039298456086454e-01
5.604496970447049309e-01,1.697740744077807784e-01,8.106003335438973778e-01
4.916776181909376930e-01,-1.077305737800971115e-02,8.707106643454040062e-01
4.027761998787661724e-01,-1.908791389289641038e-01,8.951739982444505417e-01
2.973850766193640305e-01,-3.631706061048199929e-01,8.829888034768904603e-01
1.798189733819021696e-01,-5.205938259960103398e-01,8.346539433482073056e-01
5.489106024635305447e-02,-6.567038734837465919e-01,7.521482527111744698e-01
-7.228409934510750257e-02,-7.659283872316295927e-01,6.388495242344786051e-01
-1.964999394163582935e-01,-8.437957028134851489e-01,4.993962211739915169e-01
-3.126710488801408006e-01,-8.871179231803713039e-01,3.394975781420767058e-01
-4.160413688654821529e-01,-8.941214315403229751e-01,1.656998643717533803e-01
-5.023789063266853594e-01,-8.645195034382062715e-01,-1.488162131485676332e-02
-5.681489923358589156e-01,-7.995240452886007709e-01,-1.948538516763203554e-01
-6.106589918441303055e-01,-7.017959787847937170e-01,-3.668487424557999033e-01
-6.281685404769180581e-01,-5.753363024520108393e-01,-5.238248026162419801e-01
-6.199607952559110791e-01,-4.253222902976973585e-01,-6.593554138107742268e-01
-5.863717822348268882e-01,-2.578955336053491698e-01,-7.678919368929217892e-01
-5.287766395532897956e-01,-7.991050346575938323e-02,-8.449908738552016629e-01
-4.495333191198238598e-01,1.013460720748041721e-01,-8.874957851596373404e-01
-3.518860517836701063e-01,2.784535275169674473e-01,-8.936665147433106027e-01
-2.398325281426370859e-01,4.441610628256861260e-01,-8.632504322120355678e-01
-1.179602326203192525e-01,5.916845920356117450e-01,-7.974927755583808286e-01
8.741368685213329881e-03,7.149844845276117633e-01,-6.990856709719434070e-01
1.350850973297060553e-01,8.090128282159416706e-01,-5.720579168768362699e-01
2.558984262176956515e-01,8.699200916621396829e-01,-4.216100444508399936e-01
3.662352434695443359e-01,8.952127243444188975e-01,-2.539014072679495748e-01
4.615783468229358588e-01,8.838552429090087426e-01,-7.579801663936075462e-02
5.380243784242435545e-01,8.363126239803222450e-01,1.054085536963323966e-01
5.924436287576824167e-01,7.545312679633204844e-01,2.822996854587184745e-01
6.226081673206110834e-01,6.418593131822407649e-01,4.476334349296199888e-01
6.272830543600804720e-01,5.029095627042130534e-01,5.946410189798073676e-01
6.062768994514187160e-01,3.433706356397102089e-01,7.173039298456085344e-01
5.877184457050841360e-01,3.536219501484583194e-01,7.276939912842481650e-01
5.445708106144759864e-01,1.785452501247823953e-01,8.194902231781469037e-01
4.791283825529579765e-01,-3.841113417178187994e-03,8.777364290491198595e-01
3.940703822145272817e-01,-1.860702213245279124e-01,9.000480023851703537e-01
2.928790941269299175e-01,-3.606815925085286034e-01,8.855115047524220184e-01
1.796973015139435303e-01,-5.205266169169426860e-01,8.347220620719254525e-01
5.915868026343998332e-02,-6.590612204694963339e-01,7.497590000945264510e-01
-6.380190430789861589e-02,-7.706137802196235675e-01,6.341007165603155249e-01
-1.841504314204663595e-01,-8.506173212642846870e-01,4.924822751864545989e-01
-2.969598182339232562e-01,-8.957964892330946283e-01,3.307015516022498991e-01
-3.976116351975863550e-01,-9.043016436810831227e-01,1.553818676396664378e-01
-4.819851850988766673e-01,-8.757845825858366906e-01,-2.629916824067896064e-02
-5.466262048913642646e-01,-8.114127977792067181e-01,-2.069035130832299063e-01
-5.888882836297475443e-01,-7.138216776945407460e-01,-3.790372037900228697e-01
-6.070412068448935994e-01,-5.870066142545741217e-01,-5.356530668386717542e-01
-6.003417917274964655e-01,-4.361594310566766497e-01,-6.703392303943827013e-01
-5.690643131196101434e-01,-2.674558295047618217e-01,-7.775816270962321308e-01
-5.144892746703892961e-01,-8.780255486819636690e-02,-8.529897406228000856e-01
-4.388509848662397461e-01,9.544536668103520416e-02,-8.934763539462318160e-01
-3.452460841788649870e-01,2.747857437039908368e-01,-8.973839403600907261e-01
-2.375067682405147540e-01,4.428763600937514200e-01,-8.645525228174713028e-01
-1.200438973045378221e-01,5.928355662655105940e-01,-7.963262234100965120e-01
2.333584891645951176e-03,7.185240146991384025e-01,-6.954982348519540558e-01
1.246155298481811946e-01,8.147960055479965824e-01,-5.661964668413996815e-01
2.417957003710288211e-01,8.777101521952540564e-01,-4.137145489530984488e-01
3.490767265108980499e-01,9.046907420850738291e-01,-2.442951088212618749e-01
4.420665104526372291e-01,8.946331866972818680e-01,-6.487419823082639370e-02
5.169580395158360764e-01,8.479492435311672960e-01,1.172026696575739213e-01
5.706852457012659974e-01,7.665501587050809196e-01,2.944812464794639983e-01
6.010485308750168620e-01,6.537684203157894114e-01,4.597037264704076920e-01
6.068048185745407164e-01,5.142213259842414175e-01,6.061058818867584019e-01
5.877184457050841360e-01,3.536219501484585415e-01,7.276939912842480540e-01
5.571661095119059270e-01,3.692754864036416618e-01,7.437751955750599997e-01
5.163096830434795725e-01,1.930248821322267661e-01,8.343654511503816318e-01
4.543154774874410551e-01,8.871816506857810314e-03,8.907966871218286897e-01
3.737215429032647585e-01,-1.756444623286961271e-01,9.107586020583415820e-01
2.778274044422119893e-01,-3.529698362391651134e-01,8.934339528169938927e-01
1.705589793999611470e-01,-5.158445835818080694e-01,8.395320125732864680e-01
5.630784970124675520e-02,-6.576005930634465368e-01,7.512595330940056160e-01
-6.024852998012811961e-02,-7.724343570002786263e-01,6.322304000606091545e-01
-1.743383277652148788e-01,-8.556445676043361592e-01,4.873176801648133605e-01
-2.812906939277099450e-01,-9.038245890767041546e-01,3.224541171856740718e-01
-3.767269860305514917e-01,-9.150019256773918030e-01,1.443892447622028841e-01
-4.567400310617608650e-01,-8.887189759326858951e-01,-3.958694030684851289e-02
-5.180540855566265757e-01,-8.260517668932496615e-01,-2.219424313884694744e-01
-5.581589449200337061e-01,-7.295659014602426939e-01,-3.952115732519181357e-01
-5.754127114975231549e-01,-6.032115223010995342e-01,-5.523007068710450440e-01
-5.691090140581812618e-01,-4.521615925446049733e-01,-6.867785846582938891e-01
-5.395059267158275329e-01,-2.826001140626031027e-01,-7.931396664965748577e-01
-4.878154033444729865e-01,-1.014689537067746672e-01,-8.670295171985320515e-01
-4.161536600443195844e-01,8.381635753590499505e-02,-9.054230775947387233e-01
-3.274545370059728233e-01,2.656702172530606698e-01,-9.067485108115223014e-01
-2.253493867483269131e-01,4.366475070609516229e-01,-8.709515534572559448e-01
-1.140184061197760113e-01,5.897483966258628696e-01,-7.994977371719869108e-01
1.980501451912364264e-03,7.187049175404170986e-01,-6.953123895899017137e-01
1.178983270614604867e-01,8.182375746866245025e-01,-5.626608710822689208e-01
2.289893813086471275e-01,8.842714893863286019e-01,-4.069739504026827492e-01
3.307055833799479316e-01,9.141032254130680990e-01,-2.346254683762018789e-01
4.188826600114173848e-01,9.065114679888279792e-01,-5.267139210707749708e-02
4.899106313253966949e-01,8.618070245545501606e-01,1.314390571435365695e-01
5.408816038308593699e-01,7.818201002769833430e-01,3.101683759512606775e-01
5.697088199245966544e-01,6.698253692341158416e-01,4.761993650043035986e-01
5.752120899926768116e-01,5.304079088736642911e-01,6.227346961030205685e-01
5.571661095119059270e-01,3.692754864036418838e-01,7.437751955750598887e-01
5.137805465427166540e-01,3.894754122154629461e-01,7.644203380823018090e-01
4.755618046017718870e-01,2.119967258788695019e-01,8.537554440356697194e-01
4.178735065042911145e-01,2.583886867623747322e-02,9.081377017982120714e-01
3.430774179524723744e-01,-1.613768348459379554e-01,9.253406953474863084e-01
2.542356995997944735e-01,-3.419857517885474540e-01,9.046601321063192369e-01
1.549855418340746194e-01,-5.085937318713144029e-01,8.469426767636673015e-01
4.939025777563985087e-02,-6.543798248140435536e-01,7.545512887227717735e-01
-5.822706923923849642e-02,-7.733755308425207531e-01,6.312684822655538763e-01
-1.634605731980722509e-01,-8.607091517705388606e-01,4.821414699734869469e-01
-2.620019820843751401e-01,-9.128052388960400387e-01,3.132755292514883272e-01
-3.498169990402180685e-01,-9.275309722910756172e-01,1.315840515536216560e-01
-4.233104669536020270e-01,-9.042834787002524966e-01,-5.549449267531962604e-02
-4.794735546130377002e-01,-8.440145132426439822e-01,-2.403010858538072725e-01
-5.160069386108651068e-01,-7.491914944453872405e-01,-4.152697243432613705e-01
-5.314149379137227402e-01,-6.236964878392733391e-01,-5.732371715259816369e-01
-5.250667472197884100e-01,-4.726672737397937807e-01,-7.077362215539202417e-01
-4.972222622019527027e-01,-3.022870059173605184e-01,-8.132604675159661456e-01
-4.490214393484341371e-01,-1.195310725554555864e-01,-8.854897343838611379e-01
-3.824376260102115843e-01,6.811847696117445672e-02,-9.214669474854545461e-01
-3.001967713286178285e-01,2.529792480274327682e-01,-9.197191954892243171e-01
-2.056658255572074157e-01,4.274830189556488858e-01,-8.803180315672483047e-01
-1.027148967227766718e-01,5.844855848606982374e-01,-8.048765439999322480e-01
4.441192051972546982e-03,7.175592422474104115e-01,-6.964833161522805405e-01
1.114154579022960390e-01,8.212559399468827293e-01,-5.595759795080396115e-01
2.138283618153390964e-01,8.913303229714537590e-01,-3.997595365153537861e-01
3.074871074718963926e-01,9.249135378467072677e-01,-2.235768911279780169e-01
3.885572948203533383e-01,9.206306838097906287e-01,-3.824098154865379628e-02
4.537199008653212684e-01,8.786571014081885345e-01,1.486605183083970494e-01
5.003071608590382580e-01,8.007111940371096637e-01,3.294758390790328284e-01
5.264117869035906949e-01,6.899840763025807400e-01,4.968023802860055405e-01
5.309650525415516853e-01,5.510089294145377181e-01,6.437897736722681952e-01
5.137805465427166540e-01,3.894754122154631681e-01,7.644203380823016980e-01
4.579756138041696234e-01,4.123623723802775087e-01,7.875376886255041065e-01
4.233958060382607691e-01,2.333912706348769961e-01,8.753653558490004372e-01
3.714821242262505985e-01,4.486510284737466048e-02,9.273554625529765172e-01
3.043599206011214919e-01,-1.454978475221249679e-01,9.413795276603934559e-01
2.247771860658102638e-01,-3.299040989187975170e-01,9.168634042979959542e-01
1.359920471227667460e-01,-5.008040377436488999e-01,8.548107854367626990e-01
4.163937779213012363e-02,-6.512010004212992476e-01,7.577621125837458171e-01
-5.441801255773544288e-02,-7.749377176288329006e-01,6.296905698082824188e-01
-1.482475230796423404e-01,-8.669483936253263856e-01,4.758394211193677226e-01
-2.360077625883243435e-01,-9.234661005246881382e-01,3.025073506210680940e-01
-3.141058165669057822e-01,-9.421769967659094913e-01,1.167905936452370980e-01
-3.793443415093715743e-01,-9.223150560584377766e-01,-7.370758395674176233e-02
-4.290524645393760661e-01,-8.646934285885159444e-01,-2.611881644112581391e-01
-4.611951292596146446e-01,-7.716711505550164496e-01,-4.379756707264714222e-01
-4.744564111998377243e-01,-6.470565649502842964e-01,-5.968324016221867589e-01
-4.682933919192781569e-01,-4.959514075505692121e-01,-7.312547438706600289e-01
-4.429583861514061471e-01,-3.245419412539177761e-01,-8.357394309862843373e-01
-3.994886120090950787e-01,-1.398456897502720064e-01,-9.060088476021166404e-01
-3.396637271532128022e-01,5.057586072292080681e-02,-9.391861555455986998e-01
-2.659329693988846111e-01,2.389268295157058741e-01,-9.339130719313561979e-01
-1.813148846315688623e-01,4.174961058354080268e-01,-8.904054774221173973e-01
-8.927374718384240015e-02,5.789730425284983495e-01,-8.104445780490157070e-01
6.422267962810480381e-03,7.167467548340281658e-01,-6.973039824273926657e-01
1.018553547044814683e-01,8.251767707824849696e-01,-5.556156798354531245e-01
1.931184712570549189e-01,8.998239527809529514e-01,-3.911804060289796325e-01
2.764752949059076648e-01,9.376322364277436261e-01,-2.107301604379335780e-01
3.485131874968447341e-01,9.370537461480725749e-01,-2.165259731881619132e-02
4.062829092431002320e-01,8.981121654019591505e-01,1.683114256786058804e-01
4.474193609487282508e-01,8.224017670805907620e-01,3.513847591329928854e-01
4.702384114475725019e-01,7.130221437868382584e-01,5.200723592625190461e-01
4.738058461310858949e-01,5.744513101499081342e-01,6.674681358979300816e-01
4.579756138041696789e-01,4.123623723802777308e-01,7.875376886255039954e-01
3.912592312417016993e-01,4.354520548967774074e-01,8.107389973686501827e-01
3.618106401710364795e-01,2.547051050033507513e-01,8.967822311711215466e-01
3.175494789808238072e-01,6.353049818450762221e-02,9.461110950620088555e-01
2.602878048106567754e-01,-1.302450546945258802e-01,9.567060595577241422e-01
1.923699173290228381e-01,-3.186883597312212268e-01,9.281333655669570248e-01
1.165763828294331256e-01,-4.940845258762281422e-01,8.615627825388386674e-01
3.601019751966310495e-02,-6.492528134793954520e-01,7.597197179642517506e-01
-4.603024950758047296e-02,-7.778406146147498479e-01,6.267736388729316932e-01
-1.261862127116590571e-01,-8.745835295953847677e-01,4.681673733633781587e-01
-2.011760975410718244e-01,-9.355208921151831891e-01,2.903942805809973660e-01
-2.679298092999654046e-01,-9.581579193927485250e-01,1.007324118317510231e-01
-3.237144431857024718e-01,-9.415678488715993888e-01,-9.305345369344281137e-02
-3.662461697325847809e-01,-8.864298799881220603e-01,-2.830296998911104311e-01
-3.937837350585172147e-01,-7.950013676668427065e-01,-4.614186769206582439e-01
-4.051997480035298138e-01,-6.710254059445884822e-01,-6.209171191026819914e-01
-4.000268356563290162e-01,-5.195775852608252032e-01,-7.549951414739779487e-01
-3.784767776562007469e-01,-3.468581971887098048e-01,-8.581635740451670769e-01
-3.414318359096943922e-01,-1.599383937695808000e-01,-9.261986890650083515e-01
-2.904086346845077826e-01,3.352930628243822042e-02,-9.563151209308031753e-01
-2.274960698337717968e-01,2.256243125957279050e-01,-9.472798993834350423e-01
-1.552697891543876885e-01,4.084822330416179037e-01,-8.994629274546468434e-01
-7.668674506359761389e-02,5.746168428721591948e-01,-8.148218375934589419e-01
5.035863380406180312e-03,7.172265716409018665e-01,-6.968218459636940088e-01
8.655230298592730964e-02,8.304729602961222756e-01,-5.502938860870849602e-01
1.645252811377407864e-01,9.097196883803897460e-01,-3.812368298572845204e-01
2.357625749488753975e-01,9.517223855348392325e-01,-1.965718930197012659e-01
2.973477212406767101e-01,9.547614564028602535e-01,-3.859279785674796237e-03
3.467594168880110406e-01,9.187124810660403096e-01,1.890113328162233985e-01
3.819747412654485030e-01,8.450513088102435955e-01,3.741437992447367300e-01
4.015519748553521562e-01,7.367936366824429095e-01,5.439587745721407019e-01
4.046896234143240179e-01,5.983715464992863664e-01,6.915040137561190292e-01
3.912592312417016993e-01,4.354520548967776294e-01,8.107389973686500717e-01
3.157170214831828137e-01,4.562050150171652607e-01,8.319854245231543821e-01
2.931863828953843454e-01,2.735575648279348626e-01,9.160829676454689263e-01
2.586526593439115174e-01,7.971063579299975110e-02,9.626759664371995484e-01
2.135296655285019440e-01,-1.173996560369028885e-01,9.698568980533679440e-01
1.596647421176850823e-01,-3.097035921547807158e-01,9.373317743098845689e-01
9.926312540475951129e-02,-4.893282268212149066e-01,8.664321775943474302e-01
3.479766467484111947e-02,-6.489197063879631466e-01,7.600607457266392863e-01
-3.109241653541724992e-02,-7.819443369303601399e-01,6.225723376255369867e-01
-9.570957055951183345e-02,-8.829560744442697118e-01,4.595957448729016126e-01
-1.564083635195029354e-01,-9.478194865274971459e-01,2.778032483249624485e-01
-2.107037796998032508e-01,-9.738790574682278933e-01,8.463745415010337503e-02
-2.563729583825506420e-01,-9.600679053702786403e-01,-1.119934073421392784e-01
-2.915461980265728337e-01,-9.069514604232813415e-01,-3.040392455791281479e-01
-3.147835020681635232e-01,-8.167043161242831806e-01,-4.836376813790129181e-01
-3.251335325495924855e-01,-6.930212011644739656e-01,-6.434359336782263794e-01
-3.221725580068730554e-01,-5.409657168024575302e-01,-7.768918432521410011e-01
-3.060218010856840531e-01,-3.667630324337757819e-01,-8.785417094823974038e-01
-2.773424756720122564e-01,-1.775450264244287091e-01,-9.442239749021765771e-01
-2.373087167179710466e-01,1.894169382738936439e-02,-9.712495998478544168e-01
-1.875595110189058889e-01,2.146529389083595973e-01,-9.585121520587785993e-01
-1.301315969014197049e-01,4.015762674497725393e-01,-9.065331041440203297e-01
-6.737607991697612542e-02,5.720590164185834769e-01,-8.174404844324889563e-01
-1.862178304378306337e-03,7.191216020411370646e-01,-6.948817552431127975e-01
6.372796110679743165e-02,8.367432647829259329e-01,-5.438744853489441144e-01
1.267090703025433585e-01,9.201085599513426638e-01,-3.706009301220510310e-01
1.845026952724195812e-01,9.658045025671863071e-01,-1.821549292722007829e-01
2.347427582196966733e-01,9.719602953707184856e-01,1.374851578434871033e-02
2.753724250643565519e-01,9.383239194812880157e-01,2.090890949893050021e-01
3.047283124719954994e-01,8.662724520799143235e-01,3.958695420784736352e-01
3.216085869629745075e-01,7.587556887076976064e-01,5.664430436022533932e-01
3.253221681162848933e-01,6.201753782897797551e-01,7.138263003667252304e-01
3.157170214831828692e-01,4.562050150171655383e-01,8.319854245231543821e-01
2.340284698851227418e-01,4.723449903929498039e-01,8.497769621105942806e-01
2.202591577012691093e-01,2.879664825505648396e-01,9.319663128977253574e-01
1.974724097217733509e-01,9.179859307793460099e-02,9.760008533334312286e-01
1.666011180862452257e-01,-1.081275415811830398e-01,9.800778041584354838e-01
1.289091571014660265e-01,-3.036269219835202593e-01,9.440302545269410039e-01
8.593964007876991884e-02,-4.866957805252035696e-01,8.693339953562683187e-01
3.945174409377009972e-02,-6.498392566278589078e-01,7.590471002733027994e-01
-8.651310929811799333e-03,-7.863782372112992913e-01,6.176847277209007725e-01
-5.640018026744133411e-02,-8.907228003677892803e-01,4.510342698407312501e-01
-1.018400195981820078e-01,-9.586010674217367855e-01,2.659184159590057273e-01
-1.431105165608789753e-01,-9.872340941445955087e-01,6.991583088383103439e-02
-1.785220521608017752e-01,-9.754496410580936194e-01,-1.289491165224888325e-01
-2.066248739698107739e-01,-9.237301650562069755e-01,-3.225348719475000792e-01
-2.262684491611040016e-01,-8.341930675632335257e-01,-5.029160118187423478e-01
-2.366485674583276577e-01,-7.105040078706975626e-01,-6.627077110760030143e-01
-2.373402655987813525e-01,-5.577268306152589616e-01,-7.953680787769623617e-01
-2.283152253793238051e-01,-3.821162513843116004e-01,-8.954659838810116179e-01
-2.099429330069368660e-01,-1.908617879249374094e-01,-9.589034063921866302e-01
-1.829755522899986775e-01,8.206579557391624480e-03,-9.830832107792992769e-01
-1.485171309635933967e-01,2.069389687084088880e-01,-9.670154730097346718e-01
-1.079784008455165617e-01,3.971992521662078279e-01,-9.113580081556577062e-01
-6.301902230990104326e-02,5.711981515713913105e-01,-8.183894393676691692e-01
-1.547963759649741491e-02,7.218121315383090320e-01,-6.919159107752920201e-01
3.269348529888700672e-02,8.428750380307240553e-01,-5.371152634991068764e-01
7.952813306481358591e-02,9.294305414325492176e-01,-3.603250542269045287e-01
1.231068897189078332e-01,9.779350492646742277e-01,-1.687830948982563806e-01
1.616456358434646134e-01,9.864027812774140980e-01,2.966886416669783921e-02
1.935665906440341977e-01,9.544870675272509875e-01,2.269061764467241726e-01
2.175629064805283674e-01,8.834945410850537639e-01,4.148539232026777213e-01
2.326521713631535537e-01,7.763316443246335297e-01,5.858175015994473434e-01
2.382166290147017529e-01,6.373856388304677267e-01,7.327976426501018326e-01
2.340284698851227418e-01,4.723449903929500260e-01,8.497769621105941695e-01
1.489195290397480054e-01,4.822198154801140557e-01,8.633000772784064081e-01
1.456168320806704719e-01,2.966269111997900665e-01,9.438263684422362187e-01
1.363525649069589341e-01,9.889006632276428621e-02,9.857122971871511430e-01
1.215060077052104448e-01,-1.028953494886048481e-01,9.872430486689471874e-01
1.016849802716608964e-01,-3.004682176022201445e-01,9.483559537421034635e-01
7.770095779831169558e-02,-4.857398815836841965e-01,8.706430546419648975e-01
5.053584898322473207e-02,-6.511252977410993958e-01,7.572859265885690805e-01
2.130179657305438998e-02,-7.898535677050197990e-01,6.129254237233188185e-01
-8.804353891671608950e-03,-8.962451398032432737e-01,4.434716819951564637e-01
-3.855005307360491462e-02,-9.659443305735893048e-01,2.558621575004023652e-01
-6.671750855326596952e-02,-9.960976469566128477e-01,5.777760621505451111e-02
-9.215354139378185983e-02,-9.854706086367286400e-01,-1.426723670573180058e-01
-1.138167974220549578e-01,-9.344982878113767821e-01,-3.372813168590724220e-01
-1.308203803909633034e-01,-8.452674972841406342e-01,-5.180819299197444439e-01
-1.424681616159235165e-01,-7.214313561033777189e-01,-6.776722078974600771e-01
-1.482832795650296243e-01,-5.680597304391574731e-01,-8.095185060607501537e-01
-1.480276626261979034e-01,-3.914316726665738599e-01,-9.082230214715275585e-01
-1.417117757869377215e-01,-1.987783562237520063e-01,-9.697447796715863433e-01
-1.295941921965337029e-01,2.012969478335346896e-03,-9.915650726517172275e-01
-1.121710071509325612e-01,2.027218839734659106e-01,-9.727905750535374985e-01
-9.015552789303846182e-02,3.951313407199130712e-01,-9.141899170146264852e-01
-6.444907073037864365e-02,5.713640739513253797e-01,-8.181622163603823328e-01
-3.610406103957287255e-02,7.242050948627423157e-01,-6.886388584383655864e-01
-6.280946847759927287e-03,8.473970740999928752e-01,-5.309225447402519116e-01
2.379931004598022370e-02,9.358965175586613228e-01,-3.514701996797220396e-01
5.290522039013775130e-02,9.860802476253065496e-01,-1.576286233483093491e-01
7.984518479542358771e-02,9.958937364946621740e-01,4.266628734355987218e-02
1.035162779537739247e-01,9.649352187793807101e-01,2.412144352185079388e-01
1.229494025300505167e-01,8.944721398321973105e-01,4.298872357741175820e-01
1.373489641208054390e-01,7.873892663842698703e-01,6.009604023875292356e-01
1.461254429826365775e-01,6.480705838562599297e-01,7.474301795173463603e-01
1.489195290397480054e-01,4.822198154801142778e-01,8.633000772784062971e-01
6.268028790964022545e-02,4.848733295427192225e-01,8.723353918108104343e-01
7.129334294895998958e-02,2.989137868843204093e-01,9.516132655977611599e-01
7.698764015133720273e-02,1.007166786699986299e-01,9.919319804813284680e-01
7.953005432025504751e-02,-1.016037822027801157e-01,9.916408835369311392e-01
7.881649872091703313e-02,-2.997645722942394175e-01,9.507518923076753170e-01
7.487618640339929743e-02,-4.856529655751310459e-01,8.709390068987392652e-01
6.787043421694805012e-02,-6.516586693835760835e-01,7.554697762163805619e-01
5.808605847921752968e-02,-7.909853907008149720e-01,6.090715241317936623e-01
4.592363268252576403e-02,-8.979290771859254061e-01,4.377378122863855858e-01
3.188108796801367856e-02,-9.681114417488572155e-01,2.484830629739639141e-01
1.653332776622230132e-02,-9.986592101383263698e-01,4.905538786786763084e-02
5.086911830982713796e-04,-9.883217531272574519e-01,-1.523806205813022230e-01
-1.553677127683046610e-02,-9.375222874202833179e-01,-3.475781485199108123e-01
-3.094615649519266015e-02,-8.483405491121313036e-01,-5.285457862194159473e-01
-4.508860243062266793e-02,-7.244276490475466401e-01,-6.878746973296051559e-01
-5.738511568485714365e-02,-5.708565959143206969e-01,-8.190419375092752308e-01
-6.733227556048877738e-02,-3.939146066715605854e-01,-9.166775045339742300e-01
-7.452284416346752205e-02,-2.008457071486656198e-01,-9.767841868180187070e-01
-7.866243877033153586e-02,4.458392232642994211e-04,-9.969012097264647876e-01
-7.958158389149405654e-02,2.017191328850098109e-01,-9.762049799777907655e-01
-7.724264961769973514e-02,3.947340215454517853e-01,-9.155428036496110478e-01
-7.174139219293079739e-02,5.715884529845441930e-01,-8.173981973683044355e-01
-6.330303374252764514e-02,7.250419859996579675e-01,-6.857892128465293835e-01
-5.227304165291474236e-02,8.488122149191295041e-01,-5.261039373740061809e-01
-3.910298509620991486e-02,9.378319720286113492e-01,-3.448799048908033349e-01
-2.433204773526058060e-02,9.884567780126640724e-01,-1.495364485797027465e-01
-8.564953481135473626e-03,9.986140473661382355e-01,5.192904750603750258e-02
7.552790974846638507e-03,9.678879402882741845e-01,2.512685622854767264e-01
2.336132328090325880e-02,8.975363872130041054e-01,4.403211126021457922e-01
3.821344026700077695e-02,7.904395889891858706e-01,6.113468648333492128e-01
5.150109451867867366e-02,6.509821011194422136e-01,7.573440045880686089e-01
6.268028790964021157e-02,4.848733295427194445e-01,8.723353918108103233e-01
-2.259352311558922993e-02,4.799209295391608232e-01,8.770207717628420996e-01
-9.780832149119920993e-04,2.947165192016863999e-01,9.555842279270125861e-01
2.067739952750364402e-02,9.744637994037430584e-02,9.950259535234717845e-01
4.148634710377199081e-02,-1.038132255651602887e-01,9.937311996720945562e-01
6.059683875517309776e-02,-3.008227054185210747e-01,9.517529737476836393e-01
7.722648870811119060e-02,-4.855164683668805603e-01,8.708098692518165818e-01
9.069447713961206747e-02,-6.503331300545370786e-01,7.542157063929648686e-01
1.004494230208686500e-01,-7.885250769868625831e-01,6.067438638978024379e-01
1.060919577213447901e-01,-8.944347146195833487e-01,4.344318563252869692e-01
1.073910752074333369e-01,-9.637260899441618678e-01,2.443341575112385755e-01
1.042935894566139887e-01,-9.935624059134187114e-01,4.423338958063527393e-02
9.692631189946443460e-02,-9.827221602459543792e-01,-1.576782985166015338e-01
8.559085974479273273e-02,-9.316491538730696798e-01,-3.531346185461553544e-01
7.075130773567019082e-02,-8.424343216764939024e-01,-5.341335658008736775e-01
5.301518887492363830e-02,-7.187301293686525483e-01,-6.932650221136749114e-01
3.310862195261751045e-02,-5.656010411172541774e-01,-8.240141269659611023e-01
1.184658415747331939e-02,-3.893161797872147223e-01,-9.210279966427117326e-01
-9.900454184992361212e-03,-1.970926683139780367e-01,-9.803348719207152229e-01
-3.124216676987047817e-02,3.199840157438238464e-03,-9.995067223578281146e-01
-5.130482137639137685e-02,2.033613467968436450e-01,-9.777586501445582057e-01
-6.926705056770229851e-02,3.951972160044430749e-01,-9.159810239126064957e-01
-8.439347857023857258e-02,5.708536647551188947e-01,-8.167030269384722985e-01
-9.606482764429657983e-02,7.231392973982625483e-01,-6.839891120829458826e-01
-1.038032713874591090e-01,8.458195222406615921e-01,-5.232726026134355557e-01
-1.072919970036525644e-01,9.338717964629540402e-01,-3.411332513110109099e-01
-1.063881756562420899e-01,9.836912496127759864e-01,-1.450278646184582354e-01
-1.011288098973852217e-01,9.932382674246367227e-01,5.701497989162446212e-02
-9.172921877919876232e-02,9.621219938675917849e-01,2.567236244259685773e-01
-7.857422266646632569e-02,8.916163328370732000e-01,4.459219736125683564e-01
-6.220238864568961024e-02,7.846077943797341581e-01,6.168642248058624489e-01
-4.328398152528802056e-02,6.454773206329873503e-01,7.625519821571354884e-01
-2.259352311558925422e-02,4.799209295391610453e-01,8.770207717628419886e-01
-1.053028618976742797e-01,4.674394455812967974e-01,8.777309792816972989e-01
-6.998457544144506826e-02,2.843029016054519076e-01,9.561767720139406901e-01
-3.180111224380463564e-02,8.952696343370725174e-02,9.954765753539329687e-01
7.684292225569197554e-03,-1.089142191399850024e-01,9.940214507354041551e-01
4.685510086836220528e-02,-3.028964407852087204e-01,9.518709711312063337e-01
8.410765617636389857e-02,-4.844780465558655713e-01,8.707507821288069660e-01
1.179168341582752660e-01,-6.462250641767717241e-01,7.539819537971814700e-01
1.468984830951070852e-01,-7.815155517420597775e-01,6.063450156879813813e-01
1.698660908741863873e-01,-8.848107007948496916e-01,4.338842413940011133e-01
1.858793609344582543e-01,-9.518815957962553087e-01,2.436601952781166092e-01
1.942827081181758009e-01,-9.799823464244237226e-01,4.346067213868849005e-02
1.947320984042863190e-01,-9.679625046469395588e-01,-1.585181360245094817e-01
1.872091337016753287e-01,-9.163141641984444696e-01,-3.540071930737738737e-01
1.720218050691785239e-01,-8.271518142053224665e-01,-5.350031540445189249e-01
1.497918835254456738e-01,-7.041257717524230797e-01,-6.940960230284798360e-01
1.214294646703820424e-01,-5.522727374727139926e-01,-8.247725192768348146e-01
8.809570926435672522e-02,-3.778095924315807430e-01,-9.216827316793401170e-01
5.115530517024232532e-02,-1.878788782855564388e-01,-9.808591447537706731e-01
1.212059687196502533e-02,9.743619212309539979e-03,-9.998790691959257293e-01
-2.741033008636017260e-02,2.069672117947968237e-01,-9.779638270643972175e-01
-6.581907491037283786e-02,3.957175424087908122e-01,-9.160106309469817631e-01
-1.015331790741418189e-01,5.682671503417314751e-01,-8.165558519719177122e-01
-1.330905029569734443e-01,7.175518343711264624e-01,-6.836711804758843769e-01
-1.591990860112764972e-01,8.374598619926069132e-01,-5.227969305232157415e-01
-1.787900397791794826e-01,9.230821844667543852e-01,-3.405193128088953025e-01
-1.910613083115852151e-01,9.709134138512814927e-01,-1.443007944188582636e-01
-1.955105044329640829e-01,9.789953339952549571e-01,5.782541544931003169e-02
-1.919554775313485617e-01,9.469970701383950695e-01,2.575842460147860224e-01
-1.805417708257886222e-01,8.762286349626379200e-01,4.467975472835524764e-01
-1.617366628098636239e-01,7.695872965190175830e-01,6.177189044700479581e-01
-1.363100368152517783e-01,6.314389637332407101e-01,7.633507771286497379e-01
-1.053028618976742936e-01,4.674394455812969085e-01,8.777309792816969658e-01
-1.842721284550843663e-01,4.478001627558728104e-01,8.749393104155538392e-01
-1.349311752581038859e-01,2.681509896281282224e-01,9.538808231141459038e-01
-8.006612389231670956e-02,7.752368347860451314e-02,9.937703428382069770e-01
-2.192315600700794898e-02,-1.162774513811792865e-01,9.929747879634144292e-01
3.711734846108912661e-02,-3.053181737193969569e-01,9.515267285998161295e-01
9.463826432208596873e-02,-4.818591341521805682e-01,8.711230531676978917e-01
1.482846785222126651e-01,-6.386727250167294478e-01,7.550554975862813212e-01
1.958603005609300951e-01,-7.693389794782347080e-01,6.080758812184285933e-01
2.354173788820748403e-01,-8.685084057264091939e-01,4.362015668276109648e-01
2.653364420514199296e-01,-9.321209957987396377e-01,2.464691090393630601e-01
2.843926001074716936e-01,-9.575724427835031749e-01,4.664617696815265280e-02
2.918056917004119843e-01,-9.438207614507253540e-01,-1.550864550688267063e-01
2.872722239894242580e-01,-8.914289472499239420e-01,-3.504698294134034886e-01
2.709777976752565931e-01,-8.025419272102569668e-01,-5.315049277633393521e-01
2.435895084857244153e-01,-6.807987463759292979e-01,-6.907801519214664676e-01
2.062286361982348104e-01,-5.311835848745150024e-01,-8.217747554967074208e-01
1.604247393139535682e-01,-3.598217049969167358e-01,-9.191258040274791208e-01
1.080530347530525431e-01,-1.737286822394895625e-01,-9.788477341486694350e-01
5.125762625366905162e-02,1.947681318107569517e-02,-9.984955230240878388e-01
-7.636275487055005362e-03,2.118849255815793420e-01,-9.772647878686576695e-01
-6.621754721211486894e-02,3.956184442333518514e-01,-9.160247174741474874e-01
-1.220878647740791523e-01,5.631552972950168989e-01,-8.172824875179113269e-01
-1.729598908074777008e-01,7.076365063174863135e-01,-6.850806164960774325e-01
-2.167509185892937673e-01,8.231469936275586097e-01,-5.248314645413393320e-01
-2.516681382969126468e-01,9.049577463028537494e-01,-3.430956507632001995e-01
-2.762820348529052561e-01,9.497194225164896642e-01,-1.473134607307882704e-01
-2.895849124402591901e-01,9.555994739850065534e-01,5.449975969253868097e-02
-2.910321496875263314e-01,9.223571707104063488e-01,2.540817535506034175e-01
-2.805644965317606321e-01,8.513534564945564043e-01,4.432616105649678784e-01
-2.586104999230560697e-01,7.454952317400355133e-01,6.142942851617748667e-01
-2.260689590620579836e-01,6.091163446061070852e-01,7.601776795475450044e-01
-1.842721284550844218e-01,4.478001627558730324e-01,8.749393104155537282e-01
-2.586791985286216455e-01,4.215356378159264006e-01,8.691333489745449725e-01
-1.953421547928085866e-01,2.468268644197598727e-01,9.491669724350979553e-01
-1.240077802880493463e-01,6.201297019332324689e-02,9.903415885217741188e-01
-4.759651268800183660e-02,-1.253397423190427407e-01,9.909715036141730771e-01
3.076336173384525141e-02,-3.075610310540725090e-01,9.510309289143999978e-01
1.078637805117671905e-01,-4.771907350408621240e-01,8.721550362434818959e-01
1.805482434420812854e-01,-6.272841942675480009e-01,7.575730139148900699e-01
2.458410400723586853e-01,-7.516965648781570586e-01,6.119758633855730823e-01
3.010690756369781562e-01,-8.453343898020583280e-01,4.413243491051399015e-01
3.439713078709051852e-01,-9.043641254848897582e-01,2.526049641189330730e-01
3.727913143456849654e-01,-9.263690876120971307e-01,5.354390222187383613e-02
3.863492006100325282e-01,-9.104483904487188362e-01,-1.477092533232900740e-01
3.840899052073019626e-01,-8.572538292072264809e-01,-3.429151746822980962e-01
3.661059239567369117e-01,-7.689631954749422960e-01,-5.240821084989906176e-01
3.331335231637633232e-01,-6.491911181705746214e-01,-6.837930592167013044e-01
2.865225967909383331e-01,-5.028410802115862444e-01,-8.155094417478072621e-01
2.281814016405167567e-01,-3.359046693474172507e-01,-9.138387719154673627e-01
1.604984330967560435e-01,-1.552162818530421762e-01,-9.747554353894114509e-01
8.624463984424898810e-02,3.182667845753522906e-02,-9.957654968096125714e-01
8.459980903203462299e-03,2.175666508125852494e-01,-9.760088017929501314e-01
-6.967103065002491769e-02,3.943994189203722800e-01,-9.162941917547191562e-01
-1.449497020224426169e-01,5.550854284775948999e-01,-8.190663898460539549e-01
-2.142941155631946093e-01,6.930461753731762542e-01,-6.883059137008767925e-01
-2.748653028343001070e-01,8.026335304195116871e-01,-5.293661125762749720e-01
-3.241834723120674555e-01,8.793609744250369120e-01,-3.487540006049231200e-01
-3.602295323434380747e-01,9.200872768170736959e-01,-1.538638588719504763e-01
-3.815277529954954616e-01,9.231450979905546639e-01,4.732548732147538739e-02
-3.872061826123099348e-01,8.884092503873591840e-01,2.465773225034515737e-01
-3.770323456181814969e-01,8.173018236896503197e-01,4.357342531305309907e-01
-3.514227600950253216e-01,7.127339643012005066e-01,6.070521722378457996e-01
-3.114258854831576384e-01,5.789866926715745432e-01,7.535173040881414375e-01
-2.586791985286217010e-01,4.215356378159266226e-01,8.691333489745448615e-01
-3.279430829971078376e-01,3.892605720849125484e-01,8.607726420690173796e-01
-2.509472998763092044e-01,2.209163956910072668e-01,9.424549850256415118e-01
-1.636777048135185930e-01,4.352787610093778597e-02,9.855531101615570000e-01
-6.970712528434880317e-02,-1.356426798510123599e-01,9.883025751698848449e-01
2.711727214420158599e-02,-3.092600085525238351e-01,9.505908166301355600e-01
1.228314852650242567e-01,-4.702161961673870239e-01,8.739617583678702673e-01
2.135169629470100028e-01,-6.119216774631001110e-01,7.615526030318777728e-01
2.954610310787673111e-01,-7.285750133857297195e-01,6.179653946491288075e-01
3.653088898829628950e-01,-8.154004026564183327e-01,4.490786104015936919e-01
4.202009598133777946e-01,-8.688432036368738398e-01,2.618064950797210355e-01
4.578899530775167315e-01,-8.867154617756939361e-01,6.381599108832726464e-02
4.768328778628767584e-01,-8.682854847247740704e-01,-1.367871470762829500e-01
4.762542086030466804e-01,-8.143077979100095121e-01,-3.317902033677825879e-01
4.561776360855144263e-01,-7.269922541717056541e-01,-5.132097297497119071e-01
4.174250975480446879e-01,-6.099135621296490894e-01,-6.736183894961049745e-01
3.615831264715915760e-01,-4.678649371922040112e-01,-8.064490332297274966e-01
2.909378997131780165e-01,-3.066618667543141163e-01,-9.062635587891867406e-01
2.083816411567553373e-01,-1.329040234602632542e-01,-9.689755477703700937e-01
1.172942137275718999e-01,4.629492616981051301e-02,-9.920175639760420161e-01
2.140474740689668476e-02,2.235985560830692775e-01,-9.744462645554199387e-01
-7.536103178756813070e-02,3.917480348385728450e-01,-9.169810205713243567e-01
-1.690415214861044069e-01,5.438593030193451527e-01,-8.219744658643436397e-01
-2.558014314334641770e-01,6.737049074337507770e-01,-6.933161799469779174e-01
-3.320888007225458183e-01,7.759689537808528437e-01,-5.362734481613904425e-01
-3.947804154912692987e-01,8.464647399876864542e-01,-3.572756183986212086e-01
-4.413096736650509166e-01,8.823061602840400752e-01,-1.636508828405096871e-01
-4.697716619473002453e-01,8.820258627117928407e-01,3.667373908925457976e-02
-4.790011431936005981e-01,8.456353226864865569e-01,2.354969338317234873e-01
-4.686202613573103859e-01,7.746243731924640219e-01,4.246788564334066374e-01
-4.390540109605092223e-01,6.719002108454428246e-01,5.964743767550594322e-01
-3.915128377683287919e-01,5.416683749214863397e-01,7.438501660095964141e-01
-3.279430829971079486e-01,3.892605720849127704e-01,8.607726420690172686e-01
-3.916885264498561892e-01,3.516049155949414473e-01,8.502670648549266463e-01
-3.016317498101674932e-01,1.909761186654448384e-01,9.341019267756257571e-01
-1.992261338930245984e-01,2.252873699904373028e-02,9.796945460618143864e-01
-8.866417664622447403e-02,-1.468409738071124737e-01,9.851783555230109179e-01
2.552770241007040058e-02,-3.101989978925236424e-01,9.503288473555535631e-01
1.386744743303194582e-01,-4.608574385573801502e-01,8.765727645184615557e-01
2.461438969779261576e-01,-5.926483215392477355e-01,7.669296897090569498e-01
3.435361595625767706e-01,-7.001761126040774164e-01,6.258884232925514546e-01
4.268640114109505945e-01,-7.790386113516959421e-01,4.592232112876815653e-01
4.927160004777684787e-01,-8.260071778174262747e-01,2.737573470562578715e-01
5.383961385933546673e-01,-8.391589133715884330e-01,7.708382487122816817e-02
5.620342755360685505e-01,-8.179553844153321096e-01,-1.227455181609942714e-01
5.626626632021124452e-01,-7.632646659154349589e-01,-3.175496452577195039e-01
5.402555753266060634e-01,-6.773258023131698558e-01,-4.993532525670947297e-01
4.957303607198935147e-01,-5.636571407818008472e-01,-6.607132790448571047e-01
4.309098868994645226e-01,-4.269122896799230071e-01,-7.950236262480092631e-01
3.484479116796094789e-01,-2.726895992784849065e-01,-8.967856127812580125e-01
2.517204380147000098e-01,-1.073029646429182193e-01,-9.618330909594067224e-01
1.446875000415731305e-01,6.247666597269263544e-02,-9.875030093830876599e-01
3.173103881668481313e-02,2.296984945426848168e-01,-9.727444385759478340e-01
-8.252449486559759739e-02,3.875164397576728037e-01,-9.181615961608904364e-01
-1.934014660318656986e-01,5.294694163977327062e-01,-8.259891101195990792e-01
-2.963605584550819128e-01,6.497458529204547251e-01,-7.000005328604120836e-01
-3.871866147942599201e-01,7.434216178827171007e-01,-5.453538515393492325e-01
-4.621612056312653927e-01,8.066616144605298633e-01,-3.683803194599087893e-01
-5.182148624080910038e-01,8.368767897636132380e-01,-1.763252538189299667e-01
-5.530527418302683129e-01,8.328301309649268624e-01,2.294858843073343743e-02
-5.652485770209764171e-01,7.946873087511507894e-01,2.212829127736980483e-01
-5.543030690545581729e-01,7.240098947453087463e-01,4.105578886680691930e-01
-5.206643283132009747e-01,6.236914305810429271e-01,5.830245763618658872e-01
-4.657095287952403018e-01,4.978389659681578538e-01,7.316221693969288120e-01
-3.916885264498563002e-01,3.516049155949416138e-01,8.502670648549265353e-01
-4.497366503875800947e-01,3.091346432195078431e-01,8.379574676913532638e-01
-3.474191096593015615e-01,1.574762996836794327e-01,9.243923286578443754e-01
-2.308781897615590495e-01,-6.291420638783186111e-04,9.729824590775966175e-01
-1.048850896479428807e-01,-1.587088266614199161e-01,9.817385733021273264e-01
2.540201835933475483e-02,-3.102909532479474763e-01,9.503021949862844320e-01
1.546491647503708822e-01,-4.491697317508653309e-01,8.799603331519361138e-01
2.775649561660214482e-01,-5.696594486606999519e-01,7.735927918873987119e-01
3.891172056637374199e-01,-6.668272408102223769e-01,6.355542708296972876e-01
4.847389510422498993e-01,-7.366950473721003423e-01,4.714960832497722687e-01
5.605154268106840032e-01,-7.764024721365718751e-01,2.881347906231640499e-01
6.133443351477225747e-01,-7.843238884683549905e-01,9.297722581404288533e-02
6.410628543389139677e-01,-7.601349926520997169e-01,-1.059868375442651611e-01
6.425361849517831070e-01,-7.048260809245984193e-01,-3.006117873205863544e-01
6.177040086579301814e-01,-6.206615066304956851e-01,-4.829296552036174139e-01
5.675829576724821246e-01,-5.110869773303099439e-01,-6.454763262607873253e-01
4.942249937117569880e-01,-3.805884871280515447e-01,-7.815971206805926164e-01
4.006334004395012971e-01,-2.345086595455219691e-01,-8.857192371459720048e-01
2.906398286808267728e-01,-7.882801988760128331e-02,-9.535799039750039174e-01
1.687474281872291815e-01,8.007984816641695869e-02,-9.824008974944178352e-01
3.994648815666557856e-02,2.357092378275194022e-01,-9.710022828432059994e-01
-9.048986579254526819e-02,3.816886635973039676e-01,-9.198507206444691553e-01
-2.172215540041012583e-01,5.120417106329009371e-01,-8.310403618646774460e-01
-3.350601662722804130e-01,6.214317098728403543e-01,-7.082071130270493065e-01
-4.391813759653745430e-01,7.053802218954602354e-01,-5.563797817712911042e-01
-5.253224485248256803e-01,7.604503847550230233e-01,-3.817741968779679307e-01
-5.899567583189034847e-01,7.843876195135888185e-01,-1.915387315078970754e-01
-6.304381691104296026e-01,7.762119329676363533e-01,6.538352034952288339e-03
-6.451093671852352607e-01,7.362580386849592040e-01,2.043477546772670683e-01
-6.333697119703449729e-01,6.661616537918735315e-01,3.937911362332527920e-01
-5.956998263296076068e-01,5.687925325218776695e-01,5.671126624033553387e-01
-5.336419198071784553e-01,4.481369781401512986e-01,7.172165295417559649e-01
-4.497366503875801502e-01,3.091346432195079541e-01,8.379574676913530418e-01
-5.018825178057958469e-01,2.624588288414076986e-01,8.241536880243328644e-01
-3.882877718512937060e-01,1.208947221819415274e-01,9.135737914253596603e-01
-2.587964788953236450e-01,-2.561882860818004426e-02,9.655920764650697263e-01
-1.187100276860837966e-01,-1.710835415449981911e-01,9.780789084420480339e-01
2.623642600446024487e-02,-3.095440741895014725e-01,9.505230749880168029e-01
1.701087573317326684e-01,-4.353318360668023135e-01,8.840527151622569191e-01
3.070168161469135071e-01,-5.432970614262092601e-01,7.813891333059708177e-01
4.313555704360956256e-01,-6.290196412561329664e-01,6.467353885228133148e-01
5.380345769894964159e-01,-6.889900830663610032e-01,4.856042209453504954e-01
6.226863847445687217e-01,-7.207531899229547845e-01,3.045923595063115275e-01
6.818453387456547832e-01,-7.230085764991988073e-01,1.111104510810013296e-01
7.130894644650680458e-01,-6.956639070036649830e-01,-8.692033226648848698e-02
7.151396237248269783e-01,-6.398386754183627012e-01,-2.813925869982827899e-01
6.879118827639535416e-01,-5.578183732835804154e-01,-4.643445961561423196e-01
6.325209484965095275e-01,-4.529609214056923849e-01,-6.282862829891958656e-01
5.512345322795627611e-01,-3.295591961848069462e-01,-7.665058555761680159e-01
4.473805095437832779e-01,-1.926652787505541975e-01,-8.733445883752382066e-01
3.252106761823033154e-01,-4.788362216704468433e-02,-9.444284911125937487e-01
1.897266795272880002e-01,9.885839553407038682e-02,-9.768473804581641051e-01
4.647525032048709787e-02,2.415531389066522816e-01,-9.692740232730832073e-01
-9.867888109504487082e-02,3.743586683911075963e-01,-9.220184736903404010e-01
-2.397930875242691162e-01,4.918379100063545173e-01,-8.370153794621442156e-01
-3.710901367757584723e-01,5.891812497974409091e-01,-7.177447772536367232e-01
-4.871947122264084218e-01,6.624034399959625175e-01,-5.690896195329347984e-01
-5.833534789155613298e-01,7.085067555319499721e-01,-3.971358659233633071e-01
-6.556296856367875847e-01,7.256037212504503620e-01,-2.089233233014064217e-01
-7.010643359948266484e-01,7.129943853661401265e-01,-1.215743527604196302e-02
-7.177973300656755873e-01,6.711949755716568600e-01,1.851061795779618269e-01
-7.051436171060305735e-01,6.019167646152089324e-01,3.747915256909911674e-01
-6.636212416112076129e-01,5.079960105931974335e-01,5.491328627060968470e-01
-5.949301345126368767e-01,3.932778402105037152e-01,7.009926358016431713e-01
-5.018825178057959580e-01,2.624588288414078652e-01,8.241536880243327534e-01
-5.480291070727212333e-01,2.121286200169921476e-01,8.091140502863366502e-01
-4.242759969895164018e-01,8.164382812453079008e-02,9.018448667635260430e-01
-2.831529777392479130e-01,-5.218347168409141063e-02,9.576540484331440561e-01
-1.304376423112721950e-01,-1.838743740306693353e-01,9.742567608403363000e-01
2.761782551869900598e-02,-3.080374379001099006e-01,9.509732869884161000e-01
1.845426163269781039e-01,-4.195894128690579872e-01,8.887568550325735117e-01
3.339122107399939421e-01,-5.139633479754840417e-01,7.901546130072010232e-01
4.696114000122953436e-01,-5.872955632276645188e-01,6.592033482860885085e-01
5.860846433910970044e-01,-6.365838291170058394e-01,5.012642210330392478e-01
6.785635126074454071e-01,-6.598102782468728833e-01,3.228032776748518962e-01
7.432619118898177168e-01,-6.560240170608969690e-01,1.311267302008812530e-01
7.775310811698543656e-01,-6.253800555368990155e-01,-6.591816101424979868e-02
7.799680366307739643e-01,-5.691329610601837397e-01,-2.602643549724023564e-01
7.504730090296770628e-01,-4.895854962873811833e-01,-4.439552956582217269e-01
6.902535282620705370e-01,-3.899943437727198536e-01,-6.094706543772610008e-01
6.017749869460689016e-01,-2.744367770016136743e-01,-7.500342128963339849e-01
4.886597069589364573e-01,-1.476437363351092436e-01,-8.598912826141529298e-01
3.555386411538275504e-01,-1.480614375564312871e-02,-9.345443021888129032e-01
2.078617816058644097e-01,1.186376140888271286e-01,-9.709369682275695856e-01
5.167503629623482198e-02,2.472243340731730132e-01,-9.675793607068399194e-01
-1.066272910709218369e-01,3.656896607729375193e-01,-9.246089404730244432e-01
-2.605642846134598178e-01,4.691836097939469097e-01,-8.437849215793056246e-01
-4.038337457289193910e-01,5.534691267032589845e-01,-7.284162488556117365e-01
-5.305702058457865133e-01,6.150955525354783182e-01,-5.832261293184937134e-01
-6.355850593959750938e-01,6.515398941762364782e-01,-4.141586635209160705e-01
-7.145789859364188867e-01,6.613101159967325060e-01,-2.281354933772153926e-01
-7.643179648331598353e-01,6.440062239676829225e-01,-3.277242932986940138e-02
-7.827656764460835248e-01,6.003366414618781510e-01,1.639323418248386233e-01
-7.691668692942428276e-01,5.320892063180636677e-01,3.539257036440053295e-01
-7.240782801402260160e-01,4.420579765497605340e-01,5.294293055714820451e-01
-6.493458411216829207e-01,3.339288412819034768e-01,6.832580095235603057e-01
-5.480291070727213443e-01,2.121286200169923142e-01,8.091140502863365391e-01
-5.882141788995615128e-01,1.585204940763547676e-01,7.930166030413871026e-01
-4.555013462259147605e-01,3.998824861932545605e-02,8.893365299810507274e-01
-3.041402349186435039e-01,-8.018112043459878213e-02,9.492469148906846899e-01
-1.403275866588425125e-01,-1.970678649970489804e-01,9.702950195729173055e-01
2.923008948656268674e-02,-3.058866280120288716e-01,9.516191321490106159e-01
1.975910823339984412e-01,-4.021823565360437835e-01,8.939838456444231252e-01
3.578626730547138646e-01,-4.820126921290523447e-01,7.997487554605111626e-01
5.034833238934904864e-01,-5.421093714722111656e-01,6.727718572615569714e-01
6.284913082952888752e-01,-5.800120294521510234e-01,5.182516001789778670e-01
7.277687846908851288e-01,-5.941689267977999789e-01,3.425140616930940629e-01
7.972513215320351510e-01,-5.840004784684625916e-01,1.527539572778012222e-01
8.340942955966108574e-01,-5.499229819334835456e-01,-4.325991209627239042e-02
8.367893511975426080e-01,-4.933315739049408122e-01,-2.375027155863007611e-01
8.052261524418733440e-01,-4.165431132767312139e-01,-4.220221299948418991e-01
7.406969003951779928e-01,-3.227013286492346200e-01,-5.892639088158992955e-01
6.458434302181135234e-01,-2.156481137110420887e-01,-7.323811539744644605e-01
5.245490541245385607e-01,-9.976623965994203813e-02,-8.455146286381832743e-01
3.817795781232081742e-01,2.020007596487147228e-02,-9.240326350617041884e-01
2.233800013363178016e-01,1.393393981062749920e-01,-9.647206368365743856e-01
5.583522104868292313e-02,2.527741489175234779e-01,-9.659128623894932542e-01
-1.139954597490453053e-01,3.558602963723874746e-01,-9.275605018662439472e-01
-2.791591530307493962e-01,4.443774814819560492e-01,-8.512337054128592539e-01
-4.328940377875669654e-01,5.147018002875163312e-01,-7.400573010441584554e-01
-5.689061897744717156e-01,5.639541669144121361e-01,-5.985828638176691197e-01
-6.816272555083706663e-01,5.901181836860308616e-01,-4.326023738159842646e-01
-7.664424213139549025e-01,5.921226926816007818e-01,-2.489110918016522178e-01
-8.198793443377849766e-01,5.698856290673238734e-01,-5.502936044314925279e-02
-8.397503106726940114e-01,5.243173808403124303e-01,1.411052793975717257e-01
-8.252418006221906577e-01,4.572835174370222244e-01,3.314630525205896072e-01
-7.769477942924203351e-01,3.715284131013282809e-01,5.082506893281595328e-01
-6.968454539768288436e-01,2.705628918805310645e-01,6.642304831977144941e-01
-5.882141788995617349e-01,1.585204940763549342e-01,7.930166030413871026e-01
-6.223080196798680408e-01,1.021946871182040917e-01,7.760727894772058155e-01
-4.819281536884651995e-01,-3.670993683341033931e-03,8.762030463812608971e-01
-3.218180924609028160e-01,-1.093863835721667205e-01,9.404614476169805837e-01
-1.485327607159707686e-01,-2.106234820651936013e-01,9.662172466877329002e-01
3.083351970453134666e-02,-3.032376304552630297e-01,9.524159981533832919e-01
2.089374722055453715e-01,-3.834371946255853425e-01,8.996227267505061409e-01
3.784875000453537530e-01,-4.479387949959787729e-01,8.099987952132811087e-01
5.325422051629121745e-01,-4.941017284686630706e-01,6.872134178292069739e-01
6.647945698300489203e-01,-5.200360791233524793e-01,5.362934423750569390e-01
7.698301666982980684e-01,-5.246800915970868395e-01,3.634175503782682837e-01
8.433488260907151535e-01,-5.078436394735433845e-01,1.756633011692439461e-01
8.823406854536985922e-01,-4.702160090808590320e-01,-1.928262422921056540e-02
8.852094134835788442e-01,-4.133376800283691255e-01,-2.134391167261088795e-01
8.518375641177520219e-01,-3.395372577904025579e-01,-3.988573867062091827e-01
7.835913847902802321e-01,-2.518361403245631402e-01,-5.679463884108041372e-01
6.832648821014160045e-01,-1.538248216843459137e-01,-7.137835982429935333e-01
5.549654348591049891e-01,-4.951589677072247564e-02,-8.303984236971031496e-01
4.039456375079923389e-01,5.682021477456511427e-02,-9.130166401173812618e-01
2.363882582957054224e-01,1.608301000508903233e-01,-9.582558480163538839e-01
5.915311601435123412e-02,2.582555821343976432e-01,-9.642639489072553083e-01
-1.205037617868268268e-01,3.451080503415805412e-01,-9.307949704336906382e-01
-2.952272014218609852e-01,4.178317544193046462e-01,-8.592191365068051478e-01
-4.578640047429608506e-01,4.734493773779557824e-01,-7.524667701773690709e-01
-6.017558019131478142e-01,5.096839271988138353e-01,-6.149083258657803697e-01
-7.210116458497057845e-01,5.250519571548336595e-01,-4.521754624445860071e-01
-8.107491882899056090e-01,5.189242982939491489e-01,-2.709304824625492492e-01
-8.672945637025317733e-01,4.915518176898940883e-01,-7.859357669551579606e-02
-8.883327977743922244e-01,4.440551479147287761e-01,1.169609593357852639e-01
-8.730025827306970854e-01,3.783788082096699035e-01,3.077270999495500536e-01
-8.219315393765589395e-01,2.972115956388847735e-01,4.858948569349812452e-01
-7.372105222274896175e-01,2.038765054217641648e-01,6.441700213872728620e-01
-6.223080196798681518e-01,1.021946871182042166e-01,7.760727894772057045e-01
-6.502704478184639925e-01,4.361815245697681087e-02,7.584496037774770549e-01
-5.035699313890880102e-01,-4.900683988839307781e-02,8.625634201871423823e-01
-3.362532028016880226e-01,-1.396254864506729365e-01,9.313637888274471921e-01
-1.551702285835131201e-01,-2.245278491923642372e-01,9.620340145225578787e-01
3.226543302459832646e-02,-3.002380154072180063e-01,9.533184546289179551e-01
2.183801440136555749e-01,-3.636564019948313464e-01,9.055739251926077094e-01
3.955543462482160599e-01,-4.121866527569633121e-01,8.207550928584939065e-01
5.565345070717125919e-01,-4.438419335253500075e-01,7.023344505881246036e-01
6.947300797856650334e-01,-4.573262733859959073e-01,5.551601533898835594e-01
8.044833214058739745e-01,-4.520876218806635927e-01,3.852575342833122751e-01
8.813009213249498597e-01,-4.283404500174968765e-01,1.995824264573436424e-01
9.220379579765206612e-01,-3.870569698027478966e-01,5.736390642272271891e-03
9.250266522936725355e-01,-3.299273317670113892e-01,-1.883444936796909164e-01
8.901446467799051243e-01,-2.592904300039181043e-01,-3.747145323008693185e-01
8.188200148394131350e-01,-1.780381475711324546e-01,-5.457437139425619366e-01
7.139727952841289360e-01,-8.949696245819051266e-02,-6.944300838132824172e-01
5.798954456016710557e-01,2.708238813236305952e-03,-8.146864044606166866e-01
4.220771082414591091e-01,9.480256446944465565e-02,-9.015893679877453604e-01
2.469788844778872949e-01,1.830156619974456222e-01,-9.515811568572032364e-01
6.176931616500407063e-02,2.637360768198439009e-01,-9.626151013588883920e-01
-1.259690952092613614e-01,3.336591056695648039e-01,-9.342394705084688944e-01
-3.085503170249189742e-01,3.899220915298931556e-01,-8.676159659669557822e-01
-4.784994526084535571e-01,4.302216211490872966e-01,-7.654721618382079873e-01
-6.288587643808996042e-01,4.529078270495436320e-01,-6.319898374646438777e-01
-7.534725244518242215e-01,4.570519332961816006e-01,-4.726337748896242696e-01
-8.472390308424286864e-01,4.424842796923519339e-01,-2.939280300385128664e-01
-9.063194717639846409e-01,4.098012676882220595e-01,-1.031888371025477952e-01
-9.282950870235068264e-01,3.603409436353318673e-01,9.177491894856942833e-02
-9.122661923502453085e-01,2.961282190117481283e-01,2.829813990348368780e-01
-8.588890125754382598e-01,2.197919703082350518e-01,4.626025873957155810e-01
-7.703488157106187506e-01,1.344574125158428390e-01,6.232847714751174051e-01
-6.502704478184641035e-01,4.361815245697692189e-02,7.584496037774769439e-01
-6.721154384998034859e-01,-1.690183145780074433e-02,7.402534467488732783e-01
-5.204652465620571711e-01,-9.581410190186437359e-02,8.484901796708281818e-01
-3.475071462779903420e-01,-1.708037317563867452e-01,9.219896249436962954e-01
-1.603220625949465239e-01,-2.388006367642162842e-01,9.577427066421884128e-01
3.342662516777678006e-02,-2.970210156450353578e-01,9.542856894007594182e-01
2.258068229686698014e-01,-3.430813192468592510e-01,9.117601039114556771e-01
4.089424629060500749e-01,-3.750958333283731516e-01,8.319069526407536497e-01
5.753359503633577177e-01,-3.917538799215345979e-01,7.179954329840225746e-01
7.181751164136853660e-01,-3.923734766415818975e-01,5.746890959400442478e-01
8.316121088160437491e-01,-3.769292571259968416e-01,4.078549197851789598e-01
9.110028037731995321e-01,-3.460535095363663216e-01,2.243231152933899131e-01
9.530969369055957152e-01,-3.010102906067559370e-01,3.160749610464274467e-02
9.561711694569419162e-01,-2.436436750124976736e-01,-1.624021376883515722e-01
9.200996419853789687e-01,-1.763022587363115012e-01,-3.497630088829437600e-01
8.463591270638169961e-01,-1.017430072728248702e-01,-5.228045413984597767e-01
7.379685700372872192e-01,-2.301838513729299179e-02,-6.744423945621974559e-01
5.993654930458057750e-01,5.664861239030504619e-02,-7.984684968489421664e-01
4.362243223465739339e-01,1.339964090707146671e-01,-8.898052050586263695e-01
2.552240766362917079e-01,2.058583770198596785e-01,-9.447131836255381332e-01
6.377492724096391064e-02,2.692924788264793867e-01,-9.609444934557344054e-01
-1.302851751688451076e-01,3.217017149094203443e-01,-9.378346228176690502e-01
-3.190113871993829342e-01,3.609404449856228880e-01,-8.763296925305589236e-01
-4.946772355557316758e-01,3.854022308354125848e-01,-7.789477216668809767e-01
-6.500909397663214850e-01,3.940856040719610820e-01,-6.496755395556895740e-01
-7.788898445204360810e-01,3.866350663747111227e-01,-4.938055645214537437e-01
-8.758009075242131347e-01,3.633556436323892025e-01,-3.177191316560193934e-01
-9.368565784717115541e-01,3.252003981472817995e-01,-1.286252402101746850e-01
-9.595572310206041955e-01,2.737314101526003851e-01,6.573458368269863294e-02
-9.429734977883259539e-01,2.110558260641964556e-01,2.574032259961165359e-01
-8.877843187619118837e-01,1.397395916587176601e-01,4.385337499936585726e-01
-7.962491454151572334e-01,6.270240195202621269e-02,6.017106507409325511e-01
-6.721154384998035969e-01,-1.690183145780064372e-02,7.402534467488730563e-01
-6.877473003547913688e-01,-7.879097555471173409e-02,7.216617164751302216e-01
-5.325541302004246358e-01,-1.436760052634967200e-01,8.341122849580809850e-01
-3.555581313831991941e-01,-2.026789224355803054e-01,9.124141984908158420e-01
-1.640055408908388801e-01,-2.533841407093890830e-01,9.533617675332203278e-01
3.426145571542515977e-02,-2.937157824911829640e-01,9.552785937975634134e-01
2.311257842991495393e-01,-3.220226656276486965e-01,9.180862021913653859e-01
4.185277961175400963e-01,-3.371459029972619370e-01,8.433072535969043937e-01
5.887952307879505964e-01,-3.384663474852056542e-01,7.340032069557911321e-01
7.349573195294004657e-01,-3.259299399389978813e-01,5.946489827801929584e-01
8.510301692554981257e-01,-3.000499223565456508e-01,4.309497593812848248e-01
9.322617438604767770e-01,-2.618858256984473720e-01,2.496074021988599623e-01
9.753264131357034517e-01,-2.130000925659768229e-01,5.804608864278954644e-02
9.784611044611666308e-01,-1.553941106174068498e-01,-1.358916386024424938e-01
9.415374832056917498e-01,-9.142627552212763409e-02,-3.242659461967010159e-01
8.660672067618186976e-01,-2.371543796484119893e-02,-4.993647678540356072e-01
7.551400371145409185e-01,4.496631240917147582e-02,-6.540195372425572362e-01
6.132973456226068487e-01,1.118071366698352859e-01,-7.818986699323356993e-01
4.463461887415048901e-01,1.740705636184552707e-01,-8.777667792058915230e-01
2.611215664498752753e-01,2.292075212401129269e-01,-9.376990134055407378e-01
6.520659654730646959e-02,2.749606960114601151e-01,-9.592417398214112545e-01
-1.333779390793591313e-01,3.094569475815882043e-01,-9.415129967028744717e-01
-3.265019662088730068e-01,3.312839953580785646e-01,-8.852386008762420655e-01
-5.062589644794435184e-01,3.395482374403924197e-01,-7.927224327186170871e-01
-6.652896612613231619e-01,3.339113347866727866e-01,-6.677521150245609993e-01
-7.970833211429479981e-01,3.146040628538708250e-01,-5.154439472838573399e-01
-8.962442962036669680e-01,2.824168636234235530e-01,-3.420334437792601490e-01
-9.587129244735743683e-01,2.386674848136607907e-01,-1.546200508991169564e-01
-9.819317329715480103e-01,1.851470311333879848e-01,3.912350503192074669e-02
-9.649501409495866433e-01,1.240466362446618481e-01,2.312653400701348283e-01
-9.084633767803220739e-01,5.786775749321837470e-02,4.139391449133540402e-01
-8.147840152257564972e-01,-1.068023404917026187e-02,5.796662325280361738e-01
-6.877473003547914798e-01,-7.879097555471163694e-02,7.216617164751299995e-01
-6.971476849845423818e-01,-1.416288928822793669e-01,7.027989485063499409e-01
-5.398263810884276204e-01,-1.922881757314475470e-01,8.195198202330691295e-01
-3.604045217236460097e-01,-2.350751580732689250e-01,9.026894542299559454e-01
-1.662276588937650346e-01,-2.682381358234124380e-01,9.489028759091611143e-01
3.475458382214718922e-02,-2.904194127763025657e-01,9.562681023572913164e-01
2.343139697928906806e-01,-3.007108848472989093e-01,9.244836003381827760e-01
4.242805143095905729e-01,-2.986912179606180384e-01,8.548506310990182655e-01
5.968769647196122685e-01,-2.844430975159015773e-01,7.502199765819758115e-01
7.450372020639473014e-01,-2.585498432382392076e-01,6.148752280765625855e-01
8.626955288176302306e-01,-2.220715280000866432e-01,4.543574154889233330e-01
9.450349992590987291e-01,-1.765015783133138116e-01,2.752381569264378824e-01
9.886846257940020699e-01,-1.237056332723391605e-01,8.485061588027387192e-02
9.918573875833878173e-01,-6.584516507040016897e-02,-1.090107193495525040e-01
9.544233913868149788e-01,-5.288988074000590921e-03,-2.984091429209925206e-01
8.779151894068794038e-01,5.548372071557824969e-02,-4.755906611196616396e-01
7.654650364219711678e-01,1.139849194600009996e-01,-6.333014417725617573e-01
6.216766549076245818e-01,1.678195622090719319e-01,-7.650847869895335274e-01
4.524367580974544278e-01,2.147836523633420980e-01,-8.655454711335082152e-01
2.646740472517125631e-01,2.529544745538495065e-01,-9.305706219920023559e-01
6.607554981360552748e-02,2.807693108352334876e-01,-9.574981022487385474e-01
-1.352280883974185388e-01,2.970894185420298039e-01,-9.452254976981613321e-01
-3.309954727808259167e-01,3.012466505471909084e-01,-8.942552502125410419e-01
-5.132118636182696481e-01,2.930708092839714451e-01,-8.066740877126887810e-01
-6.744173004593480014e-01,2.728966146543082560e-01,-6.860675932816983069e-01
-8.080120137789521539e-01,2.415500005567068897e-01,-5.373734109722356767e-01
-9.085266203170657695e-01,2.003143010553940229e-01,-3.666790980788748322e-01
-9.718460402720533464e-01,1.508777105329422996e-01,-1.809728998272003009e-01
-9.953779691512421035e-01,9.526416881389369873e-02,1.214235020681270205e-02
-9.781590070214333243e-01,3.575050083053970401e-02,2.047604909966931341e-01
-9.208941002153641087e-01,-2.522679685732207022e-02,3.889957132268329620e-01
-8.259276807460149694e-01,-8.517130651782228723e-02,5.573054052524105684e-01
-6.971476849845426038e-01,-1.416288928822793114e-01,7.027989485063498298e-01
-6.995046035649382654e-01,-1.732812067969803083e-01,6.933014733594893286e-01
-5.416501864521120480e-01,-2.167810285482102972e-01,8.121705862551108490e-01
-3.616205470647416154e-01,-2.514058095199872556e-01,8.977893399234561089e-01
-1.667861199919304926e-01,-2.757380071110874242e-01,9.466524925295666248e-01
3.487655042988724308e-02,-2.887814582932196061e-01,9.567595808645718014e-01
2.351113707792847063e-01,-2.900021626424467702e-01,9.276968195445037813e-01
4.257207039845650742e-01,-2.793501443792848482e-01,8.606540414325357657e-01
5.989009815486585619e-01,-2.572614983829866753e-01,7.583759857417637917e-01
7.475621825602726256e-01,-2.246405364159464457e-01,6.250499280893290210e-01
8.656180999830422884e-01,-1.828227644938951457e-01,4.661342529406691249e-01
9.482355106866979799e-01,-1.335202071127009615e-01,2.881349867081688387e-01
9.920320481698983173e-01,-7.875131676435462302e-02,9.833944026541277528e-02
9.952146770422067856e-01,-2.075833825478884051e-02,-9.548213441620270747e-02
9.576531001036479029e-01,3.808448906192923172e-02,-2.853946592961446593e-01
8.808850927273840226e-01,9.536813292171444911e-02,-4.636230932920536452e-01
7.680535461552574494e-01,1.487473942144048600e-01,-6.228707433751855538e-01
6.237777971610748429e-01,1.960369197108808581e-01,-7.566179920403326431e-01
4.539645118603384821e-01,2.353006706810332194e-01,-8.593892112125088856e-01
2.655658661054746683e-01,2.649311845468493298e-01,-9.269769351037006055e-01
6.629492258958835649e-02,2.837153845892249615e-01,-9.566141143565815019e-01
-1.356901428464387382e-01,2.908842434513754793e-01,-9.470873993703179394e-01
-3.321200378914173079e-01,2.861442672091791817e-01,-8.987868149757889391e-01
-5.149528995626739825e-01,2.696895110469154089e-01,-8.136897927731847613e-01
-6.767035290214380439e-01,2.421936346152187558e-01,-6.952802148499551693e-01
-8.107498364927757661e-01,2.047823223258313230e-01,-5.484057832388118392e-01
-9.116039503990384096e-01,1.589871976995231584e-01,-3.790795544269279782e-01
-9.751368914670480725e-01,1.066831185191939313e-01,-1.942337641168494500e-01
-9.987476136246771219e-01,5.001141993195472313e-02,-1.436020682328675640e-03
-9.814694911326501403e-01,-8.707752063390970451e-03,1.914205136076516656e-01
-9.240098923558838218e-01,-6.707042766614411400e-02,3.764402695795797116e-01
-8.287212200195150924e-01,-1.226872320798046145e-01,5.460485166850659322e-01
-6.995046035649384875e-01,-1.732812067969802527e-01,6.933014733594892176e-01
