nx,ny,nz
1.000000000000000000e+00,-0.000000000000000000e+00,-0.000000000000000000e+00
9.973540902137756348e-01,6.382213532924652100e-02,3.480609506368637085e-02
9.894625544548034668e-01,1.271511614322662354e-01,6.925658881664276123e-02
9.764613509178161621e-01,1.895093619823455811e-01,1.030020266771316528e-01
9.585715532302856445e-01,2.504487335681915283e-01,1.357051134109497070e-01
9.360908269882202148e-01,3.095636665821075439e-01,1.670456677675247192e-01
9.093821644783020020e-01,3.665012717247009277e-01,1.967253834009170532e-01
8.788622021675109863e-01,4.209688007831573486e-01,2.244694232940673828e-01
8.449873328208923340e-01,4.727385044097900391e-01,2.500295639038085938e-01
8.082406520843505859e-01,5.216494798660278320e-01,2.731827795505523682e-01
7.691195607185363770e-01,5.676067471504211426e-01,2.937305271625518799e-01
7.281234860420227051e-01,6.105787754058837891e-01,3.114959001541137695e-01
6.857436895370483398e-01,6.505920886993408203e-01,3.263211250305175781e-01
6.424548029899597168e-01,6.877238750457763672e-01,3.380646109580993652e-01
5.987066626548767090e-01,7.220937609672546387e-01,3.465989530086517334e-01
5.549184083938598633e-01,7.538530826568603516e-01,3.518111705780029297e-01
5.114729404449462891e-01,7.831726670265197754e-01,3.536043763160705566e-01
4.687125384807586670e-01,8.102296590805053711e-01,3.519040346145629883e-01
4.269359707832336426e-01,8.351951241493225098e-01,3.466623723506927490e-01
3.863946199417114258e-01,8.582206368446350098e-01,3.378705680370330811e-01
3.472896218299865723e-01,8.794289827346801758e-01,3.255680203437805176e-01
3.097711503505706787e-01,8.989068865776062012e-01,3.098517954349517822e-01
2.739356756210327148e-01,9.167033433914184570e-01,2.908852994441986084e-01
2.398264855146408081e-01,9.328327775001525879e-01,2.688981890678405762e-01
2.074331939220428467e-01,9.472827911376953125e-01,2.441858649253845215e-01
1.766941994428634644e-01,9.600254297256469727e-01,2.170954644680023193e-01
1.474994122982025146e-01,9.710288047790527344e-01,1.880080252885818481e-01
1.196951940655708313e-01,9.802679419517517090e-01,1.573144495487213135e-01
9.309121966361999512e-02,9.877302646636962891e-01,1.253913789987564087e-01
6.746607273817062378e-02,9.934169054031372070e-01,9.258028119802474976e-02
4.257623851299285889e-02,9.973393082618713379e-01,5.917463824152946472e-02
1.816144026815891266e-02,9.995118975639343262e-01,2.541980892419815063e-02
-6.048098206520080566e-03,9.999457597732543945e-01,-8.477164432406425476e-03
-3.032616525888442993e-02,9.986434578895568848e-01,-4.232725501060485840e-02
-5.494526401162147522e-02,9.955977201461791992e-01,-7.593534141778945923e-02
-8.017107099294662476e-02,9.907950162887573242e-01,-1.090772002935409546e-01
-1.062564849853515625e-01,9.842213988304138184e-01,-1.414842456579208374e-01
-1.334346234798431396e-01,9.758700132369995117e-01,-1.728378385305404663e-01
-1.619124561548233032e-01,9.657462239265441895e-01,-2.027769982814788818e-01
-1.918627917766571045e-01,9.538694620132446289e-01,-2.309146672487258911e-01
-2.234180867671966553e-01,9.402692317962646484e-01,-2.568621039390563965e-01
-2.566649019718170166e-01,9.249767065048217773e-01,-2.802522182464599609e-01
-2.916389703750610352e-01,9.080136418342590332e-01,-3.007622957229614258e-01
-3.283248543739318848e-01,8.893802762031555176e-01,-3.181282281875610352e-01
-3.666518628597259521e-01,8.690456748008728027e-01,-3.321536183357238770e-01
-4.064970910549163818e-01,8.469418883323669434e-01,-3.427090048789978027e-01
-4.476846456527709961e-01,8.229636549949645996e-01,-3.497274219989776611e-01
-4.899872541427612305e-01,7.969729304313659668e-01,-3.531947731971740723e-01
-5.331304073333740234e-01,7.688067555427551270e-01,-3.531403541564941406e-01
-5.767926573753356934e-01,7.382894158363342285e-01,-3.496267497539520264e-01
-6.206112504005432129e-01,7.052451968193054199e-01,-3.427402079105377197e-01
-6.641840934753417969e-01,6.695116758346557617e-01,-3.325863778591156006e-01
-7.070764303207397461e-01,6.309515237808227539e-01,-3.192852735519409180e-01
-7.488248944282531738e-01,5.894655585289001465e-01,-3.029712140560150146e-01
-7.889456152915954590e-01,5.450007915496826172e-01,-2.837938070297241211e-01
-8.269420862197875977e-01,4.975587129592895508e-01,-2.619199752807617188e-01
-8.623143434524536133e-01,4.472025632858276367e-01,-2.375370264053344727e-01
-8.945709466934204102e-01,3.940594792366027832e-01,-2.108554542064666748e-01
-9.232401251792907715e-01,3.383241891860961914e-01,-1.821109205484390259e-01
-9.478837847709655762e-01,2.802576124668121338e-01,-1.515649259090423584e-01
-9.681106805801391602e-01,2.201827615499496460e-01,-1.195042654871940613e-01
-9.835887551307678223e-01,1.584805548191070557e-01,-8.623887598514556885e-02
-9.940576553344726562e-01,9.557860344648361206e-02,-5.209781229496002197e-02
-9.993378520011901855e-01,3.194217756390571594e-02,-1.742540858685970306e-02
-9.993378520011901855e-01,-3.194209188222885132e-02,1.742536202073097229e-02
-9.940575957298278809e-01,-9.557883441448211670e-02,5.209793895483016968e-02
-9.835887551307678223e-01,-1.584804654121398926e-01,8.623882383108139038e-02
-9.681106209754943848e-01,-2.201829850673675537e-01,1.195043623447418213e-01
-9.478837847709655762e-01,-2.802576124668121338e-01,1.515649110078811646e-01
-9.232400655746459961e-01,-3.383244276046752930e-01,1.821109652519226074e-01
-8.945709466934204102e-01,-3.940594196319580078e-01,2.108553946018218994e-01
-8.623144030570983887e-01,-4.472025334835052490e-01,2.375369817018508911e-01
-8.269420266151428223e-01,-4.975588619709014893e-01,2.619200646877288818e-01
-7.889456748962402344e-01,-5.450006723403930664e-01,2.837938070297241211e-01
-7.488247156143188477e-01,-5.894656777381896973e-01,3.029712736606597900e-01
-7.070764303207397461e-01,-6.309515237808227539e-01,3.192851841449737549e-01
-6.641841530799865723e-01,-6.695116162300109863e-01,3.325863182544708252e-01
-6.206111311912536621e-01,-7.052453160285949707e-01,3.427403271198272705e-01
-5.767927765846252441e-01,-7.382894158363342285e-01,3.496267199516296387e-01
-5.331302881240844727e-01,-7.688068747520446777e-01,3.531403541564941406e-01
-4.899872541427612305e-01,-7.969729304313659668e-01,3.531947433948516846e-01
-4.476846754550933838e-01,-8.229635953903198242e-01,3.497274219989776611e-01
-4.064969718456268311e-01,-8.469419479370117188e-01,3.427089750766754150e-01
-3.666519224643707275e-01,-8.690456151962280273e-01,3.321537077426910400e-01
-3.283248841762542725e-01,-8.893802165985107422e-01,3.181281983852386475e-01
-2.916388511657714844e-01,-9.080137014389038086e-01,3.007622361183166504e-01
-2.566647529602050781e-01,-9.249767661094665527e-01,2.802521884441375732e-01
-2.234181314706802368e-01,-9.402692317962646484e-01,2.568621635437011719e-01
-1.918629407882690430e-01,-9.538694620132446289e-01,2.309147417545318604e-01
-1.619124412536621094e-01,-9.657462835311889648e-01,2.027769386768341064e-01
-1.334345936775207520e-01,-9.758700132369995117e-01,1.728378385305404663e-01
-1.062565371394157410e-01,-9.842213988304138184e-01,1.414843350648880005e-01
-8.017095178365707397e-02,-9.907951354980468750e-01,1.090770438313484192e-01
-5.494521185755729675e-02,-9.955977201461791992e-01,7.593530416488647461e-02
-3.032618016004562378e-02,-9.986434578895568848e-01,4.232729971408843994e-02
-6.048189941793680191e-03,-9.999457597732543945e-01,8.477286435663700104e-03
1.816152222454547882e-02,-9.995118975639343262e-01,-2.541994303464889526e-02
4.257628321647644043e-02,-9.973393082618713379e-01,-5.917466059327125549e-02
6.746600568294525146e-02,-9.934169054031372070e-01,-9.258024394512176514e-02
9.309127181768417358e-02,-9.877302050590515137e-01,-1.253914684057235718e-01
1.196952164173126221e-01,-9.802679419517517090e-01,-1.573144942522048950e-01
1.474993377923965454e-01,-9.710288047790527344e-01,-1.880079060792922974e-01
1.766940504312515259e-01,-9.600254297256469727e-01,-2.170953899621963501e-01
2.074333429336547852e-01,-9.472827911376953125e-01,-2.441859394311904907e-01
2.398265600204467773e-01,-9.328327178955078125e-01,-2.688982784748077393e-01
2.739355564117431641e-01,-9.167034029960632324e-01,-2.908851802349090576e-01
3.097712993621826172e-01,-8.989068865776062012e-01,-3.098519146442413330e-01
3.472896814346313477e-01,-8.794289827346801758e-01,-3.255679607391357422e-01
3.863945603370666504e-01,-8.582205772399902344e-01,-3.378706574440002441e-01
4.269362092018127441e-01,-8.351948857307434082e-01,-3.466624319553375244e-01
4.687126576900482178e-01,-8.102294802665710449e-01,-3.519040346145629883e-01
5.114729404449462891e-01,-7.831726670265197754e-01,-3.536043763160705566e-01
5.549182295799255371e-01,-7.538532018661499023e-01,-3.518111705780029297e-01
5.987069010734558105e-01,-7.220937013626098633e-01,-3.465988337993621826e-01
6.424548625946044922e-01,-6.877238750457763672e-01,-3.380646407604217529e-01
6.857436299324035645e-01,-6.505920886993408203e-01,-3.263211846351623535e-01
7.281236648559570312e-01,-6.105786561965942383e-01,-3.114958405494689941e-01
7.691196203231811523e-01,-5.676066875457763672e-01,-2.937304079532623291e-01
8.082406520843505859e-01,-5.216494798660278320e-01,-2.731827497482299805e-01
8.449871540069580078e-01,-4.727385938167572021e-01,-2.500296831130981445e-01
8.788623213768005371e-01,-4.209685623645782471e-01,-2.244693040847778320e-01
9.093821644783020020e-01,-3.665012121200561523e-01,-1.967253088951110840e-01
9.360907673835754395e-01,-3.095637559890747070e-01,-1.670457273721694946e-01
9.585717320442199707e-01,-2.504484057426452637e-01,-1.357049643993377686e-01
9.764613509178161621e-01,-1.895092278718948364e-01,-1.030019447207450867e-01
9.894625544548034668e-01,-1.271511912345886230e-01,-6.925659626722335815e-02
9.973540902137756348e-01,-6.382234394550323486e-02,-3.480621054768562317e-02
1.000000000000000000e+00,2.250019690563931363e-07,1.203002994998314534e-07
9.840552210807800293e-01,2.861999347805976868e-02,1.755453944206237793e-01
9.733845591545104980e-01,9.144781529903411865e-02,2.101424485445022583e-01
9.577272534370422363e-01,1.526963114738464355e-01,2.438081204891204834e-01
9.374285340309143066e-01,2.119465023279190063e-01,2.762361466884613037e-01
9.128951430320739746e-01,2.688401639461517334e-01,3.071602582931518555e-01
8.845788836479187012e-01,3.230869770050048828e-01,3.363553881645202637e-01
8.529602289199829102e-01,3.744680583477020264e-01,3.636379539966583252e-01
8.185321688652038574e-01,4.228352606296539307e-01,3.888643682003021240e-01
7.817861437797546387e-01,4.681086242198944092e-01,4.119280576705932617e-01
7.432003617286682129e-01,5.102702379226684570e-01,4.327557086944580078e-01
7.032303214073181152e-01,5.493569374084472656e-01,4.513027369976043701e-01
6.623024940490722656e-01,5.854523181915283203e-01,4.675477445125579834e-01
6.208104491233825684e-01,6.186789274215698242e-01,4.814880192279815674e-01
5.791133642196655273e-01,6.491894721984863281e-01,4.931336939334869385e-01
5.375345945358276367e-01,6.771603226661682129e-01,5.025042295455932617e-01
4.963631331920623779e-01,7.027843594551086426e-01,5.096251964569091797e-01
4.558539986610412598e-01,7.262648344039916992e-01,5.145254731178283691e-01
4.162290692329406738e-01,7.478097081184387207e-01,5.172368288040161133e-01
3.776773214340209961e-01,7.676259875297546387e-01,5.177935361862182617e-01
3.403553664684295654e-01,7.859144806861877441e-01,5.162330865859985352e-01
3.043869733810424805e-01,8.028657436370849609e-01,5.125965476036071777e-01
2.698619365692138672e-01,8.186554312705993652e-01,5.069299340248107910e-01
2.368368953466415405e-01,8.334416151046752930e-01,4.992827773094177246e-01
2.053335458040237427e-01,8.473638892173767090e-01,4.897066354751586914e-01
1.753389835357666016e-01,8.605411648750305176e-01,4.782522022724151611e-01
1.468063741922378540e-01,8.730736970901489258e-01,4.649627208709716797e-01
1.196555346250534058e-01,8.850433230400085449e-01,4.498676955699920654e-01
9.377431869506835938e-02,8.965151906013488770e-01,4.329745769500732422e-01
6.902018934488296509e-02,9.075376391410827637e-01,4.142603874206542969e-01
4.522102698683738708e-02,9.181413650512695312e-01,3.936642110347747803e-01
2.217474952340126038e-02,9.283339977264404297e-01,3.710852563381195068e-01
-3.510634996928274632e-04,9.380922913551330566e-01,3.463854193687438965e-01
-2.262057177722454071e-02,9.473489522933959961e-01,3.194028735160827637e-01
-4.492993280291557312e-02,9.559777379035949707e-01,2.899791002273559570e-01
-6.760564446449279785e-02,9.637771248817443848e-01,2.579984068870544434e-01
-9.099788218736648560e-02,9.704607725143432617e-01,2.234396040439605713e-01
-1.154686808586120605e-01,9.756584763526916504e-01,1.864335685968399048e-01
-1.413733810186386108e-01,9.789337515830993652e-01,1.473165750503540039e-01
-1.690382510423660278e-01,9.798210263252258301e-01,1.066616997122764587e-01
-1.987344771623611450e-01,9.778769612312316895e-01,6.527824699878692627e-02
-2.306585162878036499e-01,9.727345705032348633e-01,2.416806109249591827e-02
-2.649155855178833008e-01,9.641460776329040527e-01,-1.555714849382638931e-02
-3.015150427818298340e-01,9.519994854927062988e-01,-5.277889221906661987e-02
-3.403731882572174072e-01,9.363052248954772949e-01,-8.647923916578292847e-02
-3.813207447528839111e-01,9.171590209007263184e-01,-1.158178523182868958e-01
-4.241137206554412842e-01,8.946937918663024902e-01,-1.401803344488143921e-01
-4.684415757656097412e-01,8.690358400344848633e-01,-1.591827422380447388e-01
-5.139352679252624512e-01,8.402746319770812988e-01,-1.726527661085128784e-01
-5.601733326911926270e-01,8.084506392478942871e-01,-1.805920749902725220e-01
-6.066854000091552734e-01,7.735597491264343262e-01,-1.831343472003936768e-01
-6.529593467712402344e-01,7.355684041976928711e-01,-1.805081665515899658e-01
-6.984463930130004883e-01,6.944363713264465332e-01,-1.730048209428787231e-01
-7.425718307495117188e-01,6.501381397247314453e-01,-1.609579622745513916e-01
-7.847440838813781738e-01,6.026860475540161133e-01,-1.447282731533050537e-01
-8.243691325187683105e-01,5.521469712257385254e-01,-1.246962919831275940e-01
-8.608667254447937012e-01,4.986537098884582520e-01,-1.012573689222335815e-01
-8.936844468116760254e-01,4.424137771129608154e-01,-7.482054084539413452e-02
-9.223173260688781738e-01,3.837088346481323242e-01,-4.580699279904365540e-02
-9.463222622871398926e-01,3.228925168514251709e-01,-1.464775484055280685e-02
-9.653337597846984863e-01,2.603820860385894775e-01,1.821807399392127991e-02
-9.790759682655334473e-01,1.966460049152374268e-01,5.234937369823455811e-02
-9.873716831207275391e-01,1.321913748979568481e-01,8.730727434158325195e-02
-9.901471734046936035e-01,6.754547357559204102e-02,1.226629838347434998e-01
-9.874332547187805176e-01,3.241163678467273712e-03,1.580034345388412476e-01
-9.793619513511657715e-01,-6.020305678248405457e-02,1.929396837949752808e-01
-9.661592245101928711e-01,-1.222971677780151367e-01,2.271117866039276123e-01
-9.481338262557983398e-01,-1.825951039791107178e-01,2.601944804191589355e-01
-9.256637692451477051e-01,-2.407078444957733154e-01,2.919012904167175293e-01
-8.991803526878356934e-01,-2.963097989559173584e-01,3.219863772392272949e-01
-8.691516518592834473e-01,-3.491466939449310303e-01,3.502456843852996826e-01
-8.360664844512939453e-01,-3.990348577499389648e-01,3.765156567096710205e-01
-8.004185557365417480e-01,-4.458611905574798584e-01,4.006718099117279053e-01
-7.626940608024597168e-01,-4.895773828029632568e-01,4.226247072219848633e-01
-7.233610153198242188e-01,-5.301936864852905273e-01,4.423161149024963379e-01
-6.828606128692626953e-01,-5.677718520164489746e-01,4.597135782241821289e-01
-6.416037678718566895e-01,-6.024153828620910645e-01,4.748055636882781982e-01
-5.999665260314941406e-01,-6.342631578445434570e-01,4.875965714454650879e-01
-5.582901239395141602e-01,-6.634806990623474121e-01,4.981018900871276855e-01
-5.168811082839965820e-01,-6.902531981468200684e-01,5.063441395759582520e-01
-4.760110676288604736e-01,-7.147796154022216797e-01,5.123509764671325684e-01
-4.359185099601745605e-01,-7.372662425041198730e-01,5.161526203155517578e-01
-3.968086838722229004e-01,-7.579210996627807617e-01,5.177823305130004883e-01
-3.588539361953735352e-01,-7.769490480422973633e-01,5.172755122184753418e-01
-3.221955001354217529e-01,-7.945459485054016113e-01,5.146716833114624023e-01
-2.869396805763244629e-01,-8.108954429626464844e-01,5.100138783454895020e-01
-2.531597018241882324e-01,-8.261648416519165039e-01,5.033506751060485840e-01
-2.208949923515319824e-01,-8.405028581619262695e-01,4.947326183319091797e-01
-1.901498734951019287e-01,-8.540388941764831543e-01,4.842112660408020020e-01
-1.608942598104476929e-01,-8.668824434280395508e-01,4.718345701694488525e-01
-1.330644041299819946e-01,-8.791244626045227051e-01,4.576397538185119629e-01
-1.065643727779388428e-01,-8.908380866050720215e-01,4.416463971138000488e-01
-8.126658201217651367e-02,-9.020801782608032227e-01,4.238478839397430420e-01
-5.701313912868499756e-02,-9.128907918930053711e-01,4.042027890682220459e-01
-3.361763432621955872e-02,-9.232897162437438965e-01,3.826303184032440186e-01
-1.086261868476867676e-02,-9.332704544067382812e-01,3.590101599693298340e-01
1.149995811283588409e-02,-9.427896142005920410e-01,3.331898450851440430e-01
3.375060111284255981e-02,-9.517525434494018555e-01,3.050047755241394043e-01
5.620061233639717102e-02,-9.599968791007995605e-01,2.743126749992370605e-01
7.918962091207504272e-02,-9.672796726226806641e-01,2.410373687744140625e-01
1.030759289860725403e-01,-9.732714891433715820e-01,2.052265703678131104e-01
1.282204687595367432e-01,-9.775654673576354980e-01,1.671087890863418579e-01
1.549672335386276245e-01,-9.797047972679138184e-01,1.271360069513320923e-01
1.836179643869400024e-01,-9.792283177375793457e-01,8.600211888551712036e-02
2.144093513488769531e-01,-9.757241606712341309e-01,4.462065920233726501e-02
2.474925667047500610e-01,-9.688813090324401855e-01,4.061168059706687927e-03
2.829255461692810059e-01,-9.585194587707519531e-01,-3.454794362187385559e-02
3.206707239151000977e-01,-9.445911645889282227e-01,-7.012691348791122437e-02
3.605995774269104004e-01,-9.271555542945861816e-01,-1.017377153038978577e-01
4.025046527385711670e-01,-9.063328504562377930e-01,-1.286504566669464111e-01
4.461077451705932617e-01,-8.822571635246276855e-01,-1.503667086362838745e-01
4.910679459571838379e-01,-8.550394177436828613e-01,-1.666128188371658325e-01
5.369896888732910156e-01,-8.247448801994323730e-01,-1.773079335689544678e-01
5.834260582923889160e-01,-7.913902997970581055e-01,-1.825253367424011230e-01
6.298858523368835449e-01,-7.549541592597961426e-01,-1.824503093957901001e-01
6.758367419242858887e-01,-7.153971791267395020e-01,-1.773461401462554932e-01
7.207160592079162598e-01,-6.726833581924438477e-01,-1.675271838903427124e-01
7.639394998550415039e-01,-6.268033385276794434e-01,-1.533426344394683838e-01
8.049118518829345703e-01,-5.777956843376159668e-01,-1.351631283760070801e-01
8.430442810058593750e-01,-5.257584452629089355e-01,-1.133774593472480774e-01
8.777682781219482422e-01,-4.708613753318786621e-01,-8.838777989149093628e-02
9.085534214973449707e-01,-4.133487641811370850e-01,-6.060892716050148010e-02
9.349230527877807617e-01,-3.535399734973907471e-01,-3.046817518770694733e-02
9.564715623855590820e-01,-2.918210327625274658e-01,1.599290990270674229e-03
9.728770256042480469e-01,-2.286360114812850952e-01,3.515329211950302124e-02
9.839117527008056641e-01,-1.644757241010665894e-01,6.975211948156356812e-02
9.894499778747558594e-01,-9.985894709825515747e-02,1.049616336822509766e-01
9.894704222679138184e-01,-3.531791642308235168e-02,1.403599083423614502e-01
9.840551614761352539e-01,2.862022444605827332e-02,1.755455136299133301e-01
9.374803304672241211e-01,5.372877046465873718e-02,3.438661396503448486e-01
9.186326265335083008e-01,1.148255914449691772e-01,3.780597448348999023e-01
8.950915336608886719e-01,1.732434034347534180e-01,4.108502864837646484e-01
8.674086928367614746e-01,2.286281734704971313e-01,4.419631361961364746e-01
8.361693024635314941e-01,2.807152569293975830e-01,4.711898565292358398e-01
8.019692301750183105e-01,3.293298780918121338e-01,4.983845651149749756e-01
7.653948068618774414e-01,3.743832409381866455e-01,5.234577059745788574e-01
7.270050644874572754e-01,4.158639907836914062e-01,5.463705062866210938e-01
6.873185634613037109e-01,4.538284540176391602e-01,5.671269893646240234e-01
6.468033194541931152e-01,4.883879125118255615e-01,5.857667326927185059e-01
6.058729887008666992e-01,5.196953415870666504e-01,6.023576259613037109e-01
5.648838877677917480e-01,5.479339957237243652e-01,6.169883012771606445e-01
5.241380929946899414e-01,5.733050107955932617e-01,6.297624111175537109e-01
4.838874042034149170e-01,5.960186719894409180e-01,6.407922506332397461e-01
4.443389773368835449e-01,6.162870526313781738e-01,6.501947045326232910e-01
4.056626260280609131e-01,6.343183517456054688e-01,6.580866575241088867e-01
3.679963052272796631e-01,6.503136157989501953e-01,6.645833849906921387e-01
3.314535617828369141e-01,6.644652485847473145e-01,6.697943806648254395e-01
2.961279153823852539e-01,6.769571900367736816e-01,6.738228797912597656e-01
2.620971798896789551e-01,6.879649162292480469e-01,6.767639517784118652e-01
2.294252067804336548e-01,6.976578235626220703e-01,6.787027716636657715e-01
1.981635540723800659e-01,7.062008976936340332e-01,6.797142624855041504e-01
1.683512032032012939e-01,7.137568593025207520e-01,6.798595786094665527e-01
1.400139778852462769e-01,7.204883098602294922e-01,6.791853904724121094e-01
1.131630912423133850e-01,7.265603542327880859e-01,6.777197718620300293e-01
8.779383450746536255e-02,7.321431636810302734e-01,6.754691600799560547e-01
6.388431787490844727e-02,7.374146580696105957e-01,6.724123954772949219e-01
4.139390215277671814e-02,7.425642013549804688e-01,6.684945821762084961e-01
2.026134356856346130e-02,7.477967143058776855e-01,6.636185050010681152e-01
4.019095213152468204e-04,7.533379197120666504e-01,6.576335430145263672e-01
-1.829836517572402954e-02,7.594366073608398438e-01,6.503239870071411133e-01
-3.599068894982337952e-02,7.663657069206237793e-01,6.413955092430114746e-01
-5.287544801831245422e-02,7.744162678718566895e-01,6.304629445075988770e-01
-6.921582669019699097e-02,7.838801741600036621e-01,6.170421838760375977e-01
-8.535476028919219971e-02,7.950190901756286621e-01,6.005490422248840332e-01
-1.017288416624069214e-01,8.080119490623474121e-01,5.803171396255493164e-01
-1.188771948218345642e-01,8.228834271430969238e-01,5.556356310844421387e-01
-1.374353617429733276e-01,8.394126892089843750e-01,5.258305668830871582e-01
-1.581081151962280273e-01,8.570456504821777344e-01,4.903821647167205811e-01
-1.816134601831436157e-01,8.748323917388916016e-01,4.490933120250701904e-01
-2.085983157157897949e-01,8.914384841918945312e-01,4.022738039493560791e-01
-2.395376563072204590e-01,9.052615761756896973e-01,3.508889973163604736e-01
-2.746455669403076172e-01,9.146559834480285645e-01,2.966043055057525635e-01
-3.138304948806762695e-01,9.182126522064208984e-01,2.416523694992065430e-01
-3.567092418670654297e-01,9.149916768074035645e-01,1.885433793067932129e-01
-4.026783406734466553e-01,9.046201705932617188e-01,1.396872699260711670e-01
-4.510037899017333984e-01,8.872277736663818359e-01,9.706965833902359009e-02
-5.008999705314636230e-01,8.632770180702209473e-01,6.206368654966354370e-02
-5.515785217285156250e-01,8.333712220191955566e-01,3.540432825684547424e-02
-6.022658348083496094e-01,7.981085777282714844e-01,1.727758161723613739e-02
-6.522049903869628906e-01,7.580059170722961426e-01,7.459041662514209747e-03
-7.006485462188720703e-01,7.134857177734375000e-01,5.453245714306831360e-03
-7.468604445457458496e-01,6.648962497711181641e-01,1.060440484434366226e-02
-7.901182770729064941e-01,6.125532388687133789e-01,2.217310294508934021e-02
-8.297271728515625000e-01,5.567777752876281738e-01,3.938671201467514038e-02
-8.650377392768859863e-01,4.979273676872253418e-01,6.146582961082458496e-02
-8.954656720161437988e-01,4.364176392555236816e-01,8.764073252677917480e-02
-9.205145835876464844e-01,3.727281391620635986e-01,1.171607300639152527e-01
-9.397947788238525391e-01,3.074013888835906982e-01,1.492989808320999146e-01
-9.530391097068786621e-01,2.410307824611663818e-01,1.833593100309371948e-01
-9.601131677627563477e-01,1.742424517869949341e-01,2.186832875013351440e-01
-9.610185623168945312e-01,1.076758950948715210e-01,2.546552419662475586e-01
-9.558901190757751465e-01,4.195937141776084900e-02,2.907121181488037109e-01
-9.449866414070129395e-01,-2.230970747768878937e-02,3.263472914695739746e-01
-9.286756515502929688e-01,-8.458664268255233765e-02,3.611185252666473389e-01
-9.074152708053588867e-01,-1.443936824798583984e-01,3.946492671966552734e-01
-8.817318677902221680e-01,-2.013335675001144409e-01,4.266307950019836426e-01
-8.521962761878967285e-01,-2.550970315933227539e-01,4.568227529525756836e-01
-8.194023370742797852e-01,-3.054641485214233398e-01,4.850479662418365479e-01
-7.839430570602416992e-01,-3.523042798042297363e-01,5.111898183822631836e-01
-7.463934421539306641e-01,-3.955680727958679199e-01,5.351847410202026367e-01
-7.072933912277221680e-01,-4.352801442146301270e-01,5.570164322853088379e-01
-6.671372056007385254e-01,-4.715251922607421875e-01,5.767077803611755371e-01
-6.263664960861206055e-01,-5.044373273849487305e-01,5.943130254745483398e-01
-5.853655934333801270e-01,-5.341860055923461914e-01,6.099117994308471680e-01
-5.444637537002563477e-01,-5.609648823738098145e-01,6.236004829406738281e-01
-5.039369463920593262e-01,-5.849808454513549805e-01,6.354880332946777344e-01
-4.640140235424041748e-01,-6.064454913139343262e-01,6.456894874572753906e-01
-4.248825311660766602e-01,-6.255695819854736328e-01,6.543220877647399902e-01
-3.866955935955047607e-01,-6.425582766532897949e-01,6.615024209022521973e-01
-3.495782613754272461e-01,-6.576080918312072754e-01,6.673429012298583984e-01
-3.136336505413055420e-01,-6.709074974060058594e-01,6.719501614570617676e-01
-2.789463698863983154e-01,-6.826359033584594727e-01,6.754236817359924316e-01
-2.455878108739852905e-01,-6.929653286933898926e-01,6.778537631034851074e-01
-2.136152684688568115e-01,-7.020629644393920898e-01,6.793202757835388184e-01
-1.830740720033645630e-01,-7.100922465324401855e-01,6.798917651176452637e-01
-1.539970189332962036e-01,-7.172153592109680176e-01,6.796227097511291504e-01
-1.264027059078216553e-01,-7.235964536666870117e-01,6.785503029823303223e-01
-1.002942919731140137e-01,-7.294020652770996094e-01,6.766932010650634766e-01
-7.565875351428985596e-02,-7.348064184188842773e-01,6.740439534187316895e-01
-5.246483534574508667e-02,-7.399920821189880371e-01,6.705663204193115234e-01
-3.066254593431949615e-02,-7.451563477516174316e-01,6.661844849586486816e-01
-1.017877738922834396e-02,-7.505137920379638672e-01,6.607763767242431641e-01
9.084578603506088257e-03,-7.563012242317199707e-01,6.541604399681091309e-01
2.725928835570812225e-02,-7.627795338630676270e-01,6.460838913917541504e-01
4.451915249228477478e-02,-7.702324390411376953e-01,6.362075209617614746e-01
6.109434738755226135e-02,-7.789539098739624023e-01,6.240979433059692383e-01
7.728543132543563843e-02,-7.892265319824218750e-01,6.092195510864257812e-01
9.348109364509582520e-02,-8.012774586677551270e-01,5.909446477890014648e-01
1.101686805486679077e-01,-8.152200579643249512e-01,5.685765147209167480e-01
1.279371082782745361e-01,-8.309666514396667480e-01,5.414115786552429199e-01
1.474618464708328247e-01,-8.481410145759582520e-01,5.088337659835815430e-01
1.694633662700653076e-01,-8.659947514533996582e-01,4.704627692699432373e-01
1.946362107992172241e-01,-8.833789825439453125e-01,4.263312816619873047e-01
2.235532850027084351e-01,-8.988029360771179199e-01,3.770639598369598389e-01
2.565688788890838623e-01,-9.106091856956481934e-01,3.239804506301879883e-01
2.937462031841278076e-01,-9.172357916831970215e-01,2.690567970275878906e-01
3.348417878150939941e-01,-9.174859523773193359e-01,2.147102355957031250e-01
3.793512880802154541e-01,-9.107018113136291504e-01,1.634466648101806641e-01
4.265952408313751221e-01,-8.967780470848083496e-01,1.174970865249633789e-01
4.758051335811614990e-01,-8.760357499122619629e-01,7.855468988418579102e-02
5.261902809143066406e-01,-8.490298390388488770e-01,4.766752198338508606e-02
5.769686698913574219e-01,-8.163749575614929199e-01,2.528045326471328735e-02
6.273761987686157227e-01,-7.786334753036499023e-01,1.135567575693130493e-02
6.766601204872131348e-01,-7.362748980522155762e-01,5.518054589629173279e-03
7.240790724754333496e-01,-6.896795630455017090e-01,7.179088424891233444e-03
7.689030766487121582e-01,-6.391741633415222168e-01,1.563446782529354095e-02
8.104208111763000488e-01,-5.850732922554016113e-01,3.012309409677982330e-02
8.479580283164978027e-01,-5.277124643325805664e-01,4.986633732914924622e-02
8.808953166007995605e-01,-4.674766361713409424e-01,7.408857345581054688e-02
9.086896777153015137e-01,-4.048124849796295166e-01,1.020288318395614624e-01
9.308955073356628418e-01,-3.402334153652191162e-01,1.329468190670013428e-01
9.471829533576965332e-01,-2.743081748485565186e-01,1.661309152841567993e-01
9.573504924774169922e-01,-2.076486498117446899e-01,2.009031176567077637e-01
9.613314867019653320e-01,-1.408915668725967407e-01,2.366247922182083130e-01
9.591951370239257812e-01,-7.467307895421981812e-02,2.727061510086059570e-01
9.511395692825317383e-01,-9.608695283532142639e-03,3.086116015911102295e-01
9.374802708625793457e-01,5.372902378439903259e-02,3.438662886619567871e-01
8.624990582466125488e-01,6.988733261823654175e-02,5.012095570564270020e-01
8.357913494110107422e-01,1.289230883121490479e-01,5.336961746215820312e-01
8.046054244041442871e-01,1.841831207275390625e-01,5.645234584808349609e-01
7.697091102600097656e-01,2.353784143924713135e-01,5.934178829193115234e-01
7.318705916404724121e-01,2.823366820812225342e-01,6.202026605606079102e-01
6.918306946754455566e-01,3.249954879283905029e-01,6.447854042053222656e-01
6.502806544303894043e-01,3.633891344070434570e-01,6.671457290649414062e-01
6.078448891639709473e-01,3.976339697837829590e-01,6.873221993446350098e-01
5.650697350502014160e-01,4.279097914695739746e-01,7.054002285003662109e-01
5.224177837371826172e-01,4.544423520565032959e-01,7.214997410774230957e-01
4.802674353122711182e-01,4.774852693080902100e-01,7.357656359672546387e-01
4.389171302318572998e-01,4.973044991493225098e-01,7.483581900596618652e-01
3.985921144485473633e-01,5.141655802726745605e-01,7.594459056854248047e-01
3.594554364681243896e-01,5.283226966857910156e-01,7.691988945007324219e-01
3.216170072555541992e-01,5.400115251541137695e-01,7.777853012084960938e-01
2.851475775241851807e-01,5.494455695152282715e-01,7.853664755821228027e-01
2.500884532928466797e-01,5.568136572837829590e-01,7.920949459075927734e-01
2.164629548788070679e-01,5.622808933258056641e-01,7.981127500534057617e-01
1.842844933271408081e-01,5.659919381141662598e-01,8.035498261451721191e-01
1.535649597644805908e-01,5.680744647979736328e-01,8.085229396820068359e-01
1.243185251951217651e-01,5.686444640159606934e-01,8.131349086761474609e-01
9.656542539596557617e-02,5.678124427795410156e-01,8.174742460250854492e-01
7.033227384090423584e-02,5.656882524490356445e-01,8.216143846511840820e-01
4.565155506134033203e-02,5.623872876167297363e-01,8.256128430366516113e-01
2.256054617464542389e-02,5.580344200134277344e-01,8.295110464096069336e-01
1.098828157410025597e-03,5.527683496475219727e-01,8.333342075347900391e-01
-1.869413815438747406e-02,5.467451214790344238e-01,8.370904326438903809e-01
-3.678090870380401611e-02,5.401439666748046875e-01,8.407685160636901855e-01
-5.312826856970787048e-02,5.331716537475585938e-01,8.443372249603271484e-01
-6.771092116832733154e-02,5.260722041130065918e-01,8.477399945259094238e-01
-8.051536977291107178e-02,5.191366672515869141e-01,8.508903384208679199e-01
-9.154881536960601807e-02,5.127164721488952637e-01,8.536630272865295410e-01
-1.008499637246131897e-01,5.072392225265502930e-01,8.558841347694396973e-01
-1.085063517093658447e-01,5.032221078872680664e-01,8.573178648948669434e-01
-1.146769225597381592e-01,5.012871623039245605e-01,8.576481938362121582e-01
-1.196230649948120117e-01,5.021629333496093750e-01,8.564594388008117676e-01
-1.237450018525123596e-01,5.066781044006347656e-01,8.532084226608276367e-01
-1.276257634162902832e-01,5.157288312911987305e-01,8.471927642822265625e-01
-1.320778727531433105e-01,5.302050709724426270e-01,8.375189900398254395e-01
-1.381820142269134521e-01,5.508677959442138672e-01,8.230737447738647461e-01
-1.473028659820556641e-01,5.781401395797729492e-01,8.025309443473815918e-01
-1.610457450151443481e-01,6.118168830871582031e-01,7.744316458702087402e-01
-1.811159253120422363e-01,6.507157683372497559e-01,7.374048829078674316e-01
-2.090392410755157471e-01,6.923841834068298340e-01,6.905843615531921387e-01
-2.457656264305114746e-01,7.330758571624755859e-01,6.341916918754577637e-01
-2.912778556346893311e-01,7.682282924652099609e-01,5.700724720954895020e-01
-3.444189727306365967e-01,7.934422492980957031e-01,5.018216371536254883e-01
-4.031007289886474609e-01,8.055910468101501465e-01,4.342036545276641846e-01
-4.648107290267944336e-01,8.034453392028808594e-01,3.720571398735046387e-01
-5.271415710449218750e-01,7.875378727912902832e-01,3.192269504070281982e-01
-5.881068110466003418e-01,7.594988942146301270e-01,2.780140936374664307e-01
-6.461904048919677734e-01,7.213364839553833008e-01,2.492218464612960815e-01
-7.002567052841186523e-01,6.749612092971801758e-01,2.325250953435897827e-01
-7.494230866432189941e-01,6.219946742057800293e-01,2.269088923931121826e-01
-7.929685711860656738e-01,5.637655258178710938e-01,2.310180515050888062e-01
-8.302898406982421875e-01,5.013823509216308594e-01,2.433813214302062988e-01
-8.608914613723754883e-01,4.358212947845458984e-01,2.625370025634765625e-01
-8.843966722488403320e-01,3.679899871349334717e-01,2.870989739894866943e-01
-9.005654454231262207e-01,2.987671494483947754e-01,3.157849013805389404e-01
-9.093109369277954102e-01,2.290163487195968628e-01,3.474264442920684814e-01
-9.107089042663574219e-01,1.595797240734100342e-01,3.809770047664642334e-01
-9.049975275993347168e-01,9.126505255699157715e-02,4.155119657516479492e-01
-8.925668001174926758e-01,2.482193335890769958e-02,4.502314329147338867e-01
-8.739411830902099609e-01,-3.907642140984535217e-02,4.844582378864288330e-01
-8.497522473335266113e-01,-9.985447674989700317e-02,5.176391005516052246e-01
-8.207104802131652832e-01,-1.570461392402648926e-01,5.493367910385131836e-01
-7.875728011131286621e-01,-2.103023529052734375e-01,5.792253613471984863e-01
-7.511103749275207520e-01,-2.593935430049896240e-01,6.070817112922668457e-01
-7.120812535285949707e-01,-3.042033612728118896e-01,6.327722072601318359e-01
-6.712036132812500000e-01,-3.447199165821075439e-01,6.562423110008239746e-01
-6.291375160217285156e-01,-3.810202479362487793e-01,6.775023937225341797e-01
-5.864687561988830566e-01,-4.132547378540039062e-01,6.966167688369750977e-01
-5.437027215957641602e-01,-4.416287839412689209e-01,7.136884927749633789e-01
-5.012593865394592285e-01,-4.663834571838378906e-01,7.288521528244018555e-01
-4.594765007495880127e-01,-4.877811074256896973e-01,7.422607541084289551e-01
-4.186150431632995605e-01,-5.060884952545166016e-01,7.540794610977172852e-01
-3.788674473762512207e-01,-5.215670466423034668e-01,7.644785046577453613e-01
-3.403685986995697021e-01,-5.344617366790771484e-01,7.736276984214782715e-01
-3.032080233097076416e-01,-5.449980497360229492e-01,7.816917896270751953e-01
-2.674398720264434814e-01,-5.533769726753234863e-01,7.888280749320983887e-01
-2.330956161022186279e-01,-5.597754120826721191e-01,7.951842546463012695e-01
-2.001922279596328735e-01,-5.643477439880371094e-01,8.008962273597717285e-01
-1.687414646148681641e-01,-5.672292709350585938e-01,8.060876131057739258e-01
-1.387565135955810547e-01,-5.685415267944335938e-01,8.108681440353393555e-01
-1.102539077401161194e-01,-5.683968067169189453e-01,8.153337240219116211e-01
-8.325670659542083740e-02,-5.669046640396118164e-01,8.195654153823852539e-01
-5.779549106955528259e-02,-5.641773343086242676e-01,8.236282467842102051e-01
-3.390490263700485229e-02,-5.603340864181518555e-01,8.275724649429321289e-01
-1.162361260503530502e-02,-5.555062294006347656e-01,8.314310908317565918e-01
9.008653461933135986e-03,-5.498407483100891113e-01,8.352209329605102539e-01
2.795301564037799835e-02,-5.435045957565307617e-01,8.389406204223632812e-01
4.517382010817527771e-02,-5.366900563240051270e-01,8.425693511962890625e-01
6.064151972532272339e-02,-5.296209454536437988e-01,8.460639119148254395e-01
7.433551549911499023e-02,-5.225636363029479980e-01,8.493536114692687988e-01
8.625201880931854248e-02,-5.158374309539794922e-01,8.523334264755249023e-01
9.641183167695999146e-02,-5.098298788070678711e-01,8.548556566238403320e-01
1.048758178949356079e-01,-5.050116777420043945e-01,8.567171096801757812e-01
1.117637977004051208e-01,-5.019514560699462891e-01,8.576442003250122070e-01
1.172819212079048157e-01,-5.013235211372375488e-01,8.572745323181152344e-01
1.217554137110710144e-01,-5.039108395576477051e-01,8.551312088966369629e-01
1.256706267595291138e-01,-5.105796456336975098e-01,8.505970239639282227e-01
1.297194510698318481e-01,-5.222359299659729004e-01,8.428775072097778320e-01
1.348446607589721680e-01,-5.397254824638366699e-01,8.309713006019592285e-01
1.422696113586425781e-01,-5.636720061302185059e-01,8.136542439460754395e-01
1.534897238016128540e-01,-5.942249298095703125e-01,7.895173430442810059e-01
1.701860427856445312e-01,-6.307346820831298828e-01,7.571066617965698242e-01
1.940180212259292603e-01,-6.714102625846862793e-01,7.152379155158996582e-01
2.262769788503646851e-01,-7.131278514862060547e-01,6.635113954544067383e-01
2.674693763256072998e-01,-7.516369819641113281e-01,6.029113531112670898e-01
3.170087337493896484e-01,-7.823138236999511719e-01,5.361814498901367188e-01
3.732214272022247314e-01,-8.012731671333312988e-01,4.676186144351959229e-01
4.337350428104400635e-01,-8.063065409660339355e-01,4.021736979484558105e-01
4.960339963436126709e-01,-7.971265316009521484e-01,3.442957699298858643e-01
5.579002499580383301e-01,-7.749108076095581055e-01,2.970867156982421875e-01
6.175871491432189941e-01,-7.415577769279479980e-01,2.620650231838226318e-01
6.737854480743408203e-01,-6.990666985511779785e-01,2.394136786460876465e-01
7.255008220672607422e-01,-6.492123007774353027e-01,2.284116595983505249e-01
7.719387412071228027e-01,-5.934644341468811035e-01,2.278388887643814087e-01
8.124408125877380371e-01,-5.330299735069274902e-01,2.362604141235351562e-01
8.464571237564086914e-01,-4.689415097236633301e-01,2.521986663341522217e-01
8.735495805740356445e-01,-4.021338224411010742e-01,2.742253839969635010e-01
8.934071063995361328e-01,-3.334982693195343018e-01,3.010025322437286377e-01
9.058651328086853027e-01,-2.639046907424926758e-01,3.313045501708984375e-01
9.109172821044921875e-01,-1.942069232463836670e-01,3.640239238739013672e-01
9.087209105491638184e-01,-1.252335309982299805e-01,3.981745243072509766e-01
8.995922207832336426e-01,-5.776538699865341187e-02,4.328937530517578125e-01
8.839911222457885742e-01,7.483509834855794907e-03,4.674437642097473145e-01
8.624990582466125488e-01,6.988756358623504639e-02,5.012097358703613281e-01
7.546662688255310059e-01,6.616701185703277588e-02,6.527639031410217285e-01
7.225530147552490234e-01,1.234124526381492615e-01,6.802107095718383789e-01
6.858062148094177246e-01,1.758686304092407227e-01,7.062153816223144531e-01
6.454744935035705566e-01,2.233013808727264404e-01,7.304103374481201172e-01
6.025539636611938477e-01,2.656241655349731445e-01,7.525773048400878906e-01
5.579625368118286133e-01,3.028798401355743408e-01,7.726200222969055176e-01
5.125193595886230469e-01,3.352189660072326660e-01,7.905391454696655273e-01
4.669317901134490967e-01,3.628745377063751221e-01,8.064097762107849121e-01
4.217893183231353760e-01,3.861384689807891846e-01,8.203602433204650879e-01
3.775648772716522217e-01,4.053374826908111572e-01,8.325541019439697266e-01
3.346203565597534180e-01,4.208126366138458252e-01,8.431761860847473145e-01
2.932173907756805420e-01,4.329012036323547363e-01,8.524201512336730957e-01
2.535303235054016113e-01,4.419234097003936768e-01,8.604801893234252930e-01
2.156613767147064209e-01,4.481720626354217529e-01,8.675436973571777344e-01
1.796555072069168091e-01,4.519072175025939941e-01,8.737870454788208008e-01
1.455162465572357178e-01,4.533533155918121338e-01,8.793723583221435547e-01
1.132197678089141846e-01,4.526986181735992432e-01,8.844463229179382324e-01
8.272673189640045166e-02,4.500976204872131348e-01,8.891391158103942871e-01
5.399465933442115784e-02,4.456759989261627197e-01,8.935644626617431641e-01
2.698595263063907623e-02,4.395350217819213867e-01,8.978200554847717285e-01
1.674480154179036617e-03,4.317576587200164795e-01,9.019880890846252441e-01
-2.194975130259990692e-02,4.224160015583038330e-01,9.061362147331237793e-01
-4.387854039669036865e-02,4.115775525569915771e-01,9.103177785873413086e-01
-6.408560276031494141e-02,3.993115425109863281e-01,9.145727157592773438e-01
-8.252681791782379150e-02,3.856946229934692383e-01,9.189281463623046875e-01
-9.914256632328033447e-02,3.708158135414123535e-01,9.233993291854858398e-01
-1.138606294989585876e-01,3.547799289226531982e-01,9.279907941818237305e-01
-1.265976279973983765e-01,3.377122282981872559e-01,9.326968789100646973e-01
-1.372624337673187256e-01,3.197603225708007812e-01,9.375032782554626465e-01
-1.457580924034118652e-01,3.010991811752319336e-01,9.423873424530029297e-01
-1.519851535558700562e-01,2.819363772869110107e-01,9.473185539245605469e-01
-1.558453738689422607e-01,2.625187337398529053e-01,9.522584080696105957e-01
-1.572479754686355591e-01,2.431437522172927856e-01,9.571593999862670898e-01
-1.561177968978881836e-01,2.241684794425964355e-01,9.619644880294799805e-01
-1.524076461791992188e-01,2.060284465551376343e-01,9.666045308113098145e-01
-1.461153179407119751e-01,1.892494261264801025e-01,9.709969162940979004e-01
-1.373054683208465576e-01,1.744673848152160645e-01,9.750427007675170898e-01
-1.261406391859054565e-01,1.624448746442794800e-01,9.786215424537658691e-01
-1.129191368818283081e-01,1.540862768888473511e-01,9.815837144851684570e-01
-9.812708199024200439e-02,1.504516452550888062e-01,9.837354421615600586e-01
-8.250328898429870605e-02,1.527599990367889404e-01,9.848134517669677734e-01
-6.712368875741958618e-02,1.623790711164474487e-01,9.844427704811096191e-01
-5.350240692496299744e-02,1.807771325111389160e-01,9.820678234100341797e-01
-4.370466247200965881e-02,2.094049602746963501e-01,9.768518209457397461e-01
-4.043968766927719116e-02,2.494468986988067627e-01,9.675437211990356445e-01
-4.705428332090377808e-02,3.013484179973602295e-01,9.523524045944213867e-01
-6.727348268032073975e-02,3.640578985214233398e-01,9.289435744285583496e-01
-1.044703572988510132e-01,4.340692758560180664e-01,8.948016166687011719e-01
-1.603582501411437988e-01,5.047662258148193359e-01,8.482313156127929688e-01
-2.335173189640045166e-01,5.670258402824401855e-01,7.899059057235717773e-01
-3.188611865043640137e-01,6.116947531700134277e-01,7.239868640899658203e-01
-4.089478254318237305e-01,6.328467130661010742e-01,6.574699282646179199e-01
-4.964739084243774414e-01,6.294565796852111816e-01,5.977441072463989258e-01
-5.761542320251464844e-01,6.044632792472839355e-01,5.501548051834106445e-01
-6.450899839401245117e-01,5.625647306442260742e-01,5.170878767967224121e-01
-7.021427154541015625e-01,5.084515810012817383e-01,4.984702169895172119e-01
-7.471565604209899902e-01,4.460335075855255127e-01,4.927586615085601807e-01
-7.804328203201293945e-01,3.783429861068725586e-01,4.977762699127197266e-01
-8.024713397026062012e-01,3.077115118503570557e-01,5.112272500991821289e-01
-8.138806819915771484e-01,2.359735816717147827e-01,5.309564471244812012e-01
-8.153614401817321777e-01,1.646160632371902466e-01,5.550561547279357910e-01
-8.077090382575988770e-01,9.487242996692657471e-02,5.818980336189270020e-01
-7.918143272399902344e-01,2.776622399687767029e-02,6.101305484771728516e-01
-7.686514854431152344e-01,-3.586555644869804382e-02,6.386616230010986328e-01
-7.392555475234985352e-01,-9.536750614643096924e-02,6.666380763053894043e-01
-7.046923637390136719e-01,-1.502575874328613281e-01,6.934200525283813477e-01
-6.660246253013610840e-01,-2.002215683460235596e-01,7.185558676719665527e-01
-6.242782473564147949e-01,-2.451017946004867554e-01,7.417558431625366211e-01
-5.804134011268615723e-01,-2.848781645298004150e-01,7.628660798072814941e-01
-5.353003144264221191e-01,-3.196511268615722656e-01,7.818418145179748535e-01
-4.897041022777557373e-01,-3.496150672435760498e-01,7.987235188484191895e-01
-4.442727565765380859e-01,-3.750357031822204590e-01,8.136153817176818848e-01
-3.995371460914611816e-01,-3.962249755859375000e-01,8.266654610633850098e-01
-3.559140563011169434e-01,-4.135193526744842529e-01,8.380495309829711914e-01
-3.137133419513702393e-01,-4.272596836090087891e-01,8.479582071304321289e-01
-2.731515169143676758e-01,-4.377764761447906494e-01,8.565862178802490234e-01
-2.343646585941314697e-01,-4.453773796558380127e-01,8.641251325607299805e-01
-1.974243521690368652e-01,-4.503389894962310791e-01,8.707574009895324707e-01
-1.623535603284835815e-01,-4.529038369655609131e-01,8.766524195671081543e-01
-1.291398704051971436e-01,-4.532781839370727539e-01,8.819646835327148438e-01
-9.775047749280929565e-02,-4.516328275203704834e-01,8.868328928947448730e-01
-6.814322620630264282e-02,-4.481076002120971680e-01,8.913787603378295898e-01
-4.027678444981575012e-02,-4.428149759769439697e-01,8.957079648971557617e-01
-1.411910448223352432e-02,-4.358461499214172363e-01,8.999104499816894531e-01
1.034847833216190338e-02,-4.272781610488891602e-01,9.040610790252685547e-01
3.312739357352256775e-02,-4.171796739101409912e-01,9.082201123237609863e-01
5.419966951012611389e-02,-4.056184887886047363e-01,9.124341011047363281e-01
7.353025674819946289e-02,-3.926667273044586182e-01,9.167367219924926758e-01
9.106695652008056641e-02,-3.784067034721374512e-01,9.211488366127014160e-01
1.067438274621963501e-01,-3.629350364208221436e-01,9.256802797317504883e-01
1.204821988940238953e-01,-3.463664054870605469e-01,9.303302168846130371e-01
1.321949660778045654e-01,-3.288366198539733887e-01,9.350887537002563477e-01
1.417876034975051880e-01,-3.105065226554870605e-01,9.399371743202209473e-01
1.491614729166030884e-01,-2.915662825107574463e-01,9.448491930961608887e-01
1.542170643806457520e-01,-2.722423374652862549e-01,9.497901201248168945e-01
1.568590402603149414e-01,-2.528053522109985352e-01,9.547170996665954590e-01
1.570032685995101929e-01,-2.335808128118515015e-01,9.595780372619628906e-01
1.545867323875427246e-01,-2.149637192487716675e-01,9.643098711967468262e-01
1.495821475982666016e-01,-1.974319070577621460e-01,9.688373804092407227e-01
1.420175880193710327e-01,-1.815646737813949585e-01,9.730699658393859863e-01
1.320025324821472168e-01,-1.680585443973541260e-01,9.768989682197570801e-01
1.197617202997207642e-01,-1.577450931072235107e-01,9.801905751228332520e-01
1.056801900267601013e-01,-1.516064107418060303e-01,9.827752113342285156e-01
9.036093205213546753e-02,-1.507806926965713501e-01,9.844288229942321777e-01
7.469999045133590698e-02,-1.565655469894409180e-01,9.848386645317077637e-01
5.997845903038978577e-02,-1.703877598047256470e-01,9.835498929023742676e-01
4.797204956412315369e-02,-1.937284171581268311e-01,9.798815846443176270e-01
4.106007143855094910e-02,-2.279466986656188965e-01,9.728074073791503906e-01
4.228216782212257385e-02,-2.739343643188476562e-01,9.608184695243835449e-01
5.523136630654335022e-02,-3.315025269985198975e-01,9.418362379074096680e-01
8.358501642942428589e-02,-3.984895050525665283e-01,9.133562445640563965e-01
1.300785392522811890e-01,-4.698629677295684814e-01,8.731026649475097656e-01
1.950158327817916870e-01,-5.375612378120422363e-01,8.203638195991516113e-01
2.751034796237945557e-01,-5.920376777648925781e-01,7.575020790100097656e-01
3.637999594211578369e-01,-6.253893971443176270e-01,6.903171539306640625e-01
4.534193575382232666e-01,-6.341035962104797363e-01,6.263573765754699707e-01
5.375269651412963867e-01,-6.193822622299194336e-01,5.722153186798095703e-01
6.120672821998596191e-01,-5.853201150894165039e-01,5.317649841308593750e-01
6.751263141632080078e-01,-5.367690324783325195e-01,5.060468316078186035e-01
7.261418700218200684e-01,-4.780723750591278076e-01,4.941303133964538574e-01
7.652336955070495605e-01,-4.126874506473541260e-01,4.940713346004486084e-01
7.928207516670227051e-01,-3.432707190513610840e-01,5.035875439643859863e-01
8.094628453254699707e-01,-2.718814015388488770e-01,5.204328894615173340e-01
8.158145546913146973e-01,-2.001646459102630615e-01,5.425686836242675781e-01
8.126233220100402832e-01,-1.294737607240676880e-01,5.682251453399658203e-01
8.007326722145080566e-01,-6.093308702111244202e-02,5.959146618843078613e-01
7.810778617858886719e-01,4.528965801000595093e-03,6.244172453880310059e-01
7.546662092208862305e-01,6.616725027561187744e-02,6.527640819549560547e-01
5.724835395812988281e-01,1.325833052396774292e-02,8.198089599609375000e-01
5.465022325515747070e-01,7.026267051696777344e-02,8.345049023628234863e-01
5.137413740158081055e-01,1.218398958444595337e-01,8.492495417594909668e-01
4.759713113307952881e-01,1.676841527223587036e-01,8.633269071578979492e-01
4.347348809242248535e-01,2.077238261699676514e-01,8.762741684913635254e-01
3.913558125495910645e-01,2.420646995306015015e-01,8.878318071365356445e-01
3.469480574131011963e-01,2.709433138370513916e-01,8.978957533836364746e-01
3.024257421493530273e-01,2.946858406066894531e-01,9.064760804176330566e-01
2.585180997848510742e-01,3.136742413043975830e-01,9.136612415313720703e-01
2.157871276140213013e-01,3.283172845840454102e-01,9.195888638496398926e-01
1.746473014354705811e-01,3.390269577503204346e-01,9.244236350059509277e-01
1.353866755962371826e-01,3.462001681327819824e-01,9.283403754234313965e-01
9.818883985280990601e-02,3.502063453197479248e-01,9.315119981765747070e-01
6.315360218286514282e-02,3.513782918453216553e-01,9.341011643409729004e-01
3.031695820391178131e-02,3.500083982944488525e-01,9.362558722496032715e-01
-3.321615804452449083e-04,3.463475108146667480e-01,9.381062984466552734e-01
-2.883493714034557343e-02,3.406055569648742676e-01,9.397639632225036621e-01
-5.525039508938789368e-02,3.329552114009857178e-01,9.413225650787353516e-01
-7.964356243610382080e-02,3.235355317592620850e-01,9.428582191467285156e-01
-1.020761355757713318e-01,3.124567568302154541e-01,9.444317221641540527e-01
-1.226001977920532227e-01,2.998054027557373047e-01,9.460898041725158691e-01
-1.412518620491027832e-01,2.856501638889312744e-01,9.478670954704284668e-01
-1.580483317375183105e-01,2.700469195842742920e-01,9.497870206832885742e-01
-1.729858070611953735e-01,2.530449330806732178e-01,9.518635272979736328e-01
-1.860390603542327881e-01,2.346919625997543335e-01,9.541012048721313477e-01
-1.971611380577087402e-01,2.150396704673767090e-01,9.564964175224304199e-01
-2.062856703996658325e-01,1.941486150026321411e-01,9.590373039245605469e-01
-2.133275866508483887e-01,1.720920354127883911e-01,9.617046117782592773e-01
-2.181855440139770508e-01,1.489602178335189819e-01,9.644718170166015625e-01
-2.207438647747039795e-01,1.248637735843658447e-01,9.673061370849609375e-01
-2.208739966154098511e-01,9.993655234575271606e-02,9.701687097549438477e-01
-2.184372693300247192e-01,7.433911412954330444e-02,9.730153679847717285e-01
-2.132876068353652954e-01,4.826262220740318298e-02,9.757966995239257812e-01
-2.052743434906005859e-01,2.193266153335571289e-02,9.784586429595947266e-01
-1.942482590675354004e-01,-4.383959341794252396e-03,9.809426069259643555e-01
-1.800673156976699829e-01,-3.037282451987266541e-02,9.831852912902832031e-01
-1.626067459583282471e-01,-5.566331744194030762e-02,9.851196408271789551e-01
-1.417722851037979126e-01,-7.981761544942855835e-02,9.866760969161987305e-01
-1.175169497728347778e-01,-1.023218408226966858e-01,9.877853393554687500e-01
-8.986317366361618042e-02,-1.225739493966102600e-01,9.883826375007629395e-01
-5.893116816878318787e-02,-1.398723423480987549e-01,9.884143471717834473e-01
-2.497357688844203949e-02,-1.534067839384078979e-01,9.878475069999694824e-01
1.157873868942260742e-02,-1.622476875782012939e-01,9.866821765899658203e-01
5.006166547536849976e-02,-1.653409004211425781e-01,9.849650263786315918e-01
8.950324356555938721e-02,-1.615027189254760742e-01,9.828051924705505371e-01
1.285298317670822144e-01,-1.494252681732177734e-01,9.803836345672607422e-01
1.652387231588363647e-01,-1.277015805244445801e-01,9.779512286186218262e-01
1.970363259315490723e-01,-9.489135444164276123e-02,9.757931828498840332e-01
2.204466611146926880e-01,-4.968084022402763367e-02,9.741330146789550781e-01
2.309419363737106323e-01,8.769166655838489532e-03,9.729280471801757812e-01
2.229582220315933228e-01,8.015029132366180420e-02,9.715273976325988770e-01
1.904763728380203247e-01,1.618781387805938721e-01,9.682531952857971191e-01
1.287534683942794800e-01,2.477073520421981812e-01,9.602414369583129883e-01
3.741564974188804626e-02,3.271407485008239746e-01,9.442346096038818359e-01
-7.659382373094558716e-02,3.874657154083251953e-01,9.186967611312866211e-01
-1.995373964309692383e-01,4.187376201152801514e-01,8.859140276908874512e-01
-3.160867691040039062e-01,4.181922674179077148e-01,8.515893220901489258e-01
-4.151268303394317627e-01,3.901276886463165283e-01,8.218699097633361816e-01
-4.917102158069610596e-01,3.422397673130035400e-01,8.006828427314758301e-01
-5.455406308174133301e-01,2.821674644947052002e-01,7.891559004783630371e-01
-5.786752104759216309e-01,2.159541100263595581e-01,7.864469289779663086e-01
-5.939579010009765625e-01,1.479092091321945190e-01,7.907824516296386719e-01
-5.942795276641845703e-01,8.096992969512939453e-02,8.001722693443298340e-01
-5.823140144348144531e-01,1.710147410631179810e-02,8.127840757369995117e-01
-5.604601502418518066e-01,-4.240864515304565430e-02,8.270949125289916992e-01
-5.308531522750854492e-01,-9.675517678260803223e-02,8.419224619865417480e-01
-4.953808784484863281e-01,-1.454879790544509888e-01,8.564058542251586914e-01
-4.556985497474670410e-01,-1.884265989065170288e-01,8.699622154235839844e-01
-4.132388532161712646e-01,-2.255943864583969116e-01,8.822362422943115234e-01
-3.692189157009124756e-01,-2.571681141853332520e-01,8.930520415306091309e-01
-3.246515393257141113e-01,-2.834337055683135986e-01,9.023672938346862793e-01
-2.803562581539154053e-01,-3.047491908073425293e-01,9.102352857589721680e-01
-2.369764149188995361e-01,-3.215130865573883057e-01,9.167722463607788086e-01
-1.949976831674575806e-01,-3.341385126113891602e-01,9.221318960189819336e-01
-1.547682583332061768e-01,-3.430317044258117676e-01,9.264857769012451172e-01
-1.165219694375991821e-01,-3.485774099826812744e-01,9.300087690353393555e-01
-8.039733767509460449e-02,-3.511274456977844238e-01,9.328696727752685547e-01
-4.646017029881477356e-02,-3.509943187236785889e-01,9.352242946624755859e-01
-1.472092885524034500e-02,-3.484501838684082031e-01,9.372117519378662109e-01
1.484843064099550247e-02,-3.437250554561614990e-01,9.389529824256896973e-01
4.229956865310668945e-02,-3.370096087455749512e-01,9.405505657196044922e-01
6.769564747810363770e-02,-3.284591436386108398e-01,9.420890808105468750e-01
9.110143035650253296e-02,-3.181976675987243652e-01,9.436370134353637695e-01
1.125740557909011841e-01,-3.063229620456695557e-01,9.452477693557739258e-01
1.321583539247512817e-01,-2.929120361804962158e-01,9.469618797302246094e-01
1.498818099498748779e-01,-2.780263125896453857e-01,9.488081336021423340e-01
1.657505333423614502e-01,-2.617177665233612061e-01,9.508052468299865723e-01
1.797504276037216187e-01,-2.440342158079147339e-01,9.529622793197631836e-01
1.918450593948364258e-01,-2.250247299671173096e-01,9.552797675132751465e-01
2.019779086112976074e-01,-2.047447264194488525e-01,9.577496647834777832e-01
2.100728750228881836e-01,-1.832607835531234741e-01,9.603566527366638184e-01
2.160363942384719849e-01,-1.606541424989700317e-01,9.630776047706604004e-01
2.197600305080413818e-01,-1.370245814323425293e-01,9.658828973770141602e-01
2.211209535598754883e-01,-1.124945282936096191e-01,9.687365293502807617e-01
2.199854850769042969e-01,-8.721016347408294678e-02,9.715970158576965332e-01
2.162108868360519409e-01,-6.134727597236633301e-02,9.744174480438232422e-01
2.096483409404754639e-01,-3.511384874582290649e-02,9.771461486816406250e-01
2.001471221446990967e-01,-8.754626847803592682e-03,9.797267317771911621e-01
1.875604242086410522e-01,1.744079031050205231e-02,9.820981621742248535e-01
1.717536151409149170e-01,4.313148558139801025e-02,9.841952919960021973e-01
1.526154428720474243e-01,6.791287660598754883e-02,9.859495162963867188e-01
1.300728023052215576e-01,9.131180495023727417e-02,9.872909188270568848e-01
1.041101664304733276e-01,1.127711087465286255e-01,9.881516695022583008e-01
7.479463517665863037e-02,1.316400319337844849e-01,9.884718656539916992e-01
4.230838641524314880e-02,1.471648812294006348e-01,9.882066845893859863e-01
6.986711174249649048e-03,1.584763973951339722e-01,9.873381257057189941e-01
-3.063158504664897919e-02,1.645841151475906372e-01,9.858872890472412109e-01
-6.973776221275329590e-02,1.643671691417694092e-01,9.839309453964233398e-01
-1.091733127832412720e-01,1.565802991390228271e-01,9.816128611564636230e-01
-1.473177820444107056e-01,1.398594081401824951e-01,9.791510701179504395e-01
-1.819454729557037354e-01,1.127697080373764038e-01,9.768207669258117676e-01
-2.100466936826705933e-01,7.390537112951278687e-02,9.748940467834472656e-01
-2.276350408792495728e-01,2.212966047227382660e-02,9.734950065612792969e-01
-2.296384125947952271e-01,-4.293576255440711975e-02,9.723285436630249023e-01
-2.101359069347381592e-01,-1.200111433863639832e-01,9.702784419059753418e-01
-1.634378284215927124e-01,-2.048437297344207764e-01,9.650529026985168457e-01
-8.654334396123886108e-02,-2.890145778656005859e-01,9.534048438072204590e-01
1.749716885387897491e-02,-3.604457378387451172e-01,9.326160550117492676e-01
1.379486024379730225e-01,-4.070985615253448486e-01,9.029069542884826660e-01
2.594498991966247559e-01,-4.223036170005798340e-01,8.685306310653686523e-01
3.682424426078796387e-01,-4.071493148803710938e-01,8.358390927314758301e-01
4.563245773315429688e-01,-3.681555986404418945e-01,8.100798130035400391e-01
5.213731527328491211e-01,-3.133058845996856689e-01,7.937313318252563477e-01
5.645232796669006348e-01,-2.495217025279998779e-01,7.867987751960754395e-01
5.883634090423583984e-01,-1.819499135017395020e-01,7.878596186637878418e-01
5.958151817321777344e-01,-1.141598969697952271e-01,7.949665188789367676e-01
5.896762013435363770e-01,-4.855843633413314819e-02,8.061786890029907227e-01
5.724835991859436035e-01,1.325854659080505371e-02,8.198089599609375000e-01
8.800122141838073730e-02,-1.853586435317993164e-01,9.787226319313049316e-01
1.280904710292816162e-01,-1.279064565896987915e-01,9.834799766540527344e-01
1.483773291110992432e-01,-7.110250741243362427e-02,9.863714575767517090e-01
1.527801007032394409e-01,-1.795344054698944092e-02,9.880970716476440430e-01
1.450792402029037476e-01,2.992175891995429993e-02,9.889674186706542969e-01
1.285473406314849854e-01,7.181243598461151123e-02,9.890998601913452148e-01
1.058653220534324646e-01,1.075655445456504822e-01,9.885454773902893066e-01
7.916139066219329834e-02,1.373556107282638550e-01,9.873535037040710449e-01
5.008903890848159790e-02,1.615386605262756348e-01,9.855943918228149414e-01
1.991057768464088440e-02,1.805606037378311157e-01,9.833623170852661133e-01
-1.042706053704023361e-02,1.949012428522109985e-01,9.807674884796142578e-01
-4.022751003503799438e-02,2.050382196903228760e-01,9.779269099235534668e-01
-6.899163872003555298e-02,2.114259898662567139e-01,9.749560356140136719e-01
-9.637248516082763672e-02,2.144824862480163574e-01,9.719617962837219238e-01
-1.221402063965797424e-01,2.145831286907196045e-01,9.690386652946472168e-01
-1.461521238088607788e-01,2.120571434497833252e-01,9.662667512893676758e-01
-1.683292239904403687e-01,2.071886211633682251e-01,9.637106060981750488e-01
-1.886376738548278809e-01,2.002182006835937500e-01,9.614200592041015625e-01
-2.070728242397308350e-01,1.913458406925201416e-01,9.594308733940124512e-01
-2.236473709344863892e-01,1.807349771261215210e-01,9.577665328979492188e-01
-2.383816987276077271e-01,1.685163974761962891e-01,9.564393758773803711e-01
-2.512959241867065430e-01,1.547922641038894653e-01,9.554526209831237793e-01
-2.624039649963378906e-01,1.396406441926956177e-01,9.548008441925048828e-01
-2.717088162899017334e-01,1.231196075677871704e-01,9.544715285301208496e-01
-2.791986167430877686e-01,1.052722856402397156e-01,9.544453024864196777e-01
-2.848441898822784424e-01,8.613160997629165649e-02,9.546964168548583984e-01
-2.885966002941131592e-01,6.572560966014862061e-02,9.551922082901000977e-01
-2.903862595558166504e-01,4.408345744013786316e-02,9.558935761451721191e-01
-2.901220321655273438e-01,2.124152891337871552e-02,9.567538499832153320e-01
-2.876913845539093018e-01,-2.750682411715388298e-03,9.577192068099975586e-01
-2.829606831073760986e-01,-2.782423421740531921e-02,9.587277770042419434e-01
-2.757769823074340820e-01,-5.388519167900085449e-02,9.597101211547851562e-01
-2.659698128700256348e-01,-8.081002533435821533e-02,9.605882167816162109e-01
-2.533539831638336182e-01,-1.084414273500442505e-01,9.612763524055480957e-01
-2.377322614192962646e-01,-1.365850269794464111e-01,9.616797566413879395e-01
-2.189001291990280151e-01,-1.650056689977645874e-01,9.616942405700683594e-01
-1.966511756181716919e-01,-1.934254020452499390e-01,9.612050056457519531e-01
-1.707835793495178223e-01,-2.215178757905960083e-01,9.600847363471984863e-01
-1.411102116107940674e-01,-2.489036768674850464e-01,9.581934809684753418e-01
-1.074718236923217773e-01,-2.751439511775970459e-01,9.553771615028381348e-01
-6.975264102220535278e-02,-2.997336089611053467e-01,9.514694809913635254e-01
-2.790242061018943787e-02,-3.220942616462707520e-01,9.462963342666625977e-01
1.803834177553653717e-02,-3.415711224079132080e-01,9.396827816963195801e-01
6.791087239980697632e-02,-3.574328720569610596e-01,9.314665198326110840e-01
1.214050129055976868e-01,-3.688760697841644287e-01,9.215157628059387207e-01
1.780281215906143188e-01,-3.750378191471099854e-01,9.097542166709899902e-01
2.370695918798446655e-01,-3.750146031379699707e-01,8.961930871009826660e-01
2.975693643093109131e-01,-3.678897321224212646e-01,8.809708356857299805e-01
3.582869768142700195e-01,-3.527705669403076172e-01,8.643977046012878418e-01
4.176683723926544189e-01,-3.288350403308868408e-01,8.470068573951721191e-01
4.738150835037231445e-01,-2.953911125659942627e-01,8.296043276786804199e-01
5.244411826133728027e-01,-2.519536018371582031e-01,8.133147358894348145e-01
5.668252110481262207e-01,-1.983534246683120728e-01,7.996031641960144043e-01
5.977472662925720215e-01,-1.349023878574371338e-01,7.902528047561645508e-01
6.134479045867919922e-01,-6.265701353549957275e-02,7.872456908226013184e-01
6.096946597099304199e-01,1.617304049432277679e-02,7.924713492393493652e-01
5.821740627288818359e-01,9.765806049108505249e-02,8.071779608726501465e-01
5.275651216506958008e-01,1.756171286106109619e-01,8.311640620231628418e-01
4.455471336841583252e-01,2.416898459196090698e-01,8.620172739028930664e-01
3.411554992198944092e-01,2.869005203247070312e-01,8.951541781425476074e-01
2.254779636859893799e-01,3.048587739467620850e-01,9.253219366073608398e-01
1.128050163388252258e-01,2.947405278682708740e-01,9.488956928253173828e-01
1.550883892923593521e-02,2.614472210407257080e-01,9.650931954383850098e-01
-5.947848781943321228e-02,2.128795385360717773e-01,9.752663969993591309e-01
-1.107515618205070496e-01,1.568083912134170532e-01,9.813996553421020508e-01
-1.404683589935302734e-01,9.919662773609161377e-02,9.851033687591552734e-01
-1.523184180259704590e-01,4.394368454813957214e-02,9.873540401458740234e-01
-1.502243727445602417e-01,-6.704508326947689056e-03,9.886292219161987305e-01
-1.377359628677368164e-01,-5.163460224866867065e-02,9.891222119331359863e-01
-1.178298667073249817e-01,-9.045082330703735352e-02,9.889058470726013184e-01
-9.290265291929244995e-02,-1.231866702437400818e-01,9.880253672599792480e-01
-6.483411788940429688e-02,-1.501214653253555298e-01,9.865394830703735352e-01
-3.507232666015625000e-02,-1.716651916503906250e-01,9.845308661460876465e-01
-4.712994210422039032e-03,-1.882859468460083008e-01,9.821029305458068848e-01
2.542976103723049164e-02,-2.004660367965698242e-01,9.793705344200134277e-01
5.476395040750503540e-02,-2.086737155914306641e-01,9.764508605003356934e-01
8.287175744771957397e-02,-2.133462876081466675e-01,9.734555482864379883e-01
1.094687432050704956e-01,-2.148806303739547729e-01,9.704858660697937012e-01
1.343718767166137695e-01,-2.136296182870864868e-01,9.676293730735778809e-01
1.574729830026626587e-01,-2.098997235298156738e-01,9.649581909179687500e-01
1.787178665399551392e-01,-2.039528191089630127e-01,9.625295996665954590e-01
1.980887949466705322e-01,-1.960087567567825317e-01,9.603860378265380859e-01
2.155915349721908569e-01,-1.862488836050033569e-01,9.585570693016052246e-01
2.312432229518890381e-01,-1.748196929693222046e-01,9.570603966712951660e-01
2.450651973485946655e-01,-1.618372201919555664e-01,9.559036493301391602e-01
2.570752501487731934e-01,-1.473907381296157837e-01,9.550855159759521484e-01
2.672820985317230225e-01,-1.315482556819915771e-01,9.545969367027282715e-01
2.756819427013397217e-01,-1.143594905734062195e-01,9.544219970703125000e-01
2.822544574737548828e-01,-9.586186707019805908e-02,9.545380473136901855e-01
2.869607210159301758e-01,-7.608497142791748047e-02,9.549160003662109375e-01
2.897418737411499023e-01,-5.505701154470443726e-02,9.555199146270751953e-01
2.905173897743225098e-01,-3.280984237790107727e-02,9.563071131706237793e-01
2.891854941844940186e-01,-9.385245852172374725e-03,9.572270512580871582e-01
2.856226861476898193e-01,1.515760365873575211e-02,9.582222700119018555e-01
2.796857655048370361e-01,4.073827713727951050e-02,9.592269062995910645e-01
2.712126672267913818e-01,6.724859774112701416e-02,9.601673483848571777e-01
2.600250244140625000e-01,9.454876184463500977e-02,9.609617590904235840e-01
2.459315806627273560e-01,1.224626824259757996e-01,9.615199565887451172e-01
2.287304103374481201e-01,1.507767289876937866e-01,9.617425799369812012e-01
2.082152515649795532e-01,1.792353987693786621e-01,9.615201354026794434e-01
1.841816753149032593e-01,2.075352966785430908e-01,9.607321023941040039e-01
1.564333140850067139e-01,2.353253215551376343e-01,9.592447876930236816e-01
1.247952952980995178e-01,2.621972262859344482e-01,9.569110274314880371e-01
8.912714570760726929e-02,2.876792848110198975e-01,9.535706043243408203e-01
4.934395477175712585e-02,3.112312555313110352e-01,9.490523338317871094e-01
5.436840467154979706e-03,3.322366476058959961e-01,9.431803822517395020e-01
-4.249885305762290955e-02,3.500027954578399658e-01,9.357840418815612793e-01
-9.423157572746276855e-02,3.637597858905792236e-01,9.267142415046691895e-01
-1.493644714355468750e-01,3.726732134819030762e-01,9.158629179000854492e-01
-2.073003798723220825e-01,3.758565187454223633e-01,9.031934738159179688e-01
-2.672077119350433350e-01,3.723962903022766113e-01,8.887750506401062012e-01
-3.279900550842285156e-01,3.613825142383575439e-01,8.728259205818176270e-01
-3.882545530796051025e-01,3.419519066810607910e-01,8.557612299919128418e-01
-4.462795853614807129e-01,3.133378326892852783e-01,8.382444977760314941e-01
-4.999774396419525146e-01,2.749411463737487793e-01,8.212367892265319824e-01
-5.468521714210510254e-01,2.264181077480316162e-01,8.060319423675537109e-01
-5.839409828186035156e-01,1.678140461444854736e-01,7.942615747451782227e-01
-6.077558398246765137e-01,9.977366030216217041e-02,7.878312468528747559e-01
-6.142790913581848145e-01,2.386716753244400024e-02,7.887278199195861816e-01
-5.991551876068115234e-01,-5.691286176443099976e-02,7.986075282096862793e-01
-5.583749413490295410e-01,-1.375592797994613647e-01,8.181045055389404297e-01
-4.898153543472290039e-01,-2.107175886631011963e-01,8.459781408309936523e-01
-3.955819308757781982e-01,-2.674063742160797119e-01,8.786402344703674316e-01
-2.838517427444458008e-01,-2.994882762432098389e-01,9.108978509902954102e-01
-1.678906381130218506e-01,-3.031142950057983398e-01,9.380482435226440430e-01
-6.165827438235282898e-02,-2.805260717868804932e-01,9.578639864921569824e-01
2.497109957039356232e-02,-2.385561019182205200e-01,9.708076715469360352e-01
8.800183236598968506e-02,-1.853582859039306641e-01,9.787226319313049316e-01
-7.641419768333435059e-01,-4.222704172134399414e-01,4.876215457916259766e-01
-7.003809809684753418e-01,-4.592061638832092285e-01,5.464395284652709961e-01
-6.291753053665161133e-01,-4.749782085418701172e-01,6.152513623237609863e-01
-5.548667907714843750e-01,-4.679585993289947510e-01,6.878499388694763184e-01
-4.828290045261383057e-01,-4.397178292274475098e-01,7.573139071464538574e-01
-4.182744920253753662e-01,-3.950040638446807861e-01,8.179354071617126465e-01
-3.649378418922424316e-01,-3.403677046298980713e-01,8.665853738784790039e-01
-3.244090378284454346e-01,-2.822748124599456787e-01,9.028176069259643555e-01
-2.963465154170989990e-01,-2.257752567529678345e-01,9.280109405517578125e-01
-2.791768610477447510e-01,-1.740941107273101807e-01,9.443259835243225098e-01
-2.708123922348022461e-01,-1.288755834102630615e-01,9.539663195610046387e-01
-2.691441178321838379e-01,-9.065342694520950317e-02,9.588239789009094238e-01
-2.722965776920318604e-01,-5.928998440504074097e-02,9.603849053382873535e-01
-2.787179648876190186e-01,-3.429726138710975647e-02,9.597603678703308105e-01
-2.871799767017364502e-01,-1.504048146307468414e-02,9.577585458755493164e-01
-2.967383861541748047e-01,-8.571515209041535854e-04,9.549584388732910156e-01
-3.066821694374084473e-01,8.879635483026504517e-03,9.517706036567687988e-01
-3.164836466312408447e-01,1.473127491772174835e-02,9.484835863113403320e-01
-3.257558941841125488e-01,1.718235947191715240e-02,9.452977180480957031e-01
-3.342171013355255127e-01,1.664150692522525787e-02,9.423491954803466797e-01
-3.416627049446105957e-01,1.344565488398075104e-02,9.397264122962951660e-01
-3.479430079460144043e-01,7.868262939155101776e-03,9.374827146530151367e-01
-3.529458343982696533e-01,1.278512208955362439e-04,9.356437325477600098e-01
-3.565833866596221924e-01,-9.603513404726982117e-03,9.342141747474670410e-01
-3.587809801101684570e-01,-2.119340375065803528e-02,9.331812262535095215e-01
-3.594683408737182617e-01,-3.454104065895080566e-02,9.325177669525146484e-01
-3.585719764232635498e-01,-4.957032576203346252e-02,9.321849942207336426e-01
-3.560090661048889160e-01,-6.622347235679626465e-02,9.321330189704895020e-01
-3.516819477081298828e-01,-8.445259928703308105e-02,9.323022961616516113e-01
-3.454739451408386230e-01,-1.042123883962631226e-01,9.326239824295043945e-01
-3.372470438480377197e-01,-1.254499554634094238e-01,9.330202341079711914e-01
-3.268398344516754150e-01,-1.480969935655593872e-01,9.334039688110351562e-01
-3.140687346458435059e-01,-1.720601320266723633e-01,9.336788654327392578e-01
-2.987287342548370361e-01,-1.972130686044692993e-01,9.337388277053833008e-01
-2.805971801280975342e-01,-2.233908474445343018e-01,9.334676265716552734e-01
-2.594371438026428223e-01,-2.503849565982818604e-01,9.327377676963806152e-01
-2.350014746189117432e-01,-2.779411673545837402e-01,9.314091801643371582e-01
-2.070390880107879639e-01,-3.057571351528167725e-01,9.293263554573059082e-01
-1.753001511096954346e-01,-3.334816098213195801e-01,9.263151884078979492e-01
-1.395461261272430420e-01,-3.607111275196075439e-01,9.221791625022888184e-01
-9.956080466508865356e-02,-3.869846463203430176e-01,9.166954755783081055e-01
-5.516794323921203613e-02,-4.117791950702667236e-01,9.096122384071350098e-01
-6.253061816096305847e-03,-4.345030188560485840e-01,9.006486535072326660e-01
4.721047356724739075e-02,-4.544927477836608887e-01,8.894984722137451172e-01
1.051291972398757935e-01,-4.710136950016021729e-01,8.758389949798583984e-01
1.672594100236892700e-01,-4.832684397697448730e-01,8.593462109565734863e-01
2.331743389368057251e-01,-4.904129207134246826e-01,8.397171497344970703e-01
3.022389411926269531e-01,-4.915842115879058838e-01,8.166985511779785156e-01
3.735933601856231689e-01,-4.859362840652465820e-01,7.901226878166198730e-01
4.461462497711181641e-01,-4.726883471012115479e-01,7.599468827247619629e-01
5.185896158218383789e-01,-4.511781036853790283e-01,7.262941002845764160e-01
5.894255638122558594e-01,-4.209190309047698975e-01,6.894959211349487305e-01
6.570216417312622070e-01,-3.816570043563842773e-01,6.501234769821166992e-01
7.196741104125976562e-01,-3.334183394908905029e-01,6.090168356895446777e-01
7.756909728050231934e-01,-2.765471041202545166e-01,5.672964453697204590e-01
8.234750628471374512e-01,-2.117223590612411499e-01,5.263672471046447754e-01
8.616022467613220215e-01,-1.399680674076080322e-01,4.879041910171508789e-01
8.888833522796630859e-01,-6.264177709817886353e-02,4.538308382034301758e-01
9.044011831283569336e-01,1.856642030179500580e-02,4.262790679931640625e-01
9.075188636779785156e-01,1.016279831528663635e-01,4.075307548046112061e-01
8.978630900382995605e-01,1.841391921043395996e-01,3.999182283878326416e-01
8.753012418746948242e-01,2.632417380809783936e-01,4.056495130062103271e-01
8.399503231048583984e-01,3.355257511138916016e-01,4.265043735504150391e-01
7.922846674919128418e-01,3.969826400279998779e-01,4.633463025093078613e-01
7.334050536155700684e-01,4.431838989257812500e-01,5.154657959938049316e-01
6.654706001281738281e-01,4.699046611785888672e-01,5.799469947814941406e-01
5.920859575271606445e-01,4.743012487888336182e-01,6.515156626701354980e-01
5.182172060012817383e-01,4.562577009201049805e-01,7.233808636665344238e-01
4.493358135223388672e-01,4.190301597118377686e-01,7.889935970306396484e-01
3.900528848171234131e-01,3.684997260570526123e-01,8.438404202461242676e-01
3.430556058883666992e-01,3.113954663276672363e-01,8.861973881721496582e-01
3.088981807231903076e-01,2.535824179649353027e-01,9.166667461395263672e-01
2.865253984928131104e-01,1.991975307464599609e-01,9.371358156204223633e-01
2.740292847156524658e-01,1.506232172250747681e-01,9.498528838157653809e-01
2.692656815052032471e-01,1.088872328400611877e-01,9.568905830383300781e-01
2.702226936817169189e-01,7.413968443870544434e-02,9.599390029907226562e-01
2.751826047897338867e-01,4.603531956672668457e-02,9.602891206741333008e-01
2.827590107917785645e-01,2.399355173110961914e-02,9.588908553123474121e-01
2.918715178966522217e-01,7.355173118412494659e-03,9.564292430877685547e-01
3.016988635063171387e-01,-4.530195612460374832e-03,9.533924460411071777e-01
3.116276860237121582e-01,-1.225898414850234985e-02,9.501252174377441406e-01
3.212054967880249023e-01,-1.635453850030899048e-02,9.468683004379272461e-01
3.301020860671997070e-01,-1.726319454610347748e-02,9.437873363494873047e-01
3.380773067474365234e-01,-1.535694766789674759e-02,9.409930706024169922e-01
3.449562191963195801e-01,-1.093965023756027222e-02,9.385550618171691895e-01
3.506099581718444824e-01,-4.256587475538253784e-03,9.365119338035583496e-01
3.549401164054870605e-01,4.498128313571214676e-03,9.348782300949096680e-01
3.578664958477020264e-01,1.517317350953817368e-02,9.336494207382202148e-01
3.593178093433380127e-01,2.765280008316040039e-02,9.328054189682006836e-01
3.592230081558227539e-01,4.184947907924652100e-02,9.323129653930664062e-01
3.575045168399810791e-01,5.769706889986991882e-02,9.321274161338806152e-01
3.540728390216827393e-01,7.514388114213943481e-02,9.321940541267395020e-01
3.488211929798126221e-01,9.414432942867279053e-02,9.324486851692199707e-01
3.416225016117095947e-01,1.146503090858459473e-01,9.328179955482482910e-01
3.323270976543426514e-01,1.366024911403656006e-01,9.332194328308105469e-01
3.207622468471527100e-01,1.599209755659103394e-01,9.335613846778869629e-01
3.067332506179809570e-01,1.844973862171173096e-01,9.337427020072937012e-01
2.900266349315643311e-01,2.101859152317047119e-01,9.336522817611694336e-01
2.704109251499176025e-01,2.368007451295852661e-01,9.331684708595275879e-01
2.476440370082855225e-01,2.641108930110931396e-01,9.321576356887817383e-01
2.214766442775726318e-01,2.918376326560974121e-01,9.304724335670471191e-01
1.916568428277969360e-01,3.196549415588378906e-01,9.279484748840332031e-01
1.579392552375793457e-01,3.471856117248535156e-01,9.244010448455810547e-01
1.200943812727928162e-01,3.739988207817077637e-01,9.196206927299499512e-01
7.792420685291290283e-02,3.996023535728454590e-01,9.133705496788024902e-01
3.127982094883918762e-02,4.234398901462554932e-01,9.053840041160583496e-01
-1.991308294236660004e-02,4.448843002319335938e-01,8.953666687011718750e-01
-7.562446594238281250e-02,4.632354676723480225e-01,8.830026984214782715e-01
-1.356900781393051147e-01,4.777263998985290527e-01,8.679664134979248047e-01
-1.997786015272140503e-01,4.875335693359375000e-01,8.499409556388854980e-01
-2.673614621162414551e-01,4.917991757392883301e-01,8.286443352699279785e-01
-3.376927673816680908e-01,4.896635413169860840e-01,8.038614392280578613e-01
-4.097968637943267822e-01,4.803073704242706299e-01,7.754813432693481445e-01
-4.824717938899993896e-01,4.630012512207031250e-01,7.435393929481506348e-01
-5.543082952499389648e-01,4.371640384197235107e-01,7.082583904266357422e-01
-6.237343549728393555e-01,4.024188220500946045e-01,6.700855493545532227e-01
-6.890730261802673340e-01,3.586458563804626465e-01,6.297232508659362793e-01
-7.486150264739990234e-01,3.060273230075836182e-01,5.881519317626953125e-01
-8.007059097290039062e-01,2.450731396675109863e-01,5.466343760490417480e-01
-8.438260555267333984e-01,1.766346693038940430e-01,5.067127346992492676e-01
-8.766626119613647461e-01,1.019031703472137451e-01,4.701897799968719482e-01
-8.981589078903198242e-01,2.240445278584957123e-02,4.390996694564819336e-01
-9.075391292572021484e-01,-6.000588089227676392e-02,4.156583845615386963e-01
-9.043012261390686035e-01,-1.431196779012680054e-01,4.021890163421630859e-01
-8.881943821907043457e-01,-2.243157476186752319e-01,4.009900987148284912e-01
-8.592054843902587891e-01,-3.004729151725769043e-01,4.141037166118621826e-01
-8.176074624061584473e-01,-3.678787052631378174e-01,4.429257810115814209e-01
-7.641416192054748535e-01,-4.222705662250518799e-01,4.876219630241394043e-01
-9.304968118667602539e-01,-3.662985265254974365e-01,1.013599452562630177e-03
-8.968576192855834961e-01,-4.420292079448699951e-01,-1.601709611713886261e-02
-8.585701584815979004e-01,-5.122602581977844238e-01,-2.113561518490314484e-02
-8.173530697822570801e-01,-5.759894251823425293e-01,-1.305047143250703812e-02
-7.748188376426696777e-01,-6.321123242378234863e-01,9.480926208198070526e-03
-7.323754429817199707e-01,-6.792395114898681641e-01,4.753845557570457458e-02
-6.911412477493286133e-01,-7.155197262763977051e-01,1.017609015107154846e-01
-6.518933176994323730e-01,-7.385797500610351562e-01,1.718579828739166260e-01
-6.150765419006347656e-01,-7.457712888717651367e-01,2.559414803981781006e-01
-5.809136033058166504e-01,-7.348982095718383789e-01,3.499486446380615234e-01
-5.495970845222473145e-01,-7.053571343421936035e-01,4.476766586303710938e-01
-5.214652419090270996e-01,-6.591334342956542969e-01,5.418643951416015625e-01
-4.970064759254455566e-01,-6.008296012878417969e-01,6.260897517204284668e-01
-4.766662418842315674e-01,-5.364847183227539062e-01,6.964003443717956543e-01
-4.606104791164398193e-01,-4.718856513500213623e-01,7.517725229263305664e-01
-4.486241042613983154e-01,-4.113702178001403809e-01,7.934172153472900391e-01
-4.401747584342956543e-01,-3.575063049793243408e-01,8.236719369888305664e-01
-4.345562160015106201e-01,-3.113811910152435303e-01,8.451051115989685059e-01
-4.310255348682403564e-01,-2.731012403964996338e-01,8.600189685821533203e-01
-4.288901090621948242e-01,-2.422319948673248291e-01,8.702740669250488281e-01
-4.275492131710052490e-01,-2.181038111448287964e-01,8.772869706153869629e-01
-4.265025258064270020e-01,-1.999889761209487915e-01,8.820997476577758789e-01
-4.253428578376770020e-01,-1.871940195560455322e-01,8.854613304138183594e-01
-4.237422645092010498e-01,-1.790990978479385376e-01,8.878998160362243652e-01
-4.214347898960113525e-01,-1.751685887575149536e-01,8.897801041603088379e-01
-4.182030558586120605e-01,-1.749487966299057007e-01,8.913468122482299805e-01
-4.138628840446472168e-01,-1.780605018138885498e-01,8.927552103996276855e-01
-4.082540571689605713e-01,-1.841885149478912354e-01,8.940935134887695312e-01
-4.012261927127838135e-01,-1.930703520774841309e-01,8.954001665115356445e-01
-3.926309645175933838e-01,-2.044866234064102173e-01,8.966751098632812500e-01
-3.823141455650329590e-01,-2.182474136352539062e-01,8.978886008262634277e-01
-3.701066672801971436e-01,-2.341803014278411865e-01,8.989886641502380371e-01
-3.558225631713867188e-01,-2.521166205406188965e-01,8.999041318893432617e-01
-3.392548859119415283e-01,-2.718783318996429443e-01,9.005488753318786621e-01
-3.201759159564971924e-01,-2.932675480842590332e-01,9.008226990699768066e-01
-2.983406782150268555e-01,-3.160544335842132568e-01,9.006122350692749023e-01
-2.734882235527038574e-01,-3.399739563465118408e-01,8.997898697853088379e-01
-2.453469336032867432e-01,-3.647209703922271729e-01,8.982113003730773926e-01
-2.136389017105102539e-01,-3.899470269680023193e-01,8.957118391990661621e-01
-1.780850589275360107e-01,-4.152604043483734131e-01,8.921011686325073242e-01
-1.384145170450210571e-01,-4.402209222316741943e-01,8.871566653251647949e-01
-9.437667578458786011e-02,-4.643353521823883057e-01,8.806166648864746094e-01
-4.576024785637855530e-02,-4.870485663414001465e-01,8.721753358840942383e-01
7.581269368529319763e-03,-5.077368617057800293e-01,8.614788651466369629e-01
6.569680571556091309e-02,-5.257012844085693359e-01,8.481285572052001953e-01
1.285029053688049316e-01,-5.401675701141357422e-01,8.316886425018310547e-01
1.957434117794036865e-01,-5.502930879592895508e-01,8.117030858993530273e-01
2.669530808925628662e-01,-5.551869273185729980e-01,7.877204418182373047e-01
3.414299190044403076e-01,-5.539383292198181152e-01,7.593273520469665527e-01
4.182136356830596924e-01,-5.456630587577819824e-01,7.261881232261657715e-01
4.960878789424896240e-01,-5.295554995536804199e-01,6.880898475646972656e-01
5.735972523689270020e-01,-5.049540996551513672e-01,6.449865102767944336e-01
6.490947604179382324e-01,-4.714049696922302246e-01,5.970371365547180176e-01
7.208094596862792969e-01,-4.287223219871520996e-01,5.446383357048034668e-01
7.869383692741394043e-01,-3.770363032817840576e-01,4.884378612041473389e-01
8.457546830177307129e-01,-3.168168962001800537e-01,4.293321669101715088e-01
8.957166671752929688e-01,-2.488758862018585205e-01,3.684459030628204346e-01
9.355754852294921875e-01,-1.743349730968475342e-01,3.070926964282989502e-01
9.644594192504882812e-01,-9.457278996706008911e-02,2.467263489961624146e-01
9.819362163543701172e-01,-1.114730723202228546e-02,1.888833194971084595e-01
9.880388975143432617e-01,7.429423928260803223e-02,1.351275891065597534e-01
9.832583069801330566e-01,1.601029485464096069e-01,8.700656145811080933e-02
9.685032963752746582e-01,2.447119653224945068e-01,4.601552337408065796e-02
9.450328350067138672e-01,3.266930878162384033e-01,1.358682103455066681e-02
9.143669605255126953e-01,4.047884345054626465e-01,-8.909208700060844421e-03
8.781861662864685059e-01,4.778946042060852051e-01,-2.014650963246822357e-02
8.382232189178466797e-01,5.450022816658020020e-01,-1.882309652864933014e-02
7.961568236351013184e-01,6.050792932510375977e-01,-3.664499614387750626e-03
7.535083293914794922e-01,6.569034457206726074e-01,2.651359327137470245e-02
7.115503549575805664e-01,6.988724470138549805e-01,7.261828333139419556e-02
6.712341308593750000e-01,7.288671731948852539e-01,1.348974406719207764e-01
6.331638097763061523e-01,7.443191409111022949e-01,2.123500853776931763e-01
5.976529717445373535e-01,7.426821589469909668e-01,3.020499646663665771e-01
5.648828744888305664e-01,7.224044203758239746e-01,3.987972736358642578e-01
5.351046323776245117e-01,6.840957999229431152e-01,4.956571459770202637e-01
5.087450146675109863e-01,6.311280131340026855e-01,5.855389833450317383e-01
4.863024353981018066e-01,5.690265297889709473e-01,6.631130576133728027e-01
4.681073427200317383e-01,5.039040446281433105e-01,7.259175777435302734e-01
4.541359245777130127e-01,4.409168958663940430e-01,7.741787433624267578e-01
4.439989924430847168e-01,3.835094571113586426e-01,8.098057508468627930e-01
4.370584189891815186e-01,3.334523141384124756e-01,8.353379964828491211e-01
4.325749874114990234e-01,2.912790477275848389e-01,8.532499074935913086e-01
4.298232793807983398e-01,2.567789256572723389e-01,8.656306266784667969e-01
4.281539320945739746e-01,2.293707281351089478e-01,8.741128444671630859e-01
4.270164370536804199e-01,2.083394378423690796e-01,8.799156546592712402e-01
4.259589910507202148e-01,1.929671764373779297e-01,8.839245438575744629e-01
4.246157407760620117e-01,1.825945377349853516e-01,8.867698311805725098e-01
4.226916134357452393e-01,1.766436249017715454e-01,8.888919353485107422e-01
4.199466109275817871e-01,1.746201515197753906e-01,8.905911445617675781e-01
4.161820113658905029e-01,1.761094778776168823e-01,8.920639157295227051e-01
4.112267494201660156e-01,1.807650029659271240e-01,8.934296965599060059e-01
4.049267470836639404e-01,1.882996559143066406e-01,8.947499990463256836e-01
3.971337676048278809e-01,1.984741240739822388e-01,8.960428237915039062e-01
3.876979947090148926e-01,2.110850065946578979e-01,8.972922563552856445e-01
3.764579594135284424e-01,2.259529829025268555e-01,8.984568715095520020e-01
3.632367849349975586e-01,2.429088801145553589e-01,8.994744420051574707e-01
3.478378951549530029e-01,2.617814540863037109e-01,9.002662301063537598e-01
3.300440907478332520e-01,2.823833823204040527e-01,9.007388949394226074e-01
3.096188604831695557e-01,3.045018911361694336e-01,9.007856249809265137e-01
2.863081693649291992e-01,3.278910815715789795e-01,9.002860784530639648e-01
2.598458230495452881e-01,3.522650301456451416e-01,8.991048336029052734e-01
2.299561053514480591e-01,3.772976100444793701e-01,8.970878720283508301e-01
1.963600218296051025e-01,4.026192128658294678e-01,8.940584659576416016e-01
1.587806195020675659e-01,4.278145134449005127e-01,8.898108601570129395e-01
1.169556304812431335e-01,4.524170756340026855e-01,8.841041326522827148e-01
7.065196335315704346e-02,4.759045243263244629e-01,8.766545057296752930e-01
1.968553848564624786e-02,4.976879358291625977e-01,8.671327233314514160e-01
-3.604415431618690491e-02,5.171062946319580078e-01,8.551619052886962891e-01
-9.652529656887054443e-02,5.334229469299316406e-01,8.403230905532836914e-01
-1.615930050611495972e-01,5.458278059959411621e-01,8.221676349639892578e-01
-2.308903038501739502e-01,5.534509420394897461e-01,8.002385497093200684e-01
-3.038369715213775635e-01,5.553869605064392090e-01,7.740983963012695312e-01
-3.796033263206481934e-01,5.507320761680603027e-01,7.433677315711975098e-01
-4.571005702018737793e-01,5.386337637901306152e-01,7.077659368515014648e-01
-5.349875092506408691e-01,5.183506011962890625e-01,6.671589016914367676e-01
-6.117062568664550781e-01,4.893166124820709229e-01,6.215984821319580078e-01
-6.855384707450866699e-01,4.512049257755279541e-01,5.713589191436767578e-01
-7.546832561492919922e-01,4.039834439754486084e-01,5.169628858566284180e-01
-8.173626065254211426e-01,3.479504287242889404e-01,4.591829180717468262e-01
-8.719283342361450195e-01,2.837485373020172119e-01,3.990334868431091309e-01
-9.169733524322509766e-01,2.123491466045379639e-01,3.377390205860137939e-01
-9.514270424842834473e-01,1.350124478340148926e-01,2.766914069652557373e-01
-9.746326208114624023e-01,5.321636423468589783e-02,2.173919975757598877e-01
-9.863890409469604492e-01,-3.142591193318367004e-02,1.613970398902893066e-01
-9.869613647460937500e-01,-1.172534376382827759e-01,1.102678403258323669e-01
-9.770562052726745605e-01,-2.026504278182983398e-01,6.552878022193908691e-02
-9.577674865722656250e-01,-2.861134707927703857e-01,2.864439040422439575e-02
-9.304966926574707031e-01,-3.662988543510437012e-01,1.013457891531288624e-03
-9.454365372657775879e-01,-2.903166115283966064e-01,-1.478716731071472168e-01
-9.085119366645812988e-01,-3.690974712371826172e-01,-1.958907246589660645e-01
-8.648054003715515137e-01,-4.430501759052276611e-01,-2.362588196992874146e-01
-8.162230849266052246e-01,-5.116070508956909180e-01,-2.683990597724914551e-01
-7.646921277046203613e-01,-5.745093822479248047e-01,-2.918646633625030518e-01
-7.120812535285949707e-01,-6.317678093910217285e-01,-3.062836825847625732e-01
-6.601455211639404297e-01,-6.835980415344238281e-01,-3.112903535366058350e-01
-6.104899644851684570e-01,-7.303349971771240234e-01,-3.064518570899963379e-01
-5.645554661750793457e-01,-7.723238468170166016e-01,-2.911924421787261963e-01
-5.236130952835083008e-01,-8.097801208496093750e-01,-2.647365033626556396e-01
-4.887600541114807129e-01,-8.426146507263183594e-01,-2.260843068361282349e-01
-4.608888626098632812e-01,-8.702161908149719238e-01,-1.740838140249252319e-01
-4.406138062477111816e-01,-8.912184238433837891e-01,-1.076538190245628357e-01
-4.281307756900787354e-01,-9.033348560333251953e-01,-2.627079747617244720e-02
-4.230196177959442139e-01,-9.034702181816101074e-01,6.925267726182937622e-02
-4.240812063217163086e-01,-8.883826732635498047e-01,1.758731901645660400e-01
-4.293751716613769531e-01,-8.560178875923156738e-01,2.878719866275787354e-01
-4.366036057472229004e-01,-8.070212602615356445e-01,3.976104259490966797e-01
-4.437330067157745361e-01,-7.453336715698242188e-01,4.975728392601013184e-01
-4.494804739952087402e-01,-6.771501302719116211e-01,5.826104879379272461e-01
-4.533714950084686279e-01,-6.088801622390747070e-01,6.509372591972351074e-01
-4.554587602615356445e-01,-5.454881787300109863e-01,7.035622596740722656e-01
-4.559853076934814453e-01,-4.899189174175262451e-01,7.430053353309631348e-01
-4.551726877689361572e-01,-4.433748722076416016e-01,7.721635699272155762e-01
-4.531437754631042480e-01,-4.059026539325714111e-01,7.936647534370422363e-01
-4.499256014823913574e-01,-3.769191205501556396e-01,8.096289038658142090e-01
-4.454765319824218750e-01,-3.555759489536285400e-01,8.216546773910522461e-01
-4.397146403789520264e-01,-3.409673273563385010e-01,8.308985233306884766e-01
-4.325357973575592041e-01,-3.322372138500213623e-01,8.381713628768920898e-01
-4.238238930702209473e-01,-3.286219835281372070e-01,8.440266251564025879e-01
-4.134532809257507324e-01,-3.294622600078582764e-01,8.488292098045349121e-01
-4.012856185436248779e-01,-3.341915011405944824e-01,8.528105616569519043e-01
-3.871666491031646729e-01,-3.423226177692413330e-01,8.561058640480041504e-01
-3.709227740764617920e-01,-3.534265756607055664e-01,8.587816953659057617e-01
-3.523584008216857910e-01,-3.671132326126098633e-01,8.608551025390625000e-01
-3.312566578388214111e-01,-3.830123245716094971e-01,8.623054027557373047e-01
-3.073787689208984375e-01,-4.007586836814880371e-01,8.630821108818054199e-01
-2.804691195487976074e-01,-4.199822247028350830e-01,8.631060123443603516e-01
-2.502560019493103027e-01,-4.402996897697448730e-01,8.622691631317138672e-01
-2.164559215307235718e-01,-4.613074660301208496e-01,8.604314327239990234e-01
-1.787781864404678345e-01,-4.825757741928100586e-01,8.574141860008239746e-01
-1.369347572326660156e-01,-5.036399364471435547e-01,8.529922366142272949e-01
-9.065342694520950317e-02,-5.239900350570678711e-01,8.468862771987915039e-01
-3.969998285174369812e-02,-5.430591106414794922e-01,8.387554287910461426e-01
1.609247922897338867e-02,-5.602095723152160645e-01,8.281946182250976562e-01
7.678648084402084351e-02,-5.747248530387878418e-01,8.147363066673278809e-01
1.422978192567825317e-01,-5.858056545257568359e-01,7.978615760803222656e-01
2.123518586158752441e-01,-5.925771594047546387e-01,7.770193219184875488e-01
2.864435017108917236e-01,-5.941078066825866699e-01,7.516555190086364746e-01
3.638004362583160400e-01,-5.894438028335571289e-01,7.212526202201843262e-01
4.433667957782745361e-01,-5.776576995849609375e-01,6.853739023208618164e-01
5.237985849380493164e-01,-5.579125285148620605e-01,6.437147259712219238e-01
6.034914851188659668e-01,-5.295310020446777344e-01,5.961501002311706543e-01
6.806299686431884766e-01,-4.920699596405029297e-01,5.427798628807067871e-01
7.532690763473510742e-01,-4.453859031200408936e-01,4.839598238468170166e-01
8.194400072097778320e-01,-3.896835744380950928e-01,4.203151166439056396e-01
8.772682547569274902e-01,-3.255415558815002441e-01,3.527365922927856445e-01
9.251009225845336914e-01,-2.539044916629791260e-01,2.823486924171447754e-01
9.616203308105468750e-01,-1.760450452566146851e-01,2.104624509811401367e-01
9.859380722045898438e-01,-9.349534660577774048e-02,1.385090053081512451e-01
9.976559877395629883e-01,-7.952419109642505646e-03,6.796529144048690796e-02
9.968884587287902832e-01,7.882416993379592896e-02,2.826174022629857063e-04
9.842469692230224609e-01,1.651238203048706055e-01,-6.318263709545135498e-02
9.607887864112854004e-01,2.493811547756195068e-01,-1.212190017104148865e-01
9.279376864433288574e-01,3.302625119686126709e-01,-1.727951616048812866e-01
8.873886466026306152e-01,4.067204892635345459e-01,-2.170709222555160522e-01
8.410027027130126953e-01,4.780261814594268799e-01,-2.533877491950988770e-01
7.907072901725769043e-01,5.437700152397155762e-01,-2.812404036521911621e-01
7.384088635444641113e-01,6.038345694541931152e-01,-3.002268373966217041e-01
6.859250068664550781e-01,6.583421826362609863e-01,-3.099879622459411621e-01
6.349389553070068359e-01,7.075801491737365723e-01,-3.101336359977722168e-01
5.869741439819335938e-01,7.519046068191528320e-01,-3.001682460308074951e-01
5.433874130249023438e-01,7.916146516799926758e-01,-2.794215381145477295e-01
5.053643584251403809e-01,8.267982006072998047e-01,-2.470049113035202026e-01
4.739053249359130859e-01,8.571347594261169434e-01,-2.018263041973114014e-01
4.497776627540588379e-01,8.816627860069274902e-01,-1.427261531352996826e-01
4.334078431129455566e-01,8.985661864280700684e-01,-6.882244348526000977e-02
4.247093796730041504e-01,9.051120281219482422e-01,1.985213719308376312e-02
4.228853881359100342e-01,8.980047106742858887e-01,1.214716732501983643e-01
4.263415038585662842e-01,8.743969202041625977e-01,2.316527515649795532e-01
4.328884482383728027e-01,8.334248661994934082e-01,3.435266315937042236e-01
4.402814507484436035e-01,7.774071693420410156e-01,4.492106735706329346e-01
4.468259215354919434e-01,7.116336226463317871e-01,5.421478152275085449e-01
4.516627788543701172e-01,6.426696181297302246e-01,6.188509464263916016e-01
4.546265304088592529e-01,5.763436555862426758e-01,6.790748238563537598e-01
4.559014439582824707e-01,5.166158676147460938e-01,7.247495651245117188e-01
4.557364284992218018e-01,4.654952883720397949e-01,7.586952447891235352e-01
4.543065726757049561e-01,4.235315620899200439e-01,7.837260365486145020e-01
4.516846835613250732e-01,3.903996944427490234e-01,8.022275567054748535e-01
4.478593468666076660e-01,3.653494715690612793e-01,8.160524964332580566e-01
4.427657425403594971e-01,3.474849462509155273e-01,8.265668153762817383e-01
4.363094568252563477e-01,3.359172940254211426e-01,8.347417116165161133e-01
4.283791482448577881e-01,3.298339247703552246e-01,8.412497043609619141e-01
4.188543260097503662e-01,3.285227715969085693e-01,8.465422987937927246e-01
4.076033830642700195e-01,3.313728868961334229e-01,8.509122133255004883e-01
3.944803774356842041e-01,3.378596603870391846e-01,8.545385003089904785e-01
3.793218433856964111e-01,3.475281894207000732e-01,8.575191497802734375e-01
3.619436323642730713e-01,3.599708378314971924e-01,8.598940968513488770e-01
3.421390950679779053e-01,3.748092949390411377e-01,8.616604804992675781e-01
3.196800649166107178e-01,3.916775882244110107e-01,8.627822995185852051e-01
2.943195104598999023e-01,4.102096259593963623e-01,8.631941080093383789e-01
2.657928764820098877e-01,4.300290644168853760e-01,8.628030419349670410e-01
2.338225394487380981e-01,4.507434368133544922e-01,8.614855408668518066e-01
1.981197297573089600e-01,4.719372093677520752e-01,8.590831160545349121e-01
1.583948284387588501e-01,4.931640028953552246e-01,8.553948402404785156e-01
1.143648624420166016e-01,5.139383077621459961e-01,8.501694798469543457e-01
6.577264517545700073e-02,5.337229967117309570e-01,8.430976867675781250e-01
1.241505704820156097e-02,5.519170761108398438e-01,8.338065743446350098e-01
-4.582830518484115601e-02,5.678445696830749512e-01,8.218590617179870605e-01
-1.089525893330574036e-01,5.807475447654724121e-01,8.067599534988403320e-01
-1.767829358577728271e-01,5.897873044013977051e-01,7.879713177680969238e-01
-2.489348053932189941e-01,5.940573811531066895e-01,7.649362087249755859e-01
-3.247728347778320312e-01,5.926094055175781250e-01,7.371137738227844238e-01
-4.033852815628051758e-01,5.844960212707519531e-01,7.040203213691711426e-01
-4.835692942142486572e-01,5.688269138336181641e-01,6.652794480323791504e-01
-5.638467669486999512e-01,5.448353290557861328e-01,6.206700801849365234e-01
-6.424999833106994629e-01,5.119518637657165527e-01,5.701745152473449707e-01
-7.176358699798583984e-01,4.698764681816101074e-01,5.140182375907897949e-01
-7.872838973999023438e-01,4.186348915100097656e-01,4.526908397674560547e-01
-8.495066165924072266e-01,3.586169183254241943e-01,3.869526982307434082e-01
-9.025257229804992676e-01,2.905870676040649414e-01,3.178152740001678467e-01
-9.448412060737609863e-01,2.156619727611541748e-01,2.465054839849472046e-01
-9.753412008285522461e-01,1.352533549070358276e-01,1.744023263454437256e-01
-9.933769106864929199e-01,5.098778381943702698e-02,1.029684469103813171e-01
-9.988059401512145996e-01,-3.539114445447921753e-02,3.367872536182403564e-02
-9.919955730438232422e-01,-1.221358999609947205e-01,-3.205662965774536133e-02
-9.737884998321533203e-01,-2.075970768928527832e-01,-9.294813871383666992e-02
-9.454364180564880371e-01,-2.903169691562652588e-01,-1.478718072175979614e-01
-9.620605111122131348e-01,-2.144140303134918213e-01,-1.687193214893341064e-01
-9.266631603240966797e-01,-2.957555949687957764e-01,-2.319996207952499390e-01
-8.819630742073059082e-01,-3.723057806491851807e-01,-2.890147268772125244e-01
-8.298135399818420410e-01,-4.431598782539367676e-01,-3.391440808773040771e-01
-7.721697092056274414e-01,-5.077638626098632812e-01,-3.820075392723083496e-01
-7.109814882278442383e-01,-5.659065246582031250e-01,-4.174386560916900635e-01
-6.481079459190368652e-01,-6.176892518997192383e-01,-4.454392194747924805e-01
-5.852537155151367188e-01,-6.634796857833862305e-01,-4.661253094673156738e-01
-5.239328742027282715e-01,-7.038579583168029785e-01,-4.796646833419799805e-01
-4.654602110385894775e-01,-7.395579218864440918e-01,-4.862108528614044189e-01
-4.109624326229095459e-01,-7.714104056358337402e-01,-4.858352839946746826e-01
-3.614122867584228516e-01,-8.002887368202209473e-01,-4.784548878669738770e-01
-3.176722526550292969e-01,-8.270496726036071777e-01,-4.637598991394042969e-01
-2.805487215518951416e-01,-8.524630665779113770e-01,-4.411340653896331787e-01
-2.508442103862762451e-01,-8.771109580993652344e-01,-4.095773398876190186e-01
-2.293935418128967285e-01,-9.012294411659240723e-01,-3.676468133926391602e-01
-2.170634716749191284e-01,-9.244599938392639160e-01,-3.134600520133972168e-01
-2.146641761064529419e-01,-9.454946517944335938e-01,-2.448654770851135254e-01
-2.227071225643157959e-01,-9.616740942001342773e-01,-1.599515974521636963e-01
-2.409588247537612915e-01,-9.687954783439636230e-01,-5.808795988559722900e-02
-2.678596079349517822e-01,-9.616768956184387207e-01,5.855472758412361145e-02
-3.001881241798400879e-01,-9.360067248344421387e-01,1.837892532348632812e-01
-3.335340917110443115e-01,-8.910086154937744141e-01,3.079912364482879639e-01
-3.636603653430938721e-01,-8.308947682380676270e-01,4.211473762989044189e-01
-3.878583610057830811e-01,-7.634005546569824219e-01,5.165128707885742188e-01
-4.053054451942443848e-01,-6.965019106864929199e-01,5.921254158020019531e-01
-4.164727330207824707e-01,-6.359469294548034668e-01,6.497091054916381836e-01
-4.223307967185974121e-01,-5.846922397613525391e-01,6.926555633544921875e-01
-4.238353371620178223e-01,-5.435544252395629883e-01,7.245082855224609375e-01
-4.217291772365570068e-01,-5.121061205863952637e-01,7.482591867446899414e-01
-4.165201485157012939e-01,-4.893572330474853516e-01,7.661857008934020996e-01
-4.085221588611602783e-01,-4.741569757461547852e-01,7.799261212348937988e-01
-3.979039490222930908e-01,-4.653895199298858643e-01,7.906231880187988281e-01
-3.847275972366333008e-01,-4.620522856712341309e-01,7.990572452545166016e-01
-3.689742982387542725e-01,-4.632712304592132568e-01,8.057528138160705566e-01
-3.505651652812957764e-01,-4.682892560958862305e-01,8.110544085502624512e-01
-3.293702602386474609e-01,-4.764445722103118896e-01,8.151783347129821777e-01
-3.052206337451934814e-01,-4.871477782726287842e-01,8.182466030120849609e-01
-2.779116928577423096e-01,-4.998619556427001953e-01,8.203067779541015625e-01
-2.472109049558639526e-01,-5.140825510025024414e-01,8.213439583778381348e-01
-2.128611803054809570e-01,-5.293245911598205566e-01,8.212828636169433594e-01
-1.745878756046295166e-01,-5.451046824455261230e-01,8.199877738952636719e-01
-1.321110129356384277e-01,-5.609259009361267090e-01,8.172568082809448242e-01
-8.515797555446624756e-02,-5.762606263160705566e-01,8.128172159194946289e-01
-3.349258005619049072e-02,-5.905315279960632324e-01,8.063192963600158691e-01
2.305804193019866943e-02,-6.030962467193603516e-01,7.973351478576660156e-01
8.456108719110488892e-02,-6.132317185401916504e-01,7.853637933731079102e-01
1.509342342615127563e-01,-6.201311349868774414e-01,7.698416709899902344e-01
2.219005376100540161e-01,-6.229071021080017090e-01,7.501645684242248535e-01
2.969418168067932129e-01,-6.206116676330566406e-01,7.257180213928222656e-01
3.752640187740325928e-01,-6.122721433639526367e-01,6.959164738655090332e-01
4.557722508907318115e-01,-5.969429612159729004e-01,6.602505445480346680e-01
5.370699763298034668e-01,-5.737709403038024902e-01,6.183386445045471191e-01
6.174799799919128418e-01,-5.420706868171691895e-01,5.699805021286010742e-01
6.950984597206115723e-01,-5.014005303382873535e-01,5.152044296264648438e-01
7.678785324096679688e-01,-4.516308307647705078e-01,4.543040990829467773e-01
8.337370753288269043e-01,-3.929971158504486084e-01,3.878605663776397705e-01
8.906852602958679199e-01,-3.261241912841796875e-01,3.167377114295959473e-01
9.369593262672424316e-01,-2.520213127136230469e-01,2.420588135719299316e-01
9.711467027664184570e-01,-1.720408946275711060e-01,1.651548743247985840e-01
9.922878742218017578e-01,-8.780367672443389893e-02,8.749420195817947388e-02
9.999431967735290527e-01,-1.104864757508039474e-03,1.060320250689983368e-02
9.942184090614318848e-01,8.620303124189376831e-02,-6.402193754911422729e-02
9.757471680641174316e-01,1.723209619522094727e-01,-1.349920183420181274e-01
9.456335902214050293e-01,2.556137144565582275e-01,-2.010941058397293091e-01
9.053637981414794922e-01,3.346945047378540039e-01,-2.613352239131927490e-01
8.566983938217163086e-01,4.084876477718353271e-01,-3.149693608283996582e-01
8.015552759170532227e-01,4.762643575668334961e-01,-3.614989519119262695e-01
7.418996691703796387e-01,5.376433730125427246e-01,-4.006552994251251221e-01
6.796446442604064941e-01,5.925754308700561523e-01,-4.323626160621643066e-01
6.165791749954223633e-01,6.413013339042663574e-01,-4.566866159439086914e-01
5.543149709701538086e-01,6.843023300170898438e-01,-4.737777411937713623e-01
4.942659437656402588e-01,7.222425341606140137e-01,-4.838046133518218994e-01
4.376505613327026367e-01,7.559109330177307129e-01,-4.868887066841125488e-01
3.855129182338714600e-01,7.861668467521667480e-01,-4.830336570739746094e-01
3.387649953365325928e-01,8.138828277587890625e-01,-4.720518589019775391e-01
2.982334792613983154e-01,8.398824930191040039e-01,-4.534911513328552246e-01
2.647178769111633301e-01,8.648574352264404297e-01,-4.265512824058532715e-01
2.390331327915191650e-01,8.892412185668945312e-01,-3.900170028209686279e-01
2.220346331596374512e-01,9.130104184150695801e-01,-3.422171175479888916e-01
2.145793139934539795e-01,9.353820681571960449e-01,-2.810979187488555908e-01
2.173708379268646240e-01,9.544190168380737305e-01,-2.045342773199081421e-01
2.306169420480728149e-01,9.666826725006103516e-01,-1.110868826508522034e-01
2.534908950328826904e-01,9.673368334770202637e-01,-1.326814526692032814e-03
2.836060822010040283e-01,9.513214826583862305e-01,1.206445395946502686e-01
3.170221447944641113e-01,9.157749414443969727e-01,2.466842979192733765e-01
3.492152690887451172e-01,8.624038100242614746e-01,3.664811253547668457e-01
3.765919804573059082e-01,7.975392341613769531e-01,4.712852835655212402e-01
3.974165320396423340e-01,7.294502258300781250e-01,5.567427873611450195e-01
4.116173386573791504e-01,6.651856899261474609e-01,6.229760646820068359e-01
4.200018942356109619e-01,6.090667843818664551e-01,6.727823019027709961e-01
4.235752522945404053e-01,5.628657341003417969e-01,7.097648978233337402e-01
4.231967329978942871e-01,5.266737341880798340e-01,7.372375726699829102e-01
4.194889068603515625e-01,4.997152686119079590e-01,7.578349113464355469e-01
4.128563702106475830e-01,4.808854162693023682e-01,7.734977602958679199e-01
4.035346210002899170e-01,4.690347909927368164e-01,7.855992317199707031e-01
3.916350007057189941e-01,4.630998075008392334e-01,7.950852513313293457e-01
3.771765828132629395e-01,4.621421992778778076e-01,8.025972843170166016e-01
3.601087629795074463e-01,4.653486013412475586e-01,8.085619211196899414e-01
3.403256237506866455e-01,4.720128476619720459e-01,8.132541179656982422e-01
3.176768124103546143e-01,4.815121293067932129e-01,8.168399930000305176e-01
2.919751405715942383e-01,4.932852685451507568e-01,8.194023370742797852e-01
2.630010247230529785e-01,5.068143606185913086e-01,8.209566473960876465e-01
2.305087149143218994e-01,5.216060876846313477e-01,8.214577436447143555e-01
1.942324340343475342e-01,5.371780395507812500e-01,8.208005428314208984e-01
1.538924574851989746e-01,5.530421733856201172e-01,8.188171386718750000e-01
1.092099100351333618e-01,5.686888694763183594e-01,8.152706027030944824e-01
5.992709845304489136e-02,5.835675597190856934e-01,8.098503947257995605e-01
5.835030693560838699e-03,5.970703363418579102e-01,8.021677136421203613e-01
-5.319177731871604919e-02,6.085160970687866211e-01,7.917567491531372070e-01
-1.171512231230735779e-01,6.171396970748901367e-01,7.780836820602416992e-01
-1.858694106340408325e-01,6.220929026603698730e-01,7.605609893798828125e-01
-2.589544355869293213e-01,6.224539279937744141e-01,7.385754585266113281e-01
-3.357544541358947754e-01,6.172577738761901855e-01,7.115207314491271973e-01
-4.153254330158233643e-01,6.055375933647155762e-01,6.788439154624938965e-01
-4.964211583137512207e-01,5.863850116729736328e-01,6.400926709175109863e-01
-5.775007605552673340e-01,5.590209960937500000e-01,5.949692726135253906e-01
-6.567639708518981934e-01,5.228729844093322754e-01,5.433828234672546387e-01
-7.322240471839904785e-01,4.776473641395568848e-01,4.854904711246490479e-01
-8.018007278442382812e-01,4.233922362327575684e-01,4.217280745506286621e-01
-8.634423017501831055e-01,3.605357706546783447e-01,3.528191745281219482e-01
-9.152544140815734863e-01,2.898993492126464844e-01,2.797637283802032471e-01
-9.556352496147155762e-01,2.126699537038803101e-01,2.037957161664962769e-01
-9.833883643150329590e-01,1.303446441888809204e-01,1.263237297534942627e-01
-9.978074431419372559e-01,4.464617371559143066e-02,4.885723069310188293e-02
-9.987255930900573730e-01,-4.258788749575614929e-02,-2.708263881504535675e-02
-9.865173101425170898e-01,-1.295175403356552124e-01,-1.000442057847976685e-01
-9.620603919029235840e-01,-2.144143581390380859e-01,-1.687196195125579834e-01
-9.831964969635009766e-01,-1.327404230833053589e-01,-1.253178715705871582e-01
-9.556402564048767090e-01,-2.170845419168472290e-01,-1.990627646446228027e-01
-9.164154529571533203e-01,-2.973351180553436279e-01,-2.679076492786407471e-01
-8.671713471412658691e-01,-3.721880912780761719e-01,-3.308924436569213867e-01
-8.098002672195434570e-01,-4.406809210777282715e-01,-3.873292803764343262e-01
-7.463116049766540527e-01,-5.022147297859191895e-01,-4.368058741092681885e-01
-6.787163615226745605e-01,-5.565475225448608398e-01,-4.791648387908935547e-01
-6.089267730712890625e-01,-6.037650704383850098e-01,-5.144667625427246094e-01
-5.386820435523986816e-01,-6.442323327064514160e-01,-5.429423451423645020e-01
-4.695014357566833496e-01,-6.785387992858886719e-01,-5.649366974830627441e-01
-4.026634395122528076e-01,-7.074397206306457520e-01,-5.808538198471069336e-01
-3.392098546028137207e-01,-7.318045496940612793e-01,-5.910995006561279297e-01
-2.799692749977111816e-01,-7.525712847709655762e-01,-5.960316658020019531e-01
-2.255947738885879517e-01,-7.707144021987915039e-01,-5.959078669548034668e-01
-1.766121983528137207e-01,-7.872214317321777344e-01,-5.908389091491699219e-01
-1.334756165742874146e-01,-8.030759096145629883e-01,-5.807353258132934570e-01
-9.662658721208572388e-02,-8.192420005798339844e-01,-5.652483701705932617e-01
-6.655777990818023682e-02,-8.366373181343078613e-01,-5.436984896659851074e-01
-4.387607797980308533e-02,-8.560746312141418457e-01,-5.149865746498107910e-01
-2.936287224292755127e-02,-8.781417608261108398e-01,-4.774984419345855713e-01
-2.400919795036315918e-02,-9.029712677001953125e-01,-4.290297329425811768e-01
-2.897850424051284790e-02,-9.298389554023742676e-01,-3.668239116668701172e-01
-4.540236294269561768e-02,-9.565783143043518066e-01,-2.879176437854766846e-01
-7.387001067399978638e-02,-9.789800047874450684e-01,-1.901086419820785522e-01
-1.135518476366996765e-01,-9.907907247543334961e-01,-7.375497370958328247e-02
-1.612975597381591797e-01,-9.853065609931945801e-01,5.616170912981033325e-02
-2.116359770298004150e-01,-9.587762355804443359e-01,1.896267235279083252e-01
-2.583944499492645264e-01,-9.133707284927368164e-01,3.146208822727203369e-01
-2.970093786716461182e-01,-8.565539121627807617e-01,4.220198094844818115e-01
-3.256449103355407715e-01,-7.972230315208435059e-01,5.083216428756713867e-01
-3.446347415447235107e-01,-7.422160506248474121e-01,5.747540593147277832e-01
-3.553083539009094238e-01,-6.952380537986755371e-01,6.248199939727783203e-01
-3.591266572475433350e-01,-6.574937701225280762e-01,6.623669862747192383e-01
-3.573014736175537109e-01,-6.287226080894470215e-01,6.906833648681640625e-01
-3.507121801376342773e-01,-6.079943776130676270e-01,7.122806906700134277e-01
-3.399437963962554932e-01,-5.941692590713500977e-01,7.289727330207824707e-01
-3.253511786460876465e-01,-5.861216187477111816e-01,7.420297265052795410e-01
-3.071192800998687744e-01,-5.828265547752380371e-01,7.523236870765686035e-01
-2.853053212165832520e-01,-5.833796858787536621e-01,7.604400515556335449e-01
-2.598724365234375000e-01,-5.869867801666259766e-01,7.667546868324279785e-01
-2.307112514972686768e-01,-5.929434299468994141e-01,7.714858651161193848e-01
-1.976582407951354980e-01,-6.006102561950683594e-01,7.747248411178588867e-01
-1.605103313922882080e-01,-6.093873977661132812e-01,7.764557003974914551e-01
-1.190417483448982239e-01,-6.186913847923278809e-01,7.765629887580871582e-01
-7.302512973546981812e-02,-6.279289722442626953e-01,7.748371362686157227e-01
-2.225583791732788086e-02,-6.364760994911193848e-01,7.709752321243286133e-01
3.341463953256607056e-02,-6.436565518379211426e-01,7.645847201347351074e-01
9.403979033231735229e-02,-6.487256884574890137e-01,7.551896572113037109e-01
1.595356017351150513e-01,-6.508654356002807617e-01,7.422415614128112793e-01
2.296317219734191895e-01,-6.491854786872863770e-01,7.251396179199218750e-01
3.038293123245239258e-01,-6.427417397499084473e-01,7.032573223114013672e-01
3.813582956790924072e-01,-6.305702924728393555e-01,6.759784817695617676e-01
4.611539542675018311e-01,-6.117349267005920410e-01,6.427420973777770996e-01
5.418459773063659668e-01,-5.853895545005798340e-01,6.030936241149902344e-01
6.217761635780334473e-01,-5.508504509925842285e-01,5.567389130592346191e-01
6.990441083908081055e-01,-5.076692104339599609e-01,5.035963058471679688e-01
7.715812325477600098e-01,-4.557038247585296631e-01,4.438428878784179688e-01
8.372574448585510254e-01,-3.951704502105712891e-01,3.779423236846923828e-01
8.940044641494750977e-01,-3.266761898994445801e-01,3.066571652889251709e-01
9.399538636207580566e-01,-2.512179911136627197e-01,2.310328930616378784e-01
9.735697507858276367e-01,-1.701465994119644165e-01,1.523550003767013550e-01
9.937611818313598633e-01,-8.510114997625350952e-02,7.208773493766784668e-02
9.999641180038452148e-01,2.090334659442305565e-03,-8.210895583033561707e-03
9.921799302101135254e-01,8.952149748802185059e-02,-8.697678148746490479e-02
9.709671139717102051e-01,1.753305494785308838e-01,-1.627327203750610352e-01
9.373904466629028320e-01,2.578106522560119629e-01,-2.341641634702682495e-01
8.929319381713867188e-01,3.355048298835754395e-01,-3.001820147037506104e-01
8.393773436546325684e-01,4.072756767272949219e-01,-3.599614799022674561e-01
7.786936759948730469e-01,4.723409414291381836e-01,-4.129529297351837158e-01
7.129044532775878906e-01,5.302829742431640625e-01,-4.588759839534759521e-01
6.439826488494873047e-01,5.810284614562988281e-01,-4.976868629455566406e-01
5.737607479095458984e-01,6.248100996017456055e-01,-5.295383334159851074e-01
5.038729906082153320e-01,6.621117591857910156e-01,-5.547252297401428223e-01
4.357191026210784912e-01,6.936127543449401855e-01,-5.736290216445922852e-01
3.704570531845092773e-01,7.201318144798278809e-01,-5.866615176200866699e-01
3.090186715126037598e-01,7.425772547721862793e-01,-5.942107439041137695e-01
2.521384656429290771e-01,7.619093060493469238e-01,-5.965906977653503418e-01
2.004000395536422729e-01,7.791106700897216797e-01,-5.939918756484985352e-01
1.542858630418777466e-01,7.951691746711730957e-01,-5.864315032958984375e-01
1.142361462116241455e-01,8.110612034797668457e-01,-5.736984014511108398e-01
8.071020990610122681e-02,8.277318477630615234e-01,-5.552890896797180176e-01
5.424951389431953430e-02,8.460565209388732910e-01,-5.303255319595336914e-01
3.554136306047439575e-02,8.667567968368530273e-01,-4.974629580974578857e-01
2.547111175954341888e-02,8.902303576469421387e-01,-4.547978341579437256e-01
2.512781322002410889e-02,9.162439703941345215e-01,-3.998318910598754883e-01
3.570055961608886719e-02,9.434348344802856445e-01,-3.296304047107696533e-01
5.813718587160110474e-02,9.686727523803710938e-01,-2.414397001266479492e-01
9.244430810213088989e-02,9.866510629653930664e-01,-1.340662986040115356e-01
1.367153525352478027e-01,9.905602335929870605e-01,-9.966958314180374146e-03
1.865408420562744141e-01,9.746902585029602051e-01,1.232135444879531860e-01
2.358083426952362061e-01,9.380528926849365234e-01,2.538723647594451904e-01
2.788983881473541260e-01,8.858148455619812012e-01,3.708742260932922363e-01
3.125907182693481445e-01,8.267022967338562012e-01,4.678145051002502441e-01
3.362730741500854492e-01,7.688766717910766602e-01,5.438280701637268066e-01
3.509163856506347656e-01,7.176021337509155273e-01,6.015852689743041992e-01
3.579909205436706543e-01,6.752050518989562988e-01,6.449347138404846191e-01
3.588568866252899170e-01,6.420359015464782715e-01,6.775039434432983398e-01
3.545595705509185791e-01,6.174231171607971191e-01,7.021938562393188477e-01
3.458234965801239014e-01,6.002911329269409180e-01,7.211495041847229004e-01
3.331106007099151611e-01,5.894899964332580566e-01,7.358932495117187500e-01
3.166841268539428711e-01,5.839394927024841309e-01,7.474796772003173828e-01
2.966606616973876953e-01,5.826739072799682617e-01,7.566264867782592773e-01
2.730468213558197021e-01,5.848474502563476562e-01,7.638055086135864258e-01
2.457668185234069824e-01,5.897126197814941406e-01,7.693098187446594238e-01
2.146832495927810669e-01,5.966011285781860352e-01,7.732905149459838867e-01
1.796099692583084106e-01,6.048965454101562500e-01,7.757837772369384766e-01
1.403303593397140503e-01,6.140101552009582520e-01,7.767232656478881836e-01
9.661559015512466431e-02,6.233564615249633789e-01,7.759459614753723145e-01
4.824554547667503357e-02,6.323296427726745605e-01,7.731956243515014648e-01
-4.960934631526470184e-03,6.402818560600280762e-01,7.681240439414978027e-01
-6.310945004224777222e-02,6.465043425559997559e-01,7.602955102920532227e-01
-1.261907964944839478e-01,6.502159833908081055e-01,7.491962313652038574e-01
-1.940337121486663818e-01,6.505609750747680664e-01,7.342487573623657227e-01
-2.662597000598907471e-01,6.466193199157714844e-01,7.148350477218627930e-01
-3.422369956970214844e-01,6.374317407608032227e-01,6.903293132781982422e-01
-4.210513234138488770e-01,6.220413446426391602e-01,6.601365804672241211e-01
-5.014855265617370605e-01,5.995482802391052246e-01,6.237420439720153809e-01
-5.820202231407165527e-01,5.691786408424377441e-01,5.807651877403259277e-01
-6.608693003654479980e-01,5.303569436073303223e-01,5.310116410255432129e-01
-7.360368371009826660e-01,4.827802181243896484e-01,4.745240807533264160e-01
-8.054096102714538574e-01,4.264791905879974365e-01,4.116198718547821045e-01
-8.668701052665710449e-01,3.618649840354919434e-01,3.429137766361236572e-01
-9.184339642524719238e-01,2.897410094738006592e-01,2.693123817443847656e-01
-9.583835005760192871e-01,2.112869769334793091e-01,1.919870078563690186e-01
-9.853917956352233887e-01,1.280095726251602173e-01,1.123236939311027527e-01
-9.986245036125183105e-01,4.165508598089218140e-02,3.184373676776885986e-02
-9.977982044219970703e-01,-4.589431732892990112e-02,-4.788050055503845215e-02
-9.831964373588562012e-01,-1.327407509088516235e-01,-1.253181695938110352e-01
-9.979313015937805176e-01,-4.506774246692657471e-02,-4.584722593426704407e-02
-9.832263588905334473e-01,-1.317953169345855713e-01,-1.260787993669509888e-01
-9.550120234489440918e-01,-2.157666236162185669e-01,-2.034619748592376709e-01
-9.144683480262756348e-01,-2.953186929225921631e-01,-2.766484618186950684e-01
-8.631889224052429199e-01,-3.690691292285919189e-01,-3.445182442665100098e-01
-8.030593395233154297e-01,-4.359796941280364990e-01,-4.062233269214630127e-01
-7.361268997192382812e-01,-4.953849613666534424e-01,-4.612058699131011963e-01
-6.644716858863830566e-01,-5.469928383827209473e-01,-5.091916918754577637e-01
-5.900940299034118652e-01,-5.908547639846801758e-01,-5.501632690429687500e-01
-5.148245692253112793e-01,-6.273180246353149414e-01,-5.843181610107421875e-01
-4.402635693550109863e-01,-6.569648385047912598e-01,-6.120172739028930664e-01
-3.677476346492767334e-01,-6.805496215820312500e-01,-6.337301731109619141e-01
-2.983425557613372803e-01,-6.989384889602661133e-01,-6.499820351600646973e-01
-2.328588217496871948e-01,-7.130590081214904785e-01,-6.613044738769531250e-01
-1.718802899122238159e-01,-7.238623499870300293e-01,-6.681920289993286133e-01
-1.158062666654586792e-01,-7.322961091995239258e-01,-6.710672378540039062e-01
-6.489768624305725098e-02,-7.392948269844055176e-01,-6.702473163604736328e-01
-1.932556740939617157e-02,-7.457761168479919434e-01,-6.659163236618041992e-01
2.078083343803882599e-02,-7.526485919952392578e-01,-6.580944061279296875e-01
5.528345331549644470e-02,-7.608215212821960449e-01,-6.466020941734313965e-01
8.398767560720443726e-02,-7.712126374244689941e-01,-6.310128569602966309e-01
1.065869554877281189e-01,-7.847437262535095215e-01,-6.105870008468627930e-01
1.226061433553695679e-01,-8.023064732551574707e-01,-5.841849446296691895e-01
1.313396543264389038e-01,-8.246671557426452637e-01,-5.501582026481628418e-01
1.318026036024093628e-01,-8.522594571113586426e-01,-5.062429308891296387e-01
1.227322518825531006e-01,-8.847897052764892578e-01,-4.495376348495483398e-01
1.027405634522438049e-01,-9.206018447875976562e-01,-3.767447173595428467e-01
7.077115029096603394e-02,-9.559085965156555176e-01,-2.850090265274047852e-01
2.700184844434261322e-02,-9.844366908073425293e-01,-1.736531257629394531e-01
-2.604078873991966248e-02,-9.985823035240173340e-01,-4.642401263117790222e-02
-8.308271318674087524e-02,-9.926887750625610352e-01,8.755721151828765869e-02
-1.374476701021194458e-01,-9.666116237640380859e-01,2.162638753652572632e-01
-1.835714131593704224e-01,-9.260779023170471191e-01,3.296686410903930664e-01
-2.186414450407028198e-01,-8.793357014656066895e-01,4.230421483516693115e-01
-2.423916906118392944e-01,-8.334397077560424805e-01,4.966130256652832031e-01
-2.559477388858795166e-01,-7.926883697509765625e-01,5.532953739166259766e-01
-2.608160376548767090e-01,-7.589115500450134277e-01,5.966810584068298340e-01
-2.583586275577545166e-01,-7.323605418205261230e-01,6.299992203712463379e-01
-2.496228516101837158e-01,-7.124773263931274414e-01,6.557930707931518555e-01
-2.353391051292419434e-01,-6.983748078346252441e-01,6.759350895881652832e-01
-2.159764319658279419e-01,-6.890847682952880859e-01,6.917488574981689453e-01
-1.918020993471145630e-01,-6.836671233177185059e-01,7.041386961936950684e-01
-1.629348248243331909e-01,-6.812455058097839355e-01,7.136924266815185547e-01
-1.293874233961105347e-01,-6.810056567192077637e-01,7.207567095756530762e-01
-9.110322594642639160e-02,-6.821795701980590820e-01,7.254868149757385254e-01
-4.798709601163864136e-02,-6.840226054191589355e-01,7.278807163238525391e-01
6.031104203430004418e-05,-6.857891082763671875e-01,7.278002500534057617e-01
5.310708656907081604e-02,-6.867117881774902344e-01,7.249873280525207520e-01
1.111525744199752808e-01,-6.859851479530334473e-01,7.190755009651184082e-01
1.740816235542297363e-01,-6.827552914619445801e-01,7.096060514450073242e-01
2.416224777698516846e-01,-6.761206984519958496e-01,6.960455775260925293e-01
3.132973909378051758e-01,-6.651446223258972168e-01,6.778107285499572754e-01
3.883860111236572266e-01,-6.488814949989318848e-01,6.543003916740417480e-01
4.658909738063812256e-01,-6.264173984527587891e-01,6.249374747276306152e-01
5.445231199264526367e-01,-5.969248414039611816e-01,5.892158746719360352e-01
6.227095127105712891e-01,-5.597248673439025879e-01,5.467548966407775879e-01
6.986227035522460938e-01,-5.143591761589050293e-01,4.973539412021636963e-01
7.702464461326599121e-01,-4.606537818908691406e-01,4.410424828529357910e-01
8.354642987251281738e-01,-3.987771868705749512e-01,3.781217634677886963e-01
8.921771645545959473e-01,-3.292768597602844238e-01,3.091872632503509521e-01
9.384360909461975098e-01,-2.530849874019622803e-01,2.351290136575698853e-01
9.725763797760009766e-01,-1.714983731508255005e-01,1.571098268032073975e-01
9.933428168296813965e-01,-8.611623197793960571e-02,7.651215791702270508e-02
9.999861121177673340e-01,1.244531245902180672e-03,-5.131150595843791962e-03
9.923223257064819336e-01,8.866350352764129639e-02,-8.622758835554122925e-02
9.707450270652770996e-01,1.742352396249771118e-01,-1.652155965566635132e-01
9.361901879310607910e-01,2.561888396739959717e-01,-2.406557649374008179e-01
8.900580406188964844e-01,3.329928219318389893e-01,-3.113076388835906982e-01
8.341047763824462891e-01,4.034299254417419434e-01,-3.761828839778900146e-01
7.703128457069396973e-01,4.666472673416137695e-01,-4.345785081386566162e-01
7.007618546485900879e-01,5.221677422523498535e-01,-4.860799610614776611e-01
6.275038719177246094e-01,5.698764920234680176e-01,-5.305464863777160645e-01
5.524647235870361328e-01,6.099796891212463379e-01,-5.680733919143676758e-01
4.773655533790588379e-01,6.429497599601745605e-01,-5.989472866058349609e-01
4.036770462989807129e-01,6.694629192352294922e-01,-6.235897541046142578e-01
3.326000571250915527e-01,6.903365254402160645e-01,-6.425050497055053711e-01
2.650691866874694824e-01,7.064731717109680176e-01,-6.562271118164062500e-01
2.017774283885955811e-01,7.188158631324768066e-01,-6.652741432189941406e-01
1.432112306356430054e-01,7.283165454864501953e-01,-6.701085567474365234e-01
8.969414234161376953e-02,7.359172105789184570e-01,-6.711041331291198730e-01
4.143616929650306702e-02,7.425431609153747559e-01,-6.685152649879455566e-01
-1.418594387359917164e-03,7.491065859794616699e-01,-6.624479889869689941e-01
-3.874284774065017700e-02,7.565154433250427246e-01,-6.528272032737731934e-01
-7.037634402513504028e-02,7.656820416450500488e-01,-6.393575668334960938e-01
-9.607540816068649292e-02,7.775285243988037109e-01,-6.214650273323059082e-01
-1.154569908976554871e-01,7.929686307907104492e-01,-5.982227325439453125e-01
-1.279381364583969116e-01,8.128486871719360352e-01,-5.682507157325744629e-01
-1.326778382062911987e-01,8.378044962882995605e-01,-5.296038389205932617e-01
-1.285460293292999268e-01,8.679697513580322266e-01,-4.796921014785766602e-01
-1.141834408044815063e-01,9.024639725685119629e-01,-4.153563976287841797e-01
-8.828420192003250122e-02,9.386554360389709473e-01,-3.333644568920135498e-01
-5.027020722627639771e-02,9.714929461479187012e-01,-2.316772341728210449e-01
-1.368261990137398243e-03,9.937557578086853027e-01,-1.115684583783149719e-01
5.447466671466827393e-02,9.983054995536804199e-01,2.046073786914348602e-02
1.110017970204353333e-01,9.819255471229553223e-01,1.532995402812957764e-01
1.617854386568069458e-01,9.476441740989685059e-01,2.753107845783233643e-01
2.025522142648696899e-01,9.029833674430847168e-01,3.789376616477966309e-01
2.318796664476394653e-01,8.559463024139404297e-01,4.621556103229522705e-01
2.503502070903778076e-01,8.122589588165283203e-01,5.268397927284240723e-01
2.593762278556823730e-01,7.748857140541076660e-01,5.764338970184326172e-01
2.604297399520874023e-01,7.447556853294372559e-01,6.144227385520935059e-01
2.547231912612915039e-01,7.216370105743408203e-01,6.437050700187683105e-01
2.431398034095764160e-01,7.047637701034545898e-01,6.664765477180480957e-01
2.262717932462692261e-01,6.931882500648498535e-01,6.843180060386657715e-01
2.044800221920013428e-01,6.859481334686279297e-01,6.983286738395690918e-01
1.779520064592361450e-01,6.821340322494506836e-01,7.092434167861938477e-01
1.467485427856445312e-01,6.809015274047851562e-01,7.175221443176269531e-01
1.108430251479148865e-01,6.814627051353454590e-01,7.234103083610534668e-01
7.015563547611236572e-02,6.830638051033020020e-01,7.269814610481262207e-01
2.458490617573261261e-02,6.849625706672668457e-01,7.281633019447326660e-01
-2.595675736665725708e-02,6.864052414894104004e-01,7.267558574676513672e-01
-8.150895684957504272e-02,6.866069436073303223e-01,7.224452495574951172e-01
-1.420192718505859375e-01,6.847383975982666016e-01,7.148173451423645020e-01
-2.073005735874176025e-01,6.799216866493225098e-01,7.033725976943969727e-01
-2.769820094108581543e-01,6.712344884872436523e-01,6.875501871109008789e-01
-3.504706919193267822e-01,6.577323675155639648e-01,6.667521595954895020e-01
-4.269104599952697754e-01,6.384790539741516113e-01,6.403842568397521973e-01
-5.051581859588623047e-01,6.125963330268859863e-01,6.078988313674926758e-01
-5.837808251380920410e-01,5.793228745460510254e-01,5.688452124595642090e-01
-6.610725522041320801e-01,5.380811691284179688e-01,5.229260921478271484e-01
-7.351024150848388672e-01,4.885465502738952637e-01,4.700497686862945557e-01
-8.037892580032348633e-01,4.307116866111755371e-01,4.103782474994659424e-01
-8.650105595588684082e-01,3.649308681488037109e-01,3.443575799465179443e-01
-9.167258143424987793e-01,2.919440865516662598e-01,2.727314531803131104e-01
-9.571104049682617188e-01,2.128722518682479858e-01,1.965324580669403076e-01
-9.846909046173095703e-01,1.291721910238265991e-01,1.170401796698570251e-01
-9.984548687934875488e-01,4.256458207964897156e-02,3.572230041027069092e-02
-9.979312419891357422e-01,-4.506811499595642090e-02,-4.584751650691032410e-02
-9.979313015937805176e-01,4.506789147853851318e-02,4.584737867116928101e-02
-9.984548687934875488e-01,-4.256404191255569458e-02,-3.572186082601547241e-02
-9.846909642219543457e-01,-1.291719377040863037e-01,-1.170398443937301636e-01
-9.571104645729064941e-01,-2.128722518682479858e-01,-1.965324282646179199e-01
-9.167256355285644531e-01,-2.919443249702453613e-01,-2.727316915988922119e-01
-8.650107383728027344e-01,-3.649306595325469971e-01,-3.443573117256164551e-01
-8.037891983985900879e-01,-4.307117462158203125e-01,-4.103782176971435547e-01
-7.351022362709045410e-01,-4.885466694831848145e-01,-4.700498878955841064e-01
-6.610729694366455078e-01,-5.380809307098388672e-01,-5.229258537292480469e-01
-5.837810039520263672e-01,-5.793228149414062500e-01,-5.688452124595642090e-01
-5.051581859588623047e-01,-6.125963330268859863e-01,-6.078988909721374512e-01
-4.269101619720458984e-01,-6.384790539741516113e-01,-6.403844952583312988e-01
-3.504708409309387207e-01,-6.577323675155639648e-01,-6.667520999908447266e-01
-2.769820988178253174e-01,-6.712344288825988770e-01,-6.875501275062561035e-01
-2.073004394769668579e-01,-6.799215674400329590e-01,-7.033727169036865234e-01
-1.420194953680038452e-01,-6.847384572029113770e-01,-7.148172855377197266e-01
-8.150888234376907349e-02,-6.866068243980407715e-01,-7.224454283714294434e-01
-2.595665492117404938e-02,-6.864050626754760742e-01,-7.267560362815856934e-01
2.458522841334342957e-02,-6.849623918533325195e-01,-7.281634807586669922e-01
7.015556097030639648e-02,-6.830637454986572266e-01,-7.269814610481262207e-01
1.108429133892059326e-01,-6.814625263214111328e-01,-7.234103679656982422e-01
1.467484980821609497e-01,-6.809014081954956055e-01,-7.175221443176269531e-01
1.779520213603973389e-01,-6.821338534355163574e-01,-7.092435359954833984e-01
2.044802755117416382e-01,-6.859480142593383789e-01,-6.983287930488586426e-01
2.262718826532363892e-01,-6.931880712509155273e-01,-6.843181252479553223e-01
2.431397587060928345e-01,-7.047635316848754883e-01,-6.664768457412719727e-01
2.547231614589691162e-01,-7.216367125511169434e-01,-6.437053680419921875e-01
2.604299485683441162e-01,-7.447553873062133789e-01,-6.144230365753173828e-01
2.593764066696166992e-01,-7.748855352401733398e-01,-5.764341354370117188e-01
2.503505051136016846e-01,-8.122584819793701172e-01,-5.268403887748718262e-01
2.318799793720245361e-01,-8.559459447860717773e-01,-4.621561467647552490e-01
2.025524973869323730e-01,-9.029831886291503906e-01,-3.789380490779876709e-01
1.617860794067382812e-01,-9.476437568664550781e-01,-2.753118574619293213e-01
1.110026091337203979e-01,-9.819253087043762207e-01,-1.533008962869644165e-01
5.447515100240707397e-02,-9.983053803443908691e-01,-2.046138048171997070e-02
-1.367828692309558392e-03,-9.937558770179748535e-01,1.115679517388343811e-01
-5.026970058679580688e-02,-9.714932441711425781e-01,2.316762655973434448e-01
-8.828383684158325195e-02,-9.386556148529052734e-01,3.333639502525329590e-01
-1.141833513975143433e-01,-9.024640917778015137e-01,4.153560698032379150e-01
-1.285457462072372437e-01,-8.679701089859008789e-01,4.796913564205169678e-01
-1.326776593923568726e-01,-8.378047347068786621e-01,5.296034812927246094e-01
-1.279379725456237793e-01,-8.128488063812255859e-01,5.682505369186401367e-01
-1.154568195343017578e-01,-7.929688096046447754e-01,5.982225537300109863e-01
-9.607525169849395752e-02,-7.775288224220275879e-01,6.214648485183715820e-01
-7.037625461816787720e-02,-7.656823396682739258e-01,6.393574476242065430e-01
-3.874263539910316467e-02,-7.565155625343322754e-01,6.528270840644836426e-01
-1.418598694726824760e-03,-7.491067051887512207e-01,6.624478101730346680e-01
4.143620654940605164e-02,-7.425431609153747559e-01,6.685152649879455566e-01
8.969423919916152954e-02,-7.359173297882080078e-01,6.711040735244750977e-01
1.432110816240310669e-01,-7.283167839050292969e-01,6.701083779335021973e-01
2.017776072025299072e-01,-7.188159227371215820e-01,6.652739048004150391e-01
2.650689780712127686e-01,-7.064732909202575684e-01,6.562271118164062500e-01
3.325998783111572266e-01,-6.903365254402160645e-01,6.425050497055053711e-01
4.036772549152374268e-01,-6.694628000259399414e-01,6.235898733139038086e-01
4.773654639720916748e-01,-6.429498195648193359e-01,5.989472270011901855e-01
5.524648427963256836e-01,-6.099797487258911133e-01,5.680733323097229004e-01
6.275037527084350586e-01,-5.698767304420471191e-01,5.305464863777160645e-01
7.007615566253662109e-01,-5.221678614616394043e-01,4.860801398754119873e-01
7.703129649162292480e-01,-4.666471779346466064e-01,4.345784485340118408e-01
8.341045975685119629e-01,-4.034300148487091064e-01,3.761831223964691162e-01
8.900581002235412598e-01,-3.329926133155822754e-01,3.113076984882354736e-01
9.361900687217712402e-01,-2.561889886856079102e-01,2.406560778617858887e-01
9.707450866699218750e-01,-1.742351204156875610e-01,1.652154028415679932e-01
9.923222661018371582e-01,-8.866385370492935181e-02,8.622777462005615234e-02
9.999860525131225586e-01,-1.244785264134407043e-03,5.131433252245187759e-03
9.933428168296813965e-01,8.611641079187393188e-02,-7.651231437921524048e-02
9.725764989852905273e-01,1.714981496334075928e-01,-1.571094840764999390e-01
9.384359717369079590e-01,2.530852556228637695e-01,-2.351290434598922729e-01
8.921772837638854980e-01,3.292766511440277100e-01,-3.091869950294494629e-01
8.354641795158386230e-01,3.987772762775421143e-01,-3.781219422817230225e-01
7.702466845512390137e-01,4.606534242630004883e-01,-4.410423934459686279e-01
6.986229419708251953e-01,5.143589377403259277e-01,-4.973537623882293701e-01
6.227093935012817383e-01,5.597249865531921387e-01,-5.467550158500671387e-01
5.445233583450317383e-01,5.969247221946716309e-01,-5.892157554626464844e-01
4.658907055854797363e-01,6.264175772666931152e-01,-6.249375343322753906e-01
3.883862197399139404e-01,6.488813757896423340e-01,-6.543003916740417480e-01
3.132976591587066650e-01,6.651445031166076660e-01,-6.778107881546020508e-01
2.416222691535949707e-01,6.761206388473510742e-01,-6.960456371307373047e-01
1.740818023681640625e-01,6.827552318572998047e-01,-7.096061110496520996e-01
1.111524403095245361e-01,6.859850287437438965e-01,-7.190755605697631836e-01
5.310724303126335144e-02,6.867117285728454590e-01,-7.249873280525207520e-01
6.042299719410948455e-05,6.857890486717224121e-01,-7.278003692626953125e-01
-4.798717051744461060e-02,6.840224862098693848e-01,-7.278807759284973145e-01
-9.110314399003982544e-02,6.821795105934143066e-01,-7.254869937896728516e-01
-1.293873488903045654e-01,6.810055971145629883e-01,-7.207568287849426270e-01
-1.629348844289779663e-01,6.812453269958496094e-01,-7.136926054954528809e-01
-1.918021887540817261e-01,6.836668848991394043e-01,-7.041389346122741699e-01
-2.159765362739562988e-01,6.890843510627746582e-01,-6.917490959167480469e-01
-2.353390902280807495e-01,6.983745098114013672e-01,-6.759353280067443848e-01
-2.496229708194732666e-01,7.124770283699035645e-01,-6.557932496070861816e-01
-2.583588361740112305e-01,7.323601245880126953e-01,-6.299994587898254395e-01
-2.608163058757781982e-01,7.589110732078552246e-01,-5.966814756393432617e-01
-2.559480071067810059e-01,7.926881909370422363e-01,-5.532956123352050781e-01
-2.423921078443527222e-01,8.334393501281738281e-01,-4.966134428977966309e-01
-2.186419516801834106e-01,8.793351054191589355e-01,-4.230429828166961670e-01
-1.835720241069793701e-01,9.260773062705993652e-01,-3.296698927879333496e-01
-1.374481171369552612e-01,9.666114449501037598e-01,-2.162644267082214355e-01
-8.308331668376922607e-02,9.926886558532714844e-01,-8.755795657634735107e-02
-2.604168280959129333e-02,9.985824227333068848e-01,4.642256721854209900e-02
2.700122632086277008e-02,9.844367504119873047e-01,1.736523360013961792e-01
7.077051699161529541e-02,9.559088349342346191e-01,2.850082218647003174e-01
1.027400046586990356e-01,9.206023812294006348e-01,3.767437934875488281e-01
1.227317675948143005e-01,8.847901821136474609e-01,4.495367705821990967e-01
1.318024843931198120e-01,8.522595167160034180e-01,5.062428116798400879e-01
1.313395649194717407e-01,8.246673941612243652e-01,5.501578450202941895e-01
1.226060912013053894e-01,8.023067712783813477e-01,5.841845870018005371e-01
1.065868660807609558e-01,7.847438454627990723e-01,6.105868816375732422e-01
8.398764580488204956e-02,7.712127566337585449e-01,6.310126185417175293e-01
5.528354272246360779e-02,7.608216404914855957e-01,6.466019749641418457e-01
2.078064158558845520e-02,7.526487112045288086e-01,6.580942869186401367e-01
-1.932555437088012695e-02,7.457761168479919434e-01,6.659162640571594238e-01
-6.489761918783187866e-02,7.392950057983398438e-01,6.702471375465393066e-01
-1.158060058951377869e-01,7.322962880134582520e-01,6.710671782493591309e-01
-1.718804091215133667e-01,7.238624095916748047e-01,6.681918501853942871e-01
-2.328587621450424194e-01,7.130590677261352539e-01,6.613044738769531250e-01
-2.983423769474029541e-01,6.989384889602661133e-01,6.499821543693542480e-01
-3.677478432655334473e-01,6.805495023727416992e-01,6.337301731109619141e-01
-4.402635395526885986e-01,6.569648981094360352e-01,6.120172142982482910e-01
-5.148245096206665039e-01,6.273180842399597168e-01,5.843182206153869629e-01
-5.900936722755432129e-01,5.908551216125488281e-01,5.501633882522583008e-01
-6.644719243049621582e-01,5.469927191734313965e-01,5.091916322708129883e-01
-7.361268401145935059e-01,4.953850507736206055e-01,4.612059593200683594e-01
-8.030591011047363281e-01,4.359798729419708252e-01,4.062235355377197266e-01
-8.631889820098876953e-01,3.690689504146575928e-01,3.445180654525756836e-01
-9.144684076309204102e-01,2.953186929225921631e-01,2.766484022140502930e-01
-9.550119042396545410e-01,2.157668173313140869e-01,2.034622132778167725e-01
-9.832262396812438965e-01,1.317957341670989990e-01,1.260792016983032227e-01
-9.979313015937805176e-01,4.506758973002433777e-02,4.584715887904167175e-02
-9.831964969635009766e-01,1.327405720949172974e-01,1.253180056810379028e-01
-9.977980852127075195e-01,4.589483886957168579e-02,4.788091406226158142e-02
-9.986245036125183105e-01,-4.165481775999069214e-02,-3.184343129396438599e-02
-9.853917956352233887e-01,-1.280095726251602173e-01,-1.123236268758773804e-01
-9.583833217620849609e-01,-2.112871855497360229e-01,-1.919873058795928955e-01
-9.184341430664062500e-01,-2.897407710552215576e-01,-2.693121731281280518e-01
-8.668701052665710449e-01,-3.618649542331695557e-01,-3.429138064384460449e-01
-8.054094314575195312e-01,-4.264792203903198242e-01,-4.116200506687164307e-01
-7.360371947288513184e-01,-4.827798604965209961e-01,-4.745238423347473145e-01
-6.608694195747375488e-01,-5.303568243980407715e-01,-5.310115814208984375e-01
-5.820201635360717773e-01,-5.691785216331481934e-01,-5.807651877403259277e-01
-5.014852881431579590e-01,-5.995482802391052246e-01,-6.237421631813049316e-01
-4.210515618324279785e-01,-6.220413446426391602e-01,-6.601365208625793457e-01
-3.422370553016662598e-01,-6.374316215515136719e-01,-6.903293728828430176e-01
-2.662595212459564209e-01,-6.466192603111267090e-01,-7.148352265357971191e-01
-1.940340101718902588e-01,-6.505608558654785156e-01,-7.342488765716552734e-01
-1.261907219886779785e-01,-6.502159833908081055e-01,-7.491962909698486328e-01
-6.310931593179702759e-02,-6.465042233467102051e-01,-7.602956295013427734e-01
-4.960695281624794006e-03,-6.402817368507385254e-01,-7.681241035461425781e-01
4.824544116854667664e-02,-6.323295831680297852e-01,-7.731957435607910156e-01
9.661552309989929199e-02,-6.233563423156738281e-01,-7.759460806846618652e-01
1.403303593397140503e-01,-6.140100359916687012e-01,-7.767233252525329590e-01
1.796099394559860229e-01,-6.048963665962219238e-01,-7.757838964462280273e-01
2.146832942962646484e-01,-5.966009497642517090e-01,-7.732906341552734375e-01
2.457670420408248901e-01,-5.897123217582702637e-01,-7.693099975585937500e-01
2.730466723442077637e-01,-5.848472714424133301e-01,-7.638057470321655273e-01
2.966604232788085938e-01,-5.826738476753234863e-01,-7.566265463829040527e-01
3.166841268539428711e-01,-5.839391350746154785e-01,-7.474798560142517090e-01
3.331106007099151611e-01,-5.894898772239685059e-01,-7.358933687210083008e-01
3.458236753940582275e-01,-6.002907156944274902e-01,-7.211498022079467773e-01
3.545597195625305176e-01,-6.174226999282836914e-01,-7.021941542625427246e-01
3.588570356369018555e-01,-6.420356035232543945e-01,-6.775042414665222168e-01
3.579911887645721436e-01,-6.752043962478637695e-01,-6.449351906776428223e-01
3.509166836738586426e-01,-7.176015377044677734e-01,-6.015858054161071777e-01
3.362733721733093262e-01,-7.688763141632080078e-01,-5.438284277915954590e-01
3.125910758972167969e-01,-8.267019391059875488e-01,-4.678148031234741211e-01
2.788987755775451660e-01,-8.858142495155334473e-01,-3.708752989768981934e-01
2.358088046312332153e-01,-9.380524754524230957e-01,-2.538732886314392090e-01
1.865411251783370972e-01,-9.746901392936706543e-01,-1.232139989733695984e-01
1.367159783840179443e-01,-9.905601143836975098e-01,9.965395554900169373e-03
9.244491159915924072e-02,-9.866511821746826172e-01,1.340651214122772217e-01
5.813758447766304016e-02,-9.686729907989501953e-01,2.414390742778778076e-01
3.570080175995826721e-02,-9.434350132942199707e-01,3.296298384666442871e-01
2.512811683118343353e-02,-9.162442684173583984e-01,3.998312950134277344e-01
2.547142840921878815e-02,-8.902306556701660156e-01,4.547974169254302979e-01
3.554162010550498962e-02,-8.667569160461425781e-01,4.974626898765563965e-01
5.424959585070610046e-02,-8.460568189620971680e-01,5.303252339363098145e-01
8.071035146713256836e-02,-8.277319073677062988e-01,5.552888512611389160e-01
1.142363399267196655e-01,-8.110613226890563965e-01,5.736981630325317383e-01
1.542858779430389404e-01,-7.951694726943969727e-01,5.864310264587402344e-01
2.004001438617706299e-01,-7.791107892990112305e-01,5.939916372299194336e-01
2.521383166313171387e-01,-7.619093656539916992e-01,5.965905785560607910e-01
3.090185821056365967e-01,-7.425773739814758301e-01,5.942106246948242188e-01
3.704572916030883789e-01,-7.201318144798278809e-01,5.866614580154418945e-01
4.357191026210784912e-01,-6.936127543449401855e-01,5.736289024353027344e-01
5.038731098175048828e-01,-6.621116399765014648e-01,5.547251105308532715e-01
5.737606287002563477e-01,-6.248103976249694824e-01,5.295382738113403320e-01
6.439824700355529785e-01,-5.810286402702331543e-01,4.976868629455566406e-01
7.129046320915222168e-01,-5.302829742431640625e-01,4.588758051395416260e-01
7.786936163902282715e-01,-4.723410308361053467e-01,4.129530489444732666e-01
8.393774032592773438e-01,-4.072754383087158203e-01,3.599613606929779053e-01
8.929316401481628418e-01,-3.355050384998321533e-01,3.001822829246520996e-01
9.373905658721923828e-01,-2.578104734420776367e-01,2.341639697551727295e-01
9.709671139717102051e-01,-1.753309518098831177e-01,1.627328395843505859e-01
9.921798706054687500e-01,-8.952175825834274292e-02,8.697704970836639404e-02
9.999641180038452148e-01,-2.090167952701449394e-03,8.210742846131324768e-03
9.937611818313598633e-01,8.510092645883560181e-02,-7.208740711212158203e-02
9.735697507858276367e-01,1.701468676328659058e-01,-1.523550450801849365e-01
9.399540424346923828e-01,2.512178719043731689e-01,-2.310326397418975830e-01
8.940043449401855469e-01,3.266763091087341309e-01,-3.066573739051818848e-01
8.372575044631958008e-01,3.951701521873474121e-01,-3.779422044754028320e-01
7.715814709663391113e-01,4.557036757469177246e-01,-4.438426494598388672e-01
6.990439891815185547e-01,5.076692700386047363e-01,-5.035964250564575195e-01
6.217763423919677734e-01,5.508503317832946777e-01,-5.567387342453002930e-01
5.418457984924316406e-01,5.853896737098693848e-01,-6.030936837196350098e-01
4.611541032791137695e-01,6.117348670959472656e-01,-6.427419781684875488e-01
3.813585937023162842e-01,6.305702328681945801e-01,-6.759784221649169922e-01
3.038290441036224365e-01,6.427416801452636719e-01,-7.032573819160461426e-01
2.296318858861923218e-01,6.491853594779968262e-01,-7.251397371292114258e-01
1.595355719327926636e-01,6.508653759956359863e-01,-7.422416210174560547e-01
9.403990209102630615e-02,6.487256288528442383e-01,-7.551897168159484863e-01
3.341487050056457520e-02,6.436564922332763672e-01,-7.645847201347351074e-01
-2.225599624216556549e-02,6.364759802818298340e-01,-7.709754109382629395e-01
-7.302495092153549194e-02,6.279287934303283691e-01,-7.748372554779052734e-01
-1.190415397286415100e-01,6.186913251876831055e-01,-7.765631079673767090e-01
-1.605104357004165649e-01,6.093872189521789551e-01,-7.764558196067810059e-01
-1.976583898067474365e-01,6.006100177764892578e-01,-7.747249603271484375e-01
-2.307112812995910645e-01,5.929433107376098633e-01,-7.714858651161193848e-01
-2.598723769187927246e-01,5.869867205619812012e-01,-7.667548060417175293e-01
-2.853054404258728027e-01,5.833795070648193359e-01,-7.604400515556335449e-01
-3.071193993091583252e-01,5.828263759613037109e-01,-7.523238062858581543e-01
-3.253512978553771973e-01,5.861213803291320801e-01,-7.420297861099243164e-01
-3.399439454078674316e-01,5.941690206527709961e-01,-7.289728522300720215e-01
-3.507124781608581543e-01,6.079940199851989746e-01,-7.122808098793029785e-01
-3.573015630245208740e-01,6.287224292755126953e-01,-6.906835436820983887e-01
-3.591268658638000488e-01,6.574932336807250977e-01,-6.623674035072326660e-01
-3.553087115287780762e-01,6.952376365661621094e-01,-6.248202323913574219e-01
-3.446350991725921631e-01,7.422155737876892090e-01,-5.747544765472412109e-01
-3.256453871726989746e-01,7.972223758697509766e-01,-5.083224177360534668e-01
-2.970099747180938721e-01,8.565534353256225586e-01,-4.220204651355743408e-01
-2.583952248096466064e-01,9.133700728416442871e-01,-3.146220147609710693e-01
-2.116369605064392090e-01,9.587756991386413574e-01,-1.896284520626068115e-01
-1.612984985113143921e-01,9.853063225746154785e-01,-5.616363510489463806e-02
-1.135525032877922058e-01,9.907906055450439453e-01,7.375399023294448853e-02
-7.387050986289978027e-02,9.789801836013793945e-01,1.901077181100845337e-01
-4.540286958217620850e-02,9.565786719322204590e-01,2.879164516925811768e-01
-2.897872589528560638e-02,9.298391342163085938e-01,3.668234050273895264e-01
-2.400943450629711151e-02,9.029714465141296387e-01,4.290291666984558105e-01
-2.936290949583053589e-02,8.781420588493347168e-01,4.774980247020721436e-01
-4.387631267309188843e-02,8.560746908187866211e-01,5.149863958358764648e-01
-6.655793637037277222e-02,8.366376161575317383e-01,5.436980128288269043e-01
-9.662657231092453003e-02,8.192422389984130859e-01,5.652481913566589355e-01
-1.334754377603530884e-01,8.030760884284973145e-01,5.807350277900695801e-01
-1.766123324632644653e-01,7.872215509414672852e-01,5.908386707305908203e-01
-2.255947142839431763e-01,7.707147002220153809e-01,5.959076285362243652e-01
-2.799690961837768555e-01,7.525714039802551270e-01,5.960314273834228516e-01
-3.392100036144256592e-01,7.318046689033508301e-01,5.910994410514831543e-01
-4.026634693145751953e-01,7.074397802352905273e-01,5.808537602424621582e-01
-4.695013761520385742e-01,6.785388588905334473e-01,5.649367570877075195e-01
-5.386817455291748047e-01,6.442325115203857422e-01,5.429424047470092773e-01
-6.089268922805786133e-01,6.037649512290954590e-01,5.144667029380798340e-01
-6.787163615226745605e-01,5.565475225448608398e-01,4.791648983955383301e-01
-7.463113665580749512e-01,5.022148489952087402e-01,4.368060231208801270e-01
-8.098004460334777832e-01,4.406806826591491699e-01,3.873290419578552246e-01
-8.671714067459106445e-01,3.721880614757537842e-01,3.308923244476318359e-01
-9.164153933525085449e-01,2.973352968692779541e-01,2.679078280925750732e-01
-9.556401371955871582e-01,2.170849591493606567e-01,1.990631520748138428e-01
-9.831964969635009766e-01,1.327402740716934204e-01,1.253177821636199951e-01
-9.620605111122131348e-01,2.144141048192977905e-01,1.687193214893341064e-01
-9.865172505378723145e-01,1.295179873704910278e-01,1.000444814562797546e-01
-9.987255930900573730e-01,4.258808493614196777e-02,2.708280645310878754e-02
-9.978074431419372559e-01,-4.464627429842948914e-02,-4.885736107826232910e-02
-9.833882451057434082e-01,-1.303449869155883789e-01,-1.263240873813629150e-01
-9.556353092193603516e-01,-2.126697599887847900e-01,-2.037956267595291138e-01
-9.152543544769287109e-01,-2.898994088172912598e-01,-2.797639071941375732e-01
-8.634421229362487793e-01,-3.605359792709350586e-01,-3.528194725513458252e-01
-8.018010258674621582e-01,-4.233919382095336914e-01,-4.217278063297271729e-01
-7.322240471839904785e-01,-4.776473343372344971e-01,-4.854903519153594971e-01
-6.567638516426086426e-01,-5.228729844093322754e-01,-5.433830022811889648e-01
-5.775004029273986816e-01,-5.590211153030395508e-01,-5.949693918228149414e-01
-4.964212477207183838e-01,-5.863849520683288574e-01,-6.400926113128662109e-01
-4.153253734111785889e-01,-6.055374741554260254e-01,-6.788440942764282227e-01
-3.357541561126708984e-01,-6.172578334808349609e-01,-7.115208506584167480e-01
-2.589546442031860352e-01,-6.224538087844848633e-01,-7.385754585266113281e-01
-1.858695000410079956e-01,-6.220929026603698730e-01,-7.605609893798828125e-01
-1.171510592103004456e-01,-6.171396374702453613e-01,-7.780837416648864746e-01
-5.319146811962127686e-02,-6.085160374641418457e-01,-7.917568683624267578e-01
5.834859795868396759e-03,-5.970702171325683594e-01,-8.021677136421203613e-01
5.992706120014190674e-02,-5.835674405097961426e-01,-8.098504543304443359e-01
1.092099398374557495e-01,-5.686887502670288086e-01,-8.152706623077392578e-01
1.538923531770706177e-01,-5.530422329902648926e-01,-8.188171386718750000e-01
1.942325979471206665e-01,-5.371779203414916992e-01,-8.208006024360656738e-01
2.305089682340621948e-01,-5.216059684753417969e-01,-8.214577436447143555e-01
2.630007565021514893e-01,-5.068143606185913086e-01,-8.209566473960876465e-01
2.919748723506927490e-01,-4.932852983474731445e-01,-8.194023966789245605e-01
3.176767230033874512e-01,-4.815119802951812744e-01,-8.168400526046752930e-01
3.403255939483642578e-01,-4.720127880573272705e-01,-8.132541775703430176e-01
3.601088821887969971e-01,-4.653484523296356201e-01,-8.085619807243347168e-01
3.771767020225524902e-01,-4.621419906616210938e-01,-8.025974631309509277e-01
3.916350305080413818e-01,-4.630997478961944580e-01,-7.950853705406188965e-01
4.035346508026123047e-01,-4.690346717834472656e-01,-7.855993509292602539e-01
4.128564000129699707e-01,-4.808851182460784912e-01,-7.734979391098022461e-01
4.194889366626739502e-01,-4.997150599956512451e-01,-7.578349709510803223e-01
4.231968224048614502e-01,-5.266734957695007324e-01,-7.372376918792724609e-01
4.235752224922180176e-01,-5.628654360771179199e-01,-7.097650766372680664e-01
4.200019240379333496e-01,-6.090664863586425781e-01,-6.727825999259948730e-01
4.116173982620239258e-01,-6.651855111122131348e-01,-6.229761838912963867e-01
3.974166512489318848e-01,-7.294497489929199219e-01,-5.567432641983032227e-01
3.765920996665954590e-01,-7.975388765335083008e-01,-4.712855815887451172e-01
3.492152392864227295e-01,-8.624038696289062500e-01,-3.664811253547668457e-01
3.170222640037536621e-01,-9.157748818397521973e-01,-2.466844767332077026e-01
2.836062610149383545e-01,-9.513213038444519043e-01,-1.206450313329696655e-01
2.534911036491394043e-01,-9.673367142677307129e-01,1.326273777522146702e-03
2.306170910596847534e-01,-9.666826725006103516e-01,1.110866218805313110e-01
2.173709869384765625e-01,-9.544190764427185059e-01,2.045338600873947144e-01
2.145794779062271118e-01,-9.353821277618408203e-01,2.810975611209869385e-01
2.220348119735717773e-01,-9.130103588104248047e-01,3.422170877456665039e-01
2.390332967042922974e-01,-8.892412781715393066e-01,3.900167047977447510e-01
2.647179961204528809e-01,-8.648575544357299805e-01,4.265510737895965576e-01
2.982334494590759277e-01,-8.398826122283935547e-01,4.534909725189208984e-01
3.387649655342102051e-01,-8.138828277587890625e-01,4.720519185066223145e-01
3.855131864547729492e-01,-7.861667871475219727e-01,4.830335378646850586e-01
4.376505315303802490e-01,-7.559110522270202637e-01,4.868885576725006104e-01
4.942661821842193604e-01,-7.222422957420349121e-01,4.838046729564666748e-01
5.543147921562194824e-01,-6.843023896217346191e-01,4.737776219844818115e-01
6.165790557861328125e-01,-6.413015127182006836e-01,4.566865265369415283e-01
6.796448230743408203e-01,-5.925754308700561523e-01,4.323624372482299805e-01
7.418994903564453125e-01,-5.376435518264770508e-01,4.006552100181579590e-01
8.015553951263427734e-01,-4.762640893459320068e-01,3.614988625049591064e-01
8.566982746124267578e-01,-4.084877967834472656e-01,3.149692714214324951e-01
9.053638577461242676e-01,-3.346942067146301270e-01,2.613349854946136475e-01
9.456334710121154785e-01,-2.556139528751373291e-01,2.010941207408905029e-01
9.757471680641174316e-01,-1.723212003707885742e-01,1.349921524524688721e-01
9.942184090614318848e-01,-8.620269596576690674e-02,6.402163207530975342e-02
9.999431967735290527e-01,1.104681170545518398e-03,-1.060309354215860367e-02
9.922878742218017578e-01,8.780394494533538818e-02,-8.749438822269439697e-02
9.711467027664184570e-01,1.720406413078308105e-01,-1.651547104120254517e-01
9.369592070579528809e-01,2.520216405391693115e-01,-2.420590668916702271e-01
8.906852602958679199e-01,3.261241018772125244e-01,-3.167375922203063965e-01
8.337371349334716797e-01,3.929969370365142822e-01,-3.878604769706726074e-01
7.678782343864440918e-01,4.516308903694152832e-01,-4.543044269084930420e-01
6.950986385345458984e-01,5.014004111289978027e-01,-5.152044296264648438e-01
6.174798011779785156e-01,5.420708060264587402e-01,-5.699806809425354004e-01
5.370702147483825684e-01,5.737709403038024902e-01,-6.183385848999023438e-01
4.557724297046661377e-01,5.969429016113281250e-01,-6.602504849433898926e-01
3.752638697624206543e-01,6.122722029685974121e-01,-6.959164738655090332e-01
2.969419658184051514e-01,6.206116080284118652e-01,-7.257180809974670410e-01
2.219003438949584961e-01,6.229070425033569336e-01,-7.501646876335144043e-01
1.509343385696411133e-01,6.201310753822326660e-01,-7.698417305946350098e-01
8.456131070852279663e-02,6.132317185401916504e-01,-7.853637933731079102e-01
2.305792272090911865e-02,6.030961275100708008e-01,-7.973351478576660156e-01
-3.349249437451362610e-02,5.905315279960632324e-01,-8.063192367553710938e-01
-8.515788614749908447e-02,5.762606263160705566e-01,-8.128172755241394043e-01
-1.321111619472503662e-01,5.609257817268371582e-01,-8.172569274902343750e-01
-1.745880246162414551e-01,5.451046824455261230e-01,-8.199877738952636719e-01
-2.128610908985137939e-01,5.293245315551757812e-01,-8.212829232215881348e-01
-2.472107857465744019e-01,5.140826702117919922e-01,-8.213438987731933594e-01
-2.779116034507751465e-01,4.998618364334106445e-01,-8.203068971633911133e-01
-3.052205443382263184e-01,4.871475994586944580e-01,-8.182466626167297363e-01
-3.293701708316802979e-01,4.764443635940551758e-01,-8.151785135269165039e-01
-3.505651652812957764e-01,4.682891666889190674e-01,-8.110544085502624512e-01
-3.689744174480438232e-01,4.632711410522460938e-01,-8.057529330253601074e-01
-3.847275078296661377e-01,4.620521664619445801e-01,-7.990572452545166016e-01
-3.979040682315826416e-01,4.653893411159515381e-01,-7.906231880187988281e-01
-4.085222184658050537e-01,4.741568267345428467e-01,-7.799261808395385742e-01
-4.165201485157012939e-01,4.893569052219390869e-01,-7.661859393119812012e-01
-4.217290580272674561e-01,5.121057629585266113e-01,-7.482594847679138184e-01
-4.238353967666625977e-01,5.435544252395629883e-01,-7.245081663131713867e-01
-4.223308861255645752e-01,5.846921205520629883e-01,-6.926555633544921875e-01
-4.164728522300720215e-01,6.359465718269348145e-01,-6.497094631195068359e-01
-4.053056538105010986e-01,6.965014338493347168e-01,-5.921258330345153809e-01
-3.878584504127502441e-01,7.634003758430480957e-01,-5.165131092071533203e-01
-3.636606633663177490e-01,8.308943510055541992e-01,-4.211477041244506836e-01
-3.335343897342681885e-01,8.910081386566162109e-01,-3.079921603202819824e-01
-3.001881837844848633e-01,9.360066652297973633e-01,-1.837894320487976074e-01
-2.678598165512084961e-01,9.616768360137939453e-01,-5.855528637766838074e-02
-2.409590333700180054e-01,9.687954783439636230e-01,5.808745697140693665e-02
-2.227073907852172852e-01,9.616740345954895020e-01,1.599515676498413086e-01
-2.146642506122589111e-01,9.454947113990783691e-01,2.448655664920806885e-01
-2.170635461807250977e-01,9.244599938392639160e-01,3.134599626064300537e-01
-2.293935418128967285e-01,9.012295007705688477e-01,3.676465451717376709e-01
-2.508443892002105713e-01,8.771109580993652344e-01,4.095772504806518555e-01
-2.805488407611846924e-01,8.524631261825561523e-01,4.411339163780212402e-01
-3.176722228527069092e-01,8.270497918128967285e-01,4.637596309185028076e-01
-3.614124357700347900e-01,8.002886176109313965e-01,4.784548282623291016e-01
-4.109625220298767090e-01,7.714102864265441895e-01,4.858351945877075195e-01
-4.654603004455566406e-01,7.395578026771545410e-01,4.862108528614044189e-01
-5.239328145980834961e-01,7.038581371307373047e-01,4.796645045280456543e-01
-5.852538347244262695e-01,6.634796857833862305e-01,4.661252498626708984e-01
-6.481078863143920898e-01,6.176892518997192383e-01,4.454391896724700928e-01
-7.109813690185546875e-01,5.659066438674926758e-01,4.174388647079467773e-01
-7.721701264381408691e-01,5.077636837959289551e-01,3.820071518421173096e-01
-8.298137784004211426e-01,4.431597292423248291e-01,3.391437530517578125e-01
-8.819630742073059082e-01,3.723057806491851807e-01,2.890146672725677490e-01
-9.266631603240966797e-01,2.957558631896972656e-01,2.319997102022171021e-01
-9.620605707168579102e-01,2.144138514995574951e-01,1.687192022800445557e-01
-9.454364776611328125e-01,2.903167009353637695e-01,1.478715986013412476e-01
-9.737883210182189941e-01,2.075974196195602417e-01,9.294836223125457764e-02
-9.919955730438232422e-01,1.221361011266708374e-01,3.205670788884162903e-02
-9.988059401512145996e-01,3.539106994867324829e-02,-3.367888182401657104e-02
-9.933769106864929199e-01,-5.098811537027359009e-02,-1.029688641428947449e-01
-9.753411412239074707e-01,-1.352530717849731445e-01,-1.744020730257034302e-01
-9.448411464691162109e-01,-2.156618833541870117e-01,-2.465056329965591431e-01
-9.025256037712097168e-01,-2.905871570110321045e-01,-3.178154528141021729e-01
-8.495068550109863281e-01,-3.586166501045227051e-01,-3.869524002075195312e-01
-7.872839570045471191e-01,-4.186346232891082764e-01,-4.526907503604888916e-01
-7.176358103752136230e-01,-4.698765277862548828e-01,-5.140184760093688965e-01
-6.424996852874755859e-01,-5.119521617889404297e-01,-5.701747536659240723e-01
-5.638469457626342773e-01,-5.448352098464965820e-01,-6.206700801849365234e-01
-4.835692346096038818e-01,-5.688267350196838379e-01,-6.652795672416687012e-01
-4.033851027488708496e-01,-5.844960212707519531e-01,-7.040205597877502441e-01
-3.247730433940887451e-01,-5.926092863082885742e-01,-7.371137142181396484e-01
-2.489348351955413818e-01,-5.940573215484619141e-01,-7.649362683296203613e-01
-1.767828166484832764e-01,-5.897871255874633789e-01,-7.879713773727416992e-01
-1.089522615075111389e-01,-5.807474255561828613e-01,-8.067600727081298828e-01
-4.582831636071205139e-02,-5.678445100784301758e-01,-8.218591213226318359e-01
1.241515297442674637e-02,-5.519168972969055176e-01,-8.338066339492797852e-01
6.577286869287490845e-02,-5.337226986885070801e-01,-8.430978655815124512e-01
1.143646314740180969e-01,-5.139381885528564453e-01,-8.501695990562438965e-01
1.583949327468872070e-01,-4.931637942790985107e-01,-8.553949594497680664e-01
1.981199234724044800e-01,-4.719369113445281982e-01,-8.590832352638244629e-01
2.338224202394485474e-01,-4.507433474063873291e-01,-8.614856004714965820e-01
2.657928764820098877e-01,-4.300288856029510498e-01,-8.628031611442565918e-01
2.943195998668670654e-01,-4.102093279361724854e-01,-8.631942272186279297e-01
3.196801245212554932e-01,-3.916772902011871338e-01,-8.627823591232299805e-01
3.421391248703002930e-01,-3.748089373111724854e-01,-8.616606593132019043e-01
3.619436323642730713e-01,-3.599704504013061523e-01,-8.598942160606384277e-01
3.793218433856964111e-01,-3.475279211997985840e-01,-8.575192093849182129e-01
3.944802284240722656e-01,-3.378593623638153076e-01,-8.545386195182800293e-01
4.076032340526580811e-01,-3.313724696636199951e-01,-8.509123921394348145e-01
4.188543558120727539e-01,-3.285225629806518555e-01,-8.465423583984375000e-01
4.283791482448577881e-01,-3.298337459564208984e-01,-8.412497639656066895e-01
4.363093078136444092e-01,-3.359171748161315918e-01,-8.347417712211608887e-01
4.427656531333923340e-01,-3.474846184253692627e-01,-8.265669941902160645e-01
4.478594064712524414e-01,-3.653490543365478516e-01,-8.160527348518371582e-01
4.516846835613250732e-01,-3.903990983963012695e-01,-8.022278547286987305e-01
4.543066620826721191e-01,-4.235309660434722900e-01,-7.837263345718383789e-01
4.557363986968994141e-01,-4.654951393604278564e-01,-7.586953639984130859e-01
4.559014141559600830e-01,-5.166155099868774414e-01,-7.247498035430908203e-01
4.546265304088592529e-01,-5.763431787490844727e-01,-6.790752410888671875e-01
4.516628384590148926e-01,-6.426688432693481445e-01,-6.188517212867736816e-01
4.468260407447814941e-01,-7.116331458091735840e-01,-5.421482920646667480e-01
4.402816891670227051e-01,-7.774065732955932617e-01,-4.492115974426269531e-01
4.328885674476623535e-01,-8.334245681762695312e-01,-3.435272574424743652e-01
4.263416826725006104e-01,-8.743967413902282715e-01,-2.316530346870422363e-01
4.228857755661010742e-01,-8.980044722557067871e-01,-1.214730143547058105e-01
4.247096776962280273e-01,-9.051119685173034668e-01,-1.985293626785278320e-02
4.334080517292022705e-01,-8.985661268234252930e-01,6.882156431674957275e-02
4.497779309749603271e-01,-8.816628456115722656e-01,1.427250653505325317e-01
4.739055633544921875e-01,-8.571346402168273926e-01,2.018257081508636475e-01
5.053645372390747070e-01,-8.267984986305236816e-01,2.470041215419769287e-01
5.433876514434814453e-01,-7.916145920753479004e-01,2.794212996959686279e-01
5.869740843772888184e-01,-7.519047260284423828e-01,3.001677691936492920e-01
6.349389553070068359e-01,-7.075803279876708984e-01,3.101333081722259521e-01
6.859251856803894043e-01,-6.583420038223266602e-01,3.099876642227172852e-01
7.384088039398193359e-01,-6.038348078727722168e-01,3.002265393733978271e-01
7.907074093818664551e-01,-5.437698960304260254e-01,2.812401056289672852e-01
8.410027027130126953e-01,-4.780263006687164307e-01,2.533876895904541016e-01
8.873888850212097168e-01,-4.067202210426330566e-01,2.170706093311309814e-01
9.279376268386840820e-01,-3.302627205848693848e-01,1.727951467037200928e-01
9.607887268066406250e-01,-2.493813484907150269e-01,1.212190762162208557e-01
9.842469692230224609e-01,-1.651236116886138916e-01,6.318225711584091187e-02
9.968884587287902832e-01,-7.882443070411682129e-02,-2.826479321811348200e-04
9.976559877395629883e-01,7.952578365802764893e-03,-6.796558946371078491e-02
9.859380722045898438e-01,9.349510073661804199e-02,-1.385088711977005005e-01
9.616202712059020996e-01,1.760452538728713989e-01,-2.104627639055252075e-01
9.251010417938232422e-01,2.539042532444000244e-01,-2.823487222194671631e-01
8.772683143615722656e-01,3.255414366722106934e-01,-3.527364134788513184e-01
8.194398880004882812e-01,3.896836936473846436e-01,-4.203153252601623535e-01
7.532693147659301758e-01,4.453857243061065674e-01,-4.839597642421722412e-01
6.806298494338989258e-01,4.920701086521148682e-01,-5.427799224853515625e-01
6.034916639328002930e-01,5.295308232307434082e-01,-5.961500406265258789e-01
5.237987637519836426e-01,5.579122900962829590e-01,-6.437146663665771484e-01
4.433666765689849854e-01,5.776576995849609375e-01,-6.853740215301513672e-01
3.638006150722503662e-01,5.894437432289123535e-01,-7.212524414062500000e-01
2.864433526992797852e-01,5.941078066825866699e-01,-7.516556382179260254e-01
2.123520523309707642e-01,5.925771594047546387e-01,-7.770193219184875488e-01
1.422980725765228271e-01,5.858054757118225098e-01,-7.978615760803222656e-01
7.678637653589248657e-02,5.747247338294982910e-01,-8.147363662719726562e-01
1.609276980161666870e-02,5.602093935012817383e-01,-8.281946778297424316e-01
-3.969965502619743347e-02,5.430590510368347168e-01,-8.387554883956909180e-01
-9.065341949462890625e-02,5.239899754524230957e-01,-8.468863368034362793e-01
-1.369347721338272095e-01,5.036396980285644531e-01,-8.529922962188720703e-01
-1.787780970335006714e-01,4.825756549835205078e-01,-8.574142456054687500e-01
-2.164557129144668579e-01,4.613074958324432373e-01,-8.604314923286437988e-01
-2.502558529376983643e-01,4.402995407581329346e-01,-8.622692823410034180e-01
-2.804690003395080566e-01,4.199821949005126953e-01,-8.631060719490051270e-01
-3.073787093162536621e-01,4.007585644721984863e-01,-8.630821704864501953e-01
-3.312566280364990234e-01,3.830122053623199463e-01,-8.623054623603820801e-01
-3.523583710193634033e-01,3.671130537986755371e-01,-8.608551025390625000e-01
-3.709226250648498535e-01,3.534267842769622803e-01,-8.587816357612609863e-01
-3.871666491031646729e-01,3.423225283622741699e-01,-8.561058044433593750e-01
-4.012854993343353271e-01,3.341911137104034424e-01,-8.528108000755310059e-01
-4.134532511234283447e-01,3.294620215892791748e-01,-8.488293886184692383e-01
-4.238238632678985596e-01,3.286217153072357178e-01,-8.440267443656921387e-01
-4.325359165668487549e-01,3.322369456291198730e-01,-8.381714820861816406e-01
-4.397146999835968018e-01,3.409672081470489502e-01,-8.308985829353332520e-01
-4.454766213893890381e-01,3.555755615234375000e-01,-8.216547966003417969e-01
-4.499256014823913574e-01,3.769188523292541504e-01,-8.096290230751037598e-01
-4.531438350677490234e-01,4.059020578861236572e-01,-7.936650514602661133e-01
-4.551727473735809326e-01,4.433740675449371338e-01,-7.721640467643737793e-01
-4.559853672981262207e-01,4.899178147315979004e-01,-7.430059909820556641e-01
-4.554587900638580322e-01,5.454877018928527832e-01,-7.035626769065856934e-01
-4.533716142177581787e-01,6.088793873786926270e-01,-6.509379148483276367e-01
-4.494806230068206787e-01,6.771492362022399902e-01,-5.826114416122436523e-01
-4.437331855297088623e-01,7.453334331512451172e-01,-4.975729882717132568e-01
-4.366038739681243896e-01,8.070206642150878906e-01,-3.976112306118011475e-01
-4.293754100799560547e-01,8.560173511505126953e-01,-2.878731489181518555e-01
-4.240815937519073486e-01,8.883822560310363770e-01,-1.758745014667510986e-01
-4.230198562145233154e-01,9.034700989723205566e-01,-6.925338506698608398e-02
-4.281309247016906738e-01,9.033347964286804199e-01,2.627017535269260406e-02
-4.406140148639678955e-01,8.912183642387390137e-01,1.076527982950210571e-01
-4.608891606330871582e-01,8.702161312103271484e-01,1.740835905075073242e-01
-4.887601733207702637e-01,8.426147103309631348e-01,2.260840237140655518e-01
-5.236132740974426270e-01,8.097801804542541504e-01,2.647361755371093750e-01
-5.645553469657897949e-01,7.723239660263061523e-01,2.911922633647918701e-01
-6.104902029037475586e-01,7.303349971771240234e-01,3.064515292644500732e-01
-6.601455211639404297e-01,6.835981607437133789e-01,3.112899661064147949e-01
-7.120811343193054199e-01,6.317680478096008301e-01,3.062835037708282471e-01
-7.646924257278442383e-01,5.745091438293457031e-01,2.918643057346343994e-01
-8.162232637405395508e-01,5.116069912910461426e-01,2.683987915515899658e-01
-8.648054003715515137e-01,4.430502057075500488e-01,2.362585216760635376e-01
-9.085117578506469727e-01,3.690977096557617188e-01,1.958907246589660645e-01
-9.454365968704223633e-01,2.903164625167846680e-01,1.478714942932128906e-01
-9.304967522621154785e-01,3.662987351417541504e-01,-1.014120294712483883e-03
-9.577673673629760742e-01,2.861138582229614258e-01,-2.864463254809379578e-02
-9.770561456680297852e-01,2.026506066322326660e-01,-6.552895903587341309e-02
-9.869612455368041992e-01,1.172534152865409851e-01,-1.102681234478950500e-01
-9.863889813423156738e-01,3.142560645937919617e-02,-1.613974571228027344e-01
-9.746326208114624023e-01,-5.321598425507545471e-02,-2.173920720815658569e-01
-9.514269828796386719e-01,-1.350123584270477295e-01,-2.766917049884796143e-01
-9.169732332229614258e-01,-2.123493254184722900e-01,-3.377393186092376709e-01
-8.719285130500793457e-01,-2.837481796741485596e-01,-3.990333974361419678e-01
-8.173627257347106934e-01,-3.479503691196441650e-01,-4.591828286647796631e-01
-7.546831369400024414e-01,-4.039833843708038330e-01,-5.169631242752075195e-01
-6.855381131172180176e-01,-4.512049555778503418e-01,-5.713593363761901855e-01
-6.117063760757446289e-01,-4.893164932727813721e-01,-6.215984821319580078e-01
-5.349875092506408691e-01,-5.183503627777099609e-01,-6.671591401100158691e-01
-4.571004509925842285e-01,-5.386337041854858398e-01,-7.077661156654357910e-01
-3.796035051345825195e-01,-5.507319569587707520e-01,-7.433676719665527344e-01
-3.038370013236999512e-01,-5.553868412971496582e-01,-7.740984559059143066e-01
-2.308901101350784302e-01,-5.534507632255554199e-01,-8.002387285232543945e-01
-1.615926474332809448e-01,-5.458276867866516113e-01,-8.221678137779235840e-01
-9.652534872293472290e-02,-5.334228277206420898e-01,-8.403231501579284668e-01
-3.604414686560630798e-02,-5.171061754226684570e-01,-8.551620244979858398e-01
1.968575082719326019e-02,-4.976876676082611084e-01,-8.671329021453857422e-01
7.065178453922271729e-02,-4.759044945240020752e-01,-8.766546249389648438e-01
1.169557273387908936e-01,-4.524168968200683594e-01,-8.841042518615722656e-01
1.587807834148406982e-01,-4.278141856193542480e-01,-8.898110389709472656e-01
1.963599324226379395e-01,-4.026191532611846924e-01,-8.940584659576416016e-01
2.299561053514480591e-01,-3.772974908351898193e-01,-8.970879316329956055e-01
2.598458528518676758e-01,-3.522647023200988770e-01,-8.991049528121948242e-01
2.863083183765411377e-01,-3.278907239437103271e-01,-9.002861976623535156e-01
3.096187710762023926e-01,-3.045016825199127197e-01,-9.007857441902160645e-01
3.300440609455108643e-01,-2.823829948902130127e-01,-9.007390737533569336e-01
3.478379845619201660e-01,-2.617811858654022217e-01,-9.002662897109985352e-01
3.632367551326751709e-01,-2.429086714982986450e-01,-8.994745612144470215e-01
3.764578402042388916e-01,-2.259526997804641724e-01,-8.984569311141967773e-01
3.876979649066925049e-01,-2.110846340656280518e-01,-8.972923755645751953e-01
3.971338272094726562e-01,-1.984738409519195557e-01,-8.960429430007934570e-01
4.049265980720520020e-01,-1.882994323968887329e-01,-8.947501182556152344e-01
4.112265706062316895e-01,-1.807647943496704102e-01,-8.934297561645507812e-01
4.161820411682128906e-01,-1.761092990636825562e-01,-8.920638561248779297e-01
4.199465215206146240e-01,-1.746199578046798706e-01,-8.905912041664123535e-01
4.226915240287780762e-01,-1.766432225704193115e-01,-8.888920545578002930e-01
4.246156215667724609e-01,-1.825941354036331177e-01,-8.867700099945068359e-01
4.259588122367858887e-01,-1.929666846990585327e-01,-8.839247226715087891e-01
4.270163178443908691e-01,-2.083391398191452026e-01,-8.799158334732055664e-01
4.281539022922515869e-01,-2.293703109025955200e-01,-8.741129636764526367e-01
4.298232197761535645e-01,-2.567786276340484619e-01,-8.656308650970458984e-01
4.325748682022094727e-01,-2.912785708904266357e-01,-8.532501459121704102e-01
4.370582997798919678e-01,-3.334515392780303955e-01,-8.353383541107177734e-01
4.439989626407623291e-01,-3.835091292858123779e-01,-8.098059892654418945e-01
4.541357159614562988e-01,-4.409157633781433105e-01,-7.741796374320983887e-01
4.681070744991302490e-01,-5.039030313491821289e-01,-7.259184122085571289e-01
4.863022565841674805e-01,-5.690255761146545410e-01,-6.631138920783996582e-01
5.087446570396423340e-01,-6.311269402503967285e-01,-5.855404138565063477e-01
5.351045131683349609e-01,-6.840951442718505859e-01,-4.956581294536590576e-01
5.648826956748962402e-01,-7.224040031433105469e-01,-3.987982273101806641e-01
5.976529717445373535e-01,-7.426818609237670898e-01,-3.020505309104919434e-01
6.331636309623718262e-01,-7.443188428878784180e-01,-2.123515158891677856e-01
6.712340116500854492e-01,-7.288670539855957031e-01,-1.348986029624938965e-01
7.115504145622253418e-01,-6.988722681999206543e-01,-7.261899858713150024e-02
7.535082697868347168e-01,-6.569035649299621582e-01,-2.651464566588401794e-02
7.961568832397460938e-01,-6.050792336463928223e-01,3.663589712232351303e-03
8.382232189178466797e-01,-5.450024604797363281e-01,1.882235519587993622e-02
8.781862258911132812e-01,-4.778944253921508789e-01,2.014620788395404816e-02
9.143669009208679199e-01,-4.047885537147521973e-01,8.908925577998161316e-03
9.450327157974243164e-01,-3.266933262348175049e-01,-1.358724664896726608e-02
9.685032963752746582e-01,-2.447116672992706299e-01,-4.601589217782020569e-02
9.832582473754882812e-01,-1.601032316684722900e-01,-8.700681477785110474e-02
9.880388975143432617e-01,-7.429412007331848145e-02,-1.351280361413955688e-01
9.819362759590148926e-01,1.114707719534635544e-02,-1.888833194971084595e-01
9.644593596458435059e-01,9.457302093505859375e-02,-2.467267215251922607e-01
9.355754256248474121e-01,1.743347644805908203e-01,-3.070928156375885010e-01
8.957167863845825195e-01,2.488757222890853882e-01,-3.684457838535308838e-01
8.457543849945068359e-01,3.168170452117919922e-01,-4.293324947357177734e-01
7.869384288787841797e-01,3.770361542701721191e-01,-4.884378910064697266e-01
7.208092212677001953e-01,4.287224113941192627e-01,-5.446384549140930176e-01
6.490949988365173340e-01,4.714047312736511230e-01,-5.970370769500732422e-01
5.735973119735717773e-01,5.049539208412170410e-01,-6.449865698814392090e-01
4.960877597332000732e-01,5.295555591583251953e-01,-6.880899667739868164e-01
4.182138144969940186e-01,5.456629395484924316e-01,-7.261880636215209961e-01
3.414297401905059814e-01,5.539382696151733398e-01,-7.593274116516113281e-01
2.669532895088195801e-01,5.551868677139282227e-01,-7.877205014228820801e-01
1.957436352968215942e-01,5.502930283546447754e-01,-8.117031455039978027e-01
1.285027414560317993e-01,5.401673316955566406e-01,-8.316888213157653809e-01
6.569703668355941772e-02,5.257012844085693359e-01,-8.481285572052001953e-01
7.581467274576425552e-03,5.077368617057800293e-01,-8.614789247512817383e-01
-4.576034098863601685e-02,4.870483875274658203e-01,-8.721753358840942383e-01
-9.437672793865203857e-02,4.643352329730987549e-01,-8.806167244911193848e-01
-1.384144574403762817e-01,4.402209818363189697e-01,-8.871566653251647949e-01
-1.780848056077957153e-01,4.152605533599853516e-01,-8.921011090278625488e-01
-2.136388272047042847e-01,3.899468779563903809e-01,-8.957120180130004883e-01
-2.453468590974807739e-01,3.647208511829376221e-01,-8.982113599777221680e-01
-2.734881043434143066e-01,3.399739265441894531e-01,-8.997899889945983887e-01
-2.983406782150268555e-01,3.160543441772460938e-01,-9.006123542785644531e-01
-3.201759457588195801e-01,2.932674884796142578e-01,-9.008226990699768066e-01
-3.392547965049743652e-01,2.718785107135772705e-01,-9.005488753318786621e-01
-3.558226525783538818e-01,2.521166801452636719e-01,-8.999041318893432617e-01
-3.701065778732299805e-01,2.341801077127456665e-01,-8.989887833595275879e-01
-3.823140859603881836e-01,2.182472050189971924e-01,-8.978886604309082031e-01
-3.926308751106262207e-01,2.044864743947982788e-01,-8.966750502586364746e-01
-4.012261927127838135e-01,1.930700987577438354e-01,-8.954001665115356445e-01
-4.082540571689605713e-01,1.841882914304733276e-01,-8.940935134887695312e-01
-4.138630628585815430e-01,1.780602931976318359e-01,-8.927552700042724609e-01
-4.182030260562896729e-01,1.749484986066818237e-01,-8.913468718528747559e-01
-4.214347004890441895e-01,1.751681864261627197e-01,-8.897802233695983887e-01
-4.237420856952667236e-01,1.790986806154251099e-01,-8.878999352455139160e-01
-4.253428876399993896e-01,1.871935129165649414e-01,-8.854614496231079102e-01
-4.265024960041046143e-01,1.999886780977249146e-01,-8.820998072624206543e-01
-4.275491237640380859e-01,2.181033194065093994e-01,-8.772870898246765137e-01
-4.288899600505828857e-01,2.422311902046203613e-01,-8.702743053436279297e-01
-4.310253858566284180e-01,2.731007635593414307e-01,-8.600192666053771973e-01
-4.345560371875762939e-01,3.113805055618286133e-01,-8.451054692268371582e-01
-4.401745796203613281e-01,3.575055003166198730e-01,-8.236724138259887695e-01
-4.486239552497863770e-01,4.113691151142120361e-01,-7.934179306030273438e-01
-4.606102406978607178e-01,4.718847870826721191e-01,-7.517731785774230957e-01
-4.766658842563629150e-01,5.364837646484375000e-01,-6.964012980461120605e-01
-4.970062077045440674e-01,6.008286476135253906e-01,-6.260907649993896484e-01
-5.214653015136718750e-01,6.591327190399169922e-01,-5.418652296066284180e-01
-5.495970249176025391e-01,7.053568363189697266e-01,-4.476772546768188477e-01
-5.809134244918823242e-01,7.348976731300354004e-01,-3.499500751495361328e-01
-6.150761842727661133e-01,7.457710504531860352e-01,-2.559431493282318115e-01
-6.518933176994323730e-01,7.385794520378112793e-01,-1.718590706586837769e-01
-6.911411881446838379e-01,7.155195474624633789e-01,-1.017620638012886047e-01
-7.323752641677856445e-01,6.792395710945129395e-01,-4.753942787647247314e-02
-7.748189568519592285e-01,6.321120262145996094e-01,-9.481457993388175964e-03
-8.173530101776123047e-01,5.759892463684082031e-01,1.305003091692924500e-02
-8.585700988769531250e-01,5.122603178024291992e-01,2.113499119877815247e-02
-8.968575000762939453e-01,4.420295357704162598e-01,1.601660624146461487e-02
-9.304968714714050293e-01,3.662984073162078857e-01,-1.014167675748467445e-03
-7.641408443450927734e-01,4.222703278064727783e-01,-4.876233935356140137e-01
-8.176065087318420410e-01,3.678790032863616943e-01,-4.429273903369903564e-01
-8.592048287391662598e-01,3.004731535911560059e-01,-4.141049385070800781e-01
-8.881940841674804688e-01,2.243157774209976196e-01,-4.009910821914672852e-01
-9.043009281158447266e-01,1.431195288896560669e-01,-4.021897017955780029e-01
-9.075388312339782715e-01,6.000645831227302551e-02,-4.156592190265655518e-01
-8.981586694717407227e-01,-2.240417711436748505e-02,-4.391003847122192383e-01
-8.766623139381408691e-01,-1.019030883908271790e-01,-4.701903462409973145e-01
-8.438260555267333984e-01,-1.766341477632522583e-01,-5.067129731178283691e-01
-8.007058501243591309e-01,-2.450728118419647217e-01,-5.466346740722656250e-01
-7.486147284507751465e-01,-3.060270845890045166e-01,-5.881525278091430664e-01
-6.890727281570434570e-01,-3.586458563804626465e-01,-6.297237873077392578e-01
-6.237343549728393555e-01,-4.024185240268707275e-01,-6.700856089591979980e-01
-5.543081760406494141e-01,-4.371637701988220215e-01,-7.082586288452148438e-01
-4.824714362621307373e-01,-4.630010724067687988e-01,-7.435397505760192871e-01
-4.097969233989715576e-01,-4.803069531917572021e-01,-7.754815816879272461e-01
-3.376927673816680908e-01,-4.896633028984069824e-01,-8.038615584373474121e-01
-2.673612833023071289e-01,-4.917987883090972900e-01,-8.286446332931518555e-01
-1.997781693935394287e-01,-4.875333011150360107e-01,-8.499411940574645996e-01
-1.356901228427886963e-01,-4.777261018753051758e-01,-8.679665923118591309e-01
-7.562441378831863403e-02,-4.632351696491241455e-01,-8.830029368400573730e-01
-1.991291344165802002e-02,-4.448839128017425537e-01,-8.953668475151062012e-01
3.127962723374366760e-02,-4.234396517276763916e-01,-9.053841829299926758e-01
7.792428135871887207e-02,-3.996019959449768066e-01,-9.133707284927368164e-01
1.200944706797599792e-01,-3.739984035491943359e-01,-9.196208715438842773e-01
1.579390764236450195e-01,-3.471854627132415771e-01,-9.244012236595153809e-01
1.916567832231521606e-01,-3.196546733379364014e-01,-9.279485940933227539e-01
2.214766442775726318e-01,-2.918372452259063721e-01,-9.304725527763366699e-01
2.476441115140914917e-01,-2.641104459762573242e-01,-9.321576952934265137e-01
2.704107761383056641e-01,-2.368005216121673584e-01,-9.331685304641723633e-01
2.900264859199523926e-01,-2.101856321096420288e-01,-9.336523413658142090e-01
3.067331910133361816e-01,-1.844970583915710449e-01,-9.337428212165832520e-01
3.207621574401855469e-01,-1.599209010601043701e-01,-9.335614442825317383e-01
3.323268890380859375e-01,-1.366022676229476929e-01,-9.332195520401000977e-01
3.416223526000976562e-01,-1.146499663591384888e-01,-9.328180551528930664e-01
3.488211035728454590e-01,-9.414404630661010742e-02,-9.324488043785095215e-01
3.540727198123931885e-01,-7.514365017414093018e-02,-9.321941733360290527e-01
3.575043380260467529e-01,-5.769674852490425110e-02,-9.321275353431701660e-01
3.592229187488555908e-01,-4.184921458363533020e-02,-9.323129653930664062e-01
3.593176901340484619e-01,-2.765259705483913422e-02,-9.328054785728454590e-01
3.578664362430572510e-01,-1.517293974757194519e-02,-9.336495399475097656e-01
3.549399673938751221e-01,-4.497702233493328094e-03,-9.348783493041992188e-01
3.506097495555877686e-01,4.257016815245151520e-03,-9.365119934082031250e-01
3.449560105800628662e-01,1.094008050858974457e-02,-9.385551214218139648e-01
3.380771279335021973e-01,1.535736117511987686e-02,-9.409931302070617676e-01
3.301018774509429932e-01,1.726372353732585907e-02,-9.437874555587768555e-01
3.212053179740905762e-01,1.635500788688659668e-02,-9.468683600425720215e-01
3.116274178028106689e-01,1.225950662046670914e-02,-9.501252174377441406e-01
3.016985952854156494e-01,4.530815407633781433e-03,-9.533926248550415039e-01
2.918711602687835693e-01,-7.354531437158584595e-03,-9.564293622970581055e-01
2.827586233615875244e-01,-2.399285696446895599e-02,-9.588910341262817383e-01
2.751822173595428467e-01,-4.603441432118415833e-02,-9.602892994880676270e-01
2.702220976352691650e-01,-7.413872331380844116e-02,-9.599393010139465332e-01
2.692650854587554932e-01,-1.088863909244537354e-01,-9.568908810615539551e-01
2.740285992622375488e-01,-1.506222337484359741e-01,-9.498533010482788086e-01
2.865246832370758057e-01,-1.991965919733047485e-01,-9.371362924575805664e-01
3.088972270488739014e-01,-2.535810768604278564e-01,-9.166674017906188965e-01
3.430545628070831299e-01,-3.113942742347717285e-01,-8.861981630325317383e-01
3.900517821311950684e-01,-3.684985935688018799e-01,-8.438414931297302246e-01
4.493343532085418701e-01,-4.190288782119750977e-01,-7.889952063560485840e-01
5.182158946990966797e-01,-4.562568068504333496e-01,-7.233823537826538086e-01
5.920845866203308105e-01,-4.743005633354187012e-01,-6.515173316001892090e-01
6.654700040817260742e-01,-4.699043333530426025e-01,-5.799479484558105469e-01
7.334039807319641113e-01,-4.431837201118469238e-01,-5.154675841331481934e-01
7.922835946083068848e-01,-3.969827294349670410e-01,-4.633480906486511230e-01
8.399497270584106445e-01,-3.355256319046020508e-01,-4.265055060386657715e-01
8.753004670143127441e-01,-2.632421553134918213e-01,-4.056509137153625488e-01
8.978626728057861328e-01,-1.841392070055007935e-01,-3.999193310737609863e-01
9.075183868408203125e-01,-1.016284599900245667e-01,-4.075317084789276123e-01
9.044008255004882812e-01,-1.856638304889202118e-02,-4.262798428535461426e-01
8.888831138610839844e-01,6.264144927263259888e-02,-4.538312554359436035e-01
8.616020679473876953e-01,1.399676799774169922e-01,-4.879045784473419189e-01
8.234746456146240234e-01,2.117223292589187622e-01,-5.263677835464477539e-01
7.756908535957336426e-01,2.765468060970306396e-01,-5.672966837882995605e-01
7.196738719940185547e-01,3.334182798862457275e-01,-6.090170741081237793e-01
6.570216417312622070e-01,3.816566169261932373e-01,-6.501236557960510254e-01
5.894256234169006348e-01,4.209186434745788574e-01,-6.894961595535278320e-01
5.185893774032592773e-01,4.511779844760894775e-01,-7.262942790985107422e-01
4.461464583873748779e-01,4.726881086826324463e-01,-7.599469423294067383e-01
3.735931813716888428e-01,4.859361946582794189e-01,-7.901228070259094238e-01
3.022391200065612793e-01,4.915841221809387207e-01,-8.166985511779785156e-01
2.331744879484176636e-01,4.904128015041351318e-01,-8.397171497344970703e-01
1.672592312097549438e-01,4.832682013511657715e-01,-8.593463897705078125e-01
1.051294207572937012e-01,4.710134863853454590e-01,-8.758389949798583984e-01
4.721073433756828308e-02,4.544927179813385010e-01,-8.894984722137451172e-01
-6.253123749047517776e-03,4.345029294490814209e-01,-9.006487131118774414e-01
-5.516801774501800537e-02,4.117791354656219482e-01,-9.096122384071350098e-01
-9.956073015928268433e-02,3.869847059249877930e-01,-9.166954159736633301e-01
-1.395459175109863281e-01,3.607111275196075439e-01,-9.221791625022888184e-01
-1.753001064062118530e-01,3.334814310073852539e-01,-9.263152480125427246e-01
-2.070389389991760254e-01,3.057569861412048340e-01,-9.293264150619506836e-01
-2.350013703107833862e-01,2.779410481452941895e-01,-9.314091801643371582e-01
-2.594371438026428223e-01,2.503848969936370850e-01,-9.327377676963806152e-01
-2.805971801280975342e-01,2.233907878398895264e-01,-9.334675669670104980e-01
-2.987286746501922607e-01,1.972130984067916870e-01,-9.337388277053833008e-01
-3.140686154365539551e-01,1.720601767301559448e-01,-9.336788654327392578e-01
-3.268396854400634766e-01,1.480967253446578979e-01,-9.334040880203247070e-01
-3.372468948364257812e-01,1.254497468471527100e-01,-9.330202937126159668e-01
-3.454737663269042969e-01,1.042121872305870056e-01,-9.326241016387939453e-01
-3.516819477081298828e-01,8.445244282484054565e-02,-9.323023557662963867e-01
-3.560089766979217529e-01,6.622327864170074463e-02,-9.321330785751342773e-01
-3.585718274116516113e-01,4.957017302513122559e-02,-9.321850538253784180e-01
-3.594682812690734863e-01,3.454080969095230103e-02,-9.325178265571594238e-01
-3.587807416915893555e-01,2.119307033717632294e-02,-9.331812262535095215e-01
-3.565831482410430908e-01,9.603179991245269775e-03,-9.342142343521118164e-01
-3.529456853866577148e-01,-1.282286539208143950e-04,-9.356438517570495605e-01
-3.479427993297576904e-01,-7.868567481637001038e-03,-9.374827146530151367e-01
-3.416624963283538818e-01,-1.344599388539791107e-02,-9.397265911102294922e-01
-3.342169523239135742e-01,-1.664191484451293945e-02,-9.423492550849914551e-01
-3.257555067539215088e-01,-1.718280278146266937e-02,-9.452978968620300293e-01
-3.164833188056945801e-01,-1.473175454884767532e-02,-9.484837651252746582e-01
-3.066818416118621826e-01,-8.880223147571086884e-03,-9.517706036567687988e-01
-2.967380881309509277e-01,8.564269519411027431e-04,-9.549584388732910156e-01
-2.871795594692230225e-01,1.503985933959484100e-02,-9.577587246894836426e-01
-2.787174880504608154e-01,3.429645299911499023e-02,-9.597605466842651367e-01
-2.722961008548736572e-01,5.928913876414299011e-02,-9.603852033615112305e-01
-2.691436409950256348e-01,9.065268188714981079e-02,-9.588241577148437500e-01
-2.708118259906768799e-01,1.288747191429138184e-01,-9.539666175842285156e-01
-2.791761159896850586e-01,1.740930229425430298e-01,-9.443264007568359375e-01
-2.963456809520721436e-01,2.257740050554275513e-01,-9.280114769935607910e-01
-3.244080841541290283e-01,2.822738289833068848e-01,-9.028183221817016602e-01
-3.649367392063140869e-01,3.403666019439697266e-01,-8.665862679481506348e-01
-4.182729721069335938e-01,3.950026929378509521e-01,-8.179367184638977051e-01
-4.828279316425323486e-01,4.397170245647430420e-01,-7.573150992393493652e-01
-5.548657774925231934e-01,4.679578244686126709e-01,-6.878512501716613770e-01
-6.291741132736206055e-01,4.749776422977447510e-01,-6.152529716491699219e-01
-7.003796696662902832e-01,4.592060446739196777e-01,-5.464413166046142578e-01
-7.641408443450927734e-01,4.222701489925384521e-01,-4.876235127449035645e-01
8.800183236598968506e-02,1.853584349155426025e-01,-9.787225723266601562e-01
2.497272938489913940e-02,2.385555058717727661e-01,-9.708077311515808105e-01
-6.165646389126777649e-02,2.805256545543670654e-01,-9.578642249107360840e-01
-1.678892523050308228e-01,3.031142354011535645e-01,-9.380484819412231445e-01
-2.838505506515502930e-01,2.994883358478546143e-01,-9.108982682228088379e-01
-3.955814242362976074e-01,2.674065530300140381e-01,-8.786404728889465332e-01
-4.898155331611633301e-01,2.107174396514892578e-01,-8.459780812263488770e-01
-5.583748817443847656e-01,1.375591605901718140e-01,-8.181045055389404297e-01
-5.991544723510742188e-01,5.691339820623397827e-02,-7.986079454421997070e-01
-6.142786741256713867e-01,-2.386671677231788635e-02,-7.887281179428100586e-01
-6.077556610107421875e-01,-9.977364540100097656e-02,-7.878313660621643066e-01
-5.839408040046691895e-01,-1.678142547607421875e-01,-7.942616343498229980e-01
-5.468522310256958008e-01,-2.264178693294525146e-01,-8.060319423675537109e-01
-4.999772906303405762e-01,-2.749409377574920654e-01,-8.212369680404663086e-01
-4.462792575359344482e-01,-3.133377134799957275e-01,-8.382447361946105957e-01
-3.882547914981842041e-01,-3.419519364833831787e-01,-8.557611107826232910e-01
-3.279902040958404541e-01,-3.613827228546142578e-01,-8.728258609771728516e-01
-2.672076523303985596e-01,-3.723964393138885498e-01,-8.887749910354614258e-01
-2.073001563549041748e-01,-3.758565783500671387e-01,-9.031935334205627441e-01
-1.493644714355468750e-01,-3.726729452610015869e-01,-9.158630967140197754e-01
-9.423144906759262085e-02,-3.637593984603881836e-01,-9.267144203186035156e-01
-4.249859228730201721e-02,-3.500024080276489258e-01,-9.357842803001403809e-01
5.436526611447334290e-03,-3.322369158267974854e-01,-9.431802630424499512e-01
4.934388026595115662e-02,-3.112315237522125244e-01,-9.490522146224975586e-01
8.912722766399383545e-02,-2.876793742179870605e-01,-9.535706639289855957e-01
1.247952431440353394e-01,-2.621968984603881836e-01,-9.569110870361328125e-01
1.564333587884902954e-01,-2.353249341249465942e-01,-9.592449069023132324e-01
1.841817796230316162e-01,-2.075348645448684692e-01,-9.607322216033935547e-01
2.082153856754302979e-01,-1.792348176240921021e-01,-9.615202546119689941e-01
2.287303954362869263e-01,-1.507768929004669189e-01,-9.617425203323364258e-01
2.459315359592437744e-01,-1.224628016352653503e-01,-9.615199565887451172e-01
2.600250244140625000e-01,-9.454856067895889282e-02,-9.609617590904235840e-01
2.712125778198242188e-01,-6.724850833415985107e-02,-9.601673483848571777e-01
2.796857059001922607e-01,-4.073820263147354126e-02,-9.592269062995910645e-01
2.856226563453674316e-01,-1.515743508934974670e-02,-9.582223296165466309e-01
2.891853749752044678e-01,9.385492652654647827e-03,-9.572270512580871582e-01
2.905173599720001221e-01,3.280996158719062805e-02,-9.563071131706237793e-01
2.897418737411499023e-01,5.505712330341339111e-02,-9.555199146270751953e-01
2.869607806205749512e-01,7.608515769243240356e-02,-9.549160003662109375e-01
2.822543978691101074e-01,9.586192667484283447e-02,-9.545381069183349609e-01
2.756819725036621094e-01,1.143595799803733826e-01,-9.544219970703125000e-01
2.672819495201110840e-01,1.315483897924423218e-01,-9.545969963073730469e-01
2.570751607418060303e-01,1.473909169435501099e-01,-9.550854563713073730e-01
2.450651526451110840e-01,1.618372946977615356e-01,-9.559036493301391602e-01
2.312431484460830688e-01,1.748197376728057861e-01,-9.570603966712951660e-01
2.155913561582565308e-01,1.862489581108093262e-01,-9.585571289062500000e-01
1.980887502431869507e-01,1.960088461637496948e-01,-9.603860378265380859e-01
1.787177622318267822e-01,2.039528638124465942e-01,-9.625295400619506836e-01
1.574728488922119141e-01,2.098997682332992554e-01,-9.649582505226135254e-01
1.343717724084854126e-01,2.136297821998596191e-01,-9.676293134689331055e-01
1.094685569405555725e-01,2.148807793855667114e-01,-9.704859256744384766e-01
8.287166059017181396e-02,2.133462876081466675e-01,-9.734555482864379883e-01
5.476383492350578308e-02,2.086738497018814087e-01,-9.764508008956909180e-01
2.542944438755512238e-02,2.004662752151489258e-01,-9.793705344200134277e-01
-4.713130183517932892e-03,1.882860511541366577e-01,-9.821028709411621094e-01
-3.507253527641296387e-02,1.716652065515518188e-01,-9.845308661460876465e-01
-6.483426690101623535e-02,1.501216441392898560e-01,-9.865394234657287598e-01
-9.290277212858200073e-02,1.231868639588356018e-01,-9.880253076553344727e-01
-1.178302913904190063e-01,9.045092016458511353e-02,-9.889057278633117676e-01
-1.377361714839935303e-01,5.163481831550598145e-02,-9.891220927238464355e-01
-1.502247452735900879e-01,6.704528350383043289e-03,-9.886291027069091797e-01
-1.523188501596450806e-01,-4.394332692027091980e-02,-9.873539805412292480e-01
-1.404689699411392212e-01,-9.919649362564086914e-02,-9.851033091545104980e-01
-1.107520386576652527e-01,-1.568081378936767578e-01,-9.813995957374572754e-01
-5.947924032807350159e-02,-2.128792703151702881e-01,-9.752664566040039062e-01
1.550831552594900131e-02,-2.614470720291137695e-01,-9.650931954383850098e-01
1.128042340278625488e-01,-2.947404086589813232e-01,-9.488958120346069336e-01
2.254775613546371460e-01,-3.048588633537292480e-01,-9.253221154212951660e-01
3.411542177200317383e-01,-2.869007587432861328e-01,-8.951546549797058105e-01
4.455468356609344482e-01,-2.416898459196090698e-01,-8.620174527168273926e-01
5.275643467903137207e-01,-1.756174266338348389e-01,-8.311644196510314941e-01
5.821735262870788574e-01,-9.765846282243728638e-02,-8.071782588958740234e-01
6.096945405006408691e-01,-1.617296412587165833e-02,-7.924714684486389160e-01
6.134476065635681152e-01,6.265664100646972656e-02,-7.872458696365356445e-01
5.977469086647033691e-01,1.349022239446640015e-01,-7.902530431747436523e-01
5.668250918388366699e-01,1.983530968427658081e-01,-7.996032238006591797e-01
5.244410634040832520e-01,2.519532740116119385e-01,-8.133149147033691406e-01
4.738147556781768799e-01,2.953909635543823242e-01,-8.296045064926147461e-01
4.176684617996215820e-01,3.288350105285644531e-01,-8.470068573951721191e-01
3.582867085933685303e-01,3.527704477310180664e-01,-8.643978834152221680e-01
2.975694239139556885e-01,3.678895533084869385e-01,-8.809708952903747559e-01
2.370696812868118286e-01,3.750144243240356445e-01,-8.961931467056274414e-01
1.780278682708740234e-01,3.750376999378204346e-01,-9.097542762756347656e-01
1.214050427079200745e-01,3.688759207725524902e-01,-9.215157628059387207e-01
6.791097670793533325e-02,3.574327528476715088e-01,-9.314665198326110840e-01
1.803816854953765869e-02,3.415708839893341064e-01,-9.396829009056091309e-01
-2.790258079767227173e-02,3.220941722393035889e-01,-9.462963938713073730e-01
-6.975262612104415894e-02,2.997335195541381836e-01,-9.514696002006530762e-01
-1.074716895818710327e-01,2.751441299915313721e-01,-9.553771615028381348e-01
-1.411102712154388428e-01,2.489035129547119141e-01,-9.581936001777648926e-01
-1.707835495471954346e-01,2.215176969766616821e-01,-9.600848555564880371e-01
-1.966510564088821411e-01,1.934253573417663574e-01,-9.612050056457519531e-01
-2.189001590013504028e-01,1.650054752826690674e-01,-9.616942405700683594e-01
-2.377323210239410400e-01,1.365849077701568604e-01,-9.616797566413879395e-01
-2.533538639545440674e-01,1.084413826465606689e-01,-9.612764120101928711e-01
-2.659698128700256348e-01,8.081007748842239380e-02,-9.605882167816162109e-01
-2.757769227027893066e-01,5.388500541448593140e-02,-9.597101211547851562e-01
-2.829606533050537109e-01,2.782409451901912689e-02,-9.587278366088867188e-01
-2.876913249492645264e-01,2.750644925981760025e-03,-9.577192068099975586e-01
-2.901219427585601807e-01,-2.124169282615184784e-02,-9.567539095878601074e-01
-2.903861105442047119e-01,-4.408358410000801086e-02,-9.558935761451721191e-01
-2.885965406894683838e-01,-6.572566926479339600e-02,-9.551922082901000977e-01
-2.848441302776336670e-01,-8.613161742687225342e-02,-9.546963572502136230e-01
-2.791985571384429932e-01,-1.052724644541740417e-01,-9.544453024864196777e-01
-2.717087566852569580e-01,-1.231197267770767212e-01,-9.544715285301208496e-01
-2.624039351940155029e-01,-1.396406441926956177e-01,-9.548008441925048828e-01
-2.512958049774169922e-01,-1.547924429178237915e-01,-9.554526209831237793e-01
-2.383815795183181763e-01,-1.685164868831634521e-01,-9.564394950866699219e-01
-2.236473560333251953e-01,-1.807351261377334595e-01,-9.577665328979492188e-01
-2.070726156234741211e-01,-1.913460195064544678e-01,-9.594309329986572266e-01
-1.886375248432159424e-01,-2.002183049917221069e-01,-9.614200592041015625e-01
-1.683291494846343994e-01,-2.071887850761413574e-01,-9.637106060981750488e-01
-1.461520642042160034e-01,-2.120572477579116821e-01,-9.662666916847229004e-01
-1.221400126814842224e-01,-2.145832479000091553e-01,-9.690386652946472168e-01
-9.637233614921569824e-02,-2.144826650619506836e-01,-9.719616770744323730e-01
-6.899154186248779297e-02,-2.114261090755462646e-01,-9.749559760093688965e-01
-4.022728279232978821e-02,-2.050383687019348145e-01,-9.779269099235534668e-01
-1.042680256068706512e-02,-1.949013918638229370e-01,-9.807674288749694824e-01
1.991076208651065826e-02,-1.805607527494430542e-01,-9.833623170852661133e-01
5.008913204073905945e-02,-1.615388691425323486e-01,-9.855943918228149414e-01
7.916157692670822144e-02,-1.373556405305862427e-01,-9.873535037040710449e-01
1.058657839894294739e-01,-1.075658351182937622e-01,-9.885454177856445312e-01
1.285473853349685669e-01,-7.181260734796524048e-02,-9.890998601913452148e-01
1.450797021389007568e-01,-2.992182038724422455e-02,-9.889674782752990723e-01
1.527804881334304810e-01,1.795330271124839783e-02,-9.880970716476440430e-01
1.483777165412902832e-01,7.110224664211273193e-02,-9.863714575767517090e-01
1.280911713838577271e-01,1.279059946537017822e-01,-9.834799170494079590e-01
8.800128102302551270e-02,1.853586435317993164e-01,-9.787225723266601562e-01
5.724837183952331543e-01,-1.325835846364498138e-02,-8.198088407516479492e-01
5.896765589714050293e-01,4.855810105800628662e-02,-8.061784505844116211e-01
5.958157181739807129e-01,1.141595914959907532e-01,-7.949661016464233398e-01
5.883640050888061523e-01,1.819499433040618896e-01,-7.878590822219848633e-01
5.645239949226379395e-01,2.495218515396118164e-01,-7.867982983589172363e-01
5.213731527328491211e-01,3.133057653903961182e-01,-7.937313318252563477e-01
4.563244879245758057e-01,3.681556880474090576e-01,-8.100798726081848145e-01
3.682420551776885986e-01,4.071493446826934814e-01,-8.358392119407653809e-01
2.594515085220336914e-01,4.223039150238037109e-01,-8.685300350189208984e-01
1.379504203796386719e-01,4.070992171764373779e-01,-9.029064178466796875e-01
1.749822683632373810e-02,3.604462444782257080e-01,-9.326158165931701660e-01
-8.654274791479110718e-02,2.890148460865020752e-01,-9.534049034118652344e-01
-1.634378731250762939e-01,2.048438042402267456e-01,-9.650529026985168457e-01
-2.101360559463500977e-01,1.200109720230102539e-01,-9.702784419059753418e-01
-2.296384423971176147e-01,4.293559491634368896e-02,-9.723285436630249023e-01
-2.276349663734436035e-01,-2.212937362492084503e-02,-9.734950661659240723e-01
-2.100467830896377563e-01,-7.390544563531875610e-02,-9.748939871788024902e-01
-1.819453835487365723e-01,-1.127697154879570007e-01,-9.768207669258117676e-01
-1.473176181316375732e-01,-1.398594528436660767e-01,-9.791510701179504395e-01
-1.091732755303382874e-01,-1.565799266099929810e-01,-9.816129207611083984e-01
-6.973768025636672974e-02,-1.643669605255126953e-01,-9.839309453964233398e-01
-3.063141368329524994e-02,-1.645838320255279541e-01,-9.858874082565307617e-01
6.986503954976797104e-03,-1.584765017032623291e-01,-9.873380064964294434e-01
4.230839759111404419e-02,-1.471652686595916748e-01,-9.882066249847412109e-01
7.479462772607803345e-02,-1.316401362419128418e-01,-9.884718656539916992e-01
1.041100770235061646e-01,-1.127708107233047485e-01,-9.881517291069030762e-01
1.300728172063827515e-01,-9.131144732236862183e-02,-9.872909188270568848e-01
1.526155173778533936e-01,-6.791244447231292725e-02,-9.859495162963867188e-01
1.717537194490432739e-01,-4.313092306256294250e-02,-9.841952919960021973e-01
1.875603348016738892e-01,-1.744103059172630310e-02,-9.820981621742248535e-01
2.001471072435379028e-01,8.754450827836990356e-03,-9.797267317771911621e-01
2.096483856439590454e-01,3.511373698711395264e-02,-9.771461486816406250e-01
2.162108719348907471e-01,6.134762987494468689e-02,-9.744175076484680176e-01
2.199854701757431030e-01,8.721050620079040527e-02,-9.715970158576965332e-01
2.211208641529083252e-01,1.124948114156723022e-01,-9.687365293502807617e-01
2.197598963975906372e-01,1.370248794555664062e-01,-9.658828973770141602e-01
2.160364389419555664e-01,1.606542766094207764e-01,-9.630776047706604004e-01
2.100728452205657959e-01,1.832608878612518311e-01,-9.603565931320190430e-01
2.019779086112976074e-01,2.047448605298995972e-01,-9.577496647834777832e-01
1.918449997901916504e-01,2.250248342752456665e-01,-9.552796483039855957e-01
1.797503679990768433e-01,2.440343052148818970e-01,-9.529622793197631836e-01
1.657503992319107056e-01,2.617179155349731445e-01,-9.508052468299865723e-01
1.498816907405853271e-01,2.780264317989349365e-01,-9.488081336021423340e-01
1.321583539247512817e-01,2.929121255874633789e-01,-9.469618201255798340e-01
1.125739663839340210e-01,3.063230216503143311e-01,-9.452477097511291504e-01
9.110123664140701294e-02,3.181977272033691406e-01,-9.436369538307189941e-01
6.769562512636184692e-02,3.284591734409332275e-01,-9.420890808105468750e-01
4.229949042201042175e-02,3.370096385478973389e-01,-9.405505657196044922e-01
1.484826486557722092e-02,3.437250852584838867e-01,-9.389528632164001465e-01
-1.472101453691720963e-02,3.484503626823425293e-01,-9.372116327285766602e-01
-4.646034538745880127e-02,3.509944379329681396e-01,-9.352242350578308105e-01
-8.039733022451400757e-02,3.511273860931396484e-01,-9.328696131706237793e-01
-1.165220066905021667e-01,3.485775291919708252e-01,-9.300088286399841309e-01
-1.547685712575912476e-01,3.430318832397460938e-01,-9.264857172966003418e-01
-1.949976831674575806e-01,3.341384530067443848e-01,-9.221319556236267090e-01
-2.369766086339950562e-01,3.215129971504211426e-01,-9.167723059654235840e-01
-2.803562879562377930e-01,3.047492802143096924e-01,-9.102352857589721680e-01
-3.246515393257141113e-01,2.834337055683135986e-01,-9.023672938346862793e-01
-3.692191839218139648e-01,2.571680843830108643e-01,-8.930519223213195801e-01
-4.132388830184936523e-01,2.255944460630416870e-01,-8.822362422943115234e-01
-4.556988477706909180e-01,1.884264945983886719e-01,-8.699620962142944336e-01
-4.953809380531311035e-01,1.454880386590957642e-01,-8.564058542251586914e-01
-5.308533906936645508e-01,9.675502032041549683e-02,-8.419222831726074219e-01
-5.604602098464965820e-01,4.240878298878669739e-02,-8.270947337150573730e-01
-5.823140740394592285e-01,-1.710134185850620270e-02,-8.127840161323547363e-01
-5.942798852920532227e-01,-8.097007125616073608e-02,-8.001720309257507324e-01
-5.939579606056213379e-01,-1.479090750217437744e-01,-7.907823324203491211e-01
-5.786753296852111816e-01,-2.159543037414550781e-01,-7.864468097686767578e-01
-5.455411672592163086e-01,-2.821672856807708740e-01,-7.891555428504943848e-01
-4.917105138301849365e-01,-3.422399461269378662e-01,-8.006825447082519531e-01
-4.151273965835571289e-01,-3.901276886463165283e-01,-8.218696117401123047e-01
-3.160873055458068848e-01,-4.181922972202301025e-01,-8.515890240669250488e-01
-1.995375454425811768e-01,-4.187377691268920898e-01,-8.859139084815979004e-01
-7.659468054771423340e-02,-3.874661028385162354e-01,-9.186965227127075195e-01
3.741527721285820007e-02,-3.271409571170806885e-01,-9.442346096038818359e-01
1.287529319524765015e-01,-2.477078437805175781e-01,-9.602413177490234375e-01
1.904758512973785400e-01,-1.618787050247192383e-01,-9.682531952857971191e-01
2.229578197002410889e-01,-8.015057444572448730e-02,-9.715274572372436523e-01
2.309417873620986938e-01,-8.769574575126171112e-03,-9.729280471801757812e-01
2.204465568065643311e-01,4.968090727925300598e-02,-9.741330146789550781e-01
1.970362067222595215e-01,9.489110112190246582e-02,-9.757932424545288086e-01
1.652386486530303955e-01,1.277012079954147339e-01,-9.779512286186218262e-01
1.285296380519866943e-01,1.494250595569610596e-01,-9.803837537765502930e-01
8.950322866439819336e-02,1.615023761987686157e-01,-9.828053116798400879e-01
5.006169155240058899e-02,1.653409302234649658e-01,-9.849651455879211426e-01
1.157860178500413895e-02,1.622475832700729370e-01,-9.866821765899658203e-01
-2.497375570237636566e-02,1.534065157175064087e-01,-9.878475069999694824e-01
-5.893111601471900940e-02,1.398723423480987549e-01,-9.884143471717834473e-01
-8.986314386129379272e-02,1.225740760564804077e-01,-9.883826375007629395e-01
-1.175170019268989563e-01,1.023217514157295227e-01,-9.877853393554687500e-01
-1.417722553014755249e-01,7.981743663549423218e-02,-9.866761565208435059e-01
-1.626067161560058594e-01,5.566327646374702454e-02,-9.851196408271789551e-01
-1.800673007965087891e-01,3.037262521684169769e-02,-9.831852912902832031e-01
-1.942482739686965942e-01,4.383907653391361237e-03,-9.809426069259643555e-01
-2.052742987871170044e-01,-2.193269878625869751e-02,-9.784587621688842773e-01
-2.132875621318817139e-01,-4.826249927282333374e-02,-9.757966995239257812e-01
-2.184372395277023315e-01,-7.433930784463882446e-02,-9.730153679847717285e-01
-2.208739817142486572e-01,-9.993672370910644531e-02,-9.701687693595886230e-01
-2.207438200712203979e-01,-1.248638480901718140e-01,-9.673061370849609375e-01
-2.181854695081710815e-01,-1.489604562520980835e-01,-9.644717574119567871e-01
-2.133275270462036133e-01,-1.720921248197555542e-01,-9.617045521736145020e-01
-2.062856256961822510e-01,-1.941486448049545288e-01,-9.590373039245605469e-01
-1.971611231565475464e-01,-2.150396704673767090e-01,-9.564964175224304199e-01
-1.860389560461044312e-01,-2.346921414136886597e-01,-9.541011452674865723e-01
-1.729857325553894043e-01,-2.530450224876403809e-01,-9.518635272979736328e-01
-1.580483168363571167e-01,-2.700470089912414551e-01,-9.497870206832885742e-01
-1.412517279386520386e-01,-2.856502830982208252e-01,-9.478670358657836914e-01
-1.226000934839248657e-01,-2.998055219650268555e-01,-9.460898041725158691e-01
-1.020760834217071533e-01,-3.124568462371826172e-01,-9.444316029548645020e-01
-7.964327186346054077e-02,-3.235356807708740234e-01,-9.428582191467285156e-01
-5.525026470422744751e-02,-3.329553604125976562e-01,-9.413225650787353516e-01
-2.883486822247505188e-02,-3.406056463718414307e-01,-9.397640228271484375e-01
-3.321372205391526222e-04,-3.463475704193115234e-01,-9.381061792373657227e-01
3.031713329255580902e-02,-3.500085175037384033e-01,-9.362557530403137207e-01
6.315379589796066284e-02,-3.513783514499664307e-01,-9.341011047363281250e-01
9.818881750106811523e-02,-3.502063751220703125e-01,-9.315118789672851562e-01
1.353869438171386719e-01,-3.462001681327819824e-01,-9.283403754234313965e-01
1.746474653482437134e-01,-3.390269875526428223e-01,-9.244236350059509277e-01
2.157872170209884644e-01,-3.283174037933349609e-01,-9.195887446403503418e-01
2.585180699825286865e-01,-3.136744201183319092e-01,-9.136611819267272949e-01
3.024259209632873535e-01,-2.946858108043670654e-01,-9.064760208129882812e-01
3.469483554363250732e-01,-2.709433734416961670e-01,-8.978955745697021484e-01
3.913558423519134521e-01,-2.420648932456970215e-01,-8.878316879272460938e-01
4.347350895404815674e-01,-2.077236622571945190e-01,-8.762741088867187500e-01
4.759715199470520020e-01,-1.676841527223587036e-01,-8.633268475532531738e-01
5.137416124343872070e-01,-1.218400225043296814e-01,-8.492494225502014160e-01
5.465022325515747070e-01,-7.026281952857971191e-02,-8.345049023628234863e-01
5.724835395812988281e-01,-1.325815357267856598e-02,-8.198089599609375000e-01
7.546664476394653320e-01,-6.616704910993576050e-02,-6.527637243270874023e-01
7.810779809951782227e-01,-4.529162775725126266e-03,-6.244171261787414551e-01
8.007329106330871582e-01,6.093301251530647278e-02,-5.959144830703735352e-01
8.126235604286193848e-01,1.294738948345184326e-01,-5.682248473167419434e-01
8.158147931098937988e-01,2.001649439334869385e-01,-5.425681471824645996e-01
8.094631433486938477e-01,2.718812525272369385e-01,-5.204325318336486816e-01
7.928211688995361328e-01,3.432707190513610840e-01,-5.035869479179382324e-01
7.652339935302734375e-01,4.126876890659332275e-01,-4.940707087516784668e-01
7.261425256729125977e-01,4.780722558498382568e-01,-4.941296279430389404e-01
6.751270294189453125e-01,5.367689728736877441e-01,-5.060460567474365234e-01
6.120677590370178223e-01,5.853202939033508301e-01,-5.317643284797668457e-01
5.375274419784545898e-01,6.193825602531433105e-01,-5.722145438194274902e-01
4.534206092357635498e-01,6.341041326522827148e-01,-6.263559460639953613e-01
3.638009727001190186e-01,6.253899931907653809e-01,-6.903160810470581055e-01
2.751039266586303711e-01,5.920381546020507812e-01,-7.575016021728515625e-01
1.950167864561080933e-01,5.375621318817138672e-01,-8.203629255294799805e-01
1.300794780254364014e-01,4.698641598224639893e-01,-8.731019496917724609e-01
8.358539640903472900e-02,3.984899520874023438e-01,-9.133560061454772949e-01
5.523171648383140564e-02,3.315030336380004883e-01,-9.418361186981201172e-01
4.228252544999122620e-02,2.739352583885192871e-01,-9.608182311058044434e-01
4.106027632951736450e-02,2.279472351074218750e-01,-9.728073477745056152e-01
4.797221720218658447e-02,1.937286108732223511e-01,-9.798815846443176270e-01
5.997854843735694885e-02,1.703883260488510132e-01,-9.835498929023742676e-01
7.470009475946426392e-02,1.565658003091812134e-01,-9.848386049270629883e-01
9.036101400852203369e-02,1.507808566093444824e-01,-9.844287633895874023e-01
1.056801527738571167e-01,1.516066640615463257e-01,-9.827752113342285156e-01
1.197617202997207642e-01,1.577453166246414185e-01,-9.801905751228332520e-01
1.320024877786636353e-01,1.680585592985153198e-01,-9.768989682197570801e-01
1.420175582170486450e-01,1.815646886825561523e-01,-9.730699658393859863e-01
1.495820730924606323e-01,1.974320262670516968e-01,-9.688373804092407227e-01
1.545866727828979492e-01,2.149637639522552490e-01,-9.643098711967468262e-01
1.570032089948654175e-01,2.335809171199798584e-01,-9.595779776573181152e-01
1.568589657545089722e-01,2.528052628040313721e-01,-9.547170996665954590e-01
1.542170196771621704e-01,2.722423970699310303e-01,-9.497901201248168945e-01
1.491613984107971191e-01,2.915663421154022217e-01,-9.448491930961608887e-01
1.417874991893768311e-01,3.105065822601318359e-01,-9.399371743202209473e-01
1.321949213743209839e-01,3.288369178771972656e-01,-9.350886940956115723e-01
1.204821690917015076e-01,3.463666141033172607e-01,-9.303301572799682617e-01
1.067437455058097839e-01,3.629352450370788574e-01,-9.256801605224609375e-01
9.106692671775817871e-02,3.784069120883941650e-01,-9.211487174034118652e-01
7.353024184703826904e-02,3.926668763160705566e-01,-9.167366027832031250e-01
5.419952422380447388e-02,4.056186974048614502e-01,-9.124340415000915527e-01
3.312721848487854004e-02,4.171798229217529297e-01,-9.082200527191162109e-01
1.034840941429138184e-02,4.272782504558563232e-01,-9.040609002113342285e-01
-1.411919482052326202e-02,4.358462691307067871e-01,-8.999103903770446777e-01
-4.027703404426574707e-02,4.428150355815887451e-01,-8.957079052925109863e-01
-6.814333796501159668e-02,4.481076300144195557e-01,-8.913787007331848145e-01
-9.775061160326004028e-02,4.516329765319824219e-01,-8.868327736854553223e-01
-1.291401535272598267e-01,4.532783031463623047e-01,-8.819646239280700684e-01
-1.623536944389343262e-01,4.529039561748504639e-01,-8.766523003578186035e-01
-1.974246352910995483e-01,4.503390789031982422e-01,-8.707572817802429199e-01
-2.343646883964538574e-01,4.453774392604827881e-01,-8.641251325607299805e-01
-2.731516063213348389e-01,4.377765655517578125e-01,-8.565861582756042480e-01
-3.137136995792388916e-01,4.272597432136535645e-01,-8.479579687118530273e-01
-3.559142053127288818e-01,4.135192930698394775e-01,-8.380494117736816406e-01
-3.995374441146850586e-01,3.962249159812927246e-01,-8.266654014587402344e-01
-4.442728459835052490e-01,3.750358223915100098e-01,-8.136153221130371094e-01
-4.897041022777557373e-01,3.496150970458984375e-01,-7.987233996391296387e-01
-5.353006720542907715e-01,3.196510076522827148e-01,-7.818416357040405273e-01
-5.804134607315063477e-01,2.848783135414123535e-01,-7.628660202026367188e-01
-6.242785453796386719e-01,2.451015710830688477e-01,-7.417556643486022949e-01
-6.660248041152954102e-01,2.002217024564743042e-01,-7.185556292533874512e-01
-7.046926617622375488e-01,1.502574235200881958e-01,-6.934197545051574707e-01
-7.392555475234985352e-01,9.536753594875335693e-02,-6.666380763053894043e-01
-7.686515450477600098e-01,3.586566820740699768e-02,-6.386614441871643066e-01
-7.918145060539245605e-01,-2.776645310223102570e-02,-6.101301312446594238e-01
-8.077091574668884277e-01,-9.487231820821762085e-02,-5.818979144096374512e-01
-8.153616189956665039e-01,-1.646162867546081543e-01,-5.550557971000671387e-01
-8.138809204101562500e-01,-2.359734028577804565e-01,-5.309562087059020996e-01
-8.024713993072509766e-01,-3.077118098735809326e-01,-5.112270712852478027e-01
-7.804331183433532715e-01,-3.783428370952606201e-01,-4.977758228778839111e-01
-7.471567988395690918e-01,-4.460333883762359619e-01,-4.927584528923034668e-01
-7.021426558494567871e-01,-5.084518194198608398e-01,-4.984700381755828857e-01
-6.450903415679931641e-01,-5.625646710395812988e-01,-5.170873999595642090e-01
-5.761543512344360352e-01,-6.044635176658630371e-01,-5.501546263694763184e-01
-4.964745342731475830e-01,-6.294566392898559570e-01,-5.977435111999511719e-01
-4.089482426643371582e-01,-6.328468322753906250e-01,-6.574696302413940430e-01
-3.188612461090087891e-01,-6.116948127746582031e-01,-7.239868044853210449e-01
-2.335176914930343628e-01,-5.670261383056640625e-01,-7.899056673049926758e-01
-1.603582650423049927e-01,-5.047662854194641113e-01,-8.482313156127929688e-01
-1.044706702232360840e-01,-4.340698421001434326e-01,-8.948011994361877441e-01
-6.727377325296401978e-02,-3.640585243701934814e-01,-9.289433360099792480e-01
-4.705445095896720886e-02,-3.013487756252288818e-01,-9.523522853851318359e-01
-4.043995216488838196e-02,-2.494476437568664551e-01,-9.675435423851013184e-01
-4.370480030775070190e-02,-2.094056010246276855e-01,-9.768517017364501953e-01
-5.350257083773612976e-02,-1.807775199413299561e-01,-9.820677042007446289e-01
-6.712380796670913696e-02,-1.623793840408325195e-01,-9.844427108764648438e-01
-8.250334858894348145e-02,-1.527605801820755005e-01,-9.848133325576782227e-01
-9.812704473733901978e-02,-1.504518985748291016e-01,-9.837353825569152832e-01
-1.129192039370536804e-01,-1.540865749120712280e-01,-9.815837144851684570e-01
-1.261406987905502319e-01,-1.624452173709869385e-01,-9.786215424537658691e-01
-1.373054832220077515e-01,-1.744675487279891968e-01,-9.750427007675170898e-01
-1.461152583360671997e-01,-1.892498135566711426e-01,-9.709968566894531250e-01
-1.524075865745544434e-01,-2.060286253690719604e-01,-9.666044116020202637e-01
-1.561176776885986328e-01,-2.241688072681427002e-01,-9.619644880294799805e-01
-1.572479307651519775e-01,-2.431437671184539795e-01,-9.571593999862670898e-01
-1.558452844619750977e-01,-2.625191211700439453e-01,-9.522582888603210449e-01
-1.519851088523864746e-01,-2.819364070892333984e-01,-9.473184943199157715e-01
-1.457580178976058960e-01,-3.010993003845214844e-01,-9.423873424530029297e-01
-1.372622698545455933e-01,-3.197606503963470459e-01,-9.375031590461730957e-01
-1.265975087881088257e-01,-3.377123773097991943e-01,-9.326968193054199219e-01
-1.138604730367660522e-01,-3.547801375389099121e-01,-9.279907345771789551e-01
-9.914258867502212524e-02,-3.708158433437347412e-01,-9.233993291854858398e-01
-8.252663165330886841e-02,-3.856948316097259521e-01,-9.189280867576599121e-01
-6.408549100160598755e-02,-3.993116915225982666e-01,-9.145726561546325684e-01
-4.387845471501350403e-02,-4.115777313709259033e-01,-9.103177785873413086e-01
-2.194955758750438690e-02,-4.224162101745605469e-01,-9.061361551284790039e-01
1.674689701758325100e-03,-4.317578375339508057e-01,-9.019879698753356934e-01
2.698600292205810547e-02,-4.395350813865661621e-01,-8.978199362754821777e-01
5.399500951170921326e-02,-4.456762075424194336e-01,-8.935643434524536133e-01
8.272697776556015015e-02,-4.500977396965026855e-01,-8.891390562057495117e-01
1.132199019193649292e-01,-4.526987075805664062e-01,-8.844462037086486816e-01
1.455163359642028809e-01,-4.533534348011016846e-01,-8.793722987174987793e-01
1.796557307243347168e-01,-4.519073963165283203e-01,-8.737869262695312500e-01
2.156616151332855225e-01,-4.481721222400665283e-01,-8.675435781478881836e-01
2.535304129123687744e-01,-4.419234991073608398e-01,-8.604800701141357422e-01
2.932176887989044189e-01,-4.329011738300323486e-01,-8.524200916290283203e-01
3.346206843852996826e-01,-4.208127260208129883e-01,-8.431759476661682129e-01
3.775650858879089355e-01,-4.053375720977783203e-01,-8.325539231300354004e-01
4.217893481254577637e-01,-3.861385881900787354e-01,-8.203601241111755371e-01
4.669319987297058105e-01,-3.628744482994079590e-01,-8.064097166061401367e-01
5.125195980072021484e-01,-3.352189064025878906e-01,-7.905390262603759766e-01
5.579624772071838379e-01,-3.028800189495086670e-01,-7.726199030876159668e-01
6.025542616844177246e-01,-2.656240165233612061e-01,-7.525771260261535645e-01
6.454746723175048828e-01,-2.233012914657592773e-01,-7.304101586341857910e-01
6.858063340187072754e-01,-1.758686900138854980e-01,-7.062151432037353516e-01
7.225529551506042480e-01,-1.234125718474388123e-01,-6.802106499671936035e-01
7.546664476394653320e-01,-6.616680324077606201e-02,-6.527637839317321777e-01
8.624992370605468750e-01,-6.988729536533355713e-02,-5.012093782424926758e-01
8.839913010597229004e-01,-7.483701221644878387e-03,-4.674434661865234375e-01
8.995923399925231934e-01,5.776541680097579956e-02,-4.328935146331787109e-01
9.087209701538085938e-01,1.252337694168090820e-01,-3.981740176677703857e-01
9.109173417091369629e-01,1.942073553800582886e-01,-3.640235066413879395e-01
9.058652520179748535e-01,2.639046311378479004e-01,-3.313042521476745605e-01
8.934072852134704590e-01,3.334984183311462402e-01,-3.010022044181823730e-01
8.735496997833251953e-01,4.021340310573577881e-01,-2.742246687412261963e-01
8.464573621749877930e-01,4.689412415027618408e-01,-2.521983385086059570e-01
8.124409914016723633e-01,5.330299735069274902e-01,-2.362600117921829224e-01
7.719388008117675781e-01,5.934644937515258789e-01,-2.278382331132888794e-01
7.255007624626159668e-01,6.492125988006591797e-01,-2.284111231565475464e-01
6.737858653068542480e-01,6.990666389465332031e-01,-2.394126206636428833e-01
6.175873875617980957e-01,7.415578961372375488e-01,-2.620642185211181641e-01
5.579004287719726562e-01,7.749110460281372070e-01,-2.970857918262481689e-01
4.960344135761260986e-01,7.971266508102416992e-01,-3.442949056625366211e-01
4.337354898452758789e-01,8.063067793846130371e-01,-4.021726548671722412e-01
3.732216358184814453e-01,8.012735247611999512e-01,-4.676177501678466797e-01
3.170087635517120361e-01,7.823142409324645996e-01,-5.361807942390441895e-01
2.674699723720550537e-01,7.516378760337829590e-01,-6.029098629951477051e-01
2.262773215770721436e-01,7.131288647651672363e-01,-6.635102629661560059e-01
1.940182745456695557e-01,6.714109778404235840e-01,-7.152371406555175781e-01
1.701862365007400513e-01,6.307352781295776367e-01,-7.571060657501220703e-01
1.534898728132247925e-01,5.942254066467285156e-01,-7.895169258117675781e-01
1.422696709632873535e-01,5.636723637580871582e-01,-8.136539459228515625e-01
1.348447501659393311e-01,5.397264361381530762e-01,-8.309707045555114746e-01
1.297195404767990112e-01,5.222367644309997559e-01,-8.428770303726196289e-01
1.256705969572067261e-01,5.105803608894348145e-01,-8.505966663360595703e-01
1.217554062604904175e-01,5.039112567901611328e-01,-8.551310896873474121e-01
1.172818094491958618e-01,5.013243556022644043e-01,-8.572741150856018066e-01
1.117637827992439270e-01,5.019516944885253906e-01,-8.576440811157226562e-01
1.048757657408714294e-01,5.050120949745178223e-01,-8.567168712615966797e-01
9.641185402870178223e-02,5.098302960395812988e-01,-8.548554182052612305e-01
8.625203371047973633e-02,5.158375501632690430e-01,-8.523333668708801270e-01
7.433540374040603638e-02,5.225639939308166504e-01,-8.493533730506896973e-01
6.064128503203392029e-02,5.296213626861572266e-01,-8.460637331008911133e-01
4.517368599772453308e-02,5.366903543472290039e-01,-8.425691127777099609e-01
2.795294672250747681e-02,5.435047745704650879e-01,-8.389405012130737305e-01
9.008462540805339813e-03,5.498410463333129883e-01,-8.352206945419311523e-01
-1.162371411919593811e-02,5.555064678192138672e-01,-8.314309716224670410e-01
-3.390505537390708923e-02,5.603343248367309570e-01,-8.275722861289978027e-01
-5.779576301574707031e-02,5.641776323318481445e-01,-8.236280083656311035e-01
-8.325699716806411743e-02,5.669049024581909180e-01,-8.195651769638061523e-01
-1.102540045976638794e-01,5.683968663215637207e-01,-8.153336644172668457e-01
-1.387566328048706055e-01,5.685417056083679199e-01,-8.108679652214050293e-01
-1.687417626380920410e-01,5.672293901443481445e-01,-8.060874342918395996e-01
-2.001924216747283936e-01,5.643478631973266602e-01,-8.008960485458374023e-01
-2.330957949161529541e-01,5.597755312919616699e-01,-7.951840758323669434e-01
-2.674402892589569092e-01,5.533771514892578125e-01,-7.888278961181640625e-01
-3.032082021236419678e-01,5.449982285499572754e-01,-7.816916704177856445e-01
-3.403689265251159668e-01,5.344618558883666992e-01,-7.736274600028991699e-01
-3.788675665855407715e-01,5.215671658515930176e-01,-7.644783258438110352e-01
-4.186151921749114990e-01,5.060887336730957031e-01,-7.540792822837829590e-01
-4.594769179821014404e-01,4.877811372280120850e-01,-7.422603964805603027e-01
-5.012596249580383301e-01,4.663835763931274414e-01,-7.288519740104675293e-01
-5.437030196189880371e-01,4.416286945343017578e-01,-7.136883735656738281e-01
-5.864689350128173828e-01,4.132548272609710693e-01,-6.966165304183959961e-01
-6.291376948356628418e-01,3.810202777385711670e-01,-6.775022745132446289e-01
-6.712039113044738770e-01,3.447197377681732178e-01,-6.562419533729553223e-01
-7.120814323425292969e-01,3.042033910751342773e-01,-6.327719688415527344e-01
-7.511107325553894043e-01,2.593933343887329102e-01,-6.070814132690429688e-01
-7.875729203224182129e-01,2.103023827075958252e-01,-5.792251825332641602e-01
-8.207107186317443848e-01,1.570458710193634033e-01,-5.493363738059997559e-01
-8.497523069381713867e-01,9.985452890396118164e-02,-5.176388621330261230e-01
-8.739413022994995117e-01,3.907642886042594910e-02,-4.844580292701721191e-01
-8.925670385360717773e-01,-2.482222951948642731e-02,-4.502310454845428467e-01
-9.049976468086242676e-01,-9.126498550176620483e-02,-4.155118167400360107e-01
-9.107091426849365234e-01,-1.595800220966339111e-01,-3.809766173362731934e-01
-9.093109965324401855e-01,-2.290162742137908936e-01,-3.474262654781341553e-01
-9.005655050277709961e-01,-2.987673878669738770e-01,-3.157843947410583496e-01
-8.843967914581298828e-01,-3.679898679256439209e-01,-2.870987057685852051e-01
-8.608915805816650391e-01,-4.358212053775787354e-01,-2.625367343425750732e-01
-8.302899599075317383e-01,-5.013825893402099609e-01,-2.433806508779525757e-01
-7.929686903953552246e-01,-5.637654066085815430e-01,-2.310178130865097046e-01
-7.494231462478637695e-01,-6.219947934150695801e-01,-2.269083261489868164e-01
-7.002570629119873047e-01,-6.749611496925354004e-01,-2.325241565704345703e-01
-6.461906433105468750e-01,-7.213364839553833008e-01,-2.492214590311050415e-01
-5.881068110466003418e-01,-7.594990134239196777e-01,-2.780138552188873291e-01
-5.271420478820800781e-01,-7.875379323959350586e-01,-3.192259967327117920e-01
-4.648107886314392090e-01,-8.034455180168151855e-01,-3.720566034317016602e-01
-4.031012356281280518e-01,-8.055914640426635742e-01,-4.342024028301239014e-01
-3.444194495677947998e-01,-7.934426069259643555e-01,-5.018206834793090820e-01
-2.912780046463012695e-01,-7.682286500930786133e-01,-5.700717568397521973e-01
-2.457660138607025146e-01,-7.330766320228576660e-01,-6.341906189918518066e-01
-2.090396136045455933e-01,-6.923850178718566895e-01,-6.905834078788757324e-01
-1.811159998178482056e-01,-6.507162451744079590e-01,-7.374045252799987793e-01
-1.610458195209503174e-01,-6.118174195289611816e-01,-7.744312882423400879e-01
-1.473029702901840210e-01,-5.781409144401550293e-01,-8.025303483009338379e-01
-1.381821185350418091e-01,-5.508686900138854980e-01,-8.230730295181274414e-01
-1.320779174566268921e-01,-5.302055478096008301e-01,-8.375186920166015625e-01
-1.276258081197738647e-01,-5.157294869422912598e-01,-8.471922278404235840e-01
-1.237449645996093750e-01,-5.066787004470825195e-01,-8.532079458236694336e-01
-1.196230649948120117e-01,-5.021632313728332520e-01,-8.564592599868774414e-01
-1.146769374608993530e-01,-5.012875199317932129e-01,-8.576479554176330566e-01
-1.085062697529792786e-01,-5.032225251197814941e-01,-8.573175668716430664e-01
-1.008499115705490112e-01,-5.072395801544189453e-01,-8.558839559555053711e-01
-9.154868870973587036e-02,-5.127170681953430176e-01,-8.536627292633056641e-01
-8.051523566246032715e-02,-5.191371440887451172e-01,-8.508900403976440430e-01
-6.771079450845718384e-02,-5.260726809501647949e-01,-8.477398157119750977e-01
-5.312813073396682739e-02,-5.331720709800720215e-01,-8.443369865417480469e-01
-3.678074106574058533e-02,-5.401442646980285645e-01,-8.407682776451110840e-01
-1.869402267038822174e-02,-5.467452406883239746e-01,-8.370903134346008301e-01
1.098966808058321476e-03,-5.527686476707458496e-01,-8.333340287208557129e-01
2.256079390645027161e-02,-5.580346584320068359e-01,-8.295108675956726074e-01
4.565178230404853821e-02,-5.623875260353088379e-01,-8.256126046180725098e-01
7.033234089612960815e-02,-5.656884312629699707e-01,-8.216142058372497559e-01
9.656570106744766235e-02,-5.678126811981201172e-01,-8.174740672111511230e-01
1.243187561631202698e-01,-5.686446428298950195e-01,-8.131347298622131348e-01
1.535651385784149170e-01,-5.680746436119079590e-01,-8.085227012634277344e-01
1.842849701642990112e-01,-5.659922361373901367e-01,-8.035495281219482422e-01
2.164632081985473633e-01,-5.622810721397399902e-01,-7.981125712394714355e-01
2.500887215137481689e-01,-5.568137764930725098e-01,-7.920947074890136719e-01
2.851476967334747314e-01,-5.494457483291625977e-01,-7.853662967681884766e-01
3.216174244880676270e-01,-5.400116443634033203e-01,-7.777850627899169922e-01
3.594556748867034912e-01,-5.283227562904357910e-01,-7.691987156867980957e-01
3.985922932624816895e-01,-5.141656994819641113e-01,-7.594457268714904785e-01
4.389174580574035645e-01,-4.973045587539672852e-01,-7.483580112457275391e-01
4.802678227424621582e-01,-4.774852693080902100e-01,-7.357653379440307617e-01
5.224179625511169434e-01,-4.544424414634704590e-01,-7.214994430541992188e-01
5.650697946548461914e-01,-4.279099404811859131e-01,-7.054000496864318848e-01
6.078452467918395996e-01,-3.976339399814605713e-01,-6.873219013214111328e-01
6.502809524536132812e-01,-3.633891046047210693e-01,-6.671454310417175293e-01
6.918307542800903320e-01,-3.249955773353576660e-01,-6.447853446006774902e-01
7.318710088729858398e-01,-2.823364138603210449e-01,-6.202023625373840332e-01
7.697093486785888672e-01,-2.353782355785369873e-01,-5.934176445007324219e-01
8.046055436134338379e-01,-1.841831803321838379e-01,-5.645232200622558594e-01
8.357914090156555176e-01,-1.289232373237609863e-01,-5.336959958076477051e-01
8.624992966651916504e-01,-6.988712400197982788e-02,-5.012093186378479004e-01
9.374803900718688965e-01,-5.372872203588485718e-02,-3.438657820224761963e-01
9.511396884918212891e-01,9.608515538275241852e-03,-3.086113333702087402e-01
9.591951370239257812e-01,7.467317581176757812e-02,-2.727059423923492432e-01
9.613315463066101074e-01,1.408917903900146484e-01,-2.366243302822113037e-01
9.573504924774169922e-01,2.076490670442581177e-01,-2.009026557207107544e-01
9.471829533576965332e-01,2.743080556392669678e-01,-1.661306321620941162e-01
9.308955073356628418e-01,3.402335345745086670e-01,-1.329463422298431396e-01
9.086895585060119629e-01,4.048128128051757812e-01,-1.020283252000808716e-01
8.808954358100891113e-01,4.674764275550842285e-01,-7.408826798200607300e-02
8.479581475257873535e-01,5.277124047279357910e-01,-4.986593872308731079e-02
8.104206919670104980e-01,5.850734114646911621e-01,-3.012265823781490326e-02
7.689028978347778320e-01,6.391743421554565430e-01,-1.563411578536033630e-02
7.240791320800781250e-01,6.896795034408569336e-01,-7.178642321377992630e-03
6.766600608825683594e-01,7.362748980522155762e-01,-5.517467390745878220e-03
6.273760199546813965e-01,7.786336541175842285e-01,-1.135525666177272797e-02
5.769689083099365234e-01,8.163747787475585938e-01,-2.527999132871627808e-02
5.261902809143066406e-01,8.490298390388488770e-01,-4.766688495874404907e-02
4.758050441741943359e-01,8.760358095169067383e-01,-7.855421304702758789e-02
4.265950918197631836e-01,8.967781662940979004e-01,-1.174967661499977112e-01
3.793514966964721680e-01,9.107018709182739258e-01,-1.634456366300582886e-01
3.348419368267059326e-01,9.174861311912536621e-01,-2.147094607353210449e-01
2.937462329864501953e-01,9.172360301017761230e-01,-2.690561413764953613e-01
2.565691471099853516e-01,9.106094241142272949e-01,-3.239795863628387451e-01
2.235534042119979858e-01,8.988032341003417969e-01,-3.770629763603210449e-01
1.946361660957336426e-01,8.833793401718139648e-01,-4.263305366039276123e-01
1.694634854793548584e-01,8.659951686859130859e-01,-4.704618453979492188e-01
1.474619954824447632e-01,8.481413722038269043e-01,-5.088330507278442383e-01
1.279371231794357300e-01,8.309671878814697266e-01,-5.414107441902160645e-01
1.101686209440231323e-01,8.152204155921936035e-01,-5.685759186744689941e-01
9.348104149103164673e-02,8.012780547142028809e-01,-5.909440517425537109e-01
7.728537917137145996e-02,7.892268896102905273e-01,-6.092190742492675781e-01
6.109422445297241211e-02,7.789543867111206055e-01,-6.240974068641662598e-01
4.451912641525268555e-02,7.702327966690063477e-01,-6.362071037292480469e-01
2.725922875106334686e-02,7.627799510955810547e-01,-6.460832953453063965e-01
9.084468707442283630e-03,7.563015818595886230e-01,-6.541600227355957031e-01
-1.017897017300128937e-02,7.505142688751220703e-01,-6.607758998870849609e-01
-3.066269680857658386e-02,7.451568841934204102e-01,-6.661838889122009277e-01
-5.246496573090553284e-02,7.399925589561462402e-01,-6.705656647682189941e-01
-7.565886527299880981e-02,7.348067164421081543e-01,-6.740436553955078125e-01
-1.002944037318229675e-01,7.294024229049682617e-01,-6.766927838325500488e-01
-1.264028251171112061e-01,7.235965728759765625e-01,-6.785501241683959961e-01
-1.539972722530364990e-01,7.172156572341918945e-01,-6.796224117279052734e-01
-1.830744147300720215e-01,7.100924849510192871e-01,-6.798914670944213867e-01
-2.136154174804687500e-01,7.020632028579711914e-01,-6.793200969696044922e-01
-2.455879151821136475e-01,6.929655075073242188e-01,-6.778535246849060059e-01
-2.789466381072998047e-01,6.826360225677490234e-01,-6.754233837127685547e-01
-3.136337995529174805e-01,6.709077358245849609e-01,-6.719499230384826660e-01
-3.495784401893615723e-01,6.576082706451416016e-01,-6.673427224159240723e-01
-3.866959214210510254e-01,6.425583362579345703e-01,-6.615021824836730957e-01
-4.248827695846557617e-01,6.255697607994079590e-01,-6.543219089508056641e-01
-4.640142917633056641e-01,6.064454913139343262e-01,-6.456891894340515137e-01
-5.039371252059936523e-01,5.849808454513549805e-01,-6.354877948760986328e-01
-5.444639325141906738e-01,5.609650015830993652e-01,-6.236003041267395020e-01
-5.853660106658935547e-01,5.341860651969909668e-01,-6.099114418029785156e-01
-6.263667941093444824e-01,5.044373273849487305e-01,-5.943127274513244629e-01
-6.671376228332519531e-01,4.715250730514526367e-01,-5.767074823379516602e-01
-7.072935104370117188e-01,4.352800846099853516e-01,-5.570163130760192871e-01
-7.463935613632202148e-01,3.955681324005126953e-01,-5.351845622062683105e-01
-7.839434146881103516e-01,3.523041009902954102e-01,-5.111894607543945312e-01
-8.194023966789245605e-01,3.054641187191009521e-01,-4.850478470325469971e-01
-8.521965742111206055e-01,2.550967335700988770e-01,-4.568224251270294189e-01
-8.817319273948669434e-01,2.013335078954696655e-01,-4.266304969787597656e-01
-9.074154496192932129e-01,1.443934142589569092e-01,-3.946488499641418457e-01
-9.286757707595825195e-01,8.458662778139114380e-02,-3.611183464527130127e-01
-9.449867010116577148e-01,2.230970002710819244e-02,-3.263470828533172607e-01
-9.558902382850646973e-01,-4.195968061685562134e-02,-2.907116711139678955e-01
-9.610185623168945312e-01,-1.076758801937103271e-01,-2.546550333499908447e-01
-9.601131677627563477e-01,-1.742427647113800049e-01,-2.186827808618545532e-01
-9.530391097068786621e-01,-2.410308122634887695e-01,-1.833590120077133179e-01
-9.397947192192077637e-01,-3.074016571044921875e-01,-1.492985785007476807e-01
-9.205146431922912598e-01,-3.727280795574188232e-01,-1.171603947877883911e-01
-8.954657316207885742e-01,-4.364175796508789062e-01,-8.764051645994186401e-02
-8.650376200675964355e-01,-4.979276359081268311e-01,-6.146540120244026184e-02
-8.297272324562072754e-01,-5.567775964736938477e-01,-3.938626870512962341e-02
-7.901182174682617188e-01,-6.125533580780029297e-01,-2.217265963554382324e-02
-7.468605041503906250e-01,-6.648960709571838379e-01,-1.060375850647687912e-02
-7.006486654281616211e-01,-7.134856581687927246e-01,-5.452788900583982468e-03
-6.522048711776733398e-01,-7.580059766769409180e-01,-7.458676118403673172e-03
-6.022661328315734863e-01,-7.981083989143371582e-01,-1.727701537311077118e-02
-5.515784621238708496e-01,-8.333712816238403320e-01,-3.540376573801040649e-02
-5.009000897407531738e-01,-8.632770180702209473e-01,-6.206284090876579285e-02
-4.510039389133453369e-01,-8.872277736663818359e-01,-9.706886857748031616e-02
-4.026783406734466553e-01,-9.046202898025512695e-01,-1.396867632865905762e-01
-3.567093312740325928e-01,-9.149917960166931152e-01,-1.885427832603454590e-01
-3.138307034969329834e-01,-9.182127714157104492e-01,-2.416515648365020752e-01
-2.746455669403076172e-01,-9.146562218666076660e-01,-2.966038882732391357e-01
-2.395376414060592651e-01,-9.052617549896240234e-01,-3.508885800838470459e-01
-2.085983455181121826e-01,-8.914389014244079590e-01,-4.022730290889739990e-01
-1.816136240959167480e-01,-8.748328089714050293e-01,-4.490924477577209473e-01
-1.581080853939056396e-01,-8.570460081100463867e-01,-4.903813898563385010e-01
-1.374353319406509399e-01,-8.394130468368530273e-01,-5.258299112319946289e-01
-1.188772618770599365e-01,-8.228839039802551270e-01,-5.556349754333496094e-01
-1.017287671566009521e-01,-8.080124258995056152e-01,-5.803165435791015625e-01
-8.535465598106384277e-02,-7.950194478034973145e-01,-6.005485653877258301e-01
-6.921578198671340942e-02,-7.838806509971618652e-01,-6.170415282249450684e-01
-5.287544429302215576e-02,-7.744167447090148926e-01,-6.304624080657958984e-01
-3.599049523472785950e-02,-7.663661837577819824e-01,-6.413950324058532715e-01
-1.829823851585388184e-02,-7.594370841979980469e-01,-6.503235101699829102e-01
4.019706102553755045e-04,-7.533382773399353027e-01,-6.576331257820129395e-01
2.026151865720748901e-02,-7.477971315383911133e-01,-6.636180281639099121e-01
4.139404371380805969e-02,-7.425646185874938965e-01,-6.684941053390502930e-01
6.388446688652038574e-02,-7.374150156974792480e-01,-6.724119782447814941e-01
8.779392391443252563e-02,-7.321435809135437012e-01,-6.754686832427978516e-01
1.131633594632148743e-01,-7.265607714653015137e-01,-6.777193546295166016e-01
1.400141566991806030e-01,-7.204886078834533691e-01,-6.791849732398986816e-01
1.683512628078460693e-01,-7.137571573257446289e-01,-6.798591613769531250e-01
1.981638073921203613e-01,-7.062011361122131348e-01,-6.797139048576354980e-01
2.294254601001739502e-01,-6.976581811904907227e-01,-6.787025332450866699e-01
2.620972692966461182e-01,-6.879651546478271484e-01,-6.767635941505432129e-01
2.961283326148986816e-01,-6.769572496414184570e-01,-6.738225817680358887e-01
3.314538896083831787e-01,-6.644654273986816406e-01,-6.697940826416015625e-01
3.679964244365692139e-01,-6.503136754035949707e-01,-6.645831465721130371e-01
4.056626558303833008e-01,-6.343184709548950195e-01,-6.580864787101745605e-01
4.443392753601074219e-01,-6.162871122360229492e-01,-6.501945257186889648e-01
4.838877022266387939e-01,-5.960187911987304688e-01,-6.407919526100158691e-01
5.241382122039794922e-01,-5.733051300048828125e-01,-6.297622323036193848e-01
5.648842453956604004e-01,-5.479339361190795898e-01,-6.169879436492919922e-01
6.058733463287353516e-01,-5.196954607963562012e-01,-6.023572087287902832e-01
6.468036770820617676e-01,-4.883879721164703369e-01,-5.857663750648498535e-01
6.873186230659484863e-01,-4.538285732269287109e-01,-5.671267509460449219e-01
7.270053625106811523e-01,-4.158638417720794678e-01,-5.463702678680419922e-01
7.653951048851013184e-01,-3.743831515312194824e-01,-5.234574079513549805e-01
8.019693493843078613e-01,-3.293299973011016846e-01,-4.983843863010406494e-01
8.361696600914001465e-01,-2.807149291038513184e-01,-4.711894690990447998e-01
8.674088716506958008e-01,-2.286279648542404175e-01,-4.419627189636230469e-01
8.950916528701782227e-01,-1.732433736324310303e-01,-4.108499884605407715e-01
9.186326861381530762e-01,-1.148257479071617126e-01,-3.780595660209655762e-01
9.374804496765136719e-01,-5.372854322195053101e-02,-3.438657820224761963e-01
9.840552806854248047e-01,-2.861992642283439636e-02,-1.755450218915939331e-01
9.894705414772033691e-01,3.531775623559951782e-02,-1.403595358133316040e-01
9.894499778747558594e-01,9.985902905464172363e-02,-1.049613058567047119e-01
9.839117527008056641e-01,1.644759178161621094e-01,-6.975160539150238037e-02
9.728769659996032715e-01,2.286363840103149414e-01,-3.515272215008735657e-02
9.564716815948486328e-01,2.918209433555603027e-01,-1.598894479684531689e-03
9.349230527877807617e-01,3.535400629043579102e-01,3.046876005828380585e-02
9.085533022880554199e-01,4.133490025997161865e-01,6.060946732759475708e-02
8.777683377265930176e-01,4.708611965179443359e-01,8.838813751935958862e-02
8.430441617965698242e-01,5.257584452629089355e-01,1.133778020739555359e-01
8.049116730690002441e-01,5.777957439422607422e-01,1.351637095212936401e-01
7.639392614364624023e-01,6.268035769462585449e-01,1.533429622650146484e-01
7.207159996032714844e-01,6.726832985877990723e-01,1.675275862216949463e-01
6.758366227149963379e-01,7.153970599174499512e-01,1.773466914892196655e-01
6.298856139183044434e-01,7.549542784690856934e-01,1.824508607387542725e-01
5.834260582923889160e-01,7.913901209831237793e-01,1.825257837772369385e-01
5.369896292686462402e-01,8.247447013854980469e-01,1.773085743188858032e-01
4.910678565502166748e-01,8.550394177436828613e-01,1.666132360696792603e-01
4.461074769496917725e-01,8.822573423385620117e-01,1.503670960664749146e-01
4.025045633316040039e-01,9.063327312469482422e-01,1.286511421203613281e-01
3.605995476245880127e-01,9.271554350852966309e-01,1.017384380102157593e-01
3.206705749034881592e-01,9.445912241935729980e-01,7.012742012739181519e-02
2.829256653785705566e-01,9.585193991661071777e-01,3.454880416393280029e-02
2.474925369024276733e-01,9.688813090324401855e-01,-4.060260485857725143e-03
2.144092470407485962e-01,9.757242202758789062e-01,-4.461991414427757263e-02
1.836181432008743286e-01,9.792283177375793457e-01,-8.600125461816787720e-02
1.549673825502395630e-01,9.797049760818481445e-01,-1.271351128816604614e-01
1.282205134630203247e-01,9.775656461715698242e-01,-1.671079844236373901e-01
1.030758246779441833e-01,9.732717275619506836e-01,-2.052259594202041626e-01
7.918956875801086426e-02,9.672798514366149902e-01,-2.410365194082260132e-01
5.620057508349418640e-02,9.599971175193786621e-01,-2.743119299411773682e-01
3.375048935413360596e-02,9.517527222633361816e-01,-3.050042092800140381e-01
1.149996649473905563e-02,9.427899718284606934e-01,-3.331890702247619629e-01
-1.086260005831718445e-02,9.332706928253173828e-01,-3.590094149112701416e-01
-3.361771255731582642e-02,9.232899546623229980e-01,-3.826297223567962646e-01
-5.701326951384544373e-02,9.128909707069396973e-01,-4.042022526264190674e-01
-8.126661926507949829e-02,9.020804166793823242e-01,-4.238473474979400635e-01
-1.065644323825836182e-01,8.908382654190063477e-01,-4.416460394859313965e-01
-1.330645680427551270e-01,8.791245818138122559e-01,-4.576392471790313721e-01
-1.608942747116088867e-01,8.668826818466186523e-01,-4.718341231346130371e-01
-1.901499032974243164e-01,8.540390729904174805e-01,-4.842109382152557373e-01
-2.208952754735946655e-01,8.405030965805053711e-01,-4.947321712970733643e-01
-2.531598806381225586e-01,8.261650204658508301e-01,-5.033503174781799316e-01
-2.869398295879364014e-01,8.108957409858703613e-01,-5.100134611129760742e-01
-3.221955895423889160e-01,7.945460081100463867e-01,-5.146712660789489746e-01
-3.588542938232421875e-01,7.769491076469421387e-01,-5.172752141952514648e-01
-3.968087434768676758e-01,7.579212784767150879e-01,-5.177819728851318359e-01
-4.359185695648193359e-01,7.372663617134094238e-01,-5.161523818969726562e-01
-4.760113656520843506e-01,7.147797346115112305e-01,-5.123506188392639160e-01
-5.168812274932861328e-01,6.902534365653991699e-01,-5.063438415527343750e-01
-5.582904219627380371e-01,6.634806394577026367e-01,-4.981015622615814209e-01
-5.999665260314941406e-01,6.342633366584777832e-01,-4.875963330268859863e-01
-6.416038870811462402e-01,6.024154424667358398e-01,-4.748052656650543213e-01
-6.828609704971313477e-01,5.677717328071594238e-01,-4.597130715847015381e-01
-7.233611345291137695e-01,5.301937460899353027e-01,-4.423156976699829102e-01
-7.626944184303283691e-01,4.895772337913513184e-01,-4.226243495941162109e-01
-8.004187345504760742e-01,4.458613097667694092e-01,-4.006714224815368652e-01
-8.360666036605834961e-01,3.990348577499389648e-01,-3.765152692794799805e-01
-8.691518902778625488e-01,3.491464853286743164e-01,-3.502452075481414795e-01
-8.991804718971252441e-01,2.963097691535949707e-01,-3.219859898090362549e-01
-9.256639480590820312e-01,2.407075315713882446e-01,-2.919007837772369385e-01
-9.481339454650878906e-01,1.825951486825942993e-01,-2.601941227912902832e-01
-9.661594033241271973e-01,1.222968623042106628e-01,-2.271112948656082153e-01
-9.793620705604553223e-01,6.020306423306465149e-02,-1.929392665624618530e-01
-9.874333143234252930e-01,-3.241166239604353905e-03,-1.580031365156173706e-01
-9.901472330093383789e-01,-6.754580140113830566e-02,-1.226624324917793274e-01
-9.873717427253723145e-01,-1.321913450956344604e-01,-8.730694651603698730e-02
-9.790759682655334473e-01,-1.966463327407836914e-01,-5.234879627823829651e-02
-9.653337597846984863e-01,-2.603820860385894775e-01,-1.821763440966606140e-02
-9.463222026824951172e-01,-3.228927552700042725e-01,1.464828848838806152e-02
-9.223173260688781738e-01,-3.837088346481323242e-01,4.580727219581604004e-02
-8.936844468116760254e-01,-4.424137473106384277e-01,7.482092082500457764e-02
-8.608664870262145996e-01,-4.986539483070373535e-01,1.012577787041664124e-01
-8.243692517280578613e-01,-5.521468520164489746e-01,1.246967986226081848e-01
-7.847438454627990723e-01,-6.026862263679504395e-01,1.447287648916244507e-01
-7.425718307495117188e-01,-6.501380205154418945e-01,1.609584391117095947e-01
-6.984464526176452637e-01,-6.944363117218017578e-01,1.730052977800369263e-01
-6.529591679573059082e-01,-7.355684638023376465e-01,1.805084943771362305e-01
-6.066854000091552734e-01,-7.735595703125000000e-01,1.831348836421966553e-01
-5.601731538772583008e-01,-8.084506392478942871e-01,1.805925071239471436e-01
-5.139353275299072266e-01,-8.402745127677917480e-01,1.726532727479934692e-01
-4.684416651725769043e-01,-8.690356612205505371e-01,1.591833829879760742e-01
-4.241136014461517334e-01,-8.946937918663024902e-01,1.401810050010681152e-01
-3.813208639621734619e-01,-9.171589016914367676e-01,1.158185526728630066e-01
-3.403733372688293457e-01,-9.363051652908325195e-01,8.647986501455307007e-02
-3.015149831771850586e-01,-9.519994854927062988e-01,5.277965590357780457e-02
-2.649154961109161377e-01,-9.641460776329040527e-01,1.555784884840250015e-02
-2.306585460901260376e-01,-9.727345705032348633e-01,-2.416703850030899048e-02
-1.987346708774566650e-01,-9.778770208358764648e-01,-6.527718156576156616e-02
-1.690382361412048340e-01,-9.798210859298706055e-01,-1.066610664129257202e-01
-1.413733959197998047e-01,-9.789339303970336914e-01,-1.473157256841659546e-01
-1.154687404632568359e-01,-9.756586551666259766e-01,-1.864326298236846924e-01
-9.099776297807693481e-02,-9.704609513282775879e-01,-2.234387993812561035e-01
-6.760562211275100708e-02,-9.637773036956787109e-01,-2.579976618289947510e-01
-4.492992535233497620e-02,-9.559779763221740723e-01,-2.899782955646514893e-01
-2.262059785425662994e-02,-9.473493099212646484e-01,-3.194019198417663574e-01
-3.509305242914706469e-04,-9.380924701690673828e-01,-3.463847041130065918e-01
2.217485010623931885e-02,-9.283342361450195312e-01,-3.710845708847045898e-01
4.522100463509559631e-02,-9.181416034698486328e-01,-3.936636149883270264e-01
6.902032345533370972e-02,-9.075378775596618652e-01,-4.142597317695617676e-01
9.377442300319671631e-02,-8.965154290199279785e-01,-4.329739212989807129e-01
1.196556091308593750e-01,-8.850435614585876465e-01,-4.498670399188995361e-01
1.468062996864318848e-01,-8.730739355087280273e-01,-4.649620652198791504e-01
1.753391921520233154e-01,-8.605412840843200684e-01,-4.782517850399017334e-01
2.053336799144744873e-01,-8.473640680313110352e-01,-4.897062480449676514e-01
2.368368953466415405e-01,-8.334419727325439453e-01,-4.992822706699371338e-01
2.698622047901153564e-01,-8.186555504798889160e-01,-5.069294571876525879e-01
3.043870925903320312e-01,-8.028659224510192871e-01,-5.125960707664489746e-01
3.403555154800415039e-01,-7.859147191047668457e-01,-5.162326693534851074e-01
3.776777088642120361e-01,-7.676261067390441895e-01,-5.177932381629943848e-01
4.162293076515197754e-01,-7.478098273277282715e-01,-5.172365307807922363e-01
4.558541178703308105e-01,-7.262650132179260254e-01,-5.145251154899597168e-01
4.963631927967071533e-01,-7.027845382690429688e-01,-5.096248984336853027e-01
5.375347733497619629e-01,-6.771603226661682129e-01,-5.025038719177246094e-01
5.791136026382446289e-01,-6.491895914077758789e-01,-4.931332468986511230e-01
6.208105683326721191e-01,-6.186791062355041504e-01,-4.814877510070800781e-01
6.623027920722961426e-01,-5.854522585868835449e-01,-4.675473570823669434e-01
7.032305598258972168e-01,-5.493569374084472656e-01,-4.513022601604461670e-01
7.432006001472473145e-01,-5.102702379226684570e-01,-4.327552914619445801e-01
7.817862033843994141e-01,-4.681088030338287354e-01,-4.119277894496917725e-01
8.185324072837829590e-01,-4.228351712226867676e-01,-3.888639211654663086e-01
8.529604673385620117e-01,-3.744679689407348633e-01,-3.636374771595001221e-01
8.845790028572082520e-01,-3.230871260166168213e-01,-3.363550901412963867e-01
9.128954410552978516e-01,-2.688398361206054688e-01,-3.071597218513488770e-01
9.374287128448486328e-01,-2.119463682174682617e-01,-2.762356996536254883e-01
9.577273130416870117e-01,-1.526962816715240479e-01,-2.438077330589294434e-01
9.733846187591552734e-01,-9.144794195890426636e-02,-2.101421207189559937e-01
9.840553402900695801e-01,-2.861973270773887634e-02,-1.755449622869491577e-01
1.000000000000000000e+00,1.864930077033477573e-08,1.261719546619133325e-07
9.973540902137756348e-01,6.382212042808532715e-02,3.480632230639457703e-02
9.894625544548034668e-01,1.271512210369110107e-01,6.925662606954574585e-02
9.764613509178161621e-01,1.895093917846679688e-01,1.030021458864212036e-01
9.585715532302856445e-01,2.504487633705139160e-01,1.357052177190780640e-01
9.360908269882202148e-01,3.095636665821075439e-01,1.670458614826202393e-01
9.093821644783020020e-01,3.665013313293457031e-01,1.967253237962722778e-01
8.788622021675109863e-01,4.209688007831573486e-01,2.244694977998733521e-01
8.449872732162475586e-01,4.727384448051452637e-01,2.500297725200653076e-01
8.082406520843505859e-01,5.216494798660278320e-01,2.731827795505523682e-01
7.691195011138916016e-01,5.676067471504211426e-01,2.937306165695190430e-01
7.281234264373779297e-01,6.105788350105285645e-01,3.114960491657257080e-01
6.857436895370483398e-01,6.505920886993408203e-01,3.263212740421295166e-01
6.424548029899597168e-01,6.877239346504211426e-01,3.380646407604217529e-01
5.987066626548767090e-01,7.220937609672546387e-01,3.465990126132965088e-01
5.549182891845703125e-01,7.538531422615051270e-01,3.518113195896148682e-01
5.114728808403015137e-01,7.831726670265197754e-01,3.536044955253601074e-01
4.687125086784362793e-01,8.102295398712158203e-01,3.519041836261749268e-01
4.269360005855560303e-01,8.351950645446777344e-01,3.466624915599822998e-01
3.863946199417114258e-01,8.582205772399902344e-01,3.378705978393554688e-01
3.472895622253417969e-01,8.794289231300354004e-01,3.255681991577148438e-01
3.097711801528930664e-01,8.989068865776062012e-01,3.098520040512084961e-01
2.739357054233551025e-01,9.167033433914184570e-01,2.908853292465209961e-01
2.398265302181243896e-01,9.328327178955078125e-01,2.688984274864196777e-01
2.074331790208816528e-01,9.472827315330505371e-01,2.441860437393188477e-01
1.766941994428634644e-01,9.600253105163574219e-01,2.170955836772918701e-01
1.474994271993637085e-01,9.710288047790527344e-01,1.880079954862594604e-01
1.196951642632484436e-01,9.802678823471069336e-01,1.573147326707839966e-01
9.309123456478118896e-02,9.877302646636962891e-01,1.253915280103683472e-01
6.746608018875122070e-02,9.934169054031372070e-01,9.258058667182922363e-02
4.257622733712196350e-02,9.973393082618713379e-01,5.917495861649513245e-02
1.816136203706264496e-02,9.995118379592895508e-01,2.542015723884105682e-02
-6.048085633665323257e-03,9.999457597732543945e-01,-8.477072231471538544e-03
-3.032616153359413147e-02,9.986434578895568848e-01,-4.232722520828247070e-02
-5.494529008865356445e-02,9.955977201461791992e-01,-7.593499124050140381e-02
-8.017104119062423706e-02,9.907951354980468750e-01,-1.090770661830902100e-01
-1.062564700841903687e-01,9.842213988304138184e-01,-1.414840072393417358e-01
-1.334346830844879150e-01,9.758700728416442871e-01,-1.728376150131225586e-01
-1.619125008583068848e-01,9.657462835311889648e-01,-2.027767747640609741e-01
-1.918628066778182983e-01,9.538695216178894043e-01,-2.309145629405975342e-01
-2.234180867671966553e-01,9.402692317962646484e-01,-2.568620443344116211e-01
-2.566648423671722412e-01,9.249767065048217773e-01,-2.802520692348480225e-01
-2.916389107704162598e-01,9.080136418342590332e-01,-3.007621467113494873e-01
-3.283249139785766602e-01,8.893803358078002930e-01,-3.181279897689819336e-01
-3.666518628597259521e-01,8.690456748008728027e-01,-3.321534395217895508e-01
-4.064971804618835449e-01,8.469420671463012695e-01,-3.427088856697082520e-01
-4.476846456527709961e-01,8.229637145996093750e-01,-3.497272431850433350e-01
-4.899873733520507812e-01,7.969729304313659668e-01,-3.531946837902069092e-01
-5.331305265426635742e-01,7.688068151473999023e-01,-3.531402051448822021e-01
-5.767927169799804688e-01,7.382895350456237793e-01,-3.496266305446624756e-01
-6.206113100051879883e-01,7.052451968193054199e-01,-3.427400887012481689e-01
-6.641841530799865723e-01,6.695117354393005371e-01,-3.325861692428588867e-01
-7.070764899253845215e-01,6.309515833854675293e-01,-3.192851841449737549e-01
-7.488249540328979492e-01,5.894656181335449219e-01,-3.029710948467254639e-01
-7.889457345008850098e-01,5.450007915496826172e-01,-2.837937176227569580e-01
-8.269421458244323730e-01,4.975587129592895508e-01,-2.619198262691497803e-01
-8.623144030570983887e-01,4.472025632858276367e-01,-2.375368624925613403e-01
-8.945709466934204102e-01,3.940594792366027832e-01,-2.108553349971771240e-01
-9.232401251792907715e-01,3.383242487907409668e-01,-1.821107864379882812e-01
-9.478837847709655762e-01,2.802576422691345215e-01,-1.515648812055587769e-01
-9.681107401847839355e-01,2.201827764511108398e-01,-1.195041313767433167e-01
-9.835887551307678223e-01,1.584805250167846680e-01,-8.623875677585601807e-02
-9.940576553344726562e-01,9.557854384183883667e-02,-5.209764093160629272e-02
-9.993378520011901855e-01,3.194211795926094055e-02,-1.742522604763507843e-02
-9.993378520011901855e-01,-3.194211050868034363e-02,1.742548123002052307e-02
-9.940575957298278809e-01,-9.557884931564331055e-02,5.209803581237792969e-02
-9.835887551307678223e-01,-1.584804803133010864e-01,8.623892068862915039e-02
-9.681106209754943848e-01,-2.201830148696899414e-01,1.195044815540313721e-01
-9.478837847709655762e-01,-2.802575826644897461e-01,1.515650302171707153e-01
-9.232400059700012207e-01,-3.383245170116424561e-01,1.821111142635345459e-01
-8.945708870887756348e-01,-3.940595090389251709e-01,2.108555287122726440e-01
-8.623143434524536133e-01,-4.472025334835052490e-01,2.375370711088180542e-01
-8.269420266151428223e-01,-4.975588023662567139e-01,2.619201540946960449e-01
-7.889456748962402344e-01,-5.450007319450378418e-01,2.837938666343688965e-01
-7.488247752189636230e-01,-5.894657373428344727e-01,3.029714524745941162e-01
-7.070764303207397461e-01,-6.309514641761779785e-01,3.192853331565856934e-01
-6.641840338706970215e-01,-6.695116162300109863e-01,3.325864672660827637e-01
-6.206110715866088867e-01,-7.052453160285949707e-01,3.427404165267944336e-01
-5.767926573753356934e-01,-7.382893562316894531e-01,3.496269285678863525e-01
-5.331303477287292480e-01,-7.688067555427551270e-01,3.531405031681060791e-01
-4.899873733520507812e-01,-7.969728708267211914e-01,3.531948626041412354e-01
-4.476847052574157715e-01,-8.229635357856750488e-01,3.497274816036224365e-01
-4.064970016479492188e-01,-8.469418883323669434e-01,3.427092730998992920e-01
-3.666518926620483398e-01,-8.690455555915832520e-01,3.321539163589477539e-01
-3.283249437808990479e-01,-8.893801569938659668e-01,3.181282877922058105e-01
-2.916388213634490967e-01,-9.080137014389038086e-01,3.007623255252838135e-01
-2.566646635532379150e-01,-9.249767065048217773e-01,2.802523672580718994e-01
-2.234181463718414307e-01,-9.402691125869750977e-01,2.568623125553131104e-01
-1.918628811836242676e-01,-9.538694620132446289e-01,2.309150099754333496e-01
-1.619124412536621094e-01,-9.657462239265441895e-01,2.027770429849624634e-01
-1.334345936775207520e-01,-9.758700132369995117e-01,1.728379428386688232e-01
-1.062565594911575317e-01,-9.842213988304138184e-01,1.414844393730163574e-01
-8.017086982727050781e-02,-9.907950162887573242e-01,1.090773120522499084e-01
-5.494514107704162598e-02,-9.955977201461791992e-01,7.593554258346557617e-02
-3.032608143985271454e-02,-9.986434578895568848e-01,4.232762381434440613e-02
-6.048097275197505951e-03,-9.999457597732543945e-01,8.477530442178249359e-03
1.816153340041637421e-02,-9.995118975639343262e-01,-2.541986107826232910e-02
4.257627576589584351e-02,-9.973393082618713379e-01,-5.917456001043319702e-02
6.746602803468704224e-02,-9.934169054031372070e-01,-9.258013963699340820e-02
9.309137612581253052e-02,-9.877302646636962891e-01,-1.253912150859832764e-01
1.196952536702156067e-01,-9.802679419517517090e-01,-1.573143303394317627e-01
1.474994271993637085e-01,-9.710288047790527344e-01,-1.880076974630355835e-01
1.766940653324127197e-01,-9.600254893302917480e-01,-2.170952260494232178e-01
2.074332982301712036e-01,-9.472827911376953125e-01,-2.441858202219009399e-01
2.398265749216079712e-01,-9.328327775001525879e-01,-2.688981890678405762e-01
2.739355862140655518e-01,-9.167034626007080078e-01,-2.908850908279418945e-01
3.097712099552154541e-01,-8.989069461822509766e-01,-3.098516464233398438e-01
3.472896814346313477e-01,-8.794290423393249512e-01,-3.255679905414581299e-01
3.863946199417114258e-01,-8.582206964492797852e-01,-3.378704786300659180e-01
4.269362390041351318e-01,-8.351950049400329590e-01,-3.466622233390808105e-01
4.687127172946929932e-01,-8.102296590805053711e-01,-3.519038856029510498e-01
5.114729404449462891e-01,-7.831727266311645508e-01,-3.536041676998138428e-01
5.549182891845703125e-01,-7.538532614707946777e-01,-3.518109917640686035e-01
5.987069010734558105e-01,-7.220937013626098633e-01,-3.465986847877502441e-01
6.424548625946044922e-01,-6.877238750457763672e-01,-3.380644917488098145e-01
6.857437491416931152e-01,-6.505921483039855957e-01,-3.263210952281951904e-01
7.281237840652465820e-01,-6.105785965919494629e-01,-3.114957511425018311e-01
7.691196799278259277e-01,-5.676066875457763672e-01,-2.937303185462951660e-01
8.082407116889953613e-01,-5.216494798660278320e-01,-2.731826305389404297e-01
8.449872732162475586e-01,-4.727385640144348145e-01,-2.500295042991638184e-01
8.788623809814453125e-01,-4.209685921669006348e-01,-2.244692444801330566e-01
9.093822240829467773e-01,-3.665011525154113770e-01,-1.967252790927886963e-01
9.360908269882202148e-01,-3.095638155937194824e-01,-1.670456826686859131e-01
9.585717916488647461e-01,-2.504483759403228760e-01,-1.357048153877258301e-01
9.764614105224609375e-01,-1.895091682672500610e-01,-1.030017957091331482e-01
9.894625544548034668e-01,-1.271511316299438477e-01,-6.925643980503082275e-02
9.973541498184204102e-01,-6.382227689027786255e-02,-3.480605036020278931e-02
1.000000000000000000e+00,2.506961607195989927e-07,1.781571938863635296e-07
