x,y,z
1.306668639183044434e+00,0.000000000000000000e+00,0.000000000000000000e+00
1.301543235778808594e+00,6.444500386714935303e-02,-2.774086035788059235e-02
1.286500215530395508e+00,1.277134418487548828e-01,-5.387225002050399780e-02
1.262485027313232422e+00,1.887683719396591187e-01,-7.692766934633255005e-02
1.230905890464782715e+00,2.468213737010955811e-01,-9.572987258434295654e-02
1.193402647972106934e+00,3.013840317726135254e-01,-1.095149815082550049e-01
1.151595115661621094e+00,3.522510528564453125e-01,-1.179847940802574158e-01
1.106893062591552734e+00,3.994341492652893066e-01,-1.212526112794876099e-01
1.060431957244873047e+00,4.430918097496032715e-01,-1.197017356753349304e-01
1.013136506080627441e+00,4.834977388381958008e-01,-1.138277649879455566e-01
9.658322334289550781e-01,5.210576653480529785e-01,-1.041406169533729553e-01
9.193096756935119629e-01,5.563393235206604004e-01,-9.115433692932128906e-02
8.742883205413818359e-01,5.900646448135375977e-01,-7.542544603347778320e-02
8.313093781471252441e-01,6.230399608612060547e-01,-5.757276713848114014e-02
7.906410098075866699e-01,6.560541391372680664e-01,-3.823927789926528931e-02
7.522628903388977051e-01,6.897975802421569824e-01,-1.802033558487892151e-02
7.159318327903747559e-01,7.248420715332031250e-01,2.580919768661260605e-03
6.812601089477539062e-01,7.616529464721679688e-01,2.312895655632019043e-02
6.477572321891784668e-01,8.005883097648620605e-01,4.317745566368103027e-02
6.148223280906677246e-01,8.418432474136352539e-01,6.219962611794471741e-02
5.817360281944274902e-01,8.853697776794433594e-01,7.958184182643890381e-02
5.476953387260437012e-01,9.308255910873413086e-01,9.468077868223190308e-02
5.119062662124633789e-01,9.776149988174438477e-01,1.068921238183975220e-01
4.736815690994262695e-01,1.024992942810058594e+00,1.156734973192214966e-01
4.324949383735656738e-01,1.072159171104431152e+00,1.205147802829742432e-01
3.879770934581756592e-01,1.118273496627807617e+00,1.209054291248321533e-01
3.398830890655517578e-01,1.162368893623352051e+00,1.163653582334518433e-01
2.880862057209014893e-01,1.203242897987365723e+00,1.065632104873657227e-01
2.326215356588363647e-01,1.239421844482421875e+00,9.147775173187255859e-02
1.737601011991500854e-01,1.269258737564086914e+00,7.152280956506729126e-02
1.120668426156044006e-01,1.291148304939270020e+00,4.757429659366607666e-02
4.839943349361419678e-02,1.303778529167175293e+00,2.089497074484825134e-02
-1.615834981203079224e-02,1.306346535682678223e+00,-6.999170407652854919e-03
-8.041629940271377563e-02,1.298684954643249512e+00,-3.448544442653656006e-02
-1.432203203439712524e-01,1.281288862228393555e+00,-5.997649952769279480e-02
-2.035872638225555420e-01,1.255237102508544922e+00,-8.206458389759063721e-02
-2.608018517494201660e-01,1.222020268440246582e+00,-9.966611117124557495e-02
-3.144499957561492920e-01,1.183294892311096191e+00,-1.121325120329856873e-01
-3.643880784511566162e-01,1.140642046928405762e+00,-1.192778125405311584e-01
-4.106703698635101318e-01,1.095403909683227539e+00,-1.212981268763542175e-01
-4.534848034381866455e-01,1.048653244972229004e+00,-1.186184883117675781e-01
-4.931354224681854248e-01,1.001280069351196289e+00,-1.117436811327934265e-01
-5.300657153129577637e-01,9.540982842445373535e-01,-1.011826395988464355e-01
-5.648860931396484375e-01,9.078888893127441406e-01,-8.745598793029785156e-02
-5.983471870422363281e-01,8.633370995521545410e-01,-7.113620638847351074e-02
-6.312613487243652344e-01,8.209224343299865723e-01,-5.285359174013137817e-02
-6.643972992897033691e-01,7.808379530906677246e-01,-3.324619680643081665e-02
-6.984171271324157715e-01,7.430017590522766113e-01,-1.288821361958980560e-02
-7.338629961013793945e-01,7.071255445480346680e-01,7.739516440778970718e-03
-7.711767554283142090e-01,6.727964878082275391e-01,2.820676937699317932e-02
-8.106814026832580566e-01,6.394962072372436523e-01,4.805201664566993713e-02
-8.525201678276062012e-01,6.065955758094787598e-01,6.672412902116775513e-02
-8.965719938278198242e-01,5.733469724655151367e-01,8.359531313180923462e-02
-9.424253106117248535e-01,5.389410853385925293e-01,9.802653640508651733e-02
-9.894351959228515625e-01,5.026019215583801270e-01,1.094291955232620239e-01
-1.036836028099060059e+00,4.636794030666351318e-01,1.172730848193168640e-01
-1.083820819854736328e+00,4.216893017292022705e-01,1.210496425628662109e-01
-1.129528760910034180e+00,3.762959539890289307e-01,1.202494055032730103e-01
-1.172942638397216797e+00,3.272828161716461182e-01,1.144155263900756836e-01
-1.212790369987487793e+00,2.745578587055206299e-01,1.032790169119834900e-01
-1.247540831565856934e+00,2.182076424360275269e-01,8.691889047622680664e-02
-1.275534391403198242e+00,1.585736572742462158e-01,6.586652249097824097e-02
-1.295215487480163574e+00,9.629580378532409668e-02,4.110444337129592896e-02
-1.305381774902343750e+00,3.229786083102226257e-02,1.397271268069744110e-02
-1.305381655693054199e+00,-3.229777514934539795e-02,-1.397267729043960571e-02
-1.295215487480163574e+00,-9.629603475332260132e-02,-4.110454022884368896e-02
-1.275534391403198242e+00,-1.585735827684402466e-01,-6.586649268865585327e-02
-1.247540831565856934e+00,-2.182078808546066284e-01,-8.691895753145217896e-02
-1.212790608406066895e+00,-2.745578289031982422e-01,-1.032789945602416992e-01
-1.172942519187927246e+00,-3.272829949855804443e-01,-1.144155412912368774e-01
-1.129528760910034180e+00,-3.762958943843841553e-01,-1.202493906021118164e-01
-1.083820939064025879e+00,-4.216892719268798828e-01,-1.210496574640274048e-01
-1.036835789680480957e+00,-4.636795222759246826e-01,-1.172730624675750732e-01
-9.894352555274963379e-01,-5.026019215583801270e-01,-1.094291880726814270e-01
-9.424251317977905273e-01,-5.389411449432373047e-01,-9.802647680044174194e-02
-8.965720534324645996e-01,-5.733469128608703613e-01,-8.359534293413162231e-02
-8.525202870368957520e-01,-6.065955758094787598e-01,-6.672412902116775513e-02
-8.106814026832580566e-01,-6.394963860511779785e-01,-4.805193841457366943e-02
-7.711768150329589844e-01,-6.727964282035827637e-01,-2.820679172873497009e-02
-7.338628172874450684e-01,-7.071256041526794434e-01,-7.739441469311714172e-03
-6.984171271324157715e-01,-7.430016994476318359e-01,1.288818474858999252e-02
-6.643973588943481445e-01,-7.808378338813781738e-01,3.324617072939872742e-02
-6.312611103057861328e-01,-8.209224343299865723e-01,5.285366624593734741e-02
-5.983472466468811035e-01,-8.633370399475097656e-01,7.113618403673171997e-02
-5.648860335350036621e-01,-9.078886508941650391e-01,8.745598793029785156e-02
-5.300655961036682129e-01,-9.540984630584716797e-01,1.011826694011688232e-01
-4.931353330612182617e-01,-1.001280307769775391e+00,1.117437034845352173e-01
-4.534848332405090332e-01,-1.048653125762939453e+00,1.186184957623481750e-01
-4.106705486774444580e-01,-1.095403671264648438e+00,1.212981417775154114e-01
-3.643879294395446777e-01,-1.140642166137695312e+00,1.192777827382087708e-01
-3.144499063491821289e-01,-1.183294892311096191e+00,1.121325045824050903e-01
-2.608018815517425537e-01,-1.222020030021667480e+00,9.966612607240676880e-02
-2.035870552062988281e-01,-1.255237340927124023e+00,8.206450939178466797e-02
-1.432202309370040894e-01,-1.281288743019104004e+00,5.997647345066070557e-02
-8.041638135910034180e-02,-1.298684954643249512e+00,3.448548167943954468e-02
-1.615859009325504303e-02,-1.306346535682678223e+00,6.999270524829626083e-03
4.839966073632240295e-02,-1.303778529167175293e+00,-2.089506760239601135e-02
1.120669096708297729e-01,-1.291148185729980469e+00,-4.757433012127876282e-02
1.737600266933441162e-01,-1.269258737564086914e+00,-7.152277231216430664e-02
2.326217144727706909e-01,-1.239421606063842773e+00,-9.147779643535614014e-02
2.880862355232238770e-01,-1.203242778778076172e+00,-1.065632253885269165e-01
3.398830294609069824e-01,-1.162368893623352051e+00,-1.163653582334518433e-01
3.879769146442413330e-01,-1.118273615837097168e+00,-1.209054142236709595e-01
4.324951469898223877e-01,-1.072159051895141602e+00,-1.205147802829742432e-01
4.736816287040710449e-01,-1.024992942810058594e+00,-1.156734898686408997e-01
5.119060873985290527e-01,-9.776151776313781738e-01,-1.068921536207199097e-01
5.476953387260437012e-01,-9.308253526687622070e-01,-9.468074142932891846e-02
5.817360877990722656e-01,-8.853697776794433594e-01,-7.958181202411651611e-02
6.148223280906677246e-01,-8.418433070182800293e-01,-6.219965219497680664e-02
6.477573513984680176e-01,-8.005879521369934082e-01,-4.317734763026237488e-02
6.812601089477539062e-01,-7.616528272628784180e-01,-2.312890812754631042e-02
7.159317731857299805e-01,-7.248419523239135742e-01,-2.580923959612846375e-03
7.522628903388977051e-01,-6.897977590560913086e-01,1.802028343081474304e-02
7.906411886215209961e-01,-6.560540199279785156e-01,3.823934867978096008e-02
8.313093781471252441e-01,-6.230399012565612793e-01,5.757278203964233398e-02
8.742883205413818359e-01,-5.900647044181823730e-01,7.542540878057479858e-02
9.193098545074462891e-01,-5.563392043113708496e-01,9.115436673164367676e-02
9.658321738243103027e-01,-5.210574865341186523e-01,1.041406542062759399e-01
1.013136506080627441e+00,-4.834977388381958008e-01,1.138277649879455566e-01
1.060431838035583496e+00,-4.430919289588928223e-01,1.197017207741737366e-01
1.106893181800842285e+00,-3.994340300559997559e-01,1.212526187300682068e-01
1.151595115661621094e+00,-3.522509932518005371e-01,1.179848164319992065e-01
1.193402647972106934e+00,-3.013841211795806885e-01,1.095149964094161987e-01
1.230906128883361816e+00,-2.468211054801940918e-01,9.572979807853698730e-02
1.262485146522521973e+00,-1.887682080268859863e-01,7.692762464284896851e-02
1.286500096321105957e+00,-1.277134567499160767e-01,5.387226492166519165e-02
1.301543116569519043e+00,-6.444521248340606689e-02,2.774094790220260620e-02
1.306668639183044434e+00,2.284651969830520102e-07,-9.724465144245186821e-08
1.299067735671997070e+00,0.000000000000000000e+00,7.232491672039031982e-02
1.300219655036926270e+00,6.437947601079940796e-02,4.334148019552230835e-02
1.291006803512573242e+00,1.281608194112777710e-01,1.412423793226480484e-02
1.271834254264831543e+00,1.901662647724151611e-01,-1.369734294712543488e-02
1.243666887283325195e+00,2.493802160024642944e-01,-3.863900899887084961e-02
1.207885742187500000e+00,3.050416409969329834e-01,-5.949129909276962280e-02
1.166104555130004883e+00,3.566892445087432861e-01,-7.540535181760787964e-02
1.119984626770019531e+00,4.041583836078643799e-01,-8.591036498546600342e-02
1.071105480194091797e+00,4.475516378879547119e-01,-9.087052941322326660e-02
1.020907282829284668e+00,4.872061610221862793e-01,-9.041956812143325806e-02
9.706781506538391113e-01,5.236719846725463867e-01,-8.491069823503494263e-02
9.215359687805175781e-01,5.576866269111633301e-01,-7.489044964313507080e-02
8.743685483932495117e-01,5.901187658309936523e-01,-6.106965243816375732e-02
8.297526836395263672e-01,6.218732595443725586e-01,-4.426279291510581970e-02
7.879022955894470215e-01,6.537816524505615234e-01,-2.529383078217506409e-02
7.486936450004577637e-01,6.865246891975402832e-01,-4.905215464532375336e-03
7.117528319358825684e-01,7.206110358238220215e-01,1.628460176289081573e-02
6.765538454055786133e-01,7.563912868499755859e-01,3.775988519191741943e-02
6.424825787544250488e-01,7.940691709518432617e-01,5.905067548155784607e-02
6.088566184043884277e-01,8.336746692657470703e-01,7.968948781490325928e-02
5.749387145042419434e-01,8.750246167182922363e-01,9.920896589756011963e-02
5.399889945983886719e-01,9.177284240722656250e-01,1.171608120203018188e-01
5.033509731292724609e-01,9.612765312194824219e-01,1.331122517585754395e-01
4.645199477672576904e-01,1.005168318748474121e+00,1.465918570756912231e-01
4.231520295143127441e-01,1.048997998237609863e+00,1.570115983486175537e-01
3.790038824081420898e-01,1.092409729957580566e+00,1.636316180229187012e-01
3.318575918674468994e-01,1.134922385215759277e+00,1.656246185302734375e-01
2.814948260784149170e-01,1.175712823867797852e+00,1.622444689273834229e-01
2.277562022209167480e-01,1.213499069213867188e+00,1.530352234840393066e-01
1.706583797931671143e-01,1.246601581573486328e+00,1.379945725202560425e-01
1.105070263147354126e-01,1.273177266120910645e+00,1.176320165395736694e-01
4.794429987668991089e-02,1.291518211364746094e+00,9.292165935039520264e-02
-1.608387939631938934e-02,1.300325870513916016e+00,6.519159674644470215e-02
-8.042853325605392456e-02,1.298882603645324707e+00,3.599429503083229065e-02
-1.438719332218170166e-01,1.287118315696716309e+00,6.976482458412647247e-03
-2.052659690380096436e-01,1.265587449073791504e+00,-2.025554515421390533e-02
-2.636519372463226318e-01,1.235374808311462402e+00,-4.427520185708999634e-02
-3.183411657810211182e-01,1.197937607765197754e+00,-6.395746022462844849e-02
-3.689484596252441406e-01,1.154917359352111816e+00,-7.854924350976943970e-02
-4.153794944286346436e-01,1.107964754104614258e+00,-8.766913414001464844e-02
-4.577977657318115234e-01,1.058626651763916016e+00,-9.125475585460662842e-02
-4.965958297252655029e-01,1.008306145668029785e+00,-8.949833363294601440e-02
-5.323732495307922363e-01,9.582517743110656738e-01,-8.280333876609802246e-02
-5.659075975418090820e-01,9.095306396484375000e-01,-7.176084816455841064e-02
-5.980861783027648926e-01,8.629605770111083984e-01,-5.711511895060539246e-02
-6.298066377639770508e-01,8.190306425094604492e-01,-3.969230502843856812e-02
-6.618669033050537109e-01,7.778640389442443848e-01,-2.030340209603309631e-02
-6.949045062065124512e-01,7.392648458480834961e-01,3.386037424206733704e-04
-7.293863892555236816e-01,7.028120160102844238e-01,2.164536900818347931e-02
-7.656283974647521973e-01,6.679559350013732910e-01,4.311798140406608582e-02
-8.037934303283691406e-01,6.340627074241638184e-01,6.428989768028259277e-02
-8.438606262207031250e-01,6.004340648651123047e-01,8.469216525554656982e-02
-8.855922818183898926e-01,5.663256049156188965e-01,1.038608402013778687e-01
-9.285569787025451660e-01,5.310102701187133789e-01,1.213534325361251831e-01
-9.722348451614379883e-01,4.938646852970123291e-01,1.367343366146087646e-01
-1.016145348548889160e+00,4.544263780117034912e-01,1.495100259780883789e-01
-1.059904813766479492e+00,4.123841524124145508e-01,1.590546369552612305e-01
-1.103147029876708984e+00,3.675070405006408691e-01,1.645957976579666138e-01
-1.145323634147644043e+00,3.195763826370239258e-01,1.653076559305191040e-01
-1.185501098632812500e+00,2.683799564838409424e-01,1.604973077774047852e-01
-1.222285270690917969e+00,2.137901782989501953e-01,1.498105674982070923e-01
-1.253929257392883301e+00,1.558877080678939819e-01,1.333721131086349487e-01
-1.278593897819519043e+00,9.506003558635711670e-02,1.118152290582656860e-01
-1.294652462005615234e+00,3.203239664435386658e-02,8.621448278427124023e-02
-1.300939798355102539e+00,-3.218787536025047302e-02,5.796609073877334595e-02
-1.296897649765014648e+00,-9.642110019922256470e-02,2.865842171013355255e-02
-1.282617092132568359e+00,-1.594540923833847046e-01,-5.879811942577362061e-05
-1.258796215057373047e+00,-2.201765775680541992e-01,-2.661152370274066925e-02
-1.226630330085754395e+00,-2.776909470558166504e-01,-4.963837191462516785e-02
-1.187641024589538574e+00,-3.313843011856079102e-01,-6.810361891984939575e-02
-1.143485426902770996e+00,-3.809454441070556641e-01,-8.134952187538146973e-02
-1.095796585083007812e+00,-4.263487160205841064e-01,-8.908079564571380615e-02
-1.046087145805358887e+00,-4.678167998790740967e-01,-9.130410850048065186e-02
-9.957222342491149902e-01,-5.057954788208007812e-01,-8.826750516891479492e-02
-9.459093809127807617e-01,-5.409337282180786133e-01,-8.042339980602264404e-02
-8.976614475250244141e-01,-5.740435719490051270e-01,-6.840566545724868774e-02
-8.517200350761413574e-01,-6.060261726379394531e-01,-5.298700928688049316e-02
-8.084825873374938965e-01,-6.377618908882141113e-01,-3.499940037727355957e-02
-7.679868340492248535e-01,-6.700133681297302246e-01,-1.523538306355476379e-02
-7.299701571464538574e-01,-7.033748030662536621e-01,5.623595789074897766e-03
-6.939719915390014648e-01,-7.382727861404418945e-01,2.701631374657154083e-02
-6.594185829162597656e-01,-7.749865651130676270e-01,4.845729470252990723e-02
-6.256593465805053711e-01,-8.136376142501831055e-01,6.948107481002807617e-02
-5.919814109802246094e-01,-8.541519641876220703e-01,8.961778134107589722e-02
-5.576367378234863281e-01,-8.962374925613403320e-01,1.084078252315521240e-01
-5.219165086746215820e-01,-9.394303560256958008e-01,1.254142820835113525e-01
-4.842343330383300781e-01,-9.832074046134948730e-01,1.401942372322082520e-01
-4.441697001457214355e-01,-1.027112483978271484e+00,1.522270739078521729e-01
-4.014391601085662842e-01,-1.070780277252197266e+00,1.608477681875228882e-01
-3.558192849159240723e-01,-1.113819718360900879e+00,1.652575284242630005e-01
-3.070908188819885254e-01,-1.155602097511291504e+00,1.646438241004943848e-01
-2.550521492958068848e-01,-1.195078969001770020e+00,1.583805382251739502e-01
-1.996155381202697754e-01,-1.230750560760498047e+00,1.462238281965255737e-01
-1.409321725368499756e-01,-1.260819196701049805e+00,1.284274160861968994e-01
-7.947426289319992065e-02,-1.283470273017883301e+00,1.057441532611846924e-01
-1.604512520134449005e-02,-1.297173500061035156e+00,7.934090495109558105e-02
4.829299449920654297e-02,-1.300905108451843262e+00,5.067401751875877380e-02
1.123378723859786987e-01,-1.294270038604736328e+00,2.135995030403137207e-02
1.748905777931213379e-01,-1.277516961097717285e+00,-6.957663223147392273e-03
2.348852306604385376e-01,-1.251481771469116211e+00,-3.274554386734962463e-02
2.914899289608001709e-01,-1.217458963394165039e+00,-5.471462011337280273e-02
3.441672623157501221e-01,-1.177020668983459473e+00,-7.192172110080718994e-02
3.926813006401062012e-01,-1.131833195686340332e+00,-8.380369096994400024e-02
4.370709061622619629e-01,-1.083502411842346191e+00,-9.014706313610076904e-02
4.776163995265960693e-01,-1.033507347106933594e+00,-9.102373570203781128e-02
5.148168206214904785e-01,-9.831739068031311035e-01,-8.673531562089920044e-02
5.493668317794799805e-01,-9.336661100387573242e-01,-7.778194546699523926e-02
5.821095108985900879e-01,-8.859380483627319336e-01,-6.483756005764007568e-02
6.139507293701171875e-01,-8.406498432159423828e-01,-4.869864135980606079e-02
6.457503437995910645e-01,-7.981074452400207520e-01,-3.019602969288825989e-02
6.782304644584655762e-01,-7.582656741142272949e-01,-1.009947713464498520e-02
7.119418978691101074e-01,-7.208024859428405762e-01,1.094147190451622009e-02
7.472734451293945312e-01,-6.852226257324218750e-01,3.239017724990844727e-02
7.844673991203308105e-01,-6.509311795234680176e-01,5.377076938748359680e-02
8.235990405082702637e-01,-6.172612309455871582e-01,7.461667060852050781e-02
8.645419478416442871e-01,-5.834867954254150391e-01,9.445892274379730225e-02
9.069526195526123047e-01,-5.488609671592712402e-01,1.128434836864471436e-01
9.503392577171325684e-01,-5.126991868019104004e-01,1.293363422155380249e-01
9.941871166229248047e-01,-4.744545519351959229e-01,1.434832215309143066e-01
1.038065075874328613e+00,-4.337461888790130615e-01,1.547315567731857300e-01
1.081618309020996094e+00,-3.903133273124694824e-01,1.623778939247131348e-01
1.124415993690490723e+00,-3.439373970031738281e-01,1.656043231487274170e-01
1.165738582611083984e+00,-2.943978309631347656e-01,1.636249870061874390e-01
1.204420804977416992e+00,-2.415102869272232056e-01,1.558927893638610840e-01
1.238866209983825684e+00,-1.852366775274276733e-01,1.422821581363677979e-01
1.267243862152099609e+00,-1.258018463850021362e-01,1.231753826141357422e-01
1.287785053253173828e+00,-6.376399099826812744e-02,9.943915903568267822e-02
1.299067735671997070e+00,2.271362120609410340e-07,7.232482731342315674e-02
1.277920722961425781e+00,0.000000000000000000e+00,1.373090147972106934e-01
1.285535335540771484e+00,6.365238875150680542e-02,1.065446585416793823e-01
1.282503724098205566e+00,1.273166984319686890e-01,7.368649542331695557e-02
1.268604755401611328e+00,1.896833777427673340e-01,4.053690284490585327e-02
1.244292497634887695e+00,2.495056539773941040e-01,8.960817940533161163e-03
1.210664153099060059e+00,3.057433068752288818e-01,-1.927296817302703857e-02
1.169341802597045898e+00,3.576793968677520752e-01,-4.265360534191131592e-02
1.122269272804260254e+00,4.049828350543975830e-01,-6.006332486867904663e-02
1.071494102478027344e+00,4.477140307426452637e-01,-7.086066156625747681e-02
1.018965244293212891e+00,4.862793684005737305e-01,-7.489899545907974243e-02
9.663932919502258301e-01,5.213603377342224121e-01,-7.248306274414062500e-02
9.151583313941955566e-01,5.538271069526672363e-01,-6.427539885044097900e-02
8.662477135658264160e-01,5.846379399299621582e-01,-5.117262154817581177e-02
8.202348947525024414e-01,6.147399544715881348e-01,-3.417723253369331360e-02
7.772942781448364258e-01,6.449793577194213867e-01,-1.428865455090999603e-02
7.372595667839050293e-01,6.760400533676147461e-01,7.569424808025360107e-03
6.997153759002685547e-01,7.084237337112426758e-01,3.058499842882156372e-02
6.640743613243103027e-01,7.424391508102416992e-01,5.407040938735008240e-02
6.296325325965881348e-01,7.781872749328613281e-01,7.746624201536178589e-02
5.956188440322875977e-01,8.155488967895507812e-01,1.003402397036552429e-01
5.612534880638122559e-01,8.541964888572692871e-01,1.223686635494232178e-01
5.258415341377258301e-01,8.936844468116760254e-01,1.432797908782958984e-01
4.888589680194854736e-01,9.336003065109252930e-01,1.627585589885711670e-01
4.499846398830413818e-01,9.737154841423034668e-01,1.803366094827651978e-01
4.090445041656494141e-01,1.014025330543518066e+00,1.953179985284805298e-01
3.658940494060516357e-01,1.054623126983642578e+00,2.067884206771850586e-01
3.203105628490447998e-01,1.095432639122009277e+00,2.137217223644256592e-01
2.719697356224060059e-01,1.135929584503173828e+00,2.151568084955215454e-01
2.205293476581573486e-01,1.174993991851806641e+00,2.103858143091201782e-01
1.657795757055282593e-01,1.210963606834411621e+00,1.990963667631149292e-01
1.077893376350402832e-01,1.241866111755371094e+00,1.814397424459457397e-01
4.698647558689117432e-02,1.265716433525085449e+00,1.580311655998229980e-01
-1.584218628704547882e-02,1.280785799026489258e+00,1.299065053462982178e-01
-7.961816340684890747e-02,1.285795450210571289e+00,9.845845401287078857e-02
-1.430809199810028076e-01,1.280041813850402832e+00,6.535351276397705078e-02
-2.049225419759750366e-01,1.263469934463500977e+00,3.242338448762893677e-02
-2.639354169368743896e-01,1.236703038215637207e+00,1.524372026324272156e-03
-3.191505074501037598e-01,1.200983166694641113e+00,-2.562437392771244049e-02
-3.699436485767364502e-01,1.158032655715942383e+00,-4.759941250085830688e-02
-4.160838723182678223e-01,1.109843611717224121e+00,-6.339663267135620117e-02
-4.577233493328094482e-01,1.058454513549804688e+00,-7.249912619590759277e-02
-4.953445494174957275e-01,1.005765557289123535e+00,-7.487943768501281738e-02
-5.296854376792907715e-01,9.534137248992919922e-01,-7.094210386276245117e-02
-5.616468787193298340e-01,9.026828408241271973e-01,-6.142031401395797729e-02
-5.921945571899414062e-01,8.544597029685974121e-01,-4.724899306893348694e-02
-6.222575306892395020e-01,8.092133998870849609e-01,-2.943859063088893890e-02
-6.526448130607604980e-01,7.670257091522216797e-01,-8.974979631602764130e-03
-6.839967966079711914e-01,7.276608347892761230e-01,1.324377954006195068e-02
-7.167671918869018555e-01,6.906526088714599609e-01,3.643638640642166138e-02
-7.512145042419433594e-01,6.553808450698852539e-01,5.994674190878868103e-02
-7.873860001564025879e-01,6.211198568344116211e-01,8.324788510799407959e-02
-8.251065611839294434e-01,5.870899558067321777e-01,1.059374958276748657e-01
-8.640077114105224609e-01,5.525224804878234863e-01,1.277118921279907227e-01
-9.036362767219543457e-01,5.167589187622070312e-01,1.482986509799957275e-01
-9.436141848564147949e-01,4.793262779712677002e-01,1.673542559146881104e-01
-9.837709069252014160e-01,4.399483501911163330e-01,1.843578219413757324e-01
-1.024145364761352539e+00,3.984709978103637695e-01,1.985541135072708130e-01
-1.064816713333129883e+00,3.547374904155731201e-01,2.089873254299163818e-01
-1.105619430541992188e+00,3.084978163242340088e-01,2.146292924880981445e-01
-1.145887017250061035e+00,2.594119012355804443e-01,2.145656645298004150e-01
-1.184350371360778809e+00,2.071549743413925171e-01,2.081767618656158447e-01
-1.219244122505187988e+00,1.515756845474243164e-01,1.952628791332244873e-01
-1.248563647270202637e+00,9.282736480236053467e-02,1.760931611061096191e-01
-1.270365595817565918e+00,3.143148496747016907e-02,1.513933092355728149e-01
-1.283019423484802246e+00,-3.174448758363723755e-02,1.222949177026748657e-01
-1.285380005836486816e+00,-9.556479007005691528e-02,9.026776254177093506e-02
-1.276899933815002441e+00,-1.587433367967605591e-01,5.703128129243850708e-02
-1.257695198059082031e+00,-2.199839949607849121e-01,2.443737164139747620e-02
-1.228551864624023438e+00,-2.781259417533874512e-01,-5.676100030541419983e-03
-1.190848350524902344e+00,-3.322792351245880127e-01,-3.165030479431152344e-02
-1.146396398544311523e+00,-3.819152414798736572e-01,-5.215660482645034790e-02
-1.097218394279479980e+00,-4.269019365310668945e-01,-6.630910933017730713e-02
-1.045334696769714355e+00,-4.674802720546722412e-01,-7.371535897254943848e-02
-9.925894737243652344e-01,-5.042041540145874023e-01,-7.446345686912536621e-02
-9.405372738838195801e-01,-5.378615856170654297e-01,-6.905107200145721436e-02
-8.903670907020568848e-01,-5.693789124488830566e-01,-5.827432870864868164e-02
-8.428597450256347656e-01,-5.997217893600463867e-01,-4.309795424342155457e-02
-7.983838319778442383e-01,-6.297956109046936035e-01,-2.453447133302688599e-02
-7.569347620010375977e-01,-6.603712439537048340e-01,-3.552243113517761230e-03
-7.182098627090454102e-01,-6.920429468154907227e-01,1.897848024964332581e-02
-6.816989183425903320e-01,-7.252162694931030273e-01,4.230694472789764404e-02
-6.467508077621459961e-01,-7.600986361503601074e-01,6.580933183431625366e-02
-6.126217842102050781e-01,-7.966829538345336914e-01,8.899085968732833862e-02
-5.785264372825622559e-01,-8.347382545471191406e-01,1.114774793386459351e-01
-5.437158942222595215e-01,-8.738638758659362793e-01,1.329811811447143555e-01
-5.075709819793701172e-01,-9.136089682579040527e-01,1.532228142023086548e-01
-4.696712493896484375e-01,-9.536379575729370117e-01,1.718229651451110840e-01
-4.297810196876525879e-01,-9.938396811485290527e-01,1.882046759128570557e-01
-3.877570331096649170e-01,-1.034285306930541992e+00,2.015554010868072510e-01
-3.434246778488159180e-01,-1.075021028518676758e+00,2.108861505985260010e-01
-2.965073585510253906e-01,-1.115775942802429199e+00,2.151787728071212769e-01
-2.466552108526229858e-01,-1.155734062194824219e+00,2.135770469903945923e-01
-1.935714334249496460e-01,-1.193485021591186523e+00,2.055575549602508545e-01
-1.371715515851974487e-01,-1.227175474166870117e+00,1.910360157489776611e-01
-7.769829779863357544e-02,-1.254789352416992188e+00,1.703989505767822266e-01
-1.576393656432628632e-02,-1.274440646171569824e+00,1.444788873195648193e-01
4.768797010183334351e-02,-1.284607172012329102e+00,1.144989579916000366e-01
1.114710718393325806e-01,-1.284283399581909180e+00,8.200094848871231079e-02
1.742838323116302490e-01,-1.273084998130798340e+00,4.874937236309051514e-02
2.348504811525344849e-01,-1.251296639442443848e+00,1.660726033151149750e-02
2.920655906200408936e-01,-1.219863295555114746e+00,-1.261636056005954742e-02
3.451236486434936523e-01,-1.180291414260864258e+00,-3.733222559094429016e-02
3.935942351818084717e-01,-1.134464502334594727e+00,-5.631425976753234863e-02
4.374431371688842773e-01,-1.084425210952758789e+00,-6.879755854606628418e-02
4.769950509071350098e-01,-1.032162785530090332e+00,-7.451339066028594971e-02
5.128713250160217285e-01,-9.794584512710571289e-01,-7.366091012954711914e-02
5.459037423133850098e-01,-9.277804493904113770e-01,-6.682398170232772827e-02
5.770374536514282227e-01,-8.782186508178710938e-01,-5.485313385725021362e-02
6.072323918342590332e-01,-8.314508199691772461e-01,-3.873555362224578857e-02
6.373664736747741699e-01,-7.877454757690429688e-01,-1.947969943284988403e-02
6.681675314903259277e-01,-7.470152378082275391e-01,1.966755837202072144e-03
7.001837491989135742e-01,-7.088980078697204590e-01,2.476233989000320435e-02
7.337731122970581055e-01,-6.728432774543762207e-01,4.818772897124290466e-02
7.690907120704650879e-01,-6.381719708442687988e-01,7.165149599313735962e-02
8.060719370841979980e-01,-6.041252613067626953e-01,9.468989819288253784e-02
8.444377183914184570e-01,-5.699182748794555664e-01,1.169557794928550720e-01
8.837586641311645508e-01,-5.348246693611145020e-01,1.381722688674926758e-01
9.235980510711669922e-01,-4.982725679874420166e-01,1.580452620983123779e-01
9.636713862419128418e-01,-4.598915874958038330e-01,1.761541366577148438e-01
1.003923773765563965e+00,-4.194805622100830078e-01,1.918629854917526245e-01
1.044445276260375977e+00,-3.768990039825439453e-01,2.043057382106781006e-01
1.085229277610778809e+00,-3.319509327411651611e-01,2.124693095684051514e-01
1.125885486602783203e+00,-2.843332588672637939e-01,2.153581082820892334e-01
1.165445566177368164e+00,-2.336949557065963745e-01,2.121851146221160889e-01
1.202366828918457031e+00,-1.797792613506317139e-01,2.025296688079833984e-01
1.234726548194885254e+00,-1.225738003849983215e-01,1.864248514175415039e-01
1.260515809059143066e+00,-6.241377070546150208e-02,1.643726378679275513e-01
1.277920722961425781e+00,2.234387608268662007e-07,1.373089253902435303e-01
1.247726202011108398e+00,0.000000000000000000e+00,1.890926659107208252e-01
1.261945724487304688e+00,6.248436123132705688e-02,1.561655849218368530e-01
1.265275359153747559e+00,1.256064027547836304e-01,1.193643361330032349e-01
1.256772398948669434e+00,1.879142075777053833e-01,8.072035014629364014e-02
1.236338376998901367e+00,2.479106932878494263e-01,4.260159283876419067e-02
1.204824328422546387e+00,3.042684793472290039e-01,7.467035204172134399e-03
1.163946032524108887e+00,3.560289442539215088e-01,-2.244216389954090118e-02
1.116022109985351562e+00,4.027284681797027588e-01,-4.539992660284042358e-02
1.063610196113586426e+00,4.444198012351989746e-01,-6.039612740278244019e-02
1.009153008460998535e+00,4.815967381000518799e-01,-6.718354672193527222e-02
9.547094106674194336e-01,5.150570273399353027e-01,-6.617208570241928101e-02
9.018184542655944824e-01,5.457541942596435547e-01,-5.822716653347015381e-02
8.514757156372070312e-01,5.746682286262512207e-01,-4.445613175630569458e-02
8.041934967041015625e-01,6.027174592018127441e-01,-2.604953199625015259e-02
7.601063251495361328e-01,6.307172179222106934e-01,-4.192352294921875000e-03
7.190701365470886230e-01,6.593610644340515137e-01,1.998307928442955017e-02
6.807253360748291016e-01,6.891973614692687988e-01,4.544544965028762817e-02
6.445222496986389160e-01,7.205798029899597168e-01,7.133298367261886597e-02
6.097356081008911133e-01,7.535958886146545410e-01,9.701787680387496948e-02
5.755264759063720703e-01,7.880375385284423828e-01,1.221223101019859314e-01
5.410638451576232910e-01,8.234689831733703613e-01,1.464512050151824951e-01
5.056747794151306152e-01,8.594103455543518066e-01,1.698519885540008545e-01
4.689472317695617676e-01,8.955737948417663574e-01,1.920516341924667358e-01
4.307157993316650391e-01,9.320199489593505859e-01,2.125377357006072998e-01
3.909333944320678711e-01,9.691277146339416504e-01,2.305305004119873047e-01
3.494945466518402100e-01,1.007354497909545898e+00,2.450480163097381592e-01
3.061169385910034180e-01,1.046891808509826660e+00,2.550327777862548828e-01
2.603450119495391846e-01,1.087376952171325684e+00,2.594916820526123047e-01
2.116685807704925537e-01,1.127783298492431641e+00,2.576142251491546631e-01
1.596934497356414795e-01,1.166506528854370117e+00,2.488597333431243896e-01
1.042917668819427490e-01,1.201569795608520508e+00,2.330223917961120605e-01
4.569180682301521301e-02,1.230840682983398438e+00,2.102924585342407227e-01
-1.548891142010688782e-02,1.252224802970886230e+00,1.813178360462188721e-01
-7.825917005538940430e-02,1.263848423957824707e+00,1.472566127777099609e-01
-1.413189172744750977e-01,1.264278411865234375e+00,1.097877919673919678e-01
-2.031863331794738770e-01,1.252765178680419922e+00,7.104469835758209229e-02
-2.623864114284515381e-01,1.229444980621337891e+00,3.344440460205078125e-02
-3.176667094230651855e-01,1.195399641990661621e+00,-5.784351378679275513e-04
-3.681848347187042236e-01,1.152526974678039551e+00,-2.888597734272480011e-02
-4.136081635951995850e-01,1.103240013122558594e+00,-4.991773515939712524e-02
-4.541101455688476562e-01,1.050099253654479980e+00,-6.285638362169265747e-02
-4.902745187282562256e-01,9.954711198806762695e-01,-6.763407588005065918e-02
-5.229515433311462402e-01,9.412930011749267578e-01,-6.479527801275253296e-02
-5.531126856803894043e-01,8.889665603637695312e-01,-5.528459697961807251e-02
-5.817278027534484863e-01,8.393574953079223633e-01,-4.024231061339378357e-02
-6.096928715705871582e-01,7.928737401962280273e-01,-2.086331136524677277e-02
-6.377934217453002930e-01,7.495715022087097168e-01,1.676689833402633667e-03
-6.666904687881469727e-01,7.092497348785400391e-01,2.626513317227363586e-02
-6.968899369239807129e-01,6.714995503425598145e-01,5.190640315413475037e-02
-7.286838889122009277e-01,6.357245445251464844e-01,7.779199630022048950e-02
-7.620867490768432617e-01,6.011629104614257812e-01,1.033582389354705811e-01
-7.968223094940185547e-01,5.669648051261901855e-01,1.282825618982315063e-01
-8.324226140975952148e-01,5.323242545127868652e-01,1.523958295583724976e-01
-8.684345483779907227e-01,4.966282546520233154e-01,1.755299419164657593e-01
-9.046482443809509277e-01,4.595328271389007568e-01,1.973598450422286987e-01
-9.412159323692321777e-01,4.209174811840057373e-01,2.173054963350296021e-01
-9.785647988319396973e-01,3.807366490364074707e-01,2.345267385244369507e-01
-1.017119050025939941e+00,3.388473093509674072e-01,2.480100691318511963e-01
-1.056953072547912598e+00,2.949185669422149658e-01,2.567011713981628418e-01
-1.097539901733398438e+00,2.484668642282485962e-01,2.596426308155059814e-01
-1.137694478034973145e+00,1.989943981170654297e-01,2.560845315456390381e-01
-1.175697922706604004e+00,1.461620479822158813e-01,2.455642372369766235e-01
-1.209514498710632324e+00,8.992417156696319580e-02,2.279691100120544434e-01
-1.237004399299621582e+00,3.060606308281421661e-02,2.035980820655822754e-01
-1.256110668182373047e+00,-3.107871115207672119e-02,1.732225567102432251e-01
-1.265048146247863770e+00,-9.405317902565002441e-02,1.381322443485260010e-01
-1.262530922889709473e+00,-1.569569855928421021e-01,1.001301556825637817e-01
-1.248015522956848145e+00,-2.182909101247787476e-01,6.144024431705474854e-02
-1.221877217292785645e+00,-2.766149044036865234e-01,2.451240271329879761e-02
-1.185420632362365723e+00,-3.307647705078125000e-01,-8.263729512691497803e-03
-1.140705943107604980e+00,-3.800194859504699707e-01,-3.487124294042587280e-02
-1.090218305587768555e+00,-4.241783618927001953e-01,-5.392597988247871399e-02
-1.036497354507446289e+00,-4.635281562805175781e-01,-6.480364501476287842e-02
-9.818202853202819824e-01,-4.987337589263916016e-01,-6.760664284229278564e-02
-9.279953241348266602e-01,-5.306892395019531250e-01,-6.300052255392074585e-02
-8.762866258621215820e-01,-5.603746175765991211e-01,-5.199613422155380249e-02
-8.274362683296203613e-01,-5.887475013732910156e-01,-3.575745970010757446e-02
-7.817537188529968262e-01,-6.166771650314331055e-01,-1.547973323613405228e-02
-7.392245531082153320e-01,-6.449203491210937500e-01,7.673159241676330566e-03
-6.995912194252014160e-01,-6.741026043891906738e-01,3.261215984821319580e-02
-6.623979210853576660e-01,-7.046831250190734863e-01,5.838131904602050781e-02
-6.270031332969665527e-01,-7.368900775909423828e-01,8.422978967428207397e-02
-5.926125049591064453e-01,-7.706619501113891602e-01,1.096578389406204224e-01
-5.583741664886474609e-01,-8.056610822677612305e-01,1.343922466039657593e-01
-5.235174894332885742e-01,-8.414008021354675293e-01,1.582800447940826416e-01
-4.874931573867797852e-01,-8.774695992469787598e-01,1.811276823282241821e-01
-4.500229656696319580e-01,-9.137433767318725586e-01,2.025517672300338745e-01
-4.110219180583953857e-01,-9.504604935646057129e-01,2.219036668539047241e-01
-3.704341053962707520e-01,-9.880788326263427734e-01,2.382895797491073608e-01
-3.280733227729797363e-01,-1.026966691017150879e+00,2.506721615791320801e-01
-2.835628092288970947e-01,-1.067064642906188965e+00,2.580090761184692383e-01
-2.363992631435394287e-01,-1.107678532600402832e+00,2.593859732151031494e-01
-1.861087232828140259e-01,-1.147472858428955078e+00,2.541179955005645752e-01
-1.324156224727630615e-01,-1.184627652168273926e+00,2.418245077133178711e-01
-7.536223530769348145e-02,-1.217063069343566895e+00,2.224900424480438232e-01
-1.537061948329210281e-02,-1.242642879486083984e+00,1.965258717536926270e-01
4.675070941448211670e-02,-1.259359359741210938e+00,1.648299098014831543e-01
1.098432093858718872e-01,-1.265528440475463867e+00,1.288240104913711548e-01
1.724963933229446411e-01,-1.260028243064880371e+00,9.042848646640777588e-02
2.332060486078262329e-01,-1.242534995079040527e+00,5.194616317749023438e-02
2.905804812908172607e-01,-1.213660359382629395e+00,1.584155485033988953e-02
3.435541093349456787e-01,-1.174923658370971680e+00,-1.556027866899967194e-02
3.915333449840545654e-01,-1.128524422645568848e+00,-4.038063064217567444e-02
4.344461858272552490e-01,-1.076995730400085449e+00,-5.741954222321510315e-02
4.726857244968414307e-01,-1.022837877273559570e+00,-6.624335050582885742e-02
5.069891810417175293e-01,-9.682250022888183594e-01,-6.711447238922119141e-02
5.382849574089050293e-01,-9.148321151733398438e-01,-6.080522388219833374e-02
5.675550699234008789e-01,-8.637870550155639648e-01,-4.838036000728607178e-02
5.957396626472473145e-01,-8.157144188880920410e-01,-3.102041780948638916e-02
6.236817836761474609e-01,-7.708320617675781250e-01,-9.916817769408226013e-03
6.521065235137939453e-01,-7.290589213371276855e-01,1.378063857555389404e-02
6.816030740737915039e-01,-6.900860667228698730e-01,3.900993615388870239e-02
7.125794887542724609e-01,-6.534095406532287598e-01,6.485987454652786255e-02
7.451956272125244141e-01,-6.183444261550903320e-01,9.064036607742309570e-02
7.793148756027221680e-01,-5.840716361999511719e-01,1.159132868051528931e-01
8.145458698272705078e-01,-5.497440099716186523e-01,1.404491364955902100e-01
8.503984212875366211e-01,-5.146360397338867188e-01,1.641004383563995361e-01
8.865152597427368164e-01,-4.782667458057403564e-01,1.866376847028732300e-01
9.228650331497192383e-01,-4.404176175594329834e-01,2.076152712106704712e-01
9.597616195678710938e-01,-4.010277986526489258e-01,2.263173162937164307e-01
9.976747632026672363e-01,-3.600213825702667236e-01,2.418024092912673950e-01
1.036893248558044434e+00,-3.171658515930175781e-01,2.530182600021362305e-01
1.077211618423461914e+00,-2.720410227775573730e-01,2.589433789253234863e-01
1.117768764495849609e+00,-2.241348177194595337e-01,2.587124705314636230e-01
1.157087683677673340e+00,-1.730090528726577759e-01,2.517105638980865479e-01
1.193263053894042969e+00,-1.184576302766799927e-01,2.376427501440048218e-01
1.224182844161987305e+00,-6.061476096510887146e-02,2.165941894054412842e-01
1.247726202011108398e+00,2.181593714567497955e-07,1.890926063060760498e-01
1.214567661285400391e+00,0.000000000000000000e+00,2.242728173732757568e-01
1.235274195671081543e+00,6.116374209523200989e-02,1.889441311359405518e-01
1.244666457176208496e+00,1.235605254769325256e-01,1.482023596763610840e-01
1.241053104400634766e+00,1.855638325214385986e-01,1.043921709060668945e-01
1.223835229873657227e+00,2.454035580158233643e-01,6.049010157585144043e-02
1.193734645843505859e+00,3.014678955078125000e-01,1.971354708075523376e-02
1.152710676193237305e+00,3.525922894477844238e-01,-1.499147154390811920e-02
1.103566765785217285e+00,3.982338309288024902e-01,-4.142568260431289673e-02
1.049411535263061523e+00,4.384869933128356934e-01,-5.841569975018501282e-02
9.931381344795227051e-01,4.739539325237274170e-01,-6.581934541463851929e-02
9.370625019073486328e-01,5.055366754531860352e-01,-6.430049240589141846e-02
8.827762007713317871e-01,5.342303514480590820e-01,-5.500703677535057068e-02
8.311917185783386230e-01,5.609784126281738281e-01,-3.929422050714492798e-02
7.827143073081970215e-01,5.866194963455200195e-01,-1.856676489114761353e-02
7.374379038810729980e-01,6.119075417518615723e-01,5.784817039966583252e-03
6.952775716781616211e-01,6.375440955162048340e-01,3.242843598127365112e-02
6.559966206550598145e-01,6.641609072685241699e-01,6.017339229583740234e-02
6.191524863243103027e-01,6.922162175178527832e-01,8.808358013629913330e-02
5.840590000152587891e-01,7.218611836433410645e-01,1.155568733811378479e-01
5.498514771461486816e-01,7.528820633888244629e-01,1.423041820526123047e-01
5.156630873680114746e-01,7.848104238510131836e-01,1.682170629501342773e-01
4.808341562747955322e-01,8.171929121017456055e-01,1.931756138801574707e-01
4.450290799140930176e-01,8.498960137367248535e-01,2.168831080198287964e-01
4.081805646419525146e-01,8.832563161849975586e-01,2.387901842594146729e-01
3.702938258647918701e-01,9.179620146751403809e-01,2.581191658973693848e-01
3.312301337718963623e-01,9.547106027603149414e-01,2.739520370960235596e-01
2.905975580215454102e-01,9.938168525695800781e-01,2.853264510631561279e-01
2.477954477071762085e-01,1.034961462020874023e+00,2.913078665733337402e-01
2.021680474281311035e-01,1.077163815498352051e+00,2.910339236259460449e-01
1.531764864921569824e-01,1.118902325630187988e+00,2.837570607662200928e-01
1.005326583981513977e-01,1.158260226249694824e+00,2.689164876937866211e-01
4.428739100694656372e-02,1.193008780479431152e+00,2.462648004293441772e-01
-1.509877201169729233e-02,1.220683336257934570e+00,2.160461246967315674e-01
-7.670588046312332153e-02,1.238763570785522461e+00,1.791878342628479004e-01
-1.391670107841491699e-01,1.245026826858520508e+00,1.374296844005584717e-01
-2.007946223020553589e-01,1.238018870353698730e+00,9.329999983310699463e-02
-2.598286271095275879e-01,1.217460155487060547e+00,4.987907409667968750e-02
-3.147446513175964355e-01,1.184403657913208008e+00,1.036629080772399902e-02
-3.645232617855072021e-01,1.141065239906311035e+00,-2.243985235691070557e-02
-4.087860584259033203e-01,1.090377807617187500e+00,-4.658064618706703186e-02
-4.477707147598266602e-01,1.035439729690551758e+00,-6.115075945854187012e-02
-4.821750521659851074e-01,9.790256619453430176e-01,-6.623705476522445679e-02
-5.129423141479492188e-01,9.232768416404724121e-01,-6.265496462583541870e-02
-5.410651564598083496e-01,8.696037530899047852e-01,-5.162588134407997131e-02
-5.674617886543273926e-01,8.187735080718994141e-01,-3.452772274613380432e-02
-5.929465293884277344e-01,7.710959911346435547e-01,-1.276515610516071320e-02
-6.182576417922973633e-01,7.266119718551635742e-01,1.228066161274909973e-02
-6.440843939781188965e-01,6.852005720138549805e-01,3.930313140153884888e-02
-6.710278391838073730e-01,6.465796828269958496e-01,6.716491281986236572e-02
-6.994805335998535156e-01,6.102466583251953125e-01,9.500878304243087769e-02
-7.295029163360595703e-01,5.754595398902893066e-01,1.223176866769790649e-01
-7.607997059822082520e-01,5.413335561752319336e-01,1.488635390996932983e-01
-7.928759455680847168e-01,5.070345997810363770e-01,1.745537519454956055e-01
-8.253334760665893555e-01,4.719802439212799072e-01,1.992368400096893311e-01
-8.581515550613403320e-01,4.359139800071716309e-01,2.225556671619415283e-01
-8.917762041091918945e-01,3.988077342510223389e-01,2.438983619213104248e-01
-9.269360899925231934e-01,3.606491386890411377e-01,2.624425888061523438e-01
-9.642668962478637695e-01,3.212399184703826904e-01,2.772510349750518799e-01
-1.003939509391784668e+00,2.801263630390167236e-01,2.873626351356506348e-01
-1.045464158058166504e+00,2.366776615381240845e-01,2.918573915958404541e-01
-1.087710618972778320e+00,1.902517080307006836e-01,2.898970842361450195e-01
-1.129047155380249023e+00,1.403624564409255981e-01,2.807722687721252441e-01
-1.167472362518310547e+00,8.679845184087753296e-02,2.639862596988677979e-01
-1.200690150260925293e+00,2.970757335424423218e-02,2.393964827060699463e-01
-1.226198315620422363e+00,-3.033861890435218811e-02,2.074004709720611572e-01
-1.241510987281799316e+00,-9.230324625968933105e-02,1.691212654113769531e-01
-1.244552612304687500e+00,-1.547219455242156982e-01,1.265059113502502441e-01
-1.234131455421447754e+00,-2.158624529838562012e-01,8.225135505199432373e-02
-1.210298538208007812e+00,-2.739936709403991699e-01,3.951451182365417480e-02
-1.174426436424255371e+00,-3.276970684528350830e-01,1.442562788724899292e-03
-1.128960013389587402e+00,-3.761064112186431885e-01,-2.934119291603565216e-02
-1.076924681663513184e+00,-4.190061390399932861e-01,-5.113251134753227234e-02
-1.021378278732299805e+00,-4.567668139934539795e-01,-6.328956037759780884e-02
-9.649589061737060547e-01,-4.901686906814575195e-01,-6.611111760139465332e-02
-9.096240997314453125e-01,-5.201833248138427734e-01,-6.054326146841049194e-02
-8.566111922264099121e-01,-5.477924346923828125e-01,-4.786540940403938293e-02
-8.065531849861145020e-01,-5.738885402679443359e-01,-2.946967817842960358e-02
-7.596778273582458496e-01,-5.992628335952758789e-01,-6.758537143468856812e-03
-7.159791588783264160e-01,-6.246404051780700684e-01,1.889917999505996704e-02
-6.752992272377014160e-01,-6.506956815719604492e-01,4.622900485992431641e-02
-6.373074650764465332e-01,-6.779909729957580566e-01,7.415355741977691650e-02
-6.014385223388671875e-01,-7.068450450897216797e-01,1.018990725278854370e-01
-5.669010281562805176e-01,-7.372255325317382812e-01,1.290302276611328125e-01
-5.328031182289123535e-01,-7.687653899192810059e-01,1.553698927164077759e-01
-4.983575940132141113e-01,-8.009636402130126953e-01,1.808285117149353027e-01
-4.630619883537292480e-01,-8.334944248199462891e-01,2.052142024040222168e-01
-4.267336726188659668e-01,-8.664559125900268555e-01,2.281058579683303833e-01
-3.893702626228332520e-01,-9.003925323486328125e-01,2.488321810960769653e-01
-3.509276509284973145e-01,-9.360482692718505859e-01,2.665326893329620361e-01
-3.111439645290374756e-01,-9.739727973937988281e-01,2.802562713623046875e-01
-2.695094347000122070e-01,-1.014181017875671387e+00,2.890473008155822754e-01
-2.253731787204742432e-01,-1.056014418601989746e+00,2.920028567314147949e-01
-1.781176179647445679e-01,-1.098202943801879883e+00,2.883115410804748535e-01
-1.273167133331298828e-01,-1.139011383056640625e+00,2.773069441318511963e-01
-7.284186780452728271e-02,-1.176360368728637695e+00,2.585656642913818359e-01
-1.494074799120426178e-02,-1.207889676094055176e+00,2.320615947246551514e-01
4.570069164037704468e-02,-1.231074333190917969e+00,1.983578205108642578e-01
1.079300791025161743e-01,-1.243486881256103516e+00,1.587799936532974243e-01
1.701968163251876831e-01,-1.243230700492858887e+00,1.154774874448776245e-01
2.307404726743698120e-01,-1.229398369789123535e+00,7.129754126071929932e-02
2.878793179988861084e-01,-1.202378511428833008e+00,2.944391965866088867e-02
3.403152525424957275e-01,-1.163847088813781738e+00,-7.020978257060050964e-03
3.873422443866729736e-01,-1.116444349288940430e+00,-3.567517548799514771e-02
4.289030730724334717e-01,-1.063254356384277344e+00,-5.507751554250717163e-02
4.654896855354309082e-01,-1.007266521453857422e+00,-6.484163552522659302e-02
4.979504644870758057e-01,-9.509632587432861328e-01,-6.545924395322799683e-02
5.272744297981262207e-01,-8.961193561553955078e-01,-5.798674747347831726e-02
5.544262528419494629e-01,-8.438057303428649902e-01,-4.374747723340988159e-02
5.802708268165588379e-01,-7.945337891578674316e-01,-2.414218336343765259e-02
6.055793166160583496e-01,-7.484585642814636230e-01,-5.682520568370819092e-04
6.310659050941467285e-01,-7.055353522300720215e-01,2.562129124999046326e-02
6.573855280876159668e-01,-6.655671000480651855e-01,5.319041758775711060e-02
6.850529313087463379e-01,-6.281686425209045410e-01,8.112929761409759521e-02
7.143067121505737305e-01,-5.927136540412902832e-01,1.087498664855957031e-01
7.450212240219116211e-01,-5.583696961402893066e-01,1.356926858425140381e-01
7.767714262008666992e-01,-5.242497324943542480e-01,1.618215590715408325e-01
8.090698122978210449e-01,-4.896251559257507324e-01,1.870377361774444580e-01
8.416798114776611328e-01,-4.540784358978271484e-01,2.110992968082427979e-01
8.748202323913574219e-01,-4.174892604351043701e-01,2.335215508937835693e-01
9.091173410415649414e-01,-3.798665404319763184e-01,2.535773217678070068e-01
9.453052878379821777e-01,-3.411233425140380859e-01,2.703743278980255127e-01
9.838248491287231445e-01,-3.009332418441772461e-01,2.829529047012329102e-01
1.024527311325073242e+00,-2.587360441684722900e-01,2.903668284416198730e-01
1.066589474678039551e+00,-2.138723582029342651e-01,2.917322218418121338e-01
1.108610391616821289e+00,-1.657606810331344604e-01,2.862676978111267090e-01
1.148760676383972168e+00,-1.140397861599922180e-01,2.733561694622039795e-01
1.184885263442993164e+00,-5.866896733641624451e-02,2.526570558547973633e-01
1.214567661285400391e+00,2.123617548477341188e-07,2.242726832628250122e-01
1.184484124183654785e+00,0.000000000000000000e+00,2.420720756053924561e-01
1.211049795150756836e+00,5.996428430080413818e-02,2.041891217231750488e-01
1.225447893142700195e+00,1.216526553034782410e-01,1.597772538661956787e-01
1.225371122360229492e+00,1.832190454006195068e-01,1.115991175174713135e-01
1.209917664527893066e+00,2.426128089427947998e-01,6.328061223030090332e-02
1.179894208908081055e+00,2.979725897312164307e-01,1.874275691807270050e-02
1.137660861015319824e+00,3.479888439178466797e-01,-1.851672120392322540e-02
1.086583733558654785e+00,3.921053111553192139e-01,-4.603982716798782349e-02
1.030305743217468262e+00,4.305038452148437500e-01,-6.270647794008255005e-02
9.720919728279113770e-01,4.639101028442382812e-01,-6.864792853593826294e-02
9.144102334976196289e-01,4.933159649372100830e-01,-6.488852202892303467e-02
8.588137626647949219e-01,5.197290182113647461e-01,-5.292424559593200684e-02
8.060831427574157715e-01,5.440323948860168457e-01,-3.440953046083450317e-02
7.565017342567443848e-01,5.669739842414855957e-01,-1.100217178463935852e-02
7.101310491561889648e-01,5.892489552497863770e-01,1.570314541459083557e-02
6.669580936431884766e-01,6.115761995315551758e-01,4.424706846475601196e-02
6.268752813339233398e-01,6.346771121025085449e-01,7.342065870761871338e-02
5.895605087280273438e-01,6.591322422027587891e-01,1.023746430873870850e-01
5.543944835662841797e-01,6.851976513862609863e-01,1.306421011686325073e-01
5.205238461494445801e-01,7.127253413200378418e-01,1.580384224653244019e-01
4.870761036872863770e-01,7.413026690483093262e-01,1.844777166843414307e-01
4.534029066562652588e-01,7.705726623535156250e-01,2.097961902618408203e-01
4.191980659961700439e-01,8.005651235580444336e-01,2.336543798446655273e-01
3.844116032123565674e-01,8.318229317665100098e-01,2.555328011512756348e-01
3.490181267261505127e-01,8.652194142341613770e-01,2.747778892517089844e-01
3.127914071083068848e-01,9.015643596649169922e-01,2.906470596790313721e-01
2.752160429954528809e-01,9.412135481834411621e-01,3.023222684860229492e-01
2.355632036924362183e-01,9.838713407516479492e-01,3.089056015014648438e-01
1.930552572011947632e-01,1.028610229492187500e+00,3.094236552715301514e-01
1.470269560813903809e-01,1.073982000350952148e+00,3.028727769851684570e-01
9.704383462667465210e-02,1.118064761161804199e+00,2.883333563804626465e-01
4.300338774919509888e-02,1.158420443534851074e+00,2.651711702346801758e-01
-1.474527083337306976e-02,1.192103981971740723e+00,2.333227396011352539e-01
-7.529009133577346802e-02,1.215899229049682617e+00,1.936087608337402344e-01
-1.371351331472396851e-01,1.226849079132080078e+00,1.479555517435073853e-01
-1.983502060174942017e-01,1.222947597503662109e+00,9.937920421361923218e-02
-2.568938434123992920e-01,1.203708887100219727e+00,5.164225772023200989e-02
-3.110128343105316162e-01,1.170360684394836426e+00,8.628059178590774536e-03
-3.595756590366363525e-01,1.125577807426452637e+00,-2.637755312025547028e-02
-4.022199809551239014e-01,1.072863698005676270e+00,-5.123844370245933533e-02
-4.392871558666229248e-01,1.015822172164916992e+00,-6.516916304826736450e-02
-4.715961217880249023e-01,9.575458168983459473e-01,-6.856416165828704834e-02
-5.001624822616577148e-01,9.002736210823059082e-01,-6.260309368371963501e-02
-5.259718894958496094e-01,8.453457355499267578e-01,-4.884424805641174316e-02
-5.498681664466857910e-01,7.933881878852844238e-01,-2.895262464880943298e-02
-5.725780129432678223e-01,7.446078062057495117e-01,-4.574965685606002808e-03
-5.947971343994140625e-01,6.990398168563842773e-01,2.271934226155281067e-02
-6.172524094581604004e-01,6.566557288169860840e-01,5.152137577533721924e-02
-6.406468152999877930e-01,6.173056364059448242e-01,8.070418983697891235e-02
-6.654965877532958984e-01,5.805981159210205078e-01,1.095165759325027466e-01
-6.919558048248291016e-01,5.458409190177917480e-01,1.375763565301895142e-01
-7.197888493537902832e-01,5.121529698371887207e-01,1.647418439388275146e-01
-7.485626339912414551e-01,4.786967933177947998e-01,1.909223347902297974e-01
-7.779902219772338867e-01,4.449062049388885498e-01,2.159151434898376465e-01
-8.082298636436462402e-01,4.105553030967712402e-01,2.393331676721572876e-01
-8.399352431297302246e-01,3.756241500377655029e-01,2.606185674667358398e-01
-8.740048408508300781e-01,3.400548398494720459e-01,2.790923118591308594e-01
-9.111667871475219727e-01,3.035499155521392822e-01,2.939926683902740479e-01
-9.516224265098571777e-01,2.655284702777862549e-01,3.044824302196502686e-01
-9.949092864990234375e-01,2.252327948808670044e-01,3.096430599689483643e-01
-1.039960861206054688e+00,1.818997859954833984e-01,3.084871768951416016e-01
-1.085209608078002930e+00,1.349125951528549194e-01,3.000183999538421631e-01
-1.128610014915466309e+00,8.390913903713226318e-02,2.833659052848815918e-01
-1.167590856552124023e+00,2.888862788677215576e-02,2.580087780952453613e-01
-1.199105143547058105e+00,-2.966827899217605591e-02,2.240761816501617432e-01
-1.219940900802612305e+00,-9.069956094026565552e-02,1.826515197753906250e-01
-1.227313995361328125e+00,-1.525788456201553345e-01,1.359472274780273438e-01
-1.219556808471679688e+00,-2.133131921291351318e-01,8.721089363098144531e-02
-1.196610808372497559e+00,-2.708949744701385498e-01,4.030223563313484192e-02
-1.160108447074890137e+00,-3.237019777297973633e-01,-9.802691638469696045e-04
-1.112998247146606445e+00,-3.707888424396514893e-01,-3.359742462635040283e-02
-1.058875560760498047e+00,-4.119836688041687012e-01,-5.574802309274673462e-02
-1.001265287399291992e+00,-4.477721452713012695e-01,-6.696961075067520142e-02
-9.430667161941528320e-01,-4.790481626987457275e-01,-6.789392977952957153e-02
-8.862870931625366211e-01,-5.068377256393432617e-01,-5.982974916696548462e-02
-8.320649266242980957e-01,-5.320953726768493652e-01,-4.438120871782302856e-02
-7.808924913406372070e-01,-5.556300878524780273e-01,-2.321565337479114532e-02
-7.329142689704895020e-01,-5.781507492065429688e-01,2.033896744251251221e-03
-6.881480216979980469e-01,-6.003597974777221680e-01,2.982819080352783203e-02
-6.465437412261962891e-01,-6.229879260063171387e-01,5.881758779287338257e-02
-6.079033017158508301e-01,-6.467097401618957520e-01,8.796259760856628418e-02
-5.717588067054748535e-01,-6.719637513160705566e-01,1.166102662682533264e-01
-5.373541712760925293e-01,-6.988013386726379395e-01,1.444546282291412354e-01
-5.037951469421386719e-01,-7.269107103347778320e-01,1.713844835758209229e-01
-4.702948927879333496e-01,-7.558611035346984863e-01,1.972936391830444336e-01
-4.363734424114227295e-01,-7.854560017585754395e-01,2.219365686178207397e-01
-4.018764793872833252e-01,-8.159849643707275391e-01,2.448793500661849976e-01
-3.667982518672943115e-01,-8.481962680816650391e-01,2.655290663242340088e-01
-3.310346901416778564e-01,-8.829867243766784668e-01,2.831837236881256104e-01
-2.942144870758056641e-01,-9.209784865379333496e-01,2.970632016658782959e-01
-2.556988596916198730e-01,-9.622109532356262207e-01,3.063097894191741943e-01
-2.147119641304016113e-01,-1.006059885025024414e+00,3.099857568740844727e-01
-1.705146580934524536e-01,-1.051326036453247070e+00,3.070932030677795410e-01
-1.225452348589897156e-01,-1.096324324607849121e+00,2.966509759426116943e-01
-7.052113115787506104e-02,-1.138881683349609375e+00,2.778512835502624512e-01
-1.454995200037956238e-02,-1.176295638084411621e+00,2.503056824207305908e-01
4.474895447492599487e-02,-1.205436587333679199e+00,2.143556326627731323e-01
1.061636507511138916e-01,-1.223135352134704590e+00,1.713591814041137695e-01
1.679509580135345459e-01,-1.226825356483459473e+00,1.238088905811309814e-01
2.280771732330322266e-01,-1.215208053588867188e+00,7.515716552734375000e-02
2.845946252346038818e-01,-1.188659429550170898e+00,2.931755036115646362e-02
3.360296189785003662e-01,-1.149190545082092285e+00,-1.004053093492984772e-02
3.816304504871368408e-01,-1.099981069564819336e+00,-4.015629366040229797e-02
4.214075505733489990e-01,-1.044672846794128418e+00,-5.956908315420150757e-02
4.559744000434875488e-01,-9.866765737533569336e-01,-6.812315434217453003e-02
4.862825572490692139e-01,-9.286804795265197754e-01,-6.666057556867599487e-02
5.133554935455322266e-01,-8.724636435508728027e-01,-5.659478157758712769e-02
5.381119251251220703e-01,-8.189762234687805176e-01,-3.956096619367599487e-02
5.613285303115844727e-01,-7.685970664024353027e-01,-1.722393184900283813e-02
5.837042331695556641e-01,-7.214222550392150879e-01,8.800853043794631958e-03
6.059492230415344238e-01,-6.774547696113586426e-01,3.701037913560867310e-02
6.287930011749267578e-01,-6.366187334060668945e-01,6.612151116132736206e-02
6.528704762458801270e-01,-5.986585021018981934e-01,9.518819302320480347e-02
6.785318851470947266e-01,-5.630285739898681641e-01,1.236530244350433350e-01
7.057268619537353516e-01,-5.289198160171508789e-01,1.512755453586578369e-01
7.340837717056274414e-01,-4.954394400119781494e-01,1.779638975858688354e-01
7.631975412368774414e-01,-4.618646204471588135e-01,2.035870403051376343e-01
7.929778099060058594e-01,-4.278041720390319824e-01,2.278524488210678101e-01
8.238443136215209961e-01,-3.931620717048645020e-01,2.502826452255249023e-01
8.566198945045471191e-01,-3.579309582710266113e-01,2.702527344226837158e-01
8.921718001365661621e-01,-3.219495415687561035e-01,2.870396971702575684e-01
9.309962391853332520e-01,-2.847739756107330322e-01,2.998443841934204102e-01
9.729658961296081543e-01,-2.457146346569061279e-01,3.077893555164337158e-01
1.017301559448242188e+00,-2.039891630411148071e-01,3.099178969860076904e-01
1.062676906585693359e+00,-1.588926464319229126e-01,3.052265048027038574e-01
1.107288718223571777e+00,-1.099227815866470337e-01,2.927591800689697266e-01
1.148834347724914551e+00,-5.688391998410224915e-02,2.717864513397216797e-01
1.184484362602233887e+00,2.071018201377228252e-07,2.420720160007476807e-01
1.162089705467224121e+00,0.000000000000000000e+00,2.437301576137542725e-01
1.193177700042724609e+00,5.907936394214630127e-02,2.031891793012619019e-01
1.210665464401245117e+00,1.201851814985275269e-01,1.555448770523071289e-01
1.211924433708190918e+00,1.812084764242172241e-01,1.041027754545211792e-01
1.196091890335083008e+00,2.398404628038406372e-01,5.311988666653633118e-02
1.164338111877441406e+00,2.940440475940704346e-01,7.052790373563766479e-03
1.119579076766967773e+00,3.424579799175262451e-01,-3.031294047832489014e-02
1.065752983093261719e+00,3.845883309841156006e-01,-5.653458833694458008e-02
1.006943464279174805e+00,4.207421243190765381e-01,-7.075732946395874023e-02
9.466449618339538574e-01,4.517660737037658691e-01,-7.351250946521759033e-02
8.873479962348937988e-01,4.787161350250244141e-01,-6.625109165906906128e-02
8.304971456527709961e-01,5.025926232337951660e-01,-5.086024850606918335e-02
7.767306566238403320e-01,5.242221355438232422e-01,-2.932683005928993225e-02
7.262415289878845215e-01,5.442949533462524414e-01,-3.562171012163162231e-03
6.790880560874938965e-01,5.634902715682983398e-01,2.470178157091140747e-02
6.353219747543334961e-01,5.825670361518859863e-01,5.402097851037979126e-02
5.949249863624572754e-01,6.023291945457458496e-01,8.334743231534957886e-02
5.576491951942443848e-01,6.234551668167114258e-01,1.120678335428237915e-01
5.229192972183227539e-01,6.462962627410888672e-01,1.399180740118026733e-01
4.899077117443084717e-01,6.708043217658996582e-01,1.668010056018829346e-01
4.577597677707672119e-01,6.966848373413085938e-01,1.926013231277465820e-01
4.258350729942321777e-01,7.237201929092407227e-01,2.170865535736083984e-01
3.938117921352386475e-01,7.520835995674133301e-01,2.399144470691680908e-01
3.615841865539550781e-01,7.824270129203796387e-01,2.606848180294036865e-01
3.290369212627410889e-01,8.156858086585998535e-01,2.789585590362548828e-01
2.958380877971649170e-01,8.526994585990905762e-01,2.942074835300445557e-01
2.613701522350311279e-01,8.938618302345275879e-01,3.057242035865783691e-01
2.248078584671020508e-01,9.389497041702270508e-01,3.125545382499694824e-01
1.852667182683944702e-01,9.871124625205993652e-01,3.135040402412414551e-01
1.419494152069091797e-01,1.036892294883728027e+00,3.072342574596405029e-01
9.427514672279357910e-02,1.086166024208068848e+00,2.924593687057495117e-01
4.202434793114662170e-02,1.132047176361083984e+00,2.682444751262664795e-01
-1.448355428874492645e-02,1.170945167541503906e+00,2.343921065330505371e-01
-7.424068450927734375e-02,1.198951840400695801e+00,1.918363869190216064e-01
-1.355389654636383057e-01,1.212569355964660645e+00,1.428856253623962402e-01
-1.961784064769744873e-01,1.209557175636291504e+00,9.113655239343643188e-02
-2.538736760616302490e-01,1.189557552337646484e+00,4.097646847367286682e-02
-3.067248463630676270e-01,1.154224634170532227e+00,-3.226406872272491455e-03
-3.535798192024230957e-01,1.106809020042419434e+00,-3.797352313995361328e-02
-3.941606581211090088e-01,1.051366686820983887e+00,-6.121504679322242737e-02
-4.289388656616210938e-01,9.918923974037170410e-01,-7.247614860534667969e-02
-4.588441252708435059e-01,9.316536784172058105e-01,-7.256669551134109497e-02
-4.849380254745483398e-01,8.728700876235961914e-01,-6.308785080909729004e-02
-5.081823468208312988e-01,8.167542815208435059e-01,-4.597584903240203857e-02
-5.293605327606201172e-01,7.637983560562133789e-01,-2.321090735495090485e-02
-5.491479039192199707e-01,7.141382098197937012e-01,3.331780433654785156e-03
-5.682391524314880371e-01,6.678273677825927734e-01,3.198109567165374756e-02
-5.874130725860595703e-01,6.249116063117980957e-01,6.138306111097335815e-02
-6.074622273445129395e-01,5.853300094604492188e-01,9.059952199459075928e-02
-6.290001273155212402e-01,5.487575531005859375e-01,1.191169694066047668e-01
-6.522763371467590332e-01,5.145403146743774414e-01,1.467325091361999512e-01
-6.771584153175354004e-01,4.818200767040252686e-01,1.733593642711639404e-01
-7.033370137214660645e-01,4.497755467891693115e-01,1.988577544689178467e-01
-7.306688427925109863e-01,4.178447127342224121e-01,2.229640185832977295e-01
-7.594492435455322266e-01,3.857763111591339111e-01,2.453162223100662231e-01
-7.904307246208190918e-01,3.534854054450988770e-01,2.655057907104492188e-01
-8.245621323585510254e-01,3.208178281784057617e-01,2.830781936645507812e-01
-8.625991940498352051e-01,2.873699069023132324e-01,2.974693179130554199e-01
-9.047887325286865234e-01,2.524605989456176758e-01,3.079140782356262207e-01
-9.507486224174499512e-01,2.152354717254638672e-01,3.133942484855651855e-01
-9.994764924049377441e-01,1.748186647891998291e-01,3.126663863658905029e-01
-1.049357771873474121e+00,1.304555237293243408e-01,3.043831884860992432e-01
-1.098084211349487305e+00,8.163962513208389282e-02,2.873141765594482422e-01
-1.142578005790710449e+00,2.826975472271442413e-02,2.606705129146575928e-01
-1.179117679595947266e+00,-2.917374856770038605e-02,2.245031893253326416e-01
-1.203820705413818359e+00,-8.950106799602508545e-02,1.800772547721862793e-01
-1.213424563407897949e+00,-1.508521288633346558e-01,1.300473511219024658e-01
-1.206118106842041016e+00,-2.109626233577728271e-01,7.826957106590270996e-02
-1.182056903839111328e+00,-2.676001787185668945e-01,2.920997701585292816e-02
-1.143351912498474121e+00,-3.190264105796813965e-01,-1.290721073746681213e-02
-1.093538165092468262e+00,-3.643057942390441895e-01,-4.490691423416137695e-02
-1.036732196807861328e+00,-4.033681750297546387e-01,-6.514030694961547852e-02
-9.767988324165344238e-01,-4.368306100368499756e-01,-7.349307835102081299e-02
-9.167585968971252441e-01,-4.656844437122344971e-01,-7.102132588624954224e-02
-8.585624098777770996e-01,-4.909828901290893555e-01,-5.944729596376419067e-02
-8.032100796699523926e-01,-5.136430859565734863e-01,-4.073883220553398132e-02
-7.510721683502197266e-01,-5.344120264053344727e-01,-1.685976237058639526e-02
-7.022444009780883789e-01,-5.539571642875671387e-01,1.035587489604949951e-02
-6.567794084548950195e-01,-5.729929208755493164e-01,3.930522501468658447e-02
-6.147106289863586426e-01,-5.923145413398742676e-01,6.873145699501037598e-02
-5.759251713752746582e-01,-6.126902699470520020e-01,9.780618548393249512e-02
-5.400140881538391113e-01,-6.346555352210998535e-01,1.261091530323028564e-01
-5.062546730041503906e-01,-6.583580374717712402e-01,1.534855812788009644e-01
-4.737730026245117188e-01,-6.835926771163940430e-01,1.798479706048965454e-01
-4.417968690395355225e-01,-7.100588679313659668e-01,2.050276696681976318e-01
-4.098449349403381348e-01,-7.377056479454040527e-01,2.287321090698242188e-01
-3.777275085449218750e-01,-7.669519782066345215e-01,2.505831420421600342e-01
-3.453647196292877197e-01,-7.986326217651367188e-01,2.701636552810668945e-01
-3.125514090061187744e-01,-8.336852788925170898e-01,2.870000004768371582e-01
-2.788110673427581787e-01,-8.727611899375915527e-01,3.004858493804931641e-01
-2.434065192937850952e-01,-9.159540534019470215e-01,3.097948431968688965e-01
-2.054630815982818604e-01,-9.627231359481811523e-01,3.138464987277984619e-01
-1.641227751970291138e-01,-1.011916160583496094e+00,3.113561570644378662e-01
-1.186810806393623352e-01,-1.061754465103149414e+00,3.009808957576751709e-01
-6.871670484542846680e-02,-1.109740972518920898e+00,2.815664708614349365e-01
-1.425701193511486053e-02,-1.152612924575805664e+00,2.524953484535217285e-01
4.404777660965919495e-02,-1.186548471450805664e+00,2.140909731388092041e-01
1.048271954059600830e-01,-1.207737803459167480e+00,1.679618954658508301e-01
1.660873889923095703e-01,-1.213212609291076660e+00,1.170967817306518555e-01
2.255272418260574341e-01,-1.201621890068054199e+00,6.557366997003555298e-02
2.809970080852508545e-01,-1.173633337020874023e+00,1.788255199790000916e-02
3.309391438961029053e-01,-1.131781697273254395e+00,-2.194776013493537903e-02
3.746394515037536621e-01,-1.079830765724182129e+00,-5.109718814492225647e-02
4.122239351272583008e-01,-1.021906614303588867e+00,-6.831727176904678345e-02
4.444341361522674561e-01,-9.617047309875488281e-01,-7.383023947477340698e-02
4.723033010959625244e-01,-9.019834995269775391e-01,-6.890597194433212280e-02
4.968635737895965576e-01,-8.444351553916931152e-01,-5.536099523305892944e-02
5.189865231513977051e-01,-7.898684144020080566e-01,-3.517919406294822693e-02
5.393863916397094727e-01,-7.385528683662414551e-01,-1.030133664608001709e-02
5.587339401245117188e-01,-6.905605196952819824e-01,1.748668774962425232e-02
5.777645707130432129e-01,-6.459442377090454102e-01,4.665715992450714111e-02
5.972831845283508301e-01,-6.047167181968688965e-01,7.605578005313873291e-02
6.180197000503540039e-01,-5.667015910148620605e-01,1.049634069204330444e-01
6.404215693473815918e-01,-5.314056277275085449e-01,1.330434083938598633e-01
6.645357608795166016e-01,-4.980483651161193848e-01,1.601756215095520020e-01
6.901025176048278809e-01,-4.657561480998992920e-01,1.862631440162658691e-01
7.168523669242858887e-01,-4.338178932666778564e-01,2.111060470342636108e-01
7.448400855064392090e-01,-4.018343091011047363e-01,2.343843430280685425e-01
7.746058702468872070e-01,-3.696640729904174805e-01,2.557082772254943848e-01
8.070463538169860840e-01,-3.372170925140380859e-01,2.746506035327911377e-01
8.430626392364501953e-01,-3.042279779911041260e-01,2.907136678695678711e-01
8.831835389137268066e-01,-2.701489925384521484e-01,3.032425642013549805e-01
9.273457527160644531e-01,-2.341936379671096802e-01,3.113481104373931885e-01
9.748526215553283691e-01,-1.954773068428039551e-01,3.138902187347412109e-01
1.024399757385253906e+00,-1.531694084405899048e-01,3.095521926879882812e-01
1.074039340019226074e+00,-1.066220477223396301e-01,2.970110177993774414e-01
1.121081352233886719e+00,-5.550974979996681213e-02,2.752105593681335449e-01
1.162089824676513672e+00,2.031862322837696411e-07,2.437300533056259155e-01
1.149883866310119629e+00,0.000000000000000000e+00,2.314629852771759033e-01
1.183339834213256836e+00,5.859225243330001831e-02,1.881902366876602173e-01
1.201218843460083008e+00,1.192473918199539185e-01,1.378232836723327637e-01
1.200966238975524902e+00,1.795699894428253174e-01,8.434496819972991943e-02
1.182170748710632324e+00,2.370489984750747681e-01,3.259237483143806458e-02
1.146676540374755859e+00,2.895837426185607910e-01,-1.267461292445659637e-02
1.098089218139648438e+00,3.358846306800842285e-01,-4.771416634321212769e-02
1.040870070457458496e+00,3.756090700626373291e-01,-7.041754573583602905e-02
9.793664813041687012e-01,4.092193245887756348e-01,-8.042105287313461304e-02
9.170875549316406250e-01,4.376604259014129639e-01,-7.877327501773834229e-02
8.563806414604187012e-01,4.620095193386077881e-01,-6.739085912704467773e-02
7.985140681266784668e-01,4.832373857498168945e-01,-4.854710400104522705e-02
7.440082430839538574e-01,5.021374821662902832e-01,-2.451898343861103058e-02
6.930335760116577148e-01,5.194066166877746582e-01,2.624101936817169189e-03
6.456856131553649902e-01,5.357737541198730469e-01,3.116640448570251465e-02
6.020605564117431641e-01,5.520675182342529297e-01,5.985981971025466919e-02
5.621536374092102051e-01,5.691499710083007812e-01,8.796872943639755249e-02
5.257023572921752930e-01,5.877383947372436523e-01,1.151921674609184265e-01
4.921181201934814453e-01,6.082279086112976074e-01,1.414698064327239990e-01
4.605852067470550537e-01,6.306546330451965332e-01,1.667617857456207275e-01
4.302784502506256104e-01,6.548597812652587891e-01,1.909164339303970337e-01
4.005708992481231689e-01,6.807829737663269043e-01,2.136744856834411621e-01
3.711043596267700195e-01,7.087180018424987793e-01,2.347592562437057495e-01
3.416851758956909180e-01,7.393678426742553711e-01,2.539403736591339111e-01
3.120845854282379150e-01,7.736607789993286133e-01,2.709899246692657471e-01
2.818675935268402100e-01,8.124321103096008301e-01,2.855349779129028320e-01
2.503353655338287354e-01,8.561238646507263184e-01,2.968857288360595703e-01
2.165826559066772461e-01,9.045957326889038086e-01,3.039345443248748779e-01
1.796187460422515869e-01,9.570197463035583496e-01,3.051811754703521729e-01
1.385098248720169067e-01,1.011767268180847168e+00,2.989008724689483643e-01
9.254819899797439575e-02,1.066269397735595703e+00,2.834479510784149170e-01
4.146434366703033447e-02,1.116961836814880371e+00,2.576838731765747070e-01
-1.434204913675785065e-02,1.159504890441894531e+00,2.214757204055786133e-01
-7.364932447671890259e-02,1.189401626586914062e+00,1.761298775672912598e-01
-1.344593763351440430e-01,1.202911019325256348e+00,1.245646178722381592e-01
-1.942991018295288086e-01,1.197970151901245117e+00,7.105003297328948975e-02
-2.507126033306121826e-01,1.174745917320251465e+00,2.049764245748519897e-02
-3.017728924751281738e-01,1.135590195655822754e+00,-2.250636741518974304e-02
-3.464258313179016113e-01,1.084414958953857422e+00,-5.458925664424896240e-02
-3.845531642436981201e-01,1.025739908218383789e+00,-7.408832013607025146e-02
-4.167720675468444824e-01,9.637574553489685059e-01,-8.103697001934051514e-02
-4.440903365612030029e-01,9.016970992088317871e-01,-7.675418257713317871e-02
-4.675753116607666016e-01,8.416179418563842773e-01,-6.328852474689483643e-02
-4.881526529788970947e-01,7.845624089241027832e-01,-4.294041544198989868e-02
-5.065809488296508789e-01,7.309303879737854004e-01,-1.795122772455215454e-02
-5.235526561737060547e-01,6.808528900146484375e-01,9.685963392257690430e-03
-5.398201942443847656e-01,6.344277858734130859e-01,3.836302459239959717e-02
-5.562323331832885742e-01,5.917403697967529297e-01,6.695984303951263428e-02
-5.736340880393981934e-01,5.527343750000000000e-01,9.486231952905654907e-02
-5.926753878593444824e-01,5.170668363571166992e-01,1.218506693840026855e-01
-6.136578917503356934e-01,4.840765595436096191e-01,1.478888392448425293e-01
-6.365454792976379395e-01,4.529226720333099365e-01,1.729158461093902588e-01
-6.611752510070800781e-01,4.228136241436004639e-01,1.967481374740600586e-01
-6.875569820404052734e-01,3.931905031204223633e-01,2.191125303506851196e-01
-7.160913348197937012e-01,3.637518286705017090e-01,2.397410273551940918e-01
-7.475626468658447266e-01,3.343145549297332764e-01,2.584132552146911621e-01
-7.829077839851379395e-01,3.046111166477203369e-01,2.748813033103942871e-01
-8.228883147239685059e-01,2.741404771804809570e-01,2.887080013751983643e-01
-8.678135871887207031e-01,2.421435266733169556e-01,2.991039156913757324e-01
-9.173801541328430176e-01,2.076813429594039917e-01,3.048553764820098877e-01
-9.705721139907836914e-01,1.697629839181900024e-01,3.043853044509887695e-01
-1.025538325309753418e+00,1.274943053722381592e-01,2.959545254707336426e-01
-1.079459309577941895e+00,8.025491237640380859e-02,2.779998481273651123e-01
-1.128540396690368652e+00,2.792243659496307373e-02,2.495872378349304199e-01
-1.168331384658813477e+00,-2.890687249600887299e-02,2.109091877937316895e-01
-1.194430708885192871e+00,-8.880294859409332275e-02,1.636737883090972900e-01
-1.203438997268676758e+00,-1.496107280254364014e-01,1.111807972192764282e-01
-1.193820834159851074e+00,-2.088117003440856934e-01,5.794168263673782349e-02
-1.166317105293273926e+00,-2.640369236469268799e-01,8.881011977791786194e-03
-1.123748898506164551e+00,-3.135566413402557373e-01,-3.164679557085037231e-02
-1.070273756980895996e+00,-3.565554320812225342e-01,-6.066927686333656311e-02
-1.010408759117126465e+00,-3.931263387203216553e-01,-7.696831226348876953e-02
-9.481489062309265137e-01,-4.240181744098663330e-01,-8.094751834869384766e-02
-8.864363431930541992e-01,-4.502817094326019287e-01,-7.416024059057235718e-02
-8.270472288131713867e-01,-4.729604423046112061e-01,-5.875639617443084717e-02
-7.708263993263244629e-01,-4.929341077804565430e-01,-3.704504668712615967e-02
-7.180737853050231934e-01,-5.109325647354125977e-01,-1.121979206800460815e-02
-6.688997149467468262e-01,-5.276536345481872559e-01,1.681036129593849182e-02
-6.234037280082702637e-01,-5.438749790191650391e-01,4.555192589759826660e-02
-5.816511511802673340e-01,-5.604595541954040527e-01,7.401450723409652710e-02
-5.435254573822021484e-01,-5.782222747802734375e-01,1.016978174448013306e-01
-5.085999369621276855e-01,-5.977358222007751465e-01,1.284499168395996094e-01
-4.761494100093841553e-01,-6.192076802253723145e-01,1.542453467845916748e-01
-4.453240931034088135e-01,-6.425445675849914551e-01,1.789958924055099487e-01
-4.153780341148376465e-01,-6.675983667373657227e-01,2.024880200624465942e-01
-3.858211338520050049e-01,-6.944637298583984375e-01,2.244416922330856323e-01
-3.563997745513916016e-01,-7.236473560333251953e-01,2.446006238460540771e-01
-3.269287049770355225e-01,-7.560005784034729004e-01,2.627493739128112793e-01
-2.970910370349884033e-01,-7.924469113349914551e-01,2.786094248294830322e-01
-2.663187682628631592e-01,-8.336566686630249023e-01,2.916687726974487305e-01
-2.337980121374130249e-01,-8.797966837882995605e-01,3.010337352752685547e-01
-1.985636800527572632e-01,-9.303951263427734375e-01,3.053885400295257568e-01
-1.596340239048004150e-01,-9.842403531074523926e-01,3.030911087989807129e-01
-1.161654964089393616e-01,-1.039249420166015625e+00,2.924098074436187744e-01
-6.763982027769088745e-02,-1.092349886894226074e+00,2.718925476074218750e-01
-1.409529708325862885e-02,-1.139539003372192383e+00,2.408413887023925781e-01
4.366723448038101196e-02,-1.176297426223754883e+00,1.997996270656585693e-01
1.040151491761207581e-01,-1.198382019996643066e+00,1.508830636739730835e-01
1.646607667207717896e-01,-1.202791690826416016e+00,9.774830937385559082e-02
2.230724394321441650e-01,-1.188542604446411133e+00,4.509738087654113770e-02
2.770003378391265869e-01,-1.156940579414367676e+00,-2.195468172430992126e-03
3.249283134937286377e-01,-1.111225128173828125e+00,-4.005919769406318665e-02
3.662800490856170654e-01,-1.055736303329467773e+00,-6.594594568014144897e-02
4.013431370258331299e-01,-9.949329495429992676e-01,-7.907270640134811401e-02
4.309753477573394775e-01,-9.325814843177795410e-01,-8.018228411674499512e-02
4.562496244907379150e-01,-8.713248968124389648e-01,-7.102696597576141357e-02
4.781770110130310059e-01,-8.126767873764038086e-01,-5.383066833019256592e-02
4.975923001766204834e-01,-7.573075890541076660e-01,-3.089383989572525024e-02
5.152043104171752930e-01,-7.054417133331298828e-01,-4.352647811174392700e-03
5.317229628562927246e-01,-6.571766138076782227e-01,2.397683262825012207e-02
5.479530096054077148e-01,-6.126146912574768066e-01,5.272111296653747559e-02
5.647618174552917480e-01,-5.717906355857849121e-01,8.101865649223327637e-02
5.829220414161682129e-01,-5.345183014869689941e-01,1.084745079278945923e-01
6.029199361801147461e-01,-5.002877116203308105e-01,1.349899470806121826e-01
6.248742938041687012e-01,-4.683234095573425293e-01,1.605372130870819092e-01
6.486493349075317383e-01,-4.377790093421936035e-01,1.849973797798156738e-01
6.741327643394470215e-01,-4.079652428627014160e-01,2.081317901611328125e-01
7.015133500099182129e-01,-3.784599602222442627e-01,2.296583950519561768e-01
7.314010858535766602e-01,-3.490455448627471924e-01,2.493349462747573853e-01
7.646955251693725586e-01,-3.195211589336395264e-01,2.669435143470764160e-01
8.022866249084472656e-01,-2.895135283470153809e-01,2.821645736694335938e-01
8.447362780570983887e-01,-2.583886981010437012e-01,2.944007217884063721e-01
8.920621871948242188e-01,-2.252830564975738525e-01,3.026520609855651855e-01
9.436177611351013184e-01,-1.892140805721282959e-01,3.055064082145690918e-01
9.979860782623291016e-01,-1.492200046777725220e-01,3.012716770172119141e-01
1.052845478057861328e+00,-1.045180931687355042e-01,2.882467210292816162e-01
1.104873895645141602e+00,-5.470724031329154968e-02,2.651208043098449707e-01
1.149883985519409180e+00,2.010521029660594650e-07,2.314628660678863525e-01
1.148192763328552246e+00,0.000000000000000000e+00,2.074953019618988037e-01
1.181043863296508789e+00,5.847856402397155762e-02,1.614412665367126465e-01
1.196024060249328613e+00,1.187316924333572388e-01,1.089410930871963501e-01
1.191084384918212891e+00,1.780924350023269653e-01,5.475232005119323730e-02
1.166675329208374023e+00,2.339418530464172363e-01,4.186697304248809814e-03
1.125591278076171875e+00,2.842588424682617188e-01,-3.797996789216995239e-02
1.072200298309326172e+00,3.279656767845153809e-01,-6.842324882745742798e-02
1.011361360549926758e+00,3.649605512619018555e-01,-8.571198582649230957e-02
9.474383592605590820e-01,3.958784639835357666e-01,-9.020672738552093506e-02
8.836930990219116211e-01,4.217236638069152832e-01,-8.357441425323486328e-02
8.221566081047058105e-01,4.435459673404693604e-01,-6.818649172782897949e-02
7.638676762580871582e-01,4.622703790664672852e-01,-4.660791531205177307e-02
7.092733979225158691e-01,4.786946475505828857e-01,-2.124753780663013458e-02
6.585820913314819336e-01,4.935863614082336426e-01,5.867365747690200806e-03
6.119464039802551270e-01,5.077778100967407227e-01,3.324065357446670532e-02
5.694574713706970215e-01,5.221716761589050293e-01,5.997467786073684692e-02
5.310291051864624023e-01,5.376380681991577148e-01,8.571361750364303589e-02
4.962868392467498779e-01,5.548517107963562012e-01,1.104547679424285889e-01
4.645699560642242432e-01,5.741800665855407715e-01,1.342961192131042480e-01
4.350621700286865234e-01,5.957072973251342773e-01,1.572404205799102783e-01
4.069862663745880127e-01,6.194103956222534180e-01,1.791435480117797852e-01
3.797528147697448730e-01,6.454020142555236816e-01,1.997948288917541504e-01
3.529823720455169678e-01,6.741095185279846191e-01,2.190300822257995605e-01
3.263961672782897949e-01,7.062841057777404785e-01,2.367613613605499268e-01
2.996484339237213135e-01,7.428314089775085449e-01,2.528699636459350586e-01
2.721936404705047607e-01,7.845486998558044434e-01,2.670052647590637207e-01
2.432413548231124878e-01,8.318629860877990723e-01,2.783807516098022461e-01
2.117969989776611328e-01,8.846076130867004395e-01,2.856627702713012695e-01
1.767641752958297729e-01,9.418104290962219238e-01,2.870131134986877441e-01
1.370998322963714600e-01,1.001467823982238770e+00,2.803209722042083740e-01
9.203690290451049805e-02,1.060378670692443848e+00,2.636324763298034668e-01
4.136172309517860413e-02,1.114197373390197754e+00,2.357396334409713745e-01
-1.432203128933906555e-02,1.157886505126953125e+00,1.967979967594146729e-01
-7.347486913204193115e-02,1.186584234237670898e+00,1.487539261579513550e-01
-1.337632089853286743e-01,1.196682929992675781e+00,9.534594416618347168e-02
-1.924766600131988525e-01,1.186733722686767578e+00,4.156728833913803101e-02
-2.470994442701339722e-01,1.157815933227539062e+00,-7.302483543753623962e-03
-2.958248555660247803e-01,1.113207340240478516e+00,-4.677918180823326111e-02
-3.378287553787231445e-01,1.057503581047058105e+00,-7.399243116378784180e-02
-3.732239305973052979e-01,9.955208897590637207e-01,-8.798766881227493286e-02
-4.027730524539947510e-01,9.313856959342956543e-01,-8.950671553611755371e-02
-4.275175631046295166e-01,8.680471777915954590e-01,-8.044809103012084961e-02
-4.484846889972686768e-01,8.072555065155029297e-01,-6.327341496944427490e-02
-4.665626883506774902e-01,7.498627901077270508e-01,-4.053522646427154541e-02
-4.825302958488464355e-01,6.962284445762634277e-01,-1.456495374441146851e-02
-4.971653819084167480e-01,6.465376019477844238e-01,1.273183524608612061e-02
-5.113216042518615723e-01,6.009345650672912598e-01,4.000628739595413208e-02
-5.259070992469787598e-01,5.594792962074279785e-01,6.650689989328384399e-02
-5.417576432228088379e-01,5.220193266868591309e-01,9.198848903179168701e-02
-5.594781637191772461e-01,4.881046116352081299e-01,1.164967268705368042e-01
-5.793566107749938965e-01,4.570184350013732910e-01,1.401196569204330444e-01
-6.014288663864135742e-01,4.279360175132751465e-01,1.628218144178390503e-01
-6.256831884384155273e-01,4.001168608665466309e-01,1.844315975904464722e-01
-6.522995829582214355e-01,3.730280101299285889e-01,2.047408819198608398e-01
-6.817935109138488770e-01,3.463296294212341309e-01,2.236066758632659912e-01
-7.149757742881774902e-01,3.197415173053741455e-01,2.409485876560211182e-01
-7.527509927749633789e-01,2.928777933120727539e-01,2.566107511520385742e-01
-7.958472967147827148e-01,2.651318907737731934e-01,2.701504230499267578e-01
-8.445626497268676758e-01,2.356558889150619507e-01,2.806493341922760010e-01
-8.985493779182434082e-01,2.034183293581008911e-01,2.866367995738983154e-01
-9.565985798835754395e-01,1.673188656568527222e-01,2.861771583557128906e-01
-1.016417860984802246e+00,1.263604462146759033e-01,2.771509289741516113e-01
-1.074501037597656250e+00,7.988628000020980835e-02,2.577313184738159180e-01
-1.126270174980163574e+00,2.786626480519771576e-02,2.269965708255767822e-01
-1.166637063026428223e+00,-2.886495366692543030e-02,1.855226159095764160e-01
-1.190951466560363770e+00,-8.854427188634872437e-02,1.357246935367584229e-01
-1.196076154708862305e+00,-1.486953794956207275e-01,8.172610402107238770e-02
-1.181187272071838379e+00,-2.066019475460052490e-01,2.869296446442604065e-02
-1.147969484329223633e+00,-2.598832845687866211e-01,-1.819621026515960693e-02
-1.100129365921020508e+00,-3.069661259651184082e-01,-5.480217188596725464e-02
-1.042417883872985840e+00,-3.472754061222076416e-01,-7.872690260410308838e-02
-9.795520901679992676e-01,-3.811207413673400879e-01,-8.947788178920745850e-02
-9.153890609741210938e-01,-4.093677401542663574e-01,-8.814298361539840698e-02
-8.525651693344116211e-01,-4.330762326717376709e-01,-7.681432366371154785e-02
-7.925695180892944336e-01,-4.532437920570373535e-01,-5.801366642117500305e-02
-7.360935807228088379e-01,-4.707228839397430420e-01,-3.426275774836540222e-02
-6.834298968315124512e-01,-4.862823486328125000e-01,-7.802147418260574341e-03
-6.347487568855285645e-01,-5.007140636444091797e-01,1.959193870425224304e-02
-5.901831388473510742e-01,-5.148924589157104492e-01,4.672083258628845215e-02
-5.497517585754394531e-01,-5.297223329544067383e-01,7.297406345605850220e-02
-5.132326483726501465e-01,-5.459957122802734375e-01,9.820226579904556274e-02
-4.800998270511627197e-01,-5.642408728599548340e-01,1.224840357899665833e-01
-4.495916962623596191e-01,-5.846707820892333984e-01,1.458865404129028320e-01
-4.208875298500061035e-01,-6.072858572006225586e-01,1.683352887630462646e-01
-3.932921290397644043e-01,-6.321017742156982422e-01,1.896379590034484863e-01
-3.663274347782135010e-01,-6.593757867813110352e-01,2.095962762832641602e-01
-3.396842777729034424e-01,-6.897076368331909180e-01,2.280884087085723877e-01
-3.130709528923034668e-01,-7.239554524421691895e-01,2.450323253870010376e-01
-2.860533595085144043e-01,-7.630055546760559082e-01,2.602212131023406982e-01
-2.579629421234130859e-01,-8.075004220008850098e-01,2.731082737445831299e-01
-2.278983891010284424e-01,-8.575959801673889160e-01,2.826382815837860107e-01
-1.947979182004928589e-01,-9.127501249313354492e-01,2.872090637683868408e-01
-1.575682312250137329e-01,-9.715034961700439453e-01,2.848044335842132568e-01
-1.152729764580726624e-01,-1.031264662742614746e+00,2.733268141746520996e-01
-6.738480180501937866e-02,-1.088231444358825684e+00,2.511155009269714355e-01
-1.407166104763746262e-02,-1.137628078460693359e+00,2.175729572772979736e-01
4.359593987464904785e-02,-1.174376964569091797e+00,1.737182736396789551e-01
1.036441251635551453e-01,-1.194107413291931152e+00,1.224278211593627930e-01
1.634853631258010864e-01,-1.194205760955810547e+00,6.816665828227996826e-02
2.204339057207107544e-01,-1.174484372138977051e+00,1.620791479945182800e-02
2.722748517990112305e-01,-1.137203693389892578e+00,-2.843858674168586731e-02
3.176793158054351807e-01,-1.086434245109558105e+00,-6.202290952205657959e-02
3.563154339790344238e-01,-1.027015089988708496e+00,-8.263020217418670654e-02
3.886667191982269287e-01,-9.635080099105834961e-01,-9.020789712667465210e-02
4.156788587570190430e-01,-8.994815945625305176e-01,-8.615265786647796631e-02
4.384139478206634521e-01,-8.372631669044494629e-01,-7.271356880664825439e-02
4.578349590301513672e-01,-7.781047821044921875e-01,-5.244600027799606323e-02
4.747630059719085693e-01,-7.225627303123474121e-01,-2.782312780618667603e-02
4.899631142616271973e-01,-6.708802580833435059e-01,-9.839497506618499756e-04
5.042468309402465820e-01,-6.232178807258605957e-01,2.643254399299621582e-02
5.185046792030334473e-01,-5.796912908554077148e-01,5.337850749492645264e-02
5.336292386054992676e-01,-5.402705669403076172e-01,7.937596738338470459e-02
5.503587126731872559e-01,-5.046589374542236328e-01,1.043570861220359802e-01
5.691416263580322266e-01,-4.722593426704406738e-01,1.284174025058746338e-01
5.901212692260742188e-01,-4.422771036624908447e-01,1.515942811965942383e-01
6.132788658142089844e-01,-4.139072000980377197e-01,1.737769544124603271e-01
6.386724114418029785e-01,-3.865056931972503662e-01,1.947600245475769043e-01
6.666415333747863770e-01,-3.596469461917877197e-01,2.143596708774566650e-01
6.978661417961120605e-01,-3.330416977405548096e-01,2.324737608432769775e-01
7.332363128662109375e-01,-3.063762187957763672e-01,2.490079849958419800e-01
7.736028432846069336e-01,-2.791627049446105957e-01,2.636905908584594727e-01
8.195068836212158203e-01,-2.506715059280395508e-01,2.758590281009674072e-01
8.709496855735778809e-01,-2.199512720108032227e-01,2.843193709850311279e-01
9.271820187568664551e-01,-1.859183907508850098e-01,2.873457670211791992e-01
9.864776730537414551e-01,-1.474992632865905762e-01,2.828626334667205811e-01
1.045941710472106934e+00,-1.038327515125274658e-01,2.688266634941101074e-01
1.101490616798400879e+00,-5.453972518444061279e-02,2.437833398580551147e-01
1.148193120956420898e+00,2.007564603445644025e-07,2.074951231479644775e-01
1.155310273170471191e+00,0.000000000000000000e+00,1.735828518867492676e-01
1.183935046195983887e+00,5.862172320485115051e-02,1.247974038124084473e-01
1.192446470260620117e+00,1.183765307068824768e-01,7.099694013595581055e-02
1.179744362831115723e+00,1.763968765735626221e-01,1.767843775451183319e-02
1.147482991218566895e+00,2.300933897495269775e-01,-2.961798384785652161e-02
1.099554181098937988e+00,2.776833772659301758e-01,-6.648392975330352783e-02
1.041019439697265625e+00,3.184280395507812500e-01,-9.041324257850646973e-02
9.769058823585510254e-01,3.525269031524658203e-01,-1.009626761078834534e-01
9.113072156906127930e-01,3.807813823223114014e-01,-9.937886148691177368e-02
8.470088839530944824e-01,4.042168855667114258e-01,-8.795595169067382812e-02
7.856082320213317871e-01,4.238284528255462646e-01,-6.940255314111709595e-02
7.279034256935119629e-01,4.405058622360229492e-01,-4.637004435062408447e-02
6.742953658103942871e-01,4.550876915454864502e-01,-2.115059643983840942e-02
6.250389218330383301e-01,4.684468209743499756e-01,4.508174955844879150e-03
5.802964568138122559e-01,4.815154969692230225e-01,2.949988842010498047e-02
5.400653481483459473e-01,4.952201545238494873e-01,5.334296822547912598e-02
5.040860772132873535e-01,5.103597640991210938e-01,7.602936029434204102e-02
4.718178808689117432e-01,5.274952650070190430e-01,9.777767211198806763e-02
4.425165951251983643e-01,5.469234585762023926e-01,1.187914907932281494e-01
4.153886139392852783e-01,5.687693357467651367e-01,1.391289532184600830e-01
3.897411823272705078e-01,5.931643247604370117e-01,1.587173044681549072e-01
3.650550842285156250e-01,6.204227209091186523e-01,1.774511933326721191e-01
3.409502804279327393e-01,6.511311531066894531e-01,1.952708810567855835e-01
3.170660436153411865e-01,6.860948204994201660e-01,2.121369689702987671e-01
2.929261922836303711e-01,7.261669039726257324e-01,2.278904020786285400e-01
2.678483128547668457e-01,7.720240950584411621e-01,2.420485317707061768e-01
2.409224361181259155e-01,8.239325284957885742e-01,2.536102235317230225e-01
2.110524028539657593e-01,8.814976215362548828e-01,2.609504461288452148e-01
1.770593523979187012e-01,9.433830976486206055e-01,2.618832886219024658e-01
1.378606408834457397e-01,1.007025241851806641e+00,2.539702653884887695e-01
9.274154901504516602e-02,1.068497061729431152e+00,2.350976318120956421e-01
4.167828708887100220e-02,1.122725009918212891e+00,2.042324542999267578e-01
-1.440001837909221649e-02,1.164191484451293945e+00,1.621208190917968750e-01
-7.356493175029754639e-02,1.188038706779479980e+00,1.116153597831726074e-01
-1.331548541784286499e-01,1.191240310668945312e+00,5.739669874310493469e-02
-1.903127878904342651e-01,1.173392057418823242e+00,5.090358667075634003e-03
-2.426103800535202026e-01,1.136781930923461914e+00,-3.994625061750411987e-02
-2.885174453258514404e-01,1.085709095001220703e+00,-7.373036444187164307e-02
-3.275517225265502930e-01,1.025333523750305176e+00,-9.428063035011291504e-02
-3.600997030735015869e-01,9.605138897895812988e-01,-1.016272306442260742e-01
-3.870516717433929443e-01,8.950310349464416504e-01,-9.734248369932174683e-02
-4.094418883323669434e-01,8.313456773757934570e-01,-8.387866616249084473e-02
-4.282399713993072510e-01,7.708157896995544434e-01,-6.396697461605072021e-02
-4.443145394325256348e-01,7.141054272651672363e-01,-4.019150137901306152e-02
-4.585065543651580811e-01,6.615653038024902344e-01,-1.472263969480991364e-02
-4.717043340206146240e-01,6.134268641471862793e-01,1.084743812680244446e-02
-4.848476350307464600e-01,5.698208212852478027e-01,3.557511046528816223e-02
-4.988440871238708496e-01,5.306886434555053711e-01,5.911619216203689575e-02
-5.144408941268920898e-01,4.956978559494018555e-01,8.154464513063430786e-02
-5.321307778358459473e-01,4.642460048198699951e-01,1.030947640538215637e-01
-5.521548986434936523e-01,4.355607032775878906e-01,1.239404454827308655e-01
-5.746212005615234375e-01,4.088615179061889648e-01,1.441006362438201904e-01
-5.996921062469482422e-01,3.834958970546722412e-01,1.634842306375503540e-01
-6.277475953102111816e-01,3.589875698089599609e-01,1.819930076599121094e-01
-6.594388484954833984e-01,3.349741697311401367e-01,1.995795667171478271e-01
-6.956025362014770508e-01,3.110776841640472412e-01,2.161913216114044189e-01
-7.370694875717163086e-01,2.867764830589294434e-01,2.316084355115890503e-01
-7.844360470771789551e-01,2.613303065299987793e-01,2.452349513769149780e-01
-8.378272056579589844e-01,2.337765246629714966e-01,2.559183239936828613e-01
-8.966413140296936035e-01,2.029863744974136353e-01,2.618788182735443115e-01
-9.592591524124145508e-01,1.677842289209365845e-01,2.608279585838317871e-01
-1.022778868675231934e+00,1.271512508392333984e-01,2.503445148468017578e-01
-1.082948923110961914e+00,8.051435649394989014e-02,2.285112142562866211e-01
-1.134498476982116699e+00,2.806985378265380859e-02,1.946838051080703735e-01
-1.171962618827819824e+00,-2.899671904742717743e-02,1.501248478889465332e-01
-1.190838575363159180e+00,-8.853588253259658813e-02,9.819617867469787598e-02
-1.188705325126647949e+00,-1.477790474891662598e-01,4.391735047101974487e-02
-1.165856838226318359e+00,-2.039205133914947510e-01,-7.036454975605010986e-03
-1.125173211097717285e+00,-2.547225356101989746e-01,-4.956090077757835388e-02
-1.071284294128417969e+00,-2.989175915718078613e-01,-8.013945817947387695e-02
-1.009375333786010742e+00,-3.362674713134765625e-01,-9.731517732143402100e-02
-9.440873265266418457e-01,-3.673222064971923828e-01,-1.015605181455612183e-01
-8.788715600967407227e-01,-3.930369019508361816e-01,-9.473125636577606201e-02
-8.158830404281616211e-01,-4.144428670406341553e-01,-7.939930260181427002e-02
-7.562630176544189453e-01,-4.324813187122344971e-01,-5.829185247421264648e-02
-7.005695104598999023e-01,-4.480056762695312500e-01,-3.391013294458389282e-02
-6.491105556488037109e-01,-4.618630111217498779e-01,-8.291482925415039062e-03
-6.020982861518859863e-01,-4.749580919742584229e-01,1.713108271360397339e-02
-5.596261620521545410e-01,-4.882336854934692383e-01,4.157394170761108398e-02
-5.215718150138854980e-01,-5.025691390037536621e-01,6.481926888227462769e-02
-4.875313937664031982e-01,-5.186537504196166992e-01,8.700543642044067383e-02
-4.568470418453216553e-01,-5.369128584861755371e-01,1.083687692880630493e-01
-4.287280142307281494e-01,-5.575386285781860352e-01,1.290473341941833496e-01
-4.024164676666259766e-01,-5.806345343589782715e-01,1.490238904953002930e-01
-3.773037791252136230e-01,-6.064051389694213867e-01,1.681960821151733398e-01
-3.529512584209442139e-01,-6.352991461753845215e-01,1.864772737026214600e-01
-3.290061652660369873e-01,-6.680263876914978027e-01,2.038280963897705078e-01
-3.050653338432312012e-01,-7.054430842399597168e-01,2.201728224754333496e-01
-2.805562913417816162e-01,-7.483429908752441406e-01,2.352173775434494019e-01
-2.546813786029815674e-01,-7.972281575202941895e-01,2.482406944036483765e-01
-2.264288365840911865e-01,-8.520659804344177246e-01,2.579338252544403076e-01
-1.946440339088439941e-01,-9.120290875434875488e-01,2.623698413372039795e-01
-1.581675559282302856e-01,-9.751986265182495117e-01,2.591806650161743164e-01
-1.160625740885734558e-01,-1.038328647613525391e+00,2.460030317306518555e-01
-6.791926175355911255e-02,-1.096862673759460449e+00,2.211655229330062866e-01
-1.416763104498386383e-02,-1.145386815071105957e+00,1.844536364078521729e-01
4.375129565596580505e-02,-1.178561925888061523e+00,1.376596242189407349e-01
1.034882441163063049e-01,-1.192311525344848633e+00,8.462700992822647095e-02
1.622063219547271729e-01,-1.184862852096557617e+00,3.064882755279541016e-02
2.171894907951354980e-01,-1.157197952270507812e+00,-1.862838119268417358e-02
2.664166986942291260e-01,-1.112736105918884277e+00,-5.841869860887527466e-02
3.088859021663665771e-01,-1.056361675262451172e+00,-8.570118248462677002e-02
3.445877730846405029e-01,-9.932122230529785156e-01,-9.953466057777404785e-02
3.742105662822723389e-01,-9.276711344718933105e-01,-1.007983386516571045e-01
3.987535834312438965e-01,-8.628572225570678711e-01,-9.158796072006225586e-02
4.192337691783905029e-01,-8.006336688995361328e-01,-7.456012815237045288e-02
4.365656077861785889e-01,-7.419568896293640137e-01,-5.241442471742630005e-02
4.515920281410217285e-01,-6.872978210449218750e-01,-2.755432575941085815e-02
4.651714861392974854e-01,-6.369343996047973633e-01,-1.875925809144973755e-03
4.782237112522125244e-01,-5.910549163818359375e-01,2.335071563720703125e-02
4.916872978210449219e-01,-5.497093200683593750e-01,4.749631881713867188e-02
5.064050555229187012e-01,-5.127075910568237305e-01,7.045564055442810059e-02
5.230039954185485840e-01,-4.795756638050079346e-01,9.241537004709243774e-02
5.418432950973510742e-01,-4.496078491210937500e-01,1.136009469628334045e-01
5.630760788917541504e-01,-4.220075905323028564e-01,1.341105997562408447e-01
5.868138074874877930e-01,-3.960457146167755127e-01,1.538966298103332520e-01
6.133122444152832031e-01,-3.711584508419036865e-01,1.728521883487701416e-01
6.430892944335937500e-01,-3.469406962394714355e-01,1.909032613039016724e-01
6.769070625305175781e-01,-3.230394423007965088e-01,2.080147266387939453e-01
7.156276106834411621e-01,-2.990185916423797607e-01,2.240751832723617554e-01
7.599939107894897461e-01,-2.742517888545989990e-01,2.387030124664306641e-01
8.103959560394287109e-01,-2.478846609592437744e-01,2.510412931442260742e-01
8.666302561759948730e-01,-2.188604325056076050e-01,2.596229910850524902e-01
9.276241064071655273e-01,-1.860070377588272095e-01,2.623843550682067871e-01
9.911420941352844238e-01,-1.481966823339462280e-01,2.569057941436767578e-01
1.053595304489135742e+00,-1.045925319194793701e-01,2.409255206584930420e-01
1.110150337219238281e+00,-5.496850609779357910e-02,2.130676656961441040e-01
1.155310273170471191e+00,2.020008622594104963e-07,1.735826432704925537e-01
1.167658805847167969e+00,0.000000000000000000e+00,1.311489790678024292e-01
1.188214302062988281e+00,5.883360654115676880e-02,8.000050485134124756e-02
1.186920046806335449e+00,1.178279146552085876e-01,2.619957551360130310e-02
1.164038896560668945e+00,1.740485578775405884e-01,-2.429060637950897217e-02
1.122610449790954590e+00,2.251059561967849731e-01,-6.615799665451049805e-02
1.067552089691162109e+00,2.696014940738677979e-01,-9.584373980760574341e-02
1.004354000091552734e+00,3.072127699851989746e-01,-1.120229884982109070e-01
9.378901720046997070e-01,3.384476900100708008e-01,-1.154091358184814453e-01
8.717333078384399414e-01,3.642457723617553711e-01,-1.081113070249557495e-01
8.080749511718750000e-01,3.856364786624908447e-01,-9.288447350263595581e-02
7.480684518814086914e-01,4.035761058330535889e-01,-7.252682745456695557e-02
6.922902464866638184e-01,4.189538359642028809e-01,-4.950341582298278809e-02
6.410765647888183594e-01,4.326680302619934082e-01,-2.574357949197292328e-02
5.946422219276428223e-01,4.456654489040374756e-01,-2.544868737459182739e-03
5.530399680137634277e-01,4.588987231254577637e-01,1.943771168589591980e-02
5.160763859748840332e-01,4.732231497764587402e-01,4.009500145912170410e-02
4.832832515239715576e-01,4.892980158329010010e-01,5.966463685035705566e-02
4.539791941642761230e-01,5.075514912605285645e-01,7.849371433258056641e-02
4.273988902568817139e-01,5.282388925552368164e-01,9.685751795768737793e-02
4.028305709362030029e-01,5.515742897987365723e-01,1.148956716060638428e-01
3.796979188919067383e-01,5.778790712356567383e-01,1.326493769884109497e-01
3.575539290904998779e-01,6.076742410659790039e-01,1.501246243715286255e-01
3.359983265399932861e-01,6.416741609573364258e-01,1.673052012920379639e-01
3.145626485347747803e-01,6.806777715682983398e-01,1.840815693140029907e-01
2.926156520843505859e-01,7.253971099853515625e-01,2.001079916954040527e-01
2.693210840225219727e-01,7.762690782546997070e-01,2.146239429712295532e-01
2.436444163322448730e-01,8.332414627075195312e-01,2.262882590293884277e-01
2.144060581922531128e-01,8.955047726631164551e-01,2.331038415431976318e-01
1.803973168134689331e-01,9.611679911613464355e-01,2.325450778007507324e-01
1.405911743640899658e-01,1.026970863342285156e+00,2.219925522804260254e-01
9.445629268884658813e-02,1.088253021240234375e+00,1.994765996932983398e-01
4.229685664176940918e-02,1.139387965202331543e+00,1.645468175411224365e-01
-1.453059725463390350e-02,1.174748301506042480e+00,1.189222335815429688e-01
-7.368519902229309082e-02,1.189980983734130859e+00,6.656770408153533936e-02
-1.322502493858337402e-01,1.183147549629211426e+00,1.303790230304002762e-02
-1.873704940080642700e-01,1.155251145362854004e+00,-3.574104607105255127e-02
-2.368750870227813721e-01,1.109908342361450195e+00,-7.481212168931961060e-02
-2.796411812305450439e-01,1.052307128906250000e+00,-1.011578142642974854e-01
-3.155868649482727051e-01,9.878798723220825195e-01,-1.140043884515762329e-01
-3.453662395477294922e-01,9.212145805358886719e-01,-1.144843026995658875e-01
-3.699677288532257080e-01,8.555255532264709473e-01,-1.049357280135154724e-01
-3.904097676277160645e-01,7.927021384239196777e-01,-8.817197382450103760e-02
-4.076260030269622803e-01,7.337114214897155762e-01,-6.693534553050994873e-02
-4.225023686885833740e-01,6.790487766265869141e-01,-4.357055947184562683e-02
-4.359469413757324219e-01,6.290147304534912109e-01,-1.985515095293521881e-02
-4.489159584045410156e-01,5.837917327880859375e-01,3.077153116464614868e-03
-4.623479247093200684e-01,5.433778762817382812e-01,2.472114190459251404e-02
-4.770572483539581299e-01,5.075110197067260742e-01,4.507595300674438477e-02
-4.936451315879821777e-01,4.756597578525543213e-01,6.442840397357940674e-02
-5.124872922897338867e-01,4.471084475517272949e-01,8.312043547630310059e-02
-5.338147282600402832e-01,4.210932850837707520e-01,1.013948470354080200e-01
-5.578553676605224609e-01,3.969320952892303467e-01,1.193602383136749268e-01
-5.849753618240356445e-01,3.740847110748291016e-01,1.370442807674407959e-01
-6.157491207122802734e-01,3.521260619163513184e-01,1.544491797685623169e-01
-6.509252786636352539e-01,3.306495249271392822e-01,1.715453416109085083e-01
-6.912984251976013184e-01,3.091528713703155518e-01,1.881797164678573608e-01
-7.375299930572509766e-01,2.869556546211242676e-01,2.039200067520141602e-01
-7.899566292762756348e-01,2.631694376468658447e-01,2.178741991519927979e-01
-8.483642339706420898e-01,2.367166280746459961e-01,2.285385578870773315e-01
-9.117042422294616699e-01,2.063964009284973145e-01,2.337610125541687012e-01
-9.777650237083435059e-01,1.710211038589477539e-01,2.309385687112808228e-01
-1.042924046516418457e+00,1.296556890010833740e-01,2.175351679325103760e-01
-1.102217316627502441e+00,8.194690942764282227e-02,1.918809264898300171e-01
-1.149908542633056641e+00,2.845112793147563934e-02,1.540244221687316895e-01
-1.180566668510437012e+00,-2.920960076153278351e-02,1.062667965888977051e-01
-1.190352797508239746e+00,-8.849975466728210449e-02,5.305933579802513123e-02
-1.178045988082885742e+00,-1.464538723230361938e-01,1.780306920409202576e-04
-1.145365118980407715e+00,-2.003362923860549927e-01,-4.657490924000740051e-02
-1.096439599990844727e+00,-2.482176870107650757e-01,-8.265940845012664795e-02
-1.036640405654907227e+00,-2.892509996891021729e-01,-1.056187301874160767e-01
-9.712731242179870605e-01,-3.235739171504974365e-01,-1.152070239186286926e-01
-9.046068191528320312e-01,-3.519612848758697510e-01,-1.129305213689804077e-01
-8.395011425018310547e-01,-3.754301965236663818e-01,-1.013095825910568237e-01
-7.775707244873046875e-01,-3.949814140796661377e-01,-8.318210393190383911e-02
-7.196263670921325684e-01,-4.115300476551055908e-01,-6.121367216110229492e-02
-6.660966277122497559e-01,-4.259606897830963135e-01,-3.761909529566764832e-02
-6.172539591789245605e-01,-4.391960203647613525e-01,-1.401862874627113342e-02
-5.732425451278686523e-01,-4.521955847740173340e-01,8.616194128990173340e-03
-5.340014100074768066e-01,-4.658779203891754150e-01,2.992244809865951538e-02
-4.991973936557769775e-01,-4.810098707675933838e-01,4.999402537941932678e-02
-4.682427048683166504e-01,-4.981336891651153564e-01,6.915140151977539062e-02
-4.403958618640899658e-01,-5.175784826278686523e-01,8.772183954715728760e-02
-4.149029254913330078e-01,-5.395598411560058594e-01,1.059133037924766541e-01
-3.911150395870208740e-01,-5.643280148506164551e-01,1.238074153661727905e-01
-3.685270249843597412e-01,-5.922991037368774414e-01,1.414218395948410034e-01
-3.467288315296173096e-01,-6.240990161895751953e-01,1.587550789117813110e-01
-3.253003060817718506e-01,-6.605018377304077148e-01,1.757579445838928223e-01
-3.037003874778747559e-01,-7.022866606712341309e-01,1.922241896390914917e-01
-2.811973392963409424e-01,-7.500528693199157715e-01,2.076233625411987305e-01
-2.568517327308654785e-01,-8.040220737457275391e-01,2.209222465753555298e-01
-2.295472174882888794e-01,-8.638006448745727539e-01,2.304510921239852905e-01
-1.980697810649871826e-01,-9.280809164047241211e-01,2.339152246713638306e-01
-1.612677276134490967e-01,-9.943131208419799805e-01,2.286666184663772583e-01
-1.183189749717712402e-01,-1.058515071868896484e+00,2.123034894466400146e-01
-6.907051801681518555e-02,-1.115454912185668945e+00,1.835113465785980225e-01
-1.434042770415544510e-02,-1.159356594085693359e+00,1.428722888231277466e-01
4.399282112717628479e-02,-1.185068130493164062e+00,9.326365590095520020e-02
1.032293736934661865e-01,-1.189329028129577637e+00,3.957147151231765747e-02
1.603985875844955444e-01,-1.171657919883728027e+00,-1.229220815002918243e-02
2.129214704036712646e-01,-1.134457707405090332e+00,-5.673133209347724915e-02
2.591274380683898926e-01,-1.082291245460510254e+00,-8.967522531747817993e-02
2.984380722045898438e-01,-1.020631074905395508e+00,-1.092350110411643982e-01
3.311889171600341797e-01,-9.545924067497253418e-01,-1.156630814075469971e-01
3.582490384578704834e-01,-8.881023526191711426e-01,-1.107912361621856689e-01
3.806481063365936279e-01,-8.236790299415588379e-01,-9.727790951728820801e-02
3.993653059005737305e-01,-7.626897692680358887e-01,-7.795441150665283203e-02
4.153014123439788818e-01,-7.058176994323730469e-01,-5.539322271943092346e-02
4.293447434902191162e-01,-6.534386277198791504e-01,-3.167041391134262085e-02
4.424306452274322510e-01,-6.057965755462646484e-01,-8.245747536420822144e-03
4.555188119411468506e-01,-5.629930496215820312e-01,1.406992226839065552e-02
4.694997072219848633e-01,-5.249034166336059570e-01,3.504563868045806885e-02
4.850880205631256104e-01,-4.911252260208129883e-01,5.485501512885093689e-02
5.027679204940795898e-01,-4.610199034214019775e-01,7.383848726749420166e-02
5.228279232978820801e-01,-4.338293969631195068e-01,9.230031818151473999e-02
5.454775691032409668e-01,-4.088180363178253174e-01,1.104133427143096924e-01
5.709994435310363770e-01,-3.853724300861358643e-01,1.282370388507843018e-01
5.998618602752685547e-01,-3.630186915397644043e-01,1.457821875810623169e-01
6.327365040779113770e-01,-3.413554728031158447e-01,1.630409806966781616e-01
6.704156398773193359e-01,-3.199415206909179688e-01,1.799386441707611084e-01
7.136507034301757812e-01,-2.981925308704376221e-01,1.962044537067413330e-01
7.629666328430175781e-01,-2.753245234489440918e-01,2.111988067626953125e-01
8.184546828269958496e-01,-2.503496706485748291e-01,2.237377464771270752e-01
8.795244693756103516e-01,-2.221167534589767456e-01,2.319864779710769653e-01
9.445871114730834961e-01,-1.894084662199020386e-01,2.335238307714462280e-01
1.010740399360656738e+00,-1.511270403861999512e-01,2.256946861743927002e-01
1.073654770851135254e+00,-1.065838709473609924e-01,2.062854021787643433e-01
1.127874255180358887e+00,-5.584609508514404297e-02,1.743895113468170166e-01
1.167658925056457520e+00,2.041599742597099976e-07,1.311488747596740723e-01
1.180298566818237305e+00,0.000000000000000000e+00,8.180405944585800171e-02
1.189413785934448242e+00,5.889299511909484863e-02,2.923906594514846802e-02
1.175909399986267090e+00,1.167348623275756836e-01,-2.275573462247848511e-02
1.141670346260070801e+00,1.707039922475814819e-01,-6.828461587429046631e-02
1.091063022613525391e+00,2.187800705432891846e-01,-1.028670594096183777e-01
1.029706716537475586e+00,2.600439786911010742e-01,-1.242540553212165833e-01
9.631127119064331055e-01,2.945978641510009766e-01,-1.324945092201232910e-01
8.956803083419799805e-01,3.232158124446868896e-01,-1.293808370828628540e-01
8.303228020668029785e-01,3.469427824020385742e-01,-1.176247149705886841e-01
7.686539888381958008e-01,3.668236732482910156e-01,-1.001127064228057861e-01
7.114482522010803223e-01,3.838198482990264893e-01,-7.942245900630950928e-02
6.590687632560729980e-01,3.988491594791412354e-01,-5.759274214506149292e-02
6.116949319839477539e-01,4.128381311893463135e-01,-3.604685142636299133e-02
5.693566203117370605e-01,4.267146885395050049e-01,-1.559621002525091171e-02
5.318714380264282227e-01,4.413336217403411865e-01,3.494452685117721558e-03
4.988167285919189453e-01,4.573966860771179199e-01,2.136835455894470215e-02
4.695712625980377197e-01,4.754153788089752197e-01,3.838711604475975037e-02
4.434232711791992188e-01,4.957499206066131592e-01,5.495215952396392822e-02
4.196883440017700195e-01,5.187091231346130371e-01,7.139548659324645996e-02
3.977845609188079834e-01,5.446650385856628418e-01,8.795358240604400635e-02
3.772337138652801514e-01,5.741286873817443848e-01,1.047812774777412415e-01
3.575984835624694824e-01,6.077499389648437500e-01,1.219491884112358093e-01
3.383908569812774658e-01,6.462432742118835449e-01,1.393923461437225342e-01
3.189918398857116699e-01,6.902620196342468262e-01,1.568115651607513428e-01
2.986123859882354736e-01,7.402630448341369629e-01,1.735422462224960327e-01
2.762884795665740967e-01,7.963513731956481934e-01,1.884086132049560547e-01
2.509034276008605957e-01,8.580666184425354004e-01,1.996058076620101929e-01
2.212454080581665039e-01,9.240705370903015137e-01,2.047089040279388428e-01
1.861445158720016479e-01,9.917894005775451660e-01,2.009438872337341309e-01
1.447284966707229614e-01,1.057192564010620117e+00,1.858057081699371338e-01
9.677428007125854492e-02,1.114959120750427246e+00,1.579379439353942871e-01
4.303247109055519104e-02,1.159203886985778809e+00,1.179756373167037964e-01
-1.465352624654769897e-02,1.184686779975891113e+00,6.894825398921966553e-02
-7.357092946767807007e-02,1.188135623931884766e+00,1.594403386116027832e-02
-1.306864172220230103e-01,1.169157147407531738e+00,-3.495205566287040710e-02
-1.833308041095733643e-01,1.130344033241271973e+00,-7.808562368154525757e-02
-2.297461032867431641e-01,1.076504707336425781e+00,-1.094856858253479004e-01
-2.692895233631134033e-01,1.013353228569030762e+00,-1.275003701448440552e-01
-3.022699952125549316e-01,9.461941719055175781e-01,-1.326838582754135132e-01
-3.295641541481018066e-01,8.790647387504577637e-01,-1.271375417709350586e-01
-3.522346019744873047e-01,8.145189285278320312e-01,-1.136778444051742554e-01
-3.713071346282958984e-01,7.539154291152954102e-01,-9.514822065830230713e-02
-3.877258300781250000e-01,6.978918910026550293e-01,-7.400558888912200928e-02
-4.024072587490081787e-01,6.467517614364624023e-01,-5.213772878050804138e-02
-4.162825047969818115e-01,6.006414890289306641e-01,-3.081270493566989899e-02
-4.302694201469421387e-01,5.595428943634033203e-01,-1.069601997733116150e-02
-4.451909661293029785e-01,5.232140421867370605e-01,8.065121248364448547e-03
-4.617020487785339355e-01,4.911755621433258057e-01,2.568706497550010681e-02
-4.802697300910949707e-01,4.627716839313507080e-01,4.255631566047668457e-02
-5.012307167053222656e-01,4.372879266738891602e-01,5.906355008482933044e-02
-5.248998999595642090e-01,4.140608906745910645e-01,7.551695406436920166e-02
-5.516787767410278320e-01,3.925372362136840820e-01,9.213078767061233521e-02
-5.821164846420288086e-01,3.722564876079559326e-01,1.090409904718399048e-01
-6.168892383575439453e-01,3.527780175209045410e-01,1.262910068035125732e-01
-6.567075848579406738e-01,3.335867524147033691e-01,1.437679976224899292e-01
-7.021898627281188965e-01,3.140235841274261475e-01,1.610948592424392700e-01
-7.537206411361694336e-01,2.932550609111785889e-01,1.774927079677581787e-01
-8.112873435020446777e-01,2.702756524085998535e-01,1.916369348764419556e-01
-8.742426037788391113e-01,2.439374029636383057e-01,2.015589028596878052e-01
-9.409713149070739746e-01,2.130220383405685425e-01,2.047077119350433350e-01
-1.008547067642211914e+00,1.764051765203475952e-01,1.983054131269454956e-01
-1.072578310966491699e+00,1.333422809839248657e-01,1.800467967987060547e-01
-1.127514123916625977e+00,8.382765203714370728e-02,1.490040570497512817e-01
-1.167503833770751953e+00,2.888647280633449554e-02,1.063992008566856384e-01
-1.187683224678039551e+00,-2.938567847013473511e-02,5.583888292312622070e-02
-1.185440063476562500e+00,-8.813451230525970459e-02,2.782769035547971725e-03
-1.161154627799987793e+00,-1.443539708852767944e-01,-4.665469750761985779e-02
-1.118074178695678711e+00,-1.955628246068954468e-01,-8.714153617620468140e-02
-1.061366558074951172e+00,-2.402776777744293213e-01,-1.152565851807594299e-01
-9.967555999755859375e-01,-2.781220376491546631e-01,-1.299371421337127686e-01
-9.292846918106079102e-01,-3.095857501029968262e-01,-1.321992427110671997e-01
-8.626157641410827637e-01,-3.356235325336456299e-01,-1.243996769189834595e-01
-7.989649772644042969e-01,-3.573021888732910156e-01,-1.094160154461860657e-01
-7.394649386405944824e-01,-3.756248652935028076e-01,-9.002344310283660889e-02
-6.846405267715454102e-01,-3.915228247642517090e-01,-6.854638457298278809e-02
-6.347500681877136230e-01,-4.059149324893951416e-01,-4.671969264745712280e-02
-5.899021625518798828e-01,-4.197343587875366211e-01,-2.565649524331092834e-02
-5.500280857086181641e-01,-4.338831305503845215e-01,-5.882298573851585388e-03
-5.148255825042724609e-01,-4.491483569145202637e-01,1.256369240581989288e-02
-4.837615191936492920e-01,-4.661363959312438965e-01,2.995874360203742981e-02
-4.561546742916107178e-01,-4.852740168571472168e-01,4.670325294137001038e-02
-4.312933683395385742e-01,-5.068807005882263184e-01,6.317203491926193237e-02
-4.085391461849212646e-01,-5.312840342521667480e-01,7.964882254600524902e-02
-3.873672783374786377e-01,-5.589204430580139160e-01,9.632702171802520752e-02
-3.673299849033355713e-01,-5.903752446174621582e-01,1.133226603269577026e-01
-3.479761183261871338e-01,-6.263441443443298340e-01,1.306482553482055664e-01
-3.287602961063385010e-01,-6.675270795822143555e-01,1.481361985206604004e-01
-3.089809715747833252e-01,-7.144976854324340820e-01,1.653226912021636963e-01
-2.877602279186248779e-01,-7.675583958625793457e-01,1.813055574893951416e-01
-2.640531957149505615e-01,-8.265647888183593750e-01,1.946045160293579102e-01
-2.366849929094314575e-01,-8.906605243682861328e-01,2.030899077653884888e-01
-2.044406831264495850e-01,-9.579325318336486816e-01,2.041073441505432129e-01
-1.662592291831970215e-01,-1.025088667869567871e+00,1.949191093444824219e-01
-1.215474382042884827e-01,-1.087397813796997070e+00,1.734778881072998047e-01
-7.053653150796890259e-02,-1.139130353927612305e+00,1.393355131149291992e-01
-1.452841330319643021e-02,-1.174554347991943359e+00,9.431613981723785400e-02
4.414857551455497742e-02,-1.189263701438903809e+00,4.256983846426010132e-02
1.025370582938194275e-01,-1.181352615356445312e+00,-1.014805957674980164e-02
1.577029973268508911e-01,-1.151967525482177734e+00,-5.778799951076507568e-02
2.073833048343658447e-01,-1.104949951171875000e+00,-9.541216492652893066e-02
2.503757774829864502e-01,-1.045738458633422852e+00,-1.201773062348365784e-01
2.865535020828247070e-01,-9.799868464469909668e-01,-1.315910369157791138e-01
3.165619969367980957e-01,-9.124329686164855957e-01,-1.310832798480987549e-01
3.414110839366912842e-01,-8.463609218597412109e-01,-1.212134733796119690e-01
3.621602654457092285e-01,-7.836734652519226074e-01,-1.048811078071594238e-01
3.797909021377563477e-01,-7.253075242042541504e-01,-8.477122336626052856e-02
3.952259123325347900e-01,-6.716987490653991699e-01,-6.306839734315872192e-02
4.093874394893646240e-01,-6.230647563934326172e-01,-4.135229811072349548e-02
4.232075214385986328e-01,-5.794753432273864746e-01,-2.058350853621959686e-02
4.375678300857543945e-01,-5.408067107200622559e-01,-1.153126358985900879e-03
4.532146155834197998e-01,-5.066966414451599121e-01,1.699612475931644440e-02
4.707058370113372803e-01,-4.765640497207641602e-01,3.419001400470733643e-02
4.904322624206542969e-01,-4.497085511684417725e-01,5.083357915282249451e-02
5.127046108245849609e-01,-4.254293143749237061e-01,6.728155910968780518e-02
5.378699302673339844e-01,-4.031163752079010010e-01,8.379347622394561768e-02
5.663999915122985840e-01,-3.822682201862335205e-01,1.005434095859527588e-01
5.989161133766174316e-01,-3.624463379383087158e-01,1.176258921623229980e-01
6.361255645751953125e-01,-3.431838154792785645e-01,1.350170373916625977e-01
6.787098050117492676e-01,-3.238997459411621094e-01,1.524877846240997314e-01
7.271883487701416016e-01,-3.038491308689117432e-01,1.694782972335815430e-01
7.817716002464294434e-01,-2.821104824542999268e-01,1.849541664123535156e-01
8.421650528907775879e-01,-2.576022148132324219e-01,1.972739398479461670e-01
9.072838425636291504e-01,-2.291271686553955078e-01,2.041548788547515869e-01
9.748946428298950195e-01,-1.954857259988784790e-01,2.028658390045166016e-01
1.041333317756652832e+00,-1.557013392448425293e-01,1.907590627670288086e-01
1.101555585861206055e+00,-1.093536466360092163e-01,1.661036461591720581e-01
1.149720668792724609e+00,-5.692780762910842896e-02,1.289750933647155762e-01
1.180298566818237305e+00,2.063699611198899220e-07,8.180393278598785400e-02
1.188223361968994141e+00,0.000000000000000000e+00,2.781798318028450012e-02
1.183782339096069336e+00,5.861415714025497437e-02,-2.460943162441253662e-02
1.157226562500000000e+00,1.148801892995834351e-01,-7.282432168722152710e-02
1.112049102783203125e+00,1.662749797105789185e-01,-1.116604506969451904e-01
1.053606986999511719e+00,2.112693935632705688e-01,-1.380060017108917236e-01
9.877488613128662109e-01,2.494478672742843628e-01,-1.511581540107727051e-01
9.195930957794189453e-01,2.812860310077667236e-01,-1.524429768323898315e-01
8.528504967689514160e-01,3.077602088451385498e-01,-1.444003731012344360e-01
7.897674441337585449e-01,3.299970924854278564e-01,-1.299320161342620850e-01
7.314658761024475098e-01,3.490764498710632324e-01,-1.116923168301582336e-01
6.783989071846008301e-01,3.659900128841400146e-01,-9.179174154996871948e-02
6.306757926940917969e-01,3.816665709018707275e-01,-7.172608375549316406e-02
5.882043242454528809e-01,3.969841003417968750e-01,-5.241084098815917969e-02
5.507135987281799316e-01,4.127423465251922607e-01,-3.425643220543861389e-02
5.177528858184814453e-01,4.296183884143829346e-01,-1.727269776165485382e-02
4.887358844280242920e-01,4.481529295444488525e-01,-1.203424762934446335e-03
4.630229175090789795e-01,4.687855243682861328e-01,1.433540228754281998e-02
4.400038719177246094e-01,4.919269979000091553e-01,2.975257486104965210e-02
4.191432297229766846e-01,5.180354118347167969e-01,4.542737081646919250e-02
3.999685049057006836e-01,5.476554036140441895e-01,6.168183684349060059e-02
3.820118904113769531e-01,5.814007520675659180e-01,7.873877882957458496e-02
3.647395372390747070e-01,6.198863983154296875e-01,9.664599597454071045e-02
3.475024998188018799e-01,6.636443138122558594e-01,1.151750385761260986e-01
3.295217454433441162e-01,7.130475044250488281e-01,1.337124407291412354e-01
3.098937273025512695e-01,7.682296037673950195e-01,1.511486768722534180e-01
2.875963449478149414e-01,8.289441466331481934e-01,1.657794266939163208e-01
2.614971399307250977e-01,8.942961692810058594e-01,1.752765476703643799e-01
2.304107397794723511e-01,9.623512029647827148e-01,1.768549382686614990e-01
1.932751089334487915e-01,1.029781699180603027e+00,1.677537560462951660e-01
1.494657993316650391e-01,1.091796994209289551e+00,1.460336297750473022e-01
9.917534887790679932e-02,1.142622351646423340e+00,1.114772558212280273e-01
4.367618262767791748e-02,1.176544070243835449e+00,6.620677560567855835e-02
-1.471027918159961700e-02,1.189275026321411133e+00,1.464853622019290924e-02
-7.301291078329086304e-02,1.179123759269714355e+00,-3.728689625859260559e-02
-1.282645463943481445e-01,1.147490382194519043e+00,-8.357480168342590332e-02
-1.781580299139022827e-01,1.098450779914855957e+00,-1.194857805967330933e-01
-2.214469462633132935e-01,1.037617921829223633e+00,-1.425083875656127930e-01
-2.579691410064697266e-01,9.707539677619934082e-01,-1.525064110755920410e-01
-2.883637547492980957e-01,9.026635289192199707e-01,-1.511937975883483887e-01
-3.136729300022125244e-01,8.366772532463073730e-01,-1.412744522094726562e-01
-3.350227773189544678e-01,7.747176885604858398e-01,-1.256328076124191284e-01
-3.534707725048065186e-01,7.176998257637023926e-01,-1.068039461970329285e-01
-3.699898719787597656e-01,6.659678220748901367e-01,-8.674563467502593994e-02
-3.854967355728149414e-01,6.195730566978454590e-01,-6.680292636156082153e-02
-4.008535146713256836e-01,5.783795118331909180e-01,-4.775716736912727356e-02
-4.168331027030944824e-01,5.420696735382080078e-01,-2.990732714533805847e-02
-4.340782761573791504e-01,5.101537704467773438e-01,-1.318338233977556229e-02
-4.530985951423645020e-01,4.820228815078735352e-01,2.714879810810089111e-03
-4.743190109729766846e-01,4.570377469062805176e-01,1.818553544580936432e-02
-4.981558620929718018e-01,4.346053004264831543e-01,3.363329172134399414e-02
-5.250877737998962402e-01,4.142091274261474609e-01,4.942578822374343872e-02
-5.556802749633789062e-01,3.953844308853149414e-01,6.586520373821258545e-02
-5.905549526214599609e-01,3.776527941226959229e-01,8.313926309347152710e-02
-6.303137540817260742e-01,3.604550361633300781e-01,1.012365445494651794e-01
-6.754558682441711426e-01,3.431102931499481201e-01,1.198426485061645508e-01
-7.263028621673583984e-01,3.248070478439331055e-01,1.382305026054382324e-01
-7.829106450080871582e-01,3.046122193336486816e-01,1.551500260829925537e-01
-8.449021577835083008e-01,2.814742624759674072e-01,1.687384098768234253e-01
-9.111607670783996582e-01,2.542385458946228027e-01,1.765270829200744629e-01
-9.794310927391052246e-01,2.217287719249725342e-01,1.756777167320251465e-01
-1.046008467674255371e+00,1.829575747251510620e-01,1.635510772466659546e-01
-1.105786681175231934e+00,1.374707221984863281e-01,1.385576128959655762e-01
-1.152890205383300781e+00,8.571430295705795288e-02,1.010268703103065491e-01
-1.181830883026123047e+00,2.924095466732978821e-02,5.369196832180023193e-02
-1.188880562782287598e+00,-2.941530197858810425e-02,1.455039018765091896e-03
-1.173109173774719238e+00,-8.721774071455001831e-02,-4.960495978593826294e-02
-1.136658787727355957e+00,-1.413086503744125366e-01,-9.366542845964431763e-02
-1.084115624427795410e+00,-1.896231174468994141e-01,-1.264936029911041260e-01
-1.021257042884826660e+00,-2.311974763870239258e-01,-1.461874842643737793e-01
-9.536896347999572754e-01,-2.661054730415344238e-01,-1.531429886817932129e-01
-8.858729600906372070e-01,-2.951233685016632080e-01,-1.494060158729553223e-01
-8.207604885101318359e-01,-3.193386495113372803e-01,-1.377928555011749268e-01
-7.599793672561645508e-01,-3.398675620555877686e-01,-1.211372464895248413e-01
-7.042657136917114258e-01,-3.577447831630706787e-01,-1.018418893218040466e-01
-6.538707613945007324e-01,-3.739266395568847656e-01,-8.170947432518005371e-02
-6.087963581085205078e-01,-3.893178403377532959e-01,-6.193820759654045105e-02
-5.688605308532714844e-01,-4.047625660896301270e-01,-4.317996278405189514e-02
-5.337011814117431641e-01,-4.210038185119628906e-01,-2.562966383993625641e-02
-5.027912259101867676e-01,-4.386492669582366943e-01,-9.146206080913543701e-03
-4.755059182643890381e-01,-4.581815898418426514e-01,6.606464274227619171e-03
-4.512118697166442871e-01,-4.800156950950622559e-01,2.203437313437461853e-02
-4.293341040611267090e-01,-5.045780539512634277e-01,3.753584250807762146e-02
-4.093734622001647949e-01,-5.323690772056579590e-01,5.346523225307464600e-02
-3.908690810203552246e-01,-5.639731287956237793e-01,7.010184228420257568e-02
-3.733277022838592529e-01,-6.000148057937622070e-01,8.759264647960662842e-02
-3.561621606349945068e-01,-6.410787105560302734e-01,1.058609336614608765e-01
-3.386587202548980713e-01,-6.876252293586730957e-01,1.244991123676300049e-01
-3.199748396873474121e-01,-7.399202585220336914e-01,1.426598280668258667e-01
-2.991472780704498291e-01,-7.979316711425781250e-01,1.589462459087371826e-01
-2.750961184501647949e-01,-8.611323237419128418e-01,1.713369935750961304e-01
-2.466496527194976807e-01,-9.281582236289978027e-01,1.772367805242538452e-01
-2.126530408859252930e-01,-9.964125752449035645e-01,1.737906038761138916e-01
-1.722157299518585205e-01,-1.061814188957214355e+00,1.585346311330795288e-01
-1.250779330730438232e-01,-1.118982672691345215e+00,1.302856653928756714e-01
-7.195350527763366699e-02,-1.162013769149780273e+00,8.995276689529418945e-02
-1.466670539230108261e-02,-1.185734629631042480e+00,4.086481779813766479e-02
4.406617954373359680e-02,-1.187044143676757812e+00,-1.166389137506484985e-02
1.011862456798553467e-01,-1.165789604187011719e+00,-6.147716566920280457e-02
1.539858877658843994e-01,-1.124815344810485840e+00,-1.030421406030654907e-01
2.006615847349166870e-01,-1.069136261940002441e+00,-1.326688379049301147e-01
2.405280768871307373e-01,-1.004607796669006348e+00,-1.490621566772460938e-01
2.738722264766693115e-01,-9.366180300712585449e-01,-1.531075537204742432e-01
3.015830516815185547e-01,-8.692588806152343750e-01,-1.471261084079742432e-01
3.247745335102081299e-01,-8.051187992095947266e-01,-1.339982599020004272e-01
3.445469737052917480e-01,-7.455603480339050293e-01,-1.164798289537429810e-01
3.619128763675689697e-01,-6.911648511886596680e-01,-9.683044254779815674e-02
3.778145313262939453e-01,-6.421076059341430664e-01,-7.669853419065475464e-02
3.931430280208587646e-01,-5.983417034149169922e-01,-5.713916942477226257e-02
4.087221622467041016e-01,-5.596413612365722656e-01,-3.868009522557258606e-02
4.252628087997436523e-01,-5.255984663963317871e-01,-2.141956426203250885e-02
4.433388411998748779e-01,-4.956554174423217773e-01,-5.154913291335105896e-03
4.634084701538085938e-01,-4.691758751869201660e-01,1.047784462571144104e-02
4.858824312686920166e-01,-4.455365240573883057e-01,2.588815055787563324e-02
5.112016797065734863e-01,-4.241822063922882080e-01,4.146558791399002075e-02
5.398881435394287109e-01,-4.046289920806884766e-01,5.754932761192321777e-02
5.725430846214294434e-01,-3.864142596721649170e-01,7.439271360635757446e-02
6.097894310951232910e-01,-3.690265715122222900e-01,9.209634363651275635e-02
6.521870493888854980e-01,-3.518488705158233643e-01,1.105105280876159668e-01
7.001553773880004883e-01,-3.341341912746429443e-01,1.291284859180450439e-01
7.538972496986389160e-01,-3.150092363357543945e-01,1.469751596450805664e-01
8.132815957069396973e-01,-2.934812009334564209e-01,1.625020951032638550e-01
8.776074051856994629e-01,-2.684433758258819580e-01,1.735314130783081055e-01
9.452398419380187988e-01,-2.387126535177230835e-01,1.773607581853866577e-01
1.013222694396972656e+00,-2.031712681055068970e-01,1.711590439081192017e-01
1.077108740806579590e+00,-1.610505133867263794e-01,1.526955515146255493e-01
1.131291270256042480e+00,-1.123055666685104370e-01,1.212461143732070923e-01
1.169920325279235840e+00,-5.792798474431037903e-02,7.832111418247222900e-02
1.188223361968994141e+00,2.077555762980409781e-07,2.781785465776920319e-02
1.188223361968994141e+00,0.000000000000000000e+00,-2.781807258725166321e-02
1.169920325279235840e+00,5.792779102921485901e-02,-7.832114398479461670e-02
1.131291270256042480e+00,1.123055443167686462e-01,-1.212462633848190308e-01
1.077108383178710938e+00,1.610506176948547363e-01,-1.526957452297210693e-01
1.013222217559814453e+00,2.031714171171188354e-01,-1.711591035127639771e-01
9.452400207519531250e-01,2.387126088142395020e-01,-1.773607432842254639e-01
8.776074647903442383e-01,2.684434354305267334e-01,-1.735313683748245239e-01
8.132813572883605957e-01,2.934812605381011963e-01,-1.625020354986190796e-01
7.538973093032836914e-01,3.150091171264648438e-01,-1.469752043485641479e-01
7.001552581787109375e-01,3.341341316699981689e-01,-1.291284561157226562e-01
6.521868109703063965e-01,3.518488109111785889e-01,-1.105104684829711914e-01
6.097891330718994141e-01,3.690265715122222900e-01,-9.209634363651275635e-02
5.725431442260742188e-01,3.864142596721649170e-01,-7.439281791448593140e-02
5.398882031440734863e-01,4.046290516853332520e-01,-5.754942819476127625e-02
5.112015008926391602e-01,4.241822361946105957e-01,-4.146566241979598999e-02
4.858823716640472412e-01,4.455363750457763672e-01,-2.588817477226257324e-02
4.634083807468414307e-01,4.691757857799530029e-01,-1.047786418348550797e-02
4.433388411998748779e-01,4.956555068492889404e-01,5.154960788786411285e-03
4.252627789974212646e-01,5.255987644195556641e-01,2.141966111958026886e-02
4.087221324443817139e-01,5.596413016319274902e-01,3.867999836802482605e-02
3.931429684162139893e-01,5.983416438102722168e-01,5.713906884193420410e-02
3.778144717216491699e-01,6.421076655387878418e-01,7.669855654239654541e-02
3.619129955768585205e-01,6.911647319793701172e-01,9.683039784431457520e-02
3.445470035076141357e-01,7.455604672431945801e-01,1.164798811078071594e-01
3.247744739055633545e-01,8.051191568374633789e-01,1.339983642101287842e-01
3.015831112861633301e-01,8.692584633827209473e-01,1.471261084079742432e-01
2.738722860813140869e-01,9.366179704666137695e-01,1.531075835227966309e-01
2.405280321836471558e-01,1.004607915878295898e+00,1.490621864795684814e-01
2.006614506244659424e-01,1.069136619567871094e+00,1.326687484979629517e-01
1.539859622716903687e-01,1.124815225601196289e+00,1.030420064926147461e-01
1.011861860752105713e-01,1.165789723396301270e+00,6.147692725062370300e-02
4.406597465276718140e-02,1.187044262886047363e+00,1.166350860148668289e-02
-1.466648932546377182e-02,1.185734748840332031e+00,-4.086471349000930786e-02
-7.195343822240829468e-02,1.162013888359069824e+00,-8.995275944471359253e-02
-1.250779926776885986e-01,1.118982553482055664e+00,-1.302857249975204468e-01
-1.722158938646316528e-01,1.061813950538635254e+00,-1.585347354412078857e-01
-2.126529812812805176e-01,9.964126348495483398e-01,-1.737906634807586670e-01
-2.466496527194976807e-01,9.281579852104187012e-01,-1.772367954254150391e-01
-2.750961184501647949e-01,8.611319065093994141e-01,-1.713369786739349365e-01
-2.991472184658050537e-01,7.979319691658020020e-01,-1.589462906122207642e-01
-3.199747800827026367e-01,7.399202585220336914e-01,-1.426598578691482544e-01
-3.386587798595428467e-01,6.876250505447387695e-01,-1.244990974664688110e-01
-3.561622202396392822e-01,6.410785317420959473e-01,-1.058609187602996826e-01
-3.733275234699249268e-01,6.000146269798278809e-01,-8.759266138076782227e-02
-3.908689618110656738e-01,5.639730691909790039e-01,-7.010184228420257568e-02
-4.093735218048095703e-01,5.323688983917236328e-01,-5.346517264842987061e-02
-4.293340742588043213e-01,5.045781135559082031e-01,-3.753590956330299377e-02
-4.512118697166442871e-01,4.800157248973846436e-01,-2.203446812927722931e-02
-4.755060970783233643e-01,4.581815898418426514e-01,-6.606462411582469940e-03
-5.027912259101867676e-01,4.386493563652038574e-01,9.146193973720073700e-03
-5.337013006210327148e-01,4.210037887096405029e-01,2.562972530722618103e-02
-5.688604712486267090e-01,4.047625660896301270e-01,4.317994788289070129e-02
-6.087964177131652832e-01,3.893179595470428467e-01,6.193816661834716797e-02
-6.538709402084350586e-01,3.739266097545623779e-01,8.170951157808303833e-02
-7.042657136917114258e-01,3.577448129653930664e-01,1.018418595194816589e-01
-7.599796652793884277e-01,3.398675024509429932e-01,1.211372911930084229e-01
-8.207604289054870605e-01,3.193386793136596680e-01,1.377927660942077637e-01
-8.858731389045715332e-01,2.951234877109527588e-01,1.494059711694717407e-01
-9.536901116371154785e-01,2.661054134368896484e-01,1.531429737806320190e-01
-1.021256923675537109e+00,2.311975210905075073e-01,1.461874246597290039e-01
-1.084115862846374512e+00,1.896229386329650879e-01,1.264934539794921875e-01
-1.136658668518066406e+00,1.413087248802185059e-01,9.366543591022491455e-02
-1.173109412193298340e+00,8.721754699945449829e-02,4.960466921329498291e-02
-1.188880562782287598e+00,2.941537648439407349e-02,-1.455023535527288914e-03
-1.181830883026123047e+00,-2.924087829887866974e-02,-5.369204282760620117e-02
-1.152889966964721680e+00,-8.571448922157287598e-02,-1.010270863771438599e-01
-1.105786800384521484e+00,-1.374706625938415527e-01,-1.385576128959655762e-01
-1.046008110046386719e+00,-1.829577237367630005e-01,-1.635512411594390869e-01
-9.794312119483947754e-01,-2.217287272214889526e-01,-1.756777763366699219e-01
-9.111605286598205566e-01,-2.542386651039123535e-01,-1.765270680189132690e-01
-8.449021577835083008e-01,-2.814742028713226318e-01,-1.687384843826293945e-01
-7.829107046127319336e-01,-3.046121895313262939e-01,-1.551500558853149414e-01
-7.263025641441345215e-01,-3.248070776462554932e-01,-1.382304728031158447e-01
-6.754558682441711426e-01,-3.431102931499481201e-01,-1.198426932096481323e-01
-6.303135156631469727e-01,-3.604550659656524658e-01,-1.012365072965621948e-01
-5.905549526214599609e-01,-3.776527047157287598e-01,-8.313929289579391479e-02
-5.556803345680236816e-01,-3.953844010829925537e-01,-6.586531549692153931e-02
-5.250875949859619141e-01,-4.142091274261474609e-01,-4.942572861909866333e-02
-4.981557726860046387e-01,-4.346051514148712158e-01,-3.363331407308578491e-02
-4.743188917636871338e-01,-4.570378065109252930e-01,-1.818558201193809509e-02
-4.530985951423645020e-01,-4.820228517055511475e-01,-2.714980393648147583e-03
-4.340783059597015381e-01,-5.101537108421325684e-01,1.318331528455018997e-02
-4.168329834938049316e-01,-5.420697331428527832e-01,2.990731969475746155e-02
-4.008535742759704590e-01,-5.783794522285461426e-01,4.775709286332130432e-02
-3.854967355728149414e-01,-6.195729374885559082e-01,6.680285930633544922e-02
-3.699898123741149902e-01,-6.659679412841796875e-01,8.674572408199310303e-02
-3.534706830978393555e-01,-7.177000045776367188e-01,1.068039909005165100e-01
-3.350227773189544678e-01,-7.747176289558410645e-01,1.256327778100967407e-01
-3.136730492115020752e-01,-8.366770744323730469e-01,1.412744522094726562e-01
-2.883637249469757080e-01,-9.026638865470886230e-01,1.511938124895095825e-01
-2.579690814018249512e-01,-9.707539677619934082e-01,1.525064259767532349e-01
-2.214470356702804565e-01,-1.037617921829223633e+00,1.425084024667739868e-01
-1.781578510999679565e-01,-1.098451018333435059e+00,1.194856241345405579e-01
-1.282644867897033691e-01,-1.147490382194519043e+00,8.357471972703933716e-02
-7.301298528909683228e-02,-1.179123759269714355e+00,3.728692978620529175e-02
-1.471049711108207703e-02,-1.189275026321411133e+00,-1.464848313480615616e-02
4.367638379335403442e-02,-1.176543951034545898e+00,-6.620702892541885376e-02
9.917540103197097778e-02,-1.142622232437133789e+00,-1.114773526787757874e-01
1.494657397270202637e-01,-1.091797113418579102e+00,-1.460336148738861084e-01
1.932752132415771484e-01,-1.029781222343444824e+00,-1.677537858486175537e-01
2.304107546806335449e-01,-9.623509645462036133e-01,-1.768549084663391113e-01
2.614970803260803223e-01,-8.942962288856506348e-01,-1.752765774726867676e-01
2.875963151454925537e-01,-8.289445638656616211e-01,-1.657794415950775146e-01
3.098938465118408203e-01,-7.682294249534606934e-01,-1.511486470699310303e-01
3.295217454433441162e-01,-7.130474448204040527e-01,-1.337124258279800415e-01
3.475025296211242676e-01,-6.636446118354797363e-01,-1.151751428842544556e-01
3.647396266460418701e-01,-6.198863387107849121e-01,-9.664599597454071045e-02
3.820119500160217285e-01,-5.814008116722106934e-01,-7.873887568712234497e-02
3.999685645103454590e-01,-5.476555228233337402e-01,-6.168194860219955444e-02
4.191432297229766846e-01,-5.180350542068481445e-01,-4.542734846472740173e-02
4.400038719177246094e-01,-4.919269084930419922e-01,-2.975264936685562134e-02
4.630229175090789795e-01,-4.687855243682861328e-01,-1.433556433767080307e-02
4.887359440326690674e-01,-4.481531083583831787e-01,1.203280407935380936e-03
5.177529454231262207e-01,-4.296182990074157715e-01,1.727264001965522766e-02
5.507137775421142578e-01,-4.127424061298370361e-01,3.425635024905204773e-02
5.882042646408081055e-01,-3.969841003417968750e-01,5.241072922945022583e-02
6.306759119033813477e-01,-3.816664516925811768e-01,7.172605395317077637e-02
6.783990859985351562e-01,-3.659900128841400146e-01,9.179177135229110718e-02
7.314658761024475098e-01,-3.490764498710632324e-01,1.116923093795776367e-01
7.897672057151794434e-01,-3.299971520900726318e-01,1.299319863319396973e-01
8.528508543968200684e-01,-3.077601790428161621e-01,1.444004476070404053e-01
9.195930957794189453e-01,-2.812859714031219482e-01,1.524430215358734131e-01
9.877487421035766602e-01,-2.494479268789291382e-01,1.511581838130950928e-01
1.053607344627380371e+00,-2.112691849470138550e-01,1.380059123039245605e-01
1.112049221992492676e+00,-1.662748754024505615e-01,1.116603463888168335e-01
1.157226562500000000e+00,-1.148802116513252258e-01,7.282429933547973633e-02
1.183782339096069336e+00,-5.861435085535049438e-02,2.460952848196029663e-02
1.188223361968994141e+00,2.077555762980409781e-07,-2.781822346150875092e-02
1.180298566818237305e+00,0.000000000000000000e+00,-8.180414885282516479e-02
1.149720549583435059e+00,5.692761391401290894e-02,-1.289751231670379639e-01
1.101555585861206055e+00,1.093536242842674255e-01,-1.661037802696228027e-01
1.041332840919494629e+00,1.557014137506484985e-01,-1.907591968774795532e-01
9.748939275741577148e-01,1.954858303070068359e-01,-2.028658986091613770e-01
9.072840809822082520e-01,2.291271388530731201e-01,-2.041549086570739746e-01
8.421651124954223633e-01,2.576023042201995850e-01,-1.972739249467849731e-01
7.817713022232055664e-01,2.821105122566223145e-01,-1.849540919065475464e-01
7.271882891654968262e-01,3.038489818572998047e-01,-1.694783568382263184e-01
6.787096858024597168e-01,3.238996863365173340e-01,-1.524877846240997314e-01
6.361253857612609863e-01,3.431838452816009521e-01,-1.350170373916625977e-01
5.989158749580383301e-01,3.624463677406311035e-01,-1.176258325576782227e-01
5.664001703262329102e-01,3.822682797908782959e-01,-1.005435138940811157e-01
5.378699898719787598e-01,4.031164348125457764e-01,-8.379356563091278076e-02
5.127046108245849609e-01,4.254294335842132568e-01,-6.728161871433258057e-02
4.904322624206542969e-01,4.497084319591522217e-01,-5.083360522985458374e-02
4.707058370113372803e-01,4.765640497207641602e-01,-3.419002890586853027e-02
4.532146155834197998e-01,5.066967010498046875e-01,-1.699606142938137054e-02
4.375678896903991699e-01,5.408071279525756836e-01,1.153226941823959351e-03
4.232074022293090820e-01,5.794751644134521484e-01,2.058341912925243378e-02
4.093873202800750732e-01,6.230646371841430664e-01,4.135221987962722778e-02
3.952258825302124023e-01,6.716989278793334961e-01,6.306842714548110962e-02
3.797910511493682861e-01,7.253074645996093750e-01,8.477118611335754395e-02
3.621603548526763916e-01,7.836737632751464844e-01,1.048811525106430054e-01
3.414110243320465088e-01,8.463612794876098633e-01,1.212135627865791321e-01
3.165621161460876465e-01,9.124327301979064941e-01,1.310833245515823364e-01
2.865535318851470947e-01,9.799866676330566406e-01,1.315910369157791138e-01
2.503757774829864502e-01,1.045738697052001953e+00,1.201773136854171753e-01
2.073831707239151001e-01,1.104950308799743652e+00,9.541201591491699219e-02
1.577030718326568604e-01,1.151967525482177734e+00,5.778785422444343567e-02
1.025369986891746521e-01,1.181352734565734863e+00,1.014782488346099854e-02
4.414836689829826355e-02,1.189263701438903809e+00,-4.257024824619293213e-02
-1.452820096164941788e-02,1.174554586410522461e+00,-9.431600570678710938e-02
-7.053645700216293335e-02,1.139130353927612305e+00,-1.393355131149291992e-01
-1.215474829077720642e-01,1.087397575378417969e+00,-1.734779477119445801e-01
-1.662593781948089600e-01,1.025088429450988770e+00,-1.949192285537719727e-01
-2.044405788183212280e-01,9.579324126243591309e-01,-2.041073888540267944e-01
-2.366850227117538452e-01,8.906604647636413574e-01,-2.030899226665496826e-01
-2.640532553195953369e-01,8.265644907951354980e-01,-1.946045011281967163e-01
-2.877601683139801025e-01,7.675586938858032227e-01,-1.813056319952011108e-01
-3.089809417724609375e-01,7.144977450370788574e-01,-1.653227210044860840e-01
-3.287603557109832764e-01,6.675269603729248047e-01,-1.481362134218215942e-01
-3.479762077331542969e-01,6.263440251350402832e-01,-1.306482553482055664e-01
-3.673299252986907959e-01,5.903752446174621582e-01,-1.133226528763771057e-01
-3.873672187328338623e-01,5.589205026626586914e-01,-9.632703661918640137e-02
-4.085392951965332031e-01,5.312840342521667480e-01,-7.964877039194107056e-02
-4.312933385372161865e-01,5.068807601928710938e-01,-6.317210197448730469e-02
-4.561546444892883301e-01,4.852740168571472168e-01,-4.670336470007896423e-02
-4.837617278099060059e-01,4.661364555358886719e-01,-2.995874360203742981e-02
-5.148257017135620117e-01,4.491485357284545898e-01,-1.256370730698108673e-02
-5.500282645225524902e-01,4.338831007480621338e-01,5.882375873625278473e-03
-5.899020433425903320e-01,4.197343289852142334e-01,2.565649151802062988e-02
-6.347500085830688477e-01,4.059149622917175293e-01,4.671965166926383972e-02
-6.846407055854797363e-01,3.915227949619293213e-01,6.854643672704696655e-02
-7.394648194313049316e-01,3.756248354911804199e-01,9.002340584993362427e-02
-7.989652752876281738e-01,3.573021292686462402e-01,1.094161123037338257e-01
-8.626158237457275391e-01,3.356236219406127930e-01,1.243996247649192810e-01
-9.292848110198974609e-01,3.095858395099639893e-01,1.321991980075836182e-01
-9.967560172080993652e-01,2.781219482421875000e-01,1.299370676279067993e-01
-1.061366438865661621e+00,2.402777224779129028e-01,1.152565255761146545e-01
-1.118074536323547363e+00,1.955626606941223145e-01,8.714132010936737061e-02
-1.161154627799987793e+00,1.443540453910827637e-01,4.665466398000717163e-02
-1.185440182685852051e+00,8.813431113958358765e-02,-2.783082425594329834e-03
-1.187683224678039551e+00,2.938575297594070435e-02,-5.583886802196502686e-02
-1.167503833770751953e+00,-2.888639830052852631e-02,-1.063992530107498169e-01
-1.127514004707336426e+00,-8.382784575223922729e-02,-1.490042656660079956e-01
-1.072578549385070801e+00,-1.333422511816024780e-01,-1.800467967987060547e-01
-1.008546829223632812e+00,-1.764053404331207275e-01,-1.983055472373962402e-01
-9.409713745117187500e-01,-2.130219936370849609e-01,-2.047077566385269165e-01
-8.742423057556152344e-01,-2.439374923706054688e-01,-2.015589177608489990e-01
-8.112874031066894531e-01,-2.702756226062774658e-01,-1.916370540857315063e-01
-7.537206411361694336e-01,-2.932550311088562012e-01,-1.774927675724029541e-01
-7.021898031234741211e-01,-3.140237033367156982e-01,-1.610948443412780762e-01
-6.567075848579406738e-01,-3.335867524147033691e-01,-1.437680423259735107e-01
-6.168891191482543945e-01,-3.527781069278717041e-01,-1.262909621000289917e-01
-5.821166634559631348e-01,-3.722564876079559326e-01,-1.090410500764846802e-01
-5.516788363456726074e-01,-3.925372064113616943e-01,-9.213089197874069214e-02
-5.248997807502746582e-01,-4.140609800815582275e-01,-7.551687955856323242e-02
-5.012307763099670410e-01,-4.372878670692443848e-01,-5.906357616186141968e-02
-4.802697002887725830e-01,-4.627718031406402588e-01,-4.255634546279907227e-02
-4.617020189762115479e-01,-4.911754727363586426e-01,-2.568715251982212067e-02
-4.451909065246582031e-01,-5.232139229774475098e-01,-8.065190166234970093e-03
-4.302693009376525879e-01,-5.595429539680480957e-01,1.069604419171810150e-02
-4.162824451923370361e-01,-6.006413102149963379e-01,3.081263601779937744e-02
-4.024072289466857910e-01,-6.467515826225280762e-01,5.213768035173416138e-02
-3.877257704734802246e-01,-6.978920102119445801e-01,7.400569319725036621e-02
-3.713070750236511230e-01,-7.539157271385192871e-01,9.514831006526947021e-02
-3.522347211837768555e-01,-8.145191073417663574e-01,1.136778146028518677e-01
-3.295642137527465820e-01,-8.790644407272338867e-01,1.271375268697738647e-01
-3.022699058055877686e-01,-9.461944103240966797e-01,1.326838731765747070e-01
-2.692894935607910156e-01,-1.013353347778320312e+00,1.275003850460052490e-01
-2.297461926937103271e-01,-1.076504707336425781e+00,1.094857081770896912e-01
-1.833306401968002319e-01,-1.130344390869140625e+00,7.808544486761093140e-02
-1.306863725185394287e-01,-1.169157266616821289e+00,3.495196998119354248e-02
-7.357100397348403931e-02,-1.188135623931884766e+00,-1.594401895999908447e-02
-1.465374417603015900e-02,-1.184686779975891113e+00,-6.894820928573608398e-02
4.303267225623130798e-02,-1.159203767776489258e+00,-1.179758831858634949e-01
9.677432477474212646e-02,-1.114958882331848145e+00,-1.579380333423614502e-01
1.447284221649169922e-01,-1.057192683219909668e+00,-1.858057230710983276e-01
1.861446052789688110e-01,-9.917889833450317383e-01,-2.009439468383789062e-01
2.212454527616500854e-01,-9.240704774856567383e-01,-2.047088891267776489e-01
2.509033977985382080e-01,-8.580667376518249512e-01,-1.996058672666549683e-01
2.762884199619293213e-01,-7.963516116142272949e-01,-1.884086430072784424e-01
2.986125051975250244e-01,-7.402628660202026367e-01,-1.735422015190124512e-01
3.189918994903564453e-01,-6.902620196342468262e-01,-1.568115651607513428e-01
3.383908569812774658e-01,-6.462435722351074219e-01,-1.393924504518508911e-01
3.575985133647918701e-01,-6.077498793601989746e-01,-1.219492256641387939e-01
3.772338032722473145e-01,-5.741286873817443848e-01,-1.047813594341278076e-01
3.977846503257751465e-01,-5.446652173995971680e-01,-8.795370161533355713e-02
4.196884632110595703e-01,-5.187089443206787109e-01,-7.139545679092407227e-02
4.434233009815216064e-01,-4.957498610019683838e-01,-5.495223402976989746e-02
4.695712327957153320e-01,-4.754153490066528320e-01,-3.838726878166198730e-02
4.988167583942413330e-01,-4.573968648910522461e-01,-2.136849425733089447e-02
5.318714976310729980e-01,-4.413335323333740234e-01,-3.494488075375556946e-03
5.693566203117370605e-01,-4.267146289348602295e-01,1.559613272547721863e-02
6.116948723793029785e-01,-4.128381311893463135e-01,3.604676574468612671e-02
6.590688228607177734e-01,-3.988490104675292969e-01,5.759274214506149292e-02
7.114483714103698730e-01,-3.838197886943817139e-01,7.942250370979309082e-02
7.686539888381958008e-01,-3.668236732482910156e-01,1.001126915216445923e-01
8.303225636482238770e-01,-3.469428420066833496e-01,1.176247000694274902e-01
8.956806063652038574e-01,-3.232157528400421143e-01,1.293808966875076294e-01
9.631128311157226562e-01,-2.945978343486785889e-01,1.324945539236068726e-01
1.029706716537475586e+00,-2.600440680980682373e-01,1.242540851235389709e-01
1.091063499450683594e+00,-2.187798917293548584e-01,1.028669103980064392e-01
1.141670465469360352e+00,-1.707038730382919312e-01,6.828451156616210938e-02
1.175909399986267090e+00,-1.167348921298980713e-01,2.275572158396244049e-02
1.189413785934448242e+00,-5.889319255948066711e-02,-2.923895791172981262e-02
1.180298566818237305e+00,2.063699611198899220e-07,-8.180429041385650635e-02
1.167658805847167969e+00,0.000000000000000000e+00,-1.311490237712860107e-01
1.127874374389648438e+00,5.584591627120971680e-02,-1.743895113468170166e-01
1.073654770851135254e+00,1.065838485956192017e-01,-2.062854766845703125e-01
1.010740041732788086e+00,1.511271297931671143e-01,-2.256947606801986694e-01
9.445865750312805176e-01,1.894086003303527832e-01,-2.335238456726074219e-01
8.795247077941894531e-01,2.221167385578155518e-01,-2.319864779710769653e-01
8.184548020362854004e-01,2.503497600555419922e-01,-2.237377464771270752e-01
7.629665136337280273e-01,2.753245830535888672e-01,-2.111987769603729248e-01
7.136508226394653320e-01,2.981924712657928467e-01,-1.962044686079025269e-01
6.704156398773193359e-01,3.199415206909179688e-01,-1.799385845661163330e-01
6.327363848686218262e-01,3.413554728031158447e-01,-1.630409359931945801e-01
5.998617410659790039e-01,3.630188107490539551e-01,-1.457821279764175415e-01
5.709995031356811523e-01,3.853724300861358643e-01,-1.282371282577514648e-01
5.454776287078857422e-01,4.088181555271148682e-01,-1.104133576154708862e-01
5.228279232978820801e-01,4.338295459747314453e-01,-9.230034053325653076e-02
5.027678608894348145e-01,4.610197544097900391e-01,-7.383852452039718628e-02
4.850880503654479980e-01,4.911252856254577637e-01,-5.485501885414123535e-02
4.694996774196624756e-01,5.249034762382507324e-01,-3.504558652639389038e-02
4.555188715457916260e-01,5.629934668540954590e-01,-1.406978815793991089e-02
4.424305558204650879e-01,6.057963967323303223e-01,8.245652541518211365e-03
4.293446242809295654e-01,6.534385681152343750e-01,3.167037665843963623e-02
4.153012931346893311e-01,7.058177590370178223e-01,5.539326369762420654e-02
3.993654549121856689e-01,7.626897692680358887e-01,7.795440405607223511e-02
3.806481063365936279e-01,8.236791491508483887e-01,9.727796912193298340e-02
3.582489788532257080e-01,8.881027102470397949e-01,1.107912808656692505e-01
3.311890363693237305e-01,9.545921683311462402e-01,1.156631559133529663e-01
2.984381020069122314e-01,1.020630836486816406e+00,1.092350408434867859e-01
2.591274082660675049e-01,1.082291364669799805e+00,8.967521041631698608e-02
2.129213213920593262e-01,1.134457945823669434e+00,5.673124641180038452e-02
1.603986769914627075e-01,1.171657919883728027e+00,1.229211501777172089e-02
1.032293215394020081e-01,1.189329147338867188e+00,-3.957167640328407288e-02
4.399260878562927246e-02,1.185068011283874512e+00,-9.326393902301788330e-02
-1.434021815657615662e-02,1.159356832504272461e+00,-1.428721547126770020e-01
-6.907045841217041016e-02,1.115455031394958496e+00,-1.835113018751144409e-01
-1.183190271258354187e-01,1.058514952659606934e+00,-2.123035192489624023e-01
-1.612678915262222290e-01,9.943129420280456543e-01,-2.286667227745056152e-01
-1.980697214603424072e-01,9.280809164047241211e-01,-2.339152395725250244e-01
-2.295472323894500732e-01,8.638004660606384277e-01,-2.304510474205017090e-01
-2.568518221378326416e-01,8.040218949317932129e-01,-2.209222018718719482e-01
-2.811972498893737793e-01,7.500530481338500977e-01,-2.076234519481658936e-01
-3.037003874778747559e-01,7.022867798805236816e-01,-1.922242045402526855e-01
-3.253003954887390137e-01,6.605017185211181641e-01,-1.757579594850540161e-01
-3.467289507389068604e-01,6.240990161895751953e-01,-1.587550491094589233e-01
-3.685269355773925781e-01,5.922991037368774414e-01,-1.414218544960021973e-01
-3.911150395870208740e-01,5.643281340599060059e-01,-1.238074451684951782e-01
-4.149030745029449463e-01,5.395597815513610840e-01,-1.059132665395736694e-01
-4.403957724571228027e-01,5.175784826278686523e-01,-8.772188425064086914e-02
-4.682427346706390381e-01,4.981337785720825195e-01,-6.915150582790374756e-02
-4.991974830627441406e-01,4.810097813606262207e-01,-4.999403282999992371e-02
-5.340014100074768066e-01,4.658779799938201904e-01,-2.992248535156250000e-02
-5.732426643371582031e-01,4.521955251693725586e-01,-8.616104722023010254e-03
-6.172540187835693359e-01,4.391961395740509033e-01,1.401862129569053650e-02
-6.660965681076049805e-01,4.259607493877410889e-01,3.761902451515197754e-02
-7.196266055107116699e-01,4.115300476551055908e-01,6.121370941400527954e-02
-7.775706648826599121e-01,3.949813842773437500e-01,8.318208903074264526e-02
-8.395012617111206055e-01,3.754300773143768311e-01,1.013096719980239868e-01
-9.046067595481872559e-01,3.519613146781921387e-01,1.129304841160774231e-01
-9.712731242179870605e-01,3.235739767551422119e-01,1.152069866657257080e-01
-1.036640763282775879e+00,2.892508804798126221e-01,1.056186705827713013e-01
-1.096439480781555176e+00,2.482177317142486572e-01,8.265946805477142334e-02
-1.145365238189697266e+00,2.003360986709594727e-01,4.657471925020217896e-02
-1.178046107292175293e+00,1.464539766311645508e-01,-1.780381426215171814e-04
-1.190352797508239746e+00,8.849954605102539062e-02,-5.305958166718482971e-02
-1.180566906929016113e+00,2.920968085527420044e-02,-1.062667071819305420e-01
-1.149908661842346191e+00,-2.845105901360511780e-02,-1.540244519710540771e-01
-1.102217197418212891e+00,-8.194710314273834229e-02,-1.918810606002807617e-01
-1.042924284934997559e+00,-1.296556442975997925e-01,-2.175351381301879883e-01
-9.777648448944091797e-01,-1.710212528705596924e-01,-2.309386581182479858e-01
-9.117043018341064453e-01,-2.063963562250137329e-01,-2.337610274553298950e-01
-8.483640551567077637e-01,-2.367167472839355469e-01,-2.285385131835937500e-01
-7.899568080902099609e-01,-2.631694674491882324e-01,-2.178742438554763794e-01
-7.375300526618957520e-01,-2.869556546211242676e-01,-2.039200365543365479e-01
-6.912983655929565430e-01,-3.091529905796051025e-01,-1.881796717643737793e-01
-6.509254574775695801e-01,-3.306495845317840576e-01,-1.715453863143920898e-01
-6.157490611076354980e-01,-3.521261215209960938e-01,-1.544491499662399292e-01
-5.849753022193908691e-01,-3.740845918655395508e-01,-1.370443105697631836e-01
-5.578554868698120117e-01,-3.969320952892303467e-01,-1.193602979183197021e-01
-5.338146686553955078e-01,-4.210934042930603027e-01,-1.013947427272796631e-01
-5.124872922897338867e-01,-4.471083581447601318e-01,-8.312046527862548828e-02
-4.936449825763702393e-01,-4.756597578525543213e-01,-6.442843377590179443e-02
-4.770572483539581299e-01,-5.075109601020812988e-01,-4.507603496313095093e-02
-4.623479545116424561e-01,-5.433778166770935059e-01,-2.472120895981788635e-02
-4.489157497882843018e-01,-5.837917327880859375e-01,-3.077115863561630249e-03
-4.359468817710876465e-01,-6.290145516395568848e-01,1.985507830977439880e-02
-4.225023984909057617e-01,-6.790486574172973633e-01,4.357050359249114990e-02
-4.076260030269622803e-01,-7.337116599082946777e-01,6.693546473979949951e-02
-3.904096186161041260e-01,-7.927021980285644531e-01,8.817209303379058838e-02
-3.699677288532257080e-01,-8.555254936218261719e-01,1.049357131123542786e-01
-3.453664183616638184e-01,-9.212145209312438965e-01,1.144843176007270813e-01
-3.155867457389831543e-01,-9.878799915313720703e-01,1.140043437480926514e-01
-2.796411514282226562e-01,-1.052307248115539551e+00,1.011578142642974854e-01
-2.368751466274261475e-01,-1.109908342361450195e+00,7.481213659048080444e-02
-1.873702853918075562e-01,-1.155251145362854004e+00,3.574085235595703125e-02
-1.322501897811889648e-01,-1.183147668838500977e+00,-1.303795725107192993e-02
-7.368526607751846313e-02,-1.189980864524841309e+00,-6.656765937805175781e-02
-1.453081052750349045e-02,-1.174748182296752930e+00,-1.189221292734146118e-01
4.229705035686492920e-02,-1.139387845993041992e+00,-1.645470112562179565e-01
9.445635229349136353e-02,-1.088252902030944824e+00,-1.994766592979431152e-01
1.405910998582839966e-01,-1.026970863342285156e+00,-2.219925224781036377e-01
1.803974211215972900e-01,-9.611676335334777832e-01,-2.325451076030731201e-01
2.144060879945755005e-01,-8.955047130584716797e-01,-2.331038117408752441e-01
2.436443865299224854e-01,-8.332415819168090820e-01,-2.262882441282272339e-01
2.693210542201995850e-01,-7.762694358825683594e-01,-2.146239876747131348e-01
2.926158010959625244e-01,-7.253969907760620117e-01,-2.001079022884368896e-01
3.145627081394195557e-01,-6.806777715682983398e-01,-1.840815097093582153e-01
3.359982967376708984e-01,-6.416743397712707520e-01,-1.673052608966827393e-01
3.575539886951446533e-01,-6.076741814613342285e-01,-1.501246094703674316e-01
3.796979784965515137e-01,-5.778790712356567383e-01,-1.326494365930557251e-01
4.028306603431701660e-01,-5.515744090080261230e-01,-1.148957610130310059e-01
4.273990392684936523e-01,-5.282387733459472656e-01,-9.685739129781723022e-02
4.539791941642761230e-01,-5.075514316558837891e-01,-7.849372923374176025e-02
4.832832515239715576e-01,-4.892980158329010010e-01,-5.966471880674362183e-02
5.160763859748840332e-01,-4.732233285903930664e-01,-4.009511694312095642e-02
5.530400276184082031e-01,-4.588986337184906006e-01,-1.943768560886383057e-02
5.946422815322875977e-01,-4.456654489040374756e-01,2.544835209846496582e-03
6.410765647888183594e-01,-4.326680600643157959e-01,2.574354223906993866e-02
6.922904849052429199e-01,-4.189537465572357178e-01,4.950346052646636963e-02
7.480685710906982422e-01,-4.035760462284088135e-01,7.252687960863113403e-02
8.080748915672302246e-01,-3.856364488601684570e-01,9.288444370031356812e-02
8.717330098152160645e-01,-3.642458319664001465e-01,1.081112921237945557e-01
9.378905296325683594e-01,-3.384476304054260254e-01,1.154091730713844299e-01
1.004354119300842285e+00,-3.072127401828765869e-01,1.120230108499526978e-01
1.067551970481872559e+00,-2.696015536785125732e-01,9.584382176399230957e-02
1.122610807418823242e+00,-2.251057624816894531e-01,6.615780293941497803e-02
1.164039134979248047e+00,-1.740484535694122314e-01,2.429045736789703369e-02
1.186920166015625000e+00,-1.178279519081115723e-01,-2.619958296418190002e-02
1.188214302062988281e+00,-5.883380025625228882e-02,-8.000040054321289062e-02
1.167658805847167969e+00,2.041599458380005672e-07,-1.311491727828979492e-01
1.155310153961181641e+00,0.000000000000000000e+00,-1.735829114913940430e-01
1.110150337219238281e+00,5.496832355856895447e-02,-2.130676060914993286e-01
1.053595304489135742e+00,1.045925021171569824e-01,-2.409255951642990112e-01
9.911419153213500977e-01,1.481967866420745850e-01,-2.569058835506439209e-01
9.276237487792968750e-01,1.860072165727615356e-01,-2.623843550682067871e-01
8.666302561759948730e-01,2.188603430986404419e-01,-2.596230208873748779e-01
8.103958964347839355e-01,2.478846907615661621e-01,-2.510412931442260742e-01
7.599936723709106445e-01,2.742518186569213867e-01,-2.387029677629470825e-01
7.156276702880859375e-01,2.990184724330902100e-01,-2.240752577781677246e-01
6.769071221351623535e-01,3.230394721031188965e-01,-2.080147117376327515e-01
6.430892348289489746e-01,3.469407558441162109e-01,-1.909032464027404785e-01
6.133121252059936523e-01,3.711585998535156250e-01,-1.728520989418029785e-01
5.868138670921325684e-01,3.960456848144531250e-01,-1.538966596126556396e-01
5.630760788917541504e-01,4.220076501369476318e-01,-1.341105997562408447e-01
5.418432354927062988e-01,4.496079683303833008e-01,-1.136008873581886292e-01
5.230039954185485840e-01,4.795755445957183838e-01,-9.241542220115661621e-02
5.064050555229187012e-01,5.127075910568237305e-01,-7.045560330152511597e-02
4.916873276233673096e-01,5.497094392776489258e-01,-4.749626293778419495e-02
4.782237708568572998e-01,5.910553336143493652e-01,-2.335055917501449585e-02
4.651714861392974854e-01,6.369343400001525879e-01,1.875933259725570679e-03
4.515920877456665039e-01,6.872979402542114258e-01,2.755437418818473816e-02
4.365656673908233643e-01,7.419571876525878906e-01,5.241451784968376160e-02
4.192339777946472168e-01,8.006337285041809082e-01,7.456012070178985596e-02
3.987536132335662842e-01,8.628574609756469727e-01,9.158796817064285278e-02
3.742104768753051758e-01,9.276714920997619629e-01,1.007983535528182983e-01
3.445879817008972168e-01,9.932122230529785156e-01,9.953466057777404785e-02
3.088860213756561279e-01,1.056361675262451172e+00,8.570111542940139771e-02
2.664166688919067383e-01,1.112736344337463379e+00,5.841855704784393311e-02
2.171893417835235596e-01,1.157198190689086914e+00,1.862814649939537048e-02
1.622063964605331421e-01,1.184862732887268066e+00,-3.064890205860137939e-02
1.034881919622421265e-01,1.192311644554138184e+00,-8.462721109390258789e-02
4.375108703970909119e-02,1.178561806678771973e+00,-1.376598775386810303e-01
-1.416742242872714996e-02,1.145386934280395508e+00,-1.844536066055297852e-01
-6.791917979717254639e-02,1.096862554550170898e+00,-2.211655676364898682e-01
-1.160626187920570374e-01,1.038328528404235840e+00,-2.460030913352966309e-01
-1.581677049398422241e-01,9.751983880996704102e-01,-2.591807246208190918e-01
-1.946439743041992188e-01,9.120291471481323242e-01,-2.623698413372039795e-01
-2.264288812875747681e-01,8.520659208297729492e-01,-2.579337954521179199e-01
-2.546814680099487305e-01,7.972280383110046387e-01,-2.482406795024871826e-01
-2.805562317371368408e-01,7.483432292938232422e-01,-2.352174371480941772e-01
-3.050653040409088135e-01,7.054430842399597168e-01,-2.201727777719497681e-01
-3.290062546730041504e-01,6.680262088775634766e-01,-2.038280367851257324e-01
-3.529513478279113770e-01,6.352991461753845215e-01,-1.864772289991378784e-01
-3.773037791252136230e-01,6.064052581787109375e-01,-1.681961119174957275e-01
-4.024164974689483643e-01,5.806346535682678223e-01,-1.490239500999450684e-01
-4.287282824516296387e-01,5.575387477874755859e-01,-1.290472745895385742e-01
-4.568470716476440430e-01,5.369129776954650879e-01,-1.083687916398048401e-01
-4.875314831733703613e-01,5.186538696289062500e-01,-8.700545877218246460e-02
-5.215720534324645996e-01,5.025691986083984375e-01,-6.481919437646865845e-02
-5.596261620521545410e-01,4.882337749004364014e-01,-4.157401993870735168e-02
-6.020985245704650879e-01,4.749581217765808105e-01,-1.713103801012039185e-02
-6.491106152534484863e-01,4.618631303310394287e-01,8.291441947221755981e-03
-7.005695700645446777e-01,4.480057954788208008e-01,3.391011431813240051e-02
-7.562633156776428223e-01,4.324813485145568848e-01,5.829194188117980957e-02
-8.158831596374511719e-01,4.144429266452789307e-01,7.939925044775009155e-02
-8.788719177246093750e-01,3.930368721485137939e-01,9.473125636577606201e-02
-9.440873265266418457e-01,3.673222661018371582e-01,1.015605330467224121e-01
-1.009375333786010742e+00,3.362675309181213379e-01,9.731510281562805176e-02
-1.071284651756286621e+00,2.989174723625183105e-01,8.013939112424850464e-02
-1.125173211097717285e+00,2.547226250171661377e-01,4.956097900867462158e-02
-1.165857076644897461e+00,2.039203196763992310e-01,7.036220282316207886e-03
-1.188705325126647949e+00,1.477791219949722290e-01,-4.391735047101974487e-02
-1.190838575363159180e+00,8.853566646575927734e-02,-9.819643199443817139e-02
-1.171962738037109375e+00,2.899679727852344513e-02,-1.501248329877853394e-01
-1.134498357772827148e+00,-2.806977927684783936e-02,-1.946838051080703735e-01
-1.082948803901672363e+00,-8.051454275846481323e-02,-2.285113185644149780e-01
-1.022778987884521484e+00,-1.271511912345886230e-01,-2.503445446491241455e-01
-9.592589139938354492e-01,-1.677843779325485229e-01,-2.608280479907989502e-01
-8.966414332389831543e-01,-2.029863446950912476e-01,-2.618788778781890869e-01
-8.378272056579589844e-01,-2.337766736745834351e-01,-2.559182941913604736e-01
-7.844361066818237305e-01,-2.613302767276763916e-01,-2.452349960803985596e-01
-7.370694279670715332e-01,-2.867764234542846680e-01,-2.316085100173950195e-01
-6.956025362014770508e-01,-3.110778331756591797e-01,-2.161912918090820312e-01
-6.594390869140625000e-01,-3.349742591381072998e-01,-1.995796263217926025e-01
-6.277475953102111816e-01,-3.589876890182495117e-01,-1.819930076599121094e-01
-5.996921062469482422e-01,-3.834958076477050781e-01,-1.634842604398727417e-01
-5.746213197708129883e-01,-4.088615477085113525e-01,-1.441007554531097412e-01
-5.521549582481384277e-01,-4.355608820915222168e-01,-1.239403858780860901e-01
-5.321308970451354980e-01,-4.642460048198699951e-01,-1.030948162078857422e-01
-5.144408941268920898e-01,-4.956979751586914062e-01,-8.154465258121490479e-02
-4.988440573215484619e-01,-5.306885242462158203e-01,-5.911627411842346191e-02
-4.848476946353912354e-01,-5.698208212852478027e-01,-3.557516261935234070e-02
-4.717042148113250732e-01,-6.134269833564758301e-01,-1.084737852215766907e-02
-4.585066139698028564e-01,-6.615652441978454590e-01,1.472260057926177979e-02
-4.443145096302032471e-01,-7.141053080558776855e-01,4.019149765372276306e-02
-4.282399713993072510e-01,-7.708160877227783203e-01,6.396709382534027100e-02
-4.094417989253997803e-01,-8.313457965850830078e-01,8.387878537178039551e-02
-3.870516717433929443e-01,-8.950309157371520996e-01,9.734252095222473145e-02
-3.600998818874359131e-01,-9.605138301849365234e-01,1.016272604465484619e-01
-3.275516331195831299e-01,-1.025333642959594727e+00,9.428054094314575195e-02
-2.885174155235290527e-01,-1.085709214210510254e+00,7.373029738664627075e-02
-2.426104992628097534e-01,-1.136782050132751465e+00,3.994624316692352295e-02
-1.903125941753387451e-01,-1.173392295837402344e+00,-5.090584047138690948e-03
-1.331547796726226807e-01,-1.191240429878234863e+00,-5.739685148000717163e-02
-7.356501370668411255e-02,-1.188038825988769531e+00,-1.116153150796890259e-01
-1.440023165196180344e-02,-1.164191484451293945e+00,-1.621207296848297119e-01
4.167848080396652222e-02,-1.122724890708923340e+00,-2.042326033115386963e-01
9.274160861968994141e-02,-1.068497061729431152e+00,-2.350977063179016113e-01
1.378605961799621582e-01,-1.007025480270385742e+00,-2.539702355861663818e-01
1.770594716072082520e-01,-9.433828592300415039e-01,-2.618833482265472412e-01
2.110524475574493408e-01,-8.814976215362548828e-01,-2.609504461288452148e-01
2.409224212169647217e-01,-8.239327073097229004e-01,-2.536102831363677979e-01
2.678482830524444580e-01,-7.720243930816650391e-01,-2.420486211776733398e-01
2.929262816905975342e-01,-7.261666655540466309e-01,-2.278903573751449585e-01
3.170661330223083496e-01,-6.860949397087097168e-01,-2.121369391679763794e-01
3.409502506256103516e-01,-6.511313915252685547e-01,-1.952709853649139404e-01
3.650552034378051758e-01,-6.204227209091186523e-01,-1.774512082338333130e-01
3.897412121295928955e-01,-5.931643247604370117e-01,-1.587173342704772949e-01
4.153887033462524414e-01,-5.687695145606994629e-01,-1.391290724277496338e-01
4.425168037414550781e-01,-5.469233393669128418e-01,-1.187913864850997925e-01
4.718180000782012939e-01,-5.274953246116638184e-01,-9.777772426605224609e-02
5.040861368179321289e-01,-5.103598237037658691e-01,-7.602947205305099487e-02
5.400651693344116211e-01,-4.952201545238494873e-01,-5.334310233592987061e-02
5.802965760231018066e-01,-4.815154075622558594e-01,-2.949984371662139893e-02
6.250389218330383301e-01,-4.684467613697052002e-01,-4.508186131715774536e-03
6.742954254150390625e-01,-4.550877809524536133e-01,2.115057222545146942e-02
7.279036045074462891e-01,-4.405057728290557861e-01,4.637013003230094910e-02
7.856084704399108887e-01,-4.238284826278686523e-01,6.940261274576187134e-02
8.470088243484497070e-01,-4.042168557643890381e-01,8.795595169067382812e-02
9.113070964813232422e-01,-3.807815015316009521e-01,9.937885403633117676e-02
9.769061803817749023e-01,-3.525268435478210449e-01,1.009626686573028564e-01
1.041019558906555176e+00,-3.184280097484588623e-01,9.041323512792587280e-02
1.099554061889648438e+00,-2.776834666728973389e-01,6.648398935794830322e-02
1.147483348846435547e+00,-2.300931811332702637e-01,2.961768954992294312e-02
1.179744362831115723e+00,-1.763967126607894897e-01,-1.767863333225250244e-02
1.192446470260620117e+00,-1.183765605092048645e-01,-7.099698483943939209e-02
1.183935284614562988e+00,-5.862192809581756592e-02,-1.247972846031188965e-01
1.155310034751892090e+00,2.020008196268463507e-07,-1.735830903053283691e-01
1.148192882537841797e+00,0.000000000000000000e+00,-2.074953615665435791e-01
1.101490736007690430e+00,5.453955009579658508e-02,-2.437833249568939209e-01
1.045941591262817383e+00,1.038327142596244812e-01,-2.688267230987548828e-01
9.864774942398071289e-01,1.474993526935577393e-01,-2.828627228736877441e-01
9.271816015243530273e-01,1.859185397624969482e-01,-2.873457968235015869e-01
8.709497451782226562e-01,2.199512124061584473e-01,-2.843194007873535156e-01
8.195068240165710449e-01,2.506715655326843262e-01,-2.758590281009674072e-01
7.736026048660278320e-01,2.791627347469329834e-01,-2.636905312538146973e-01
7.332364320755004883e-01,3.063761293888092041e-01,-2.490080744028091431e-01
6.978660225868225098e-01,3.330416381359100342e-01,-2.324737757444381714e-01
6.666414737701416016e-01,3.596469759941101074e-01,-2.143596708774566650e-01
6.386723518371582031e-01,3.865058422088623047e-01,-1.947599351406097412e-01
6.132789254188537598e-01,4.139071702957153320e-01,-1.737770140171051025e-01
5.901212692260742188e-01,4.422771632671356201e-01,-1.515942811965942383e-01
5.691415071487426758e-01,4.722593724727630615e-01,-1.284173429012298584e-01
5.503586530685424805e-01,5.046587586402893066e-01,-1.043571680784225464e-01
5.336292386054992676e-01,5.402705669403076172e-01,-7.937595993280410767e-02
5.185047388076782227e-01,5.796914696693420410e-01,-5.337842553853988647e-02
5.042468905448913574e-01,6.232182979583740234e-01,-2.643238753080368042e-02
4.899632036685943604e-01,6.708803176879882812e-01,9.839534759521484375e-04
4.747630655765533447e-01,7.225629091262817383e-01,2.782316692173480988e-02
4.578349888324737549e-01,7.781051397323608398e-01,5.244608223438262939e-02
4.384140968322753906e-01,8.372631072998046875e-01,7.271353900432586670e-02
4.156789481639862061e-01,8.994819521903991699e-01,8.615263551473617554e-02
3.886666297912597656e-01,9.635083675384521484e-01,9.020789712667465210e-02
3.563156127929687500e-01,1.027014970779418945e+00,8.263023197650909424e-02
3.176793754100799561e-01,1.086434245109558105e+00,6.202284991741180420e-02
2.722748219966888428e-01,1.137203931808471680e+00,2.843843773007392883e-02
2.204337567090988159e-01,1.174484610557556152e+00,-1.620813831686973572e-02
1.634854376316070557e-01,1.194205760955810547e+00,-6.816669553518295288e-02
1.036440730094909668e-01,1.194107532501220703e+00,-1.224279850721359253e-01
4.359573125839233398e-02,1.174376845359802246e+00,-1.737184971570968628e-01
-1.407145336270332336e-02,1.137628197669982910e+00,-2.175729125738143921e-01
-6.738471984863281250e-02,1.088231325149536133e+00,-2.511155009269714355e-01
-1.152730211615562439e-01,1.031264543533325195e+00,-2.733268737792968750e-01
-1.575683802366256714e-01,9.715033173561096191e-01,-2.848045229911804199e-01
-1.947978585958480835e-01,9.127501845359802246e-01,-2.872090339660644531e-01
-2.278984040021896362e-01,8.575958609580993652e-01,-2.826382219791412354e-01
-2.579630315303802490e-01,8.075003027915954590e-01,-2.731083035469055176e-01
-2.860532701015472412e-01,7.630057930946350098e-01,-2.602212429046630859e-01
-3.130708932876586914e-01,7.239554524421691895e-01,-2.450322955846786499e-01
-3.396843671798706055e-01,6.897074580192565918e-01,-2.280883491039276123e-01
-3.663274943828582764e-01,6.593756675720214844e-01,-2.095962166786193848e-01
-3.932920992374420166e-01,6.321017742156982422e-01,-1.896379739046096802e-01
-4.208875894546508789e-01,6.072860360145568848e-01,-1.683353036642074585e-01
-4.495919048786163330e-01,5.846707820892333984e-01,-1.458864510059356689e-01
-4.800998270511627197e-01,5.642409324645996094e-01,-1.224840506911277771e-01
-5.132327079772949219e-01,5.459957718849182129e-01,-9.820228815078735352e-02
-5.497518777847290039e-01,5.297223329544067383e-01,-7.297401130199432373e-02
-5.901830792427062988e-01,5.148924589157104492e-01,-4.672092199325561523e-02
-6.347489356994628906e-01,5.007140040397644043e-01,-1.959188282489776611e-02
-6.834299564361572266e-01,4.862824678421020508e-01,7.802084088325500488e-03
-7.360935211181640625e-01,4.707229435443878174e-01,3.426274657249450684e-02
-7.925698757171630859e-01,4.532438218593597412e-01,5.801375955343246460e-02
-8.525652885437011719e-01,4.330762922763824463e-01,7.681424915790557861e-02
-9.153893589973449707e-01,4.093677103519439697e-01,8.814299106597900391e-02
-9.795520901679992676e-01,3.811208009719848633e-01,8.947791904211044312e-02
-1.042417883872985840e+00,3.472754657268524170e-01,7.872690260410308838e-02
-1.100129485130310059e+00,3.069659769535064697e-01,5.480208620429039001e-02
-1.147969365119934082e+00,2.598833143711090088e-01,1.819625869393348694e-02
-1.181187391281127930e+00,2.066017538309097290e-01,-2.869321219623088837e-02
-1.196076154708862305e+00,1.486954689025878906e-01,-8.172608911991119385e-02
-1.190951228141784668e+00,8.854403346776962280e-02,-1.357249319553375244e-01
-1.166637182235717773e+00,2.886503003537654877e-02,-1.855226010084152222e-01
-1.126270174980163574e+00,-2.786619402468204498e-02,-2.269965857267379761e-01
-1.074500918388366699e+00,-7.988645881414413452e-02,-2.577314972877502441e-01
-1.016417860984802246e+00,-1.263603866100311279e-01,-2.771509885787963867e-01
-9.565982818603515625e-01,-1.673189997673034668e-01,-2.861772179603576660e-01
-8.985493183135986328e-01,-2.034182548522949219e-01,-2.866368293762207031e-01
-8.445624709129333496e-01,-2.356560081243515015e-01,-2.806493341922760010e-01
-7.958473563194274902e-01,-2.651318907737731934e-01,-2.701504826545715332e-01
-7.527509927749633789e-01,-2.928777337074279785e-01,-2.566108405590057373e-01
-7.149756550788879395e-01,-3.197416365146636963e-01,-2.409486174583435059e-01
-6.817936897277832031e-01,-3.463296890258789062e-01,-2.236067503690719604e-01
-6.522995829582214355e-01,-3.730281293392181396e-01,-2.047408223152160645e-01
-6.256832480430603027e-01,-4.001168012619018555e-01,-1.844316720962524414e-01
-6.014288663864135742e-01,-4.279359877109527588e-01,-1.628219336271286011e-01
-5.793566107749938965e-01,-4.570185840129852295e-01,-1.401195675134658813e-01
-5.594782233238220215e-01,-4.881046116352081299e-01,-1.164967417716979980e-01
-5.417575836181640625e-01,-5.220194458961486816e-01,-9.198844432830810547e-02
-5.259069800376892090e-01,-5.594790577888488770e-01,-6.650693714618682861e-02
-5.113216638565063477e-01,-6.009345054626464844e-01,-4.000633209943771362e-02
-4.971653223037719727e-01,-6.465378403663635254e-01,-1.273174956440925598e-02
-4.825303256511688232e-01,-6.962283849716186523e-01,1.456492766737937927e-02
-4.665627479553222656e-01,-7.498627901077270508e-01,4.053522273898124695e-02
-4.484846293926239014e-01,-8.072557449340820312e-01,6.327351927757263184e-02
-4.275174140930175781e-01,-8.680472373962402344e-01,8.044821023941040039e-02
-4.027731120586395264e-01,-9.313856959342956543e-01,8.950674533843994141e-02
-3.732240796089172363e-01,-9.955207109451293945e-01,8.798771351575851440e-02
-3.378286659717559814e-01,-1.057503819465637207e+00,7.399231940507888794e-02
-2.958248257637023926e-01,-1.113207459449768066e+00,4.677911102771759033e-02
-2.470995187759399414e-01,-1.157815814018249512e+00,7.302466779947280884e-03
-1.924764662981033325e-01,-1.186733841896057129e+00,-4.156751185655593872e-02
-1.337631493806838989e-01,-1.196682929992675781e+00,-9.534609317779541016e-02
-7.347494363784790039e-02,-1.186584234237670898e+00,-1.487539261579513550e-01
-1.432224456220865250e-02,-1.157886624336242676e+00,-1.967978924512863159e-01
4.136190935969352722e-02,-1.114197134971618652e+00,-2.357397824525833130e-01
9.203694760799407959e-02,-1.060378551483154297e+00,-2.636325359344482422e-01
1.370997875928878784e-01,-1.001468062400817871e+00,-2.803209424018859863e-01
1.767642945051193237e-01,-9.418101310729980469e-01,-2.870131731033325195e-01
2.117970287799835205e-01,-8.846074938774108887e-01,-2.856628000736236572e-01
2.432412803173065186e-01,-8.318629860877990723e-01,-2.783808112144470215e-01
2.721935510635375977e-01,-7.845488786697387695e-01,-2.670053243637084961e-01
2.996485531330108643e-01,-7.428312301635742188e-01,-2.528699636459350586e-01
3.263961970806121826e-01,-7.062841057777404785e-01,-2.367613464593887329e-01
3.529822528362274170e-01,-6.741095781326293945e-01,-2.190302014350891113e-01
3.797529041767120361e-01,-6.454019546508789062e-01,-1.997948139905929565e-01
4.069863259792327881e-01,-6.194103956222534180e-01,-1.791435778141021729e-01
4.350622892379760742e-01,-5.957074761390686035e-01,-1.572405099868774414e-01
4.645701646804809570e-01,-5.741799473762512207e-01,-1.342960596084594727e-01
4.962868392467498779e-01,-5.548516511917114258e-01,-1.104547902941703796e-01
5.310290455818176270e-01,-5.376380085945129395e-01,-8.571370691061019897e-02
5.694574713706970215e-01,-5.221718549728393555e-01,-5.997479707002639771e-02
6.119465231895446777e-01,-5.077776908874511719e-01,-3.324056416749954224e-02
6.585821509361267090e-01,-4.935863316059112549e-01,-5.867343395948410034e-03
7.092733979225158691e-01,-4.786947071552276611e-01,2.124752290546894073e-02
7.638678550720214844e-01,-4.622702896595001221e-01,4.660802334547042847e-02
8.221567869186401367e-01,-4.435459375381469727e-01,6.818653643131256104e-02
8.836931586265563965e-01,-4.217236936092376709e-01,8.357442915439605713e-02
9.474380612373352051e-01,-3.958785235881805420e-01,9.020672738552093506e-02
1.011361718177795410e+00,-3.649604618549346924e-01,8.571195602416992188e-02
1.072200417518615723e+00,-3.279656469821929932e-01,6.842321902513504028e-02
1.125591158866882324e+00,-2.842589020729064941e-01,3.798000514507293701e-02
1.166675567626953125e+00,-2.339416146278381348e-01,-4.187010228633880615e-03
1.191084504127502441e+00,-1.780923157930374146e-01,-5.475249886512756348e-02
1.196024060249328613e+00,-1.187317222356796265e-01,-1.089411079883575439e-01
1.181044101715087891e+00,-5.847876891493797302e-02,-1.614411771297454834e-01
1.148192763328552246e+00,2.007564035011455417e-07,-2.074955105781555176e-01
1.149883747100830078e+00,0.000000000000000000e+00,-2.314630448818206787e-01
1.104874134063720703e+00,5.470707267522811890e-02,-2.651207745075225830e-01
1.052845597267150879e+00,1.045180782675743103e-01,-2.882467210292816162e-01
9.979858994483947754e-01,1.492201089859008789e-01,-3.012717068195343018e-01
9.436174631118774414e-01,1.892142593860626221e-01,-3.055063486099243164e-01
8.920624256134033203e-01,2.252830266952514648e-01,-3.026520907878875732e-01
8.447362780570983887e-01,2.583887577056884766e-01,-2.944007217884063721e-01
8.022864460945129395e-01,2.895136177539825439e-01,-2.821645140647888184e-01
7.646955847740173340e-01,3.195210695266723633e-01,-2.669436037540435791e-01
7.314011454582214355e-01,3.490455746650695801e-01,-2.493349313735961914e-01
7.015133500099182129e-01,3.784600198268890381e-01,-2.296583801507949829e-01
6.741326451301574707e-01,4.079653620719909668e-01,-2.081316709518432617e-01
6.486493945121765137e-01,4.377790093421936035e-01,-1.849974244832992554e-01
6.248743534088134766e-01,4.683234691619873047e-01,-1.605372279882431030e-01
6.029199361801147461e-01,5.002878904342651367e-01,-1.349898874759674072e-01
5.829219818115234375e-01,5.345181822776794434e-01,-1.084745973348617554e-01
5.647619366645812988e-01,5.717907547950744629e-01,-8.101867884397506714e-02
5.479530096054077148e-01,6.126147508621215820e-01,-5.272103846073150635e-02
5.317230224609375000e-01,6.571770906448364258e-01,-2.397666871547698975e-02
5.152043104171752930e-01,7.054416537284851074e-01,4.352632910013198853e-03
4.975923597812652588e-01,7.573078274726867676e-01,3.089388087391853333e-02
4.781770110130310059e-01,8.126769661903381348e-01,5.383072793483734131e-02
4.562497735023498535e-01,8.713247776031494141e-01,7.102692872285842896e-02
4.309753775596618652e-01,9.325816631317138672e-01,8.018225431442260742e-02
4.013430774211883545e-01,9.949334263801574707e-01,7.907268404960632324e-02
3.662802278995513916e-01,1.055736184120178223e+00,6.594596058130264282e-02
3.249283432960510254e-01,1.111225008964538574e+00,4.005915671586990356e-02
2.770002782344818115e-01,1.156940698623657227e+00,2.195328474044799805e-03
2.230722904205322266e-01,1.188542842864990234e+00,-4.509760066866874695e-02
1.646607965230941772e-01,1.202791333198547363e+00,-9.774832427501678467e-02
1.040150970220565796e-01,1.198382258415222168e+00,-1.508831828832626343e-01
4.366702213883399963e-02,1.176297307014465332e+00,-1.997997909784317017e-01
-1.409509126096963882e-02,1.139539241790771484e+00,-2.408412992954254150e-01
-6.763974577188491821e-02,1.092349886894226074e+00,-2.718925476074218750e-01
-1.161655560135841370e-01,1.039249420166015625e+00,-2.924098074436187744e-01
-1.596342027187347412e-01,9.842402338981628418e-01,-3.030911684036254883e-01
-1.985636353492736816e-01,9.303951859474182129e-01,-3.053885102272033691e-01
-2.337980717420578003e-01,8.797966837882995605e-01,-3.010337054729461670e-01
-2.663188874721527100e-01,8.336566090583801270e-01,-2.916687428951263428e-01
-2.970909476280212402e-01,7.924471497535705566e-01,-2.786095142364501953e-01
-3.269287049770355225e-01,7.560006976127624512e-01,-2.627493441104888916e-01
-3.563999235630035400e-01,7.236472964286804199e-01,-2.446005642414093018e-01
-3.858212232589721680e-01,6.944636106491088867e-01,-2.244416177272796631e-01
-4.153780043125152588e-01,6.675984263420104980e-01,-2.024880200624465942e-01
-4.453241229057312012e-01,6.425448060035705566e-01,-1.789958775043487549e-01
-4.761496484279632568e-01,6.192077398300170898e-01,-1.542452573776245117e-01
-5.085999369621276855e-01,5.977359414100646973e-01,-1.284499466419219971e-01
-5.435255765914916992e-01,5.782223939895629883e-01,-1.016978546977043152e-01
-5.816513895988464355e-01,5.604596138000488281e-01,-7.401441782712936401e-02
-6.234037876129150391e-01,5.438751578330993652e-01,-4.555202275514602661e-02
-6.688999533653259277e-01,5.276536345481872559e-01,-1.681031659245491028e-02
-7.180738449096679688e-01,5.109326839447021484e-01,1.121971756219863892e-02
-7.708264589309692383e-01,4.929342269897460938e-01,3.704505786299705505e-02
-8.270475268363952637e-01,4.729604423046112061e-01,5.875645577907562256e-02
-8.864363431930541992e-01,4.502817392349243164e-01,7.416015863418579102e-02
-9.481492638587951660e-01,4.240181148052215576e-01,8.094749599695205688e-02
-1.010408759117126465e+00,3.931263983249664307e-01,7.696833461523056030e-02
-1.070273756980895996e+00,3.565554916858673096e-01,6.066924706101417542e-02
-1.123749136924743652e+00,3.135564625263214111e-01,3.164668381214141846e-02
-1.166317105293273926e+00,2.640369832515716553e-01,-8.880976587533950806e-03
-1.193820595741271973e+00,2.088114172220230103e-01,-5.794193968176841736e-02
-1.203438997268676758e+00,1.496108025312423706e-01,-1.111807674169540405e-01
-1.194430589675903320e+00,8.880272507667541504e-02,-1.636739969253540039e-01
-1.168331265449523926e+00,2.890694513916969299e-02,-2.109091579914093018e-01
-1.128540515899658203e+00,-2.792236767709255219e-02,-2.495872676372528076e-01
-1.079459190368652344e+00,-8.025509864091873169e-02,-2.779999971389770508e-01
-1.025538563728332520e+00,-1.274942606687545776e-01,-2.959545850753784180e-01
-9.705719947814941406e-01,-1.697631627321243286e-01,-3.043853640556335449e-01
-9.173802137374877930e-01,-2.076812982559204102e-01,-3.048554062843322754e-01
-8.678134083747863770e-01,-2.421436607837677002e-01,-2.991039156913757324e-01
-8.228884935379028320e-01,-2.741404771804809570e-01,-2.887080311775207520e-01
-7.829079031944274902e-01,-3.046110868453979492e-01,-2.748813629150390625e-01
-7.475626468658447266e-01,-3.343147039413452148e-01,-2.584132254123687744e-01
-7.160915136337280273e-01,-3.637519180774688721e-01,-2.397410869598388672e-01
-6.875571012496948242e-01,-3.931907117366790771e-01,-2.191124558448791504e-01
-6.611753702163696289e-01,-4.228135943412780762e-01,-1.967481821775436401e-01
-6.365455985069274902e-01,-4.529226422309875488e-01,-1.729159653186798096e-01
-6.136580109596252441e-01,-4.840768575668334961e-01,-1.478887051343917847e-01
-5.926755070686340332e-01,-5.170668363571166992e-01,-1.218506693840026855e-01
-5.736339092254638672e-01,-5.527344346046447754e-01,-9.486222267150878906e-02
-5.562321543693542480e-01,-5.917401313781738281e-01,-6.695988029241561890e-02
-5.398202538490295410e-01,-6.344277262687683105e-01,-3.836302459239959717e-02
-5.235525369644165039e-01,-6.808530688285827637e-01,-9.685825556516647339e-03
-5.065810084342956543e-01,-7.309303283691406250e-01,1.795123890042304993e-02
-4.881527423858642578e-01,-7.845623493194580078e-01,4.294045269489288330e-02
-4.675752520561218262e-01,-8.416181206703186035e-01,6.328866630792617798e-02
-4.440903067588806152e-01,-9.016974568367004395e-01,7.675428688526153564e-02
-4.167721271514892578e-01,-9.637574553489685059e-01,8.103700727224349976e-02
-3.845533132553100586e-01,-1.025739789009094238e+00,7.408836483955383301e-02
-3.464257419109344482e-01,-1.084415197372436523e+00,5.458914116024971008e-02
-3.017728328704833984e-01,-1.135590195655822754e+00,2.250628545880317688e-02
-2.507126927375793457e-01,-1.174745917320251465e+00,-2.049765922129154205e-02
-1.942988932132720947e-01,-1.197970271110534668e+00,-7.105028629302978516e-02
-1.344593167304992676e-01,-1.202911138534545898e+00,-1.245647668838500977e-01
-7.364941388368606567e-02,-1.189401865005493164e+00,-1.761298775672912598e-01
-1.434226147830486298e-02,-1.159504890441894531e+00,-2.214756309986114502e-01
4.146453365683555603e-02,-1.116961598396301270e+00,-2.576839923858642578e-01
9.254826605319976807e-02,-1.066269516944885254e+00,-2.834480106830596924e-01
1.385097801685333252e-01,-1.011767506599426270e+00,-2.989008426666259766e-01
1.796188801527023315e-01,-9.570195674896240234e-01,-3.051812052726745605e-01
2.165827155113220215e-01,-9.045957326889038086e-01,-3.039345443248748779e-01
2.503353655338287354e-01,-8.561240434646606445e-01,-2.968857884407043457e-01
2.818675339221954346e-01,-8.124324083328247070e-01,-2.855351269245147705e-01
3.120847344398498535e-01,-7.736606597900390625e-01,-2.709899246692657471e-01
3.416852653026580811e-01,-7.393679022789001465e-01,-2.539403438568115234e-01
3.711042702198028564e-01,-7.087181806564331055e-01,-2.347593158483505249e-01
4.005710482597351074e-01,-6.807830333709716797e-01,-2.136744260787963867e-01
4.302785694599151611e-01,-6.548599004745483398e-01,-1.909164190292358398e-01
4.605853259563446045e-01,-6.306548118591308594e-01,-1.667618453502655029e-01
4.921183586120605469e-01,-6.082277894020080566e-01,-1.414696723222732544e-01
5.257024765014648438e-01,-5.877384543418884277e-01,-1.151921898126602173e-01
5.621536970138549805e-01,-5.691500306129455566e-01,-8.796877413988113403e-02
6.020604968070983887e-01,-5.520675778388977051e-01,-5.985993891954421997e-02
6.456857919692993164e-01,-5.357737541198730469e-01,-3.116626292467117310e-02
6.930336356163024902e-01,-5.194066762924194336e-01,-2.624034881591796875e-03
7.440082430839538574e-01,-5.021375417709350586e-01,2.451900392770767212e-02
7.985143065452575684e-01,-4.832372963428497314e-01,4.854720830917358398e-02
8.563808202743530273e-01,-4.620095193386077881e-01,6.739091873168945312e-02
9.170876741409301758e-01,-4.376604855060577393e-01,7.877328246831893921e-02
9.793664216995239258e-01,-4.092195034027099609e-01,8.042105287313461304e-02
1.040870189666748047e+00,-3.756089508533477783e-01,7.041747123003005981e-02
1.098089575767517090e+00,-3.358846604824066162e-01,4.771409183740615845e-02
1.146676540374755859e+00,-2.895838320255279541e-01,1.267463155090808868e-02
1.182170987129211426e+00,-2.370487451553344727e-01,-3.259271383285522461e-02
1.200966358184814453e+00,-1.795698553323745728e-01,-8.434516191482543945e-02
1.201218962669372559e+00,-1.192474290728569031e-01,-1.378232836723327637e-01
1.183340191841125488e+00,-5.859246104955673218e-02,-1.881901323795318604e-01
1.149883747100830078e+00,2.010520603334953194e-07,-2.314631938934326172e-01
1.162089586257934570e+00,0.000000000000000000e+00,-2.437301576137542725e-01
1.121081471443176270e+00,5.550957098603248596e-02,-2.752104997634887695e-01
1.074039340019226074e+00,1.066220253705978394e-01,-2.970110177993774414e-01
1.024399638175964355e+00,1.531695425510406494e-01,-3.095522224903106689e-01
9.748524427413940430e-01,1.954775154590606689e-01,-3.138902187347412109e-01
9.273458719253540039e-01,2.341935783624649048e-01,-3.113481104373931885e-01
8.831835985183715820e-01,2.701490819454193115e-01,-3.032425940036773682e-01
8.430624604225158691e-01,3.042280972003936768e-01,-2.907136380672454834e-01
8.070465326309204102e-01,3.372170031070709229e-01,-2.746506631374359131e-01
7.746059298515319824e-01,3.696641027927398682e-01,-2.557081878185272217e-01
7.448400259017944336e-01,4.018343687057495117e-01,-2.343842983245849609e-01
7.168523073196411133e-01,4.338180720806121826e-01,-2.111058980226516724e-01
6.901025176048278809e-01,4.657560884952545166e-01,-1.862632334232330322e-01
6.645358204841613770e-01,4.980484545230865479e-01,-1.601755917072296143e-01
6.404215693473815918e-01,5.314058065414428711e-01,-1.330433040857315063e-01
6.180195808410644531e-01,5.667013525962829590e-01,-1.049634441733360291e-01
5.972831845283508301e-01,6.047167181968688965e-01,-7.605575770139694214e-02
5.777646303176879883e-01,6.459443569183349609e-01,-4.665705561637878418e-02
5.587338805198669434e-01,6.905608773231506348e-01,-1.748648658394813538e-02
5.393863320350646973e-01,7.385527491569519043e-01,1.030130311846733093e-02
5.189864635467529297e-01,7.898684740066528320e-01,3.517919778823852539e-02
4.968636035919189453e-01,8.444354534149169922e-01,5.536103993654251099e-02
4.723034203052520752e-01,9.019833207130432129e-01,6.890595704317092896e-02
4.444341361522674561e-01,9.617048501968383789e-01,7.383017241954803467e-02
4.122238159179687500e-01,1.021906971931457520e+00,6.831721961498260498e-02
3.746396303176879883e-01,1.079830646514892578e+00,5.109729617834091187e-02
3.309392035007476807e-01,1.131781578063964844e+00,2.194778062403202057e-02
2.809969484806060791e-01,1.173633456230163574e+00,-1.788264513015747070e-02
2.255270332098007202e-01,1.201622009277343750e+00,-6.557384133338928223e-02
1.660874783992767334e-01,1.213212728500366211e+00,-1.170967519283294678e-01
1.048271283507347107e-01,1.207737922668457031e+00,-1.679619550704956055e-01
4.404756426811218262e-02,1.186548352241516113e+00,-2.140910923480987549e-01
-1.425680238753557205e-02,1.152613043785095215e+00,-2.524951696395874023e-01
-6.871663779020309448e-02,1.109741091728210449e+00,-2.815664708614349365e-01
-1.186811327934265137e-01,1.061754465103149414e+00,-3.009808957576751709e-01
-1.641229540109634399e-01,1.011916160583496094e+00,-3.113561570644378662e-01
-2.054630219936370850e-01,9.627231955528259277e-01,-3.138464689254760742e-01
-2.434065639972686768e-01,9.159539937973022461e-01,-3.097948431968688965e-01
-2.788111865520477295e-01,8.727611899375915527e-01,-3.004858195781707764e-01
-3.125512897968292236e-01,8.336853981018066406e-01,-2.870000600814819336e-01
-3.453646898269653320e-01,7.986326813697814941e-01,-2.701636552810668945e-01
-3.777275979518890381e-01,7.669517993927001953e-01,-2.505831122398376465e-01
-4.098450243473052979e-01,7.377055883407592773e-01,-2.287320494651794434e-01
-4.417968392372131348e-01,7.100589871406555176e-01,-2.050276845693588257e-01
-4.737730324268341064e-01,6.835928559303283691e-01,-1.798480004072189331e-01
-5.062549114227294922e-01,6.583580374717712402e-01,-1.534854769706726074e-01
-5.400140881538391113e-01,6.346556544303894043e-01,-1.261091679334640503e-01
-5.759252905845642090e-01,6.126903891563415527e-01,-9.780621528625488281e-02
-6.147108078002929688e-01,5.923145413398742676e-01,-6.873138993978500366e-02
-6.567794084548950195e-01,5.729929804801940918e-01,-3.930527716875076294e-02
-7.022444605827331543e-01,5.539570450782775879e-01,-1.035580039024353027e-02
-7.510721683502197266e-01,5.344120860099792480e-01,1.685972884297370911e-02
-8.032100200653076172e-01,5.136431455612182617e-01,4.073881357908248901e-02
-8.585625886917114258e-01,4.909828305244445801e-01,5.944738164544105530e-02
-9.167585968971252441e-01,4.656844735145568848e-01,7.102130353450775146e-02
-9.767991900444030762e-01,4.368305206298828125e-01,7.349306344985961914e-02
-1.036732196807861328e+00,4.033682346343994141e-01,6.514033675193786621e-02
-1.093538045883178711e+00,3.643058240413665771e-01,4.490688070654869080e-02
-1.143352031707763672e+00,3.190262317657470703e-01,1.290703937411308289e-02
-1.182056903839111328e+00,2.676002383232116699e-01,-2.920993231236934662e-02
-1.206118345260620117e+00,2.109624445438385010e-01,-7.826977223157882690e-02
-1.213424801826477051e+00,1.508522331714630127e-01,-1.300472766160964966e-01
-1.203820586204528809e+00,8.950083702802658081e-02,-1.800774186849594116e-01
-1.179117798805236816e+00,2.917382679879665375e-02,-2.245031446218490601e-01
-1.142578005790710449e+00,-2.826968394219875336e-02,-2.606704235076904297e-01
-1.098084092140197754e+00,-8.163981139659881592e-02,-2.873142063617706299e-01
-1.049357891082763672e+00,-1.304554641246795654e-01,-3.043831586837768555e-01
-9.994764328002929688e-01,-1.748188436031341553e-01,-3.126664757728576660e-01
-9.507486224174499512e-01,-2.152354121208190918e-01,-3.133942484855651855e-01
-9.047887325286865234e-01,-2.524607777595520020e-01,-3.079140186309814453e-01
-8.625993132591247559e-01,-2.873698770999908447e-01,-2.974693179130554199e-01
-8.245621323585510254e-01,-3.208177685737609863e-01,-2.830781936645507812e-01
-7.904305458068847656e-01,-3.534855246543884277e-01,-2.655057311058044434e-01
-7.594493031501770020e-01,-3.857763111591339111e-01,-2.453162521123886108e-01
-7.306688427925109863e-01,-4.178448617458343506e-01,-2.229639291763305664e-01
-7.033370733261108398e-01,-4.497754871845245361e-01,-1.988578438758850098e-01
-6.771584749221801758e-01,-4.818200170993804932e-01,-1.733594536781311035e-01
-6.522763967514038086e-01,-5.145404934883117676e-01,-1.467324197292327881e-01
-6.290001273155212402e-01,-5.487574934959411621e-01,-1.191169843077659607e-01
-6.074622869491577148e-01,-5.853303074836730957e-01,-9.059942513704299927e-02
-5.874130129814147949e-01,-6.249114274978637695e-01,-6.138314306735992432e-02
-5.682391524314880371e-01,-6.678272485733032227e-01,-3.198115527629852295e-02
-5.491478443145751953e-01,-7.141383886337280273e-01,-3.331631422042846680e-03
-5.293605327606201172e-01,-7.637982368469238281e-01,2.321095205843448639e-02
-5.081824064254760742e-01,-8.167542219161987305e-01,4.597590863704681396e-02
-4.849379360675811768e-01,-8.728702664375305176e-01,6.308785080909729004e-02
-4.588440656661987305e-01,-9.316540360450744629e-01,7.256669551134109497e-02
-4.289389252662658691e-01,-9.918923974037170410e-01,7.247619330883026123e-02
-3.941607773303985596e-01,-1.051366329193115234e+00,6.121513247489929199e-02
-3.535797297954559326e-01,-1.106809258460998535e+00,3.797332942485809326e-02
-3.067248165607452393e-01,-1.154224753379821777e+00,3.226321190595626831e-03
-2.538737654685974121e-01,-1.189557433128356934e+00,-4.097648710012435913e-02
-1.961781829595565796e-01,-1.209557175636291504e+00,-9.113673120737075806e-02
-1.355388909578323364e-01,-1.212569355964660645e+00,-1.428856402635574341e-01
-7.424075901508331299e-02,-1.198951840400695801e+00,-1.918363273143768311e-01
-1.448377128690481186e-02,-1.170945286750793457e+00,-2.343919873237609863e-01
4.202453792095184326e-02,-1.132046937942504883e+00,-2.682445347309112549e-01
9.427520632743835449e-02,-1.086165904998779297e+00,-2.924593687057495117e-01
1.419493705034255981e-01,-1.036892533302307129e+00,-3.072341680526733398e-01
1.852668076753616333e-01,-9.871120452880859375e-01,-3.135040402412414551e-01
2.248078882694244385e-01,-9.389496445655822754e-01,-3.125545680522918701e-01
2.613700926303863525e-01,-8.938618898391723633e-01,-3.057242035865783691e-01
2.958379685878753662e-01,-8.526996374130249023e-01,-2.942075431346893311e-01
3.290371000766754150e-01,-8.156856894493103027e-01,-2.789584994316101074e-01
3.615842461585998535e-01,-7.824270725250244141e-01,-2.606848180294036865e-01
3.938116431236267090e-01,-7.520837187767028809e-01,-2.399145364761352539e-01
4.258352220058441162e-01,-7.237202525138854980e-01,-2.170864641666412354e-01
4.577598571777343750e-01,-6.966848969459533691e-01,-1.926012337207794189e-01
4.899078011512756348e-01,-6.708045005798339844e-01,-1.668010056018829346e-01
5.229194760322570801e-01,-6.462961435317993164e-01,-1.399179100990295410e-01
5.576492547988891602e-01,-6.234551668167114258e-01,-1.120677739381790161e-01
5.949251055717468262e-01,-6.023293137550354004e-01,-8.334741741418838501e-02
6.353219151496887207e-01,-5.825671553611755371e-01,-5.402102321386337280e-02
6.790881156921386719e-01,-5.634900927543640137e-01,-2.470169961452484131e-02
7.262416481971740723e-01,-5.442949533462524414e-01,3.562193363904953003e-03
7.767307162284851074e-01,-5.242222547531127930e-01,2.932673320174217224e-02
8.304974436759948730e-01,-5.025925040245056152e-01,5.086037144064903259e-02
8.873482346534729004e-01,-4.787161648273468018e-01,6.625113636255264282e-02
9.466449618339538574e-01,-4.517660737037658691e-01,7.351252436637878418e-02
1.006943464279174805e+00,-4.207423031330108643e-01,7.075735926628112793e-02
1.065753340721130371e+00,-3.845882415771484375e-01,5.653452873229980469e-02
1.119579076766967773e+00,-3.424578905105590820e-01,3.031287901103496552e-02
1.164337873458862305e+00,-2.940440773963928223e-01,-7.052648812532424927e-03
1.196091890335083008e+00,-2.398401647806167603e-01,-5.312019586563110352e-02
1.211924433708190918e+00,-1.812083125114440918e-01,-1.041029319167137146e-01
1.210665464401245117e+00,-1.201852038502693176e-01,-1.555448770523071289e-01
1.193177819252014160e+00,-5.907956510782241821e-02,-2.031890451908111572e-01
1.162089586257934570e+00,2.031861896512054955e-07,-2.437302619218826294e-01
1.184484243392944336e+00,0.000000000000000000e+00,-2.420720905065536499e-01
1.148834466934204102e+00,5.688373744487762451e-02,-2.717863619327545166e-01
1.107288837432861328e+00,1.099227666854858398e-01,-2.927591502666473389e-01
1.062676787376403809e+00,1.588927805423736572e-01,-3.052264750003814697e-01
1.017301440238952637e+00,2.039893865585327148e-01,-3.099179267883300781e-01
9.729658961296081543e-01,2.457145452499389648e-01,-3.077893257141113281e-01
9.309962391853332520e-01,2.847740352153778076e-01,-2.998443841934204102e-01
8.921716213226318359e-01,3.219496607780456543e-01,-2.870396673679351807e-01
8.566201329231262207e-01,3.579308986663818359e-01,-2.702527940273284912e-01
8.238443732261657715e-01,3.931621313095092773e-01,-2.502826452255249023e-01
7.929778099060058594e-01,4.278042614459991455e-01,-2.278523147106170654e-01
7.631974220275878906e-01,4.618647992610931396e-01,-2.035868912935256958e-01
7.340837717056274414e-01,4.954393804073333740e-01,-1.779639571905136108e-01
7.057268619537353516e-01,5.289198756217956543e-01,-1.512755304574966431e-01
6.785318255424499512e-01,5.630287528038024902e-01,-1.236529350280761719e-01
6.528704762458801270e-01,5.986583828926086426e-01,-9.518827497959136963e-02
6.287930607795715332e-01,6.366187930107116699e-01,-6.612147390842437744e-02
6.059492230415344238e-01,6.774548888206481934e-01,-3.701029717922210693e-02
5.837040543556213379e-01,7.214225530624389648e-01,-8.800692856311798096e-03
5.613284111022949219e-01,7.685968875885009766e-01,1.722389273345470428e-02
5.381119251251220703e-01,8.189762830734252930e-01,3.956096991896629333e-02
5.133554935455322266e-01,8.724639415740966797e-01,5.659478530287742615e-02
4.862827062606811523e-01,9.286803007125854492e-01,6.666056811809539795e-02
4.559744000434875488e-01,9.866766929626464844e-01,6.812308728694915771e-02
4.214074015617370605e-01,1.044673085212707520e+00,5.956900864839553833e-02
3.816306293010711670e-01,1.099980950355529785e+00,4.015640914440155029e-02
3.360296785831451416e-01,1.149190545082092285e+00,1.004056632518768311e-02
2.845945358276367188e-01,1.188659429550170898e+00,-2.931761741638183594e-02
2.280769944190979004e-01,1.215208292007446289e+00,-7.515731453895568848e-02
1.679510176181793213e-01,1.226825237274169922e+00,-1.238088458776473999e-01
1.061635762453079224e-01,1.223135352134704590e+00,-1.713592410087585449e-01
4.474873840808868408e-02,1.205436468124389648e+00,-2.143557667732238770e-01
-1.454973779618740082e-02,1.176295757293701172e+00,-2.503055334091186523e-01
-7.052106410264968872e-02,1.138881683349609375e+00,-2.778512239456176758e-01
-1.225452795624732971e-01,1.096324205398559570e+00,-2.966509759426116943e-01
-1.705148369073867798e-01,1.051325917243957520e+00,-3.070932030677795410e-01
-2.147119194269180298e-01,1.006060123443603516e+00,-3.099857270717620850e-01
-2.556989192962646484e-01,9.622110128402709961e-01,-3.063097596168518066e-01
-2.942146062850952148e-01,9.209784269332885742e-01,-2.970631420612335205e-01
-3.310345709323883057e-01,8.829869031906127930e-01,-2.831838130950927734e-01
-3.667982220649719238e-01,8.481963276863098145e-01,-2.655290365219116211e-01
-4.018765985965728760e-01,8.159847855567932129e-01,-2.448793053627014160e-01
-4.363735616207122803e-01,7.854559421539306641e-01,-2.219365537166595459e-01
-4.702948629856109619e-01,7.558612227439880371e-01,-1.972936689853668213e-01
-5.037951469421386719e-01,7.269108295440673828e-01,-1.713845133781433105e-01
-5.373544692993164062e-01,6.988013982772827148e-01,-1.444544792175292969e-01
-5.717587471008300781e-01,6.719638109207153320e-01,-1.166103184223175049e-01
-6.079033017158508301e-01,6.467097997665405273e-01,-8.796267211437225342e-02
-6.465440392494201660e-01,6.229879856109619141e-01,-5.881749093532562256e-02
-6.881479024887084961e-01,6.003597378730773926e-01,-2.982824295759201050e-02
-7.329143881797790527e-01,5.781506299972534180e-01,-2.033803611993789673e-03
-7.808924913406372070e-01,5.556302070617675781e-01,2.321562729775905609e-02
-8.320649862289428711e-01,5.320954918861389160e-01,4.438121616840362549e-02
-8.862872123718261719e-01,5.068376064300537109e-01,5.982981622219085693e-02
-9.430665969848632812e-01,4.790481328964233398e-01,6.789389997720718384e-02
-1.001265645027160645e+00,4.477720856666564941e-01,6.696957349777221680e-02
-1.058875679969787598e+00,4.119837582111358643e-01,5.574804544448852539e-02
-1.112998127937316895e+00,3.707888722419738770e-01,3.359740227460861206e-02
-1.160108685493469238e+00,3.237017691135406494e-01,9.801033884286880493e-04
-1.196610808372497559e+00,2.708950638771057129e-01,-4.030219838023185730e-02
-1.219557046890258789e+00,2.133129984140396118e-01,-8.721110969781875610e-02
-1.227314233779907227e+00,1.525789648294448853e-01,-1.359471380710601807e-01
-1.219940781593322754e+00,9.069932997226715088e-02,-1.826516538858413696e-01
-1.199105143547058105e+00,2.966835349798202515e-02,-2.240761220455169678e-01
-1.167590737342834473e+00,-2.888855151832103729e-02,-2.580086588859558105e-01
-1.128609895706176758e+00,-8.390933275222778320e-02,-2.833659350872039795e-01
-1.085209727287292480e+00,-1.349125355482101440e-01,-3.000183701515197754e-01
-1.039960741996765137e+00,-1.818999797105789185e-01,-3.084872364997863770e-01
-9.949094057083129883e-01,-2.252327650785446167e-01,-3.096430301666259766e-01
-9.516223073005676270e-01,-2.655286192893981934e-01,-3.044824004173278809e-01
-9.111669063568115234e-01,-3.035499155521392822e-01,-2.939926981925964355e-01
-8.740049004554748535e-01,-3.400548100471496582e-01,-2.790923416614532471e-01
-8.399351239204406738e-01,-3.756242692470550537e-01,-2.606184780597686768e-01
-8.082299232482910156e-01,-4.105553030967712402e-01,-2.393331527709960938e-01
-7.779901623725891113e-01,-4.449063539505004883e-01,-2.159150838851928711e-01
-7.485626339912414551e-01,-4.786966741085052490e-01,-1.909223943948745728e-01
-7.197888493537902832e-01,-5.121529102325439453e-01,-1.647419184446334839e-01
-6.919558644294738770e-01,-5.458411574363708496e-01,-1.375762671232223511e-01
-6.654967665672302246e-01,-5.805981159210205078e-01,-1.095166206359863281e-01
-6.406467556953430176e-01,-6.173057556152343750e-01,-8.070413768291473389e-02
-6.172524690628051758e-01,-6.566557288169860840e-01,-5.152140557765960693e-02
-5.947971940040588379e-01,-6.990397572517395020e-01,-2.271941676735877991e-02
-5.725778937339782715e-01,-7.446079850196838379e-01,4.575069993734359741e-03
-5.498682260513305664e-01,-7.933881878852844238e-01,2.895267307758331299e-02
-5.259720087051391602e-01,-8.453456759452819824e-01,4.884431511163711548e-02
-5.001624226570129395e-01,-9.002737998962402344e-01,6.260305643081665039e-02
-4.715960621833801270e-01,-9.575461745262145996e-01,6.856413930654525757e-02
-4.392871856689453125e-01,-1.015822052955627441e+00,6.516921520233154297e-02
-4.022201597690582275e-01,-1.072863578796386719e+00,5.123853683471679688e-02
-3.595755100250244141e-01,-1.125577926635742188e+00,2.637736499309539795e-02
-3.110127747058868408e-01,-1.170360684394836426e+00,-8.628142997622489929e-03
-2.568939328193664551e-01,-1.203708887100219727e+00,-5.164226889610290527e-02
-1.983499825000762939e-01,-1.222947716712951660e+00,-9.937935322523117065e-02
-1.371350735425949097e-01,-1.226849198341369629e+00,-1.479555815458297729e-01
-7.529017329216003418e-02,-1.215899229049682617e+00,-1.936087310314178467e-01
-1.474549248814582825e-02,-1.192104220390319824e+00,-2.333226352930068970e-01
4.300358518958091736e-02,-1.158420324325561523e+00,-2.651712298393249512e-01
9.704388678073883057e-02,-1.118064522743225098e+00,-2.883333563804626465e-01
1.470269113779067993e-01,-1.073982238769531250e+00,-3.028727173805236816e-01
1.930553764104843140e-01,-1.028609991073608398e+00,-3.094237148761749268e-01
2.355632334947586060e-01,-9.838712215423583984e-01,-3.089056611061096191e-01
2.752160131931304932e-01,-9.412136673927307129e-01,-3.023222982883453369e-01
3.127912580966949463e-01,-9.015644788742065430e-01,-2.906471490859985352e-01
3.490183353424072266e-01,-8.652194142341613770e-01,-2.747778892517089844e-01
3.844116628170013428e-01,-8.318229913711547852e-01,-2.555328011512756348e-01
4.191979467868804932e-01,-8.005653023719787598e-01,-2.336544394493103027e-01
4.534029960632324219e-01,-7.705725431442260742e-01,-2.097960859537124634e-01
4.870761632919311523e-01,-7.413026690483093262e-01,-1.844776123762130737e-01
5.205239057540893555e-01,-7.127254605293273926e-01,-1.580383926630020142e-01
5.543946027755737305e-01,-6.851974129676818848e-01,-1.306419670581817627e-01
5.895605683326721191e-01,-6.591321825981140137e-01,-1.023745536804199219e-01
6.268752813339233398e-01,-6.346771121025085449e-01,-7.342066615819931030e-02
6.669580340385437012e-01,-6.115763187408447266e-01,-4.424711316823959351e-02
7.101311683654785156e-01,-5.892488956451416016e-01,-1.570309326052665710e-02
7.565016746520996094e-01,-5.669739246368408203e-01,1.100217550992965698e-02
8.060831427574157715e-01,-5.440324544906616211e-01,3.440945595502853394e-02
8.588142395019531250e-01,-5.197290182113647461e-01,5.292433127760887146e-02
9.144105315208435059e-01,-4.933159947395324707e-01,6.488853693008422852e-02
9.720920324325561523e-01,-4.639101624488830566e-01,6.864790618419647217e-02
1.030305743217468262e+00,-4.305040240287780762e-01,6.270650774240493774e-02
1.086583971977233887e+00,-3.921052217483520508e-01,4.603979736566543579e-02
1.137660861015319824e+00,-3.479887545108795166e-01,1.851665042340755463e-02
1.179894089698791504e+00,-2.979726791381835938e-01,-1.874260790646076202e-02
1.209917783737182617e+00,-2.426125109195709229e-01,-6.328089535236358643e-02
1.225371122360229492e+00,-1.832188814878463745e-01,-1.115992665290832520e-01
1.225448012351989746e+00,-1.216526925563812256e-01,-1.597772538661956787e-01
1.211049795150756836e+00,-5.996448546648025513e-02,-2.041889429092407227e-01
1.184484243392944336e+00,2.071018059268681100e-07,-2.420721948146820068e-01
1.214567661285400391e+00,0.000000000000000000e+00,-2.242727875709533691e-01
1.184885382652282715e+00,5.866877734661102295e-02,-2.526569366455078125e-01
1.148760914802551270e+00,1.140397861599922180e-01,-2.733561396598815918e-01
1.108610272407531738e+00,1.657608002424240112e-01,-2.862676382064819336e-01
1.066589355468750000e+00,2.138725966215133667e-01,-2.917321920394897461e-01
1.024527549743652344e+00,2.587360143661499023e-01,-2.903667688369750977e-01
9.838249087333679199e-01,3.009333312511444092e-01,-2.829528450965881348e-01
9.453051090240478516e-01,3.411234319210052490e-01,-2.703742086887359619e-01
9.091175794601440430e-01,3.798664808273315430e-01,-2.535773515701293945e-01
8.748202919960021973e-01,4.174892902374267578e-01,-2.335215061902999878e-01
8.416798114776611328e-01,4.540785551071166992e-01,-2.110992074012756348e-01
8.090696930885314941e-01,4.896253347396850586e-01,-1.870375722646713257e-01
7.767714262008666992e-01,5.242496728897094727e-01,-1.618215441703796387e-01
7.450212836265563965e-01,5.583697557449340820e-01,-1.356926262378692627e-01
7.143067121505737305e-01,5.927138328552246094e-01,-1.087497472763061523e-01
6.850529313087463379e-01,6.281685233116149902e-01,-8.112935721874237061e-02
6.573856472969055176e-01,6.655672192573547363e-01,-5.319042503833770752e-02
6.310659050941467285e-01,7.055355310440063477e-01,-2.562122046947479248e-02
6.055791378021240234e-01,7.484587430953979492e-01,5.684047937393188477e-04
5.802708268165588379e-01,7.945337295532226562e-01,2.414214611053466797e-02
5.544261932373046875e-01,8.438057303428649902e-01,4.374743252992630005e-02
5.272743701934814453e-01,8.961195349693298340e-01,5.798674002289772034e-02
4.979505836963653564e-01,9.509631395339965820e-01,6.545925885438919067e-02
4.654895663261413574e-01,1.007266402244567871e+00,6.484156847000122070e-02
4.289029836654663086e-01,1.063254714012145996e+00,5.507742613554000854e-02
3.873423933982849121e-01,1.116443991661071777e+00,3.567528724670410156e-02
3.403153121471405029e-01,1.163847088813781738e+00,7.020991295576095581e-03
2.878792583942413330e-01,1.202378630638122559e+00,-2.944397926330566406e-02
2.307403236627578735e-01,1.229398608207702637e+00,-7.129768282175064087e-02
1.701968908309936523e-01,1.243230581283569336e+00,-1.154773980379104614e-01
1.079300120472908020e-01,1.243486881256103516e+00,-1.587800234556198120e-01
4.570047929883003235e-02,1.231074333190917969e+00,-1.983579099178314209e-01
-1.494052726775407791e-02,1.207889795303344727e+00,-2.320614159107208252e-01
-7.284180074930191040e-02,1.176360487937927246e+00,-2.585656046867370605e-01
-1.273167729377746582e-01,1.139011383056640625e+00,-2.773069441318511963e-01
-1.781178265810012817e-01,1.098202824592590332e+00,-2.883114814758300781e-01
-2.253731489181518555e-01,1.056014537811279297e+00,-2.920027971267700195e-01
-2.695095241069793701e-01,1.014181137084960938e+00,-2.890472412109375000e-01
-3.111441135406494141e-01,9.739727973937988281e-01,-2.802561819553375244e-01
-3.509275317192077637e-01,9.360485076904296875e-01,-2.665327489376068115e-01
-3.893702626228332520e-01,9.003926515579223633e-01,-2.488321661949157715e-01
-4.267338216304779053e-01,8.664557933807373047e-01,-2.281057685613632202e-01
-4.630621671676635742e-01,8.334944248199462891e-01,-2.052140831947326660e-01
-4.983575642108917236e-01,8.009637594223022461e-01,-1.808285415172576904e-01
-5.328030586242675781e-01,7.687655091285705566e-01,-1.553699076175689697e-01
-5.669013261795043945e-01,7.372255325317382812e-01,-1.290301382541656494e-01
-6.014385223388671875e-01,7.068451642990112305e-01,-1.018990576267242432e-01
-6.373074650764465332e-01,6.779910326004028320e-01,-7.415355741977691650e-02
-6.752993464469909668e-01,6.506956219673156738e-01,-4.622889310121536255e-02
-7.159790396690368652e-01,6.246404647827148438e-01,-1.889918372035026550e-02
-7.596779465675354004e-01,5.992627143859863281e-01,6.758660078048706055e-03
-8.065531253814697266e-01,5.738885998725891113e-01,2.946964837610721588e-02
-8.566111326217651367e-01,5.477924942970275879e-01,4.786536842584609985e-02
-9.096241593360900879e-01,5.201832056045532227e-01,6.054327636957168579e-02
-9.649587869644165039e-01,4.901686906814575195e-01,6.611107289791107178e-02
-1.021378517150878906e+00,4.567666947841644287e-01,6.328950077295303345e-02
-1.076924681663513184e+00,4.190061986446380615e-01,5.113250017166137695e-02
-1.128959894180297852e+00,3.761064410209655762e-01,2.934120222926139832e-02
-1.174426674842834473e+00,3.276968896389007568e-01,-1.442695036530494690e-03
-1.210298538208007812e+00,2.739937305450439453e-01,-3.951444104313850403e-02
-1.234131574630737305e+00,2.158622294664382935e-01,-8.225151151418685913e-02
-1.244552850723266602e+00,1.547220498323440552e-01,-1.265058368444442749e-01
-1.241510987281799316e+00,9.230302274227142334e-02,-1.691213548183441162e-01
-1.226198434829711914e+00,3.033869899809360504e-02,-2.074003815650939941e-01
-1.200690150260925293e+00,-2.970749698579311371e-02,-2.393963634967803955e-01
-1.167472243309020996e+00,-8.679865300655364990e-02,-2.639862596988677979e-01
-1.129047274589538574e+00,-1.403623968362808228e-01,-2.807722091674804688e-01
-1.087710499763488770e+00,-1.902519017457962036e-01,-2.898970842361450195e-01
-1.045464277267456055e+00,-2.366776317358016968e-01,-2.918573617935180664e-01
-1.003939509391784668e+00,-2.801265418529510498e-01,-2.873625755310058594e-01
-9.642670154571533203e-01,-3.212398886680603027e-01,-2.772510647773742676e-01
-9.269362092018127441e-01,-3.606491386890411377e-01,-2.624425888061523438e-01
-8.917760848999023438e-01,-3.988078832626342773e-01,-2.438982427120208740e-01
-8.581516742706298828e-01,-4.359139800071716309e-01,-2.225556522607803345e-01
-8.253334164619445801e-01,-4.719803333282470703e-01,-1.992367506027221680e-01
-7.928760051727294922e-01,-5.070345401763916016e-01,-1.745537966489791870e-01
-7.607998251914978027e-01,-5.413334965705871582e-01,-1.488635838031768799e-01
-7.295030355453491211e-01,-5.754598379135131836e-01,-1.223176047205924988e-01
-6.994807124137878418e-01,-6.102467179298400879e-01,-9.500883519649505615e-02
-6.710278391838073730e-01,-6.465799212455749512e-01,-6.716484576463699341e-02
-6.440844535827636719e-01,-6.852005720138549805e-01,-3.930319473147392273e-02
-6.182577013969421387e-01,-7.266119122505187988e-01,-1.228075474500656128e-02
-5.929464101791381836e-01,-7.710962295532226562e-01,1.276526972651481628e-02
-5.674618482589721680e-01,-8.187734484672546387e-01,3.452772647142410278e-02
-5.410652160644531250e-01,-8.696036934852600098e-01,5.162588506937026978e-02
-5.129422545433044434e-01,-9.232770204544067383e-01,6.265494972467422485e-02
-4.821749031543731689e-01,-9.790258407592773438e-01,6.623705476522445679e-02
-4.477707147598266602e-01,-1.035439610481262207e+00,6.115078181028366089e-02
-4.087861776351928711e-01,-1.090377449989318848e+00,4.658074676990509033e-02
-3.645231723785400391e-01,-1.141065478324890137e+00,2.243967540562152863e-02
-3.147445917129516602e-01,-1.184403777122497559e+00,-1.036639697849750519e-02
-2.598286569118499756e-01,-1.217459917068481445e+00,-4.987907409667968750e-02
-2.007943987846374512e-01,-1.238018989562988281e+00,-9.330009669065475464e-02
-1.391669660806655884e-01,-1.245027065277099609e+00,-1.374296993017196655e-01
-7.670596241950988770e-02,-1.238763570785522461e+00,-1.791877746582031250e-01
-1.509899925440549850e-02,-1.220683574676513672e+00,-2.160460054874420166e-01
4.428759217262268066e-02,-1.193008542060852051e+00,-2.462648153305053711e-01
1.005327105522155762e-01,-1.158259987831115723e+00,-2.689164876937866211e-01
1.531764566898345947e-01,-1.118902564048767090e+00,-2.837569713592529297e-01
2.021681815385818481e-01,-1.077163457870483398e+00,-2.910339534282684326e-01
2.477955073118209839e-01,-1.034961462020874023e+00,-2.913078367710113525e-01
2.905974984169006348e-01,-9.938169121742248535e-01,-2.853264212608337402e-01
3.312299847602844238e-01,-9.547107815742492676e-01,-2.739520668983459473e-01
3.702940046787261963e-01,-9.179619550704956055e-01,-2.581191360950469971e-01
4.081806242465972900e-01,-8.832563161849975586e-01,-2.387901842594146729e-01
4.450289309024810791e-01,-8.498961329460144043e-01,-2.168832272291183472e-01
4.808342754840850830e-01,-8.171928524971008301e-01,-1.931754946708679199e-01
5.156631469726562500e-01,-7.848104238510131836e-01,-1.682169586420059204e-01
5.498515367507934570e-01,-7.528822422027587891e-01,-1.423041671514511108e-01
5.840591788291931152e-01,-7.218610048294067383e-01,-1.155566871166229248e-01
6.191525459289550781e-01,-6.922161579132080078e-01,-8.808346837759017944e-02
6.559966206550598145e-01,-6.641609072685241699e-01,-6.017332524061203003e-02
6.952776312828063965e-01,-6.375443339347839355e-01,-3.242845460772514343e-02
7.374381422996520996e-01,-6.119075417518615723e-01,-5.784757435321807861e-03
7.827143073081970215e-01,-5.866194367408752441e-01,1.856676489114761353e-02
8.311917185783386230e-01,-5.609784722328186035e-01,3.929417207837104797e-02
8.827765583992004395e-01,-5.342302918434143066e-01,5.500711128115653992e-02
9.370626807212829590e-01,-5.055366158485412598e-01,6.430052220821380615e-02
9.931381344795227051e-01,-4.739539325237274170e-01,6.581930816173553467e-02
1.049411416053771973e+00,-4.384871721267700195e-01,5.841569229960441589e-02
1.103566765785217285e+00,-3.982336521148681641e-01,4.142566397786140442e-02
1.152710676193237305e+00,-3.525922298431396484e-01,1.499142684042453766e-02
1.193734526634216309e+00,-3.014679551124572754e-01,-1.971340551972389221e-02
1.223835349082946777e+00,-2.454032599925994873e-01,-6.049033626914024353e-02
1.241053223609924316e+00,-1.855636835098266602e-01,-1.043922826647758484e-01
1.244666218757629395e+00,-1.235605329275131226e-01,-1.482022702693939209e-01
1.235274314880371094e+00,-6.116395071148872375e-02,-1.889439523220062256e-01
1.214567542076110840e+00,2.123617406368794036e-07,-2.242729067802429199e-01
1.247726082801818848e+00,0.000000000000000000e+00,-1.890926212072372437e-01
1.224182963371276855e+00,6.061456725001335144e-02,-2.165940105915069580e-01
1.193263053894042969e+00,1.184576004743576050e-01,-2.376426458358764648e-01
1.157087683677673340e+00,1.730092167854309082e-01,-2.517105340957641602e-01
1.117768645286560059e+00,2.241350859403610229e-01,-2.587124109268188477e-01
1.077211737632751465e+00,2.720409929752349854e-01,-2.589432895183563232e-01
1.036893248558044434e+00,3.171659111976623535e-01,-2.530182003974914551e-01
9.976745843887329102e-01,3.600215017795562744e-01,-2.418022751808166504e-01
9.597619175910949707e-01,4.010277390480041504e-01,-2.263173162937164307e-01
9.228650331497192383e-01,4.404176175594329834e-01,-2.076152116060256958e-01
8.865152597427368164e-01,4.782668948173522949e-01,-1.866375952959060669e-01
8.503983020782470703e-01,5.146362185478210449e-01,-1.641002893447875977e-01
8.145458698272705078e-01,5.497439503669738770e-01,-1.404491066932678223e-01
7.793149352073669434e-01,5.840717554092407227e-01,-1.159132122993469238e-01
7.451955676078796387e-01,6.183446049690246582e-01,-9.064024686813354492e-02
7.125795483589172363e-01,6.534094214439392090e-01,-6.485992670059204102e-02
6.816032528877258301e-01,6.900861859321594238e-01,-3.900990635156631470e-02
6.521065235137939453e-01,7.290590405464172363e-01,-1.378056406974792480e-02
6.236815452575683594e-01,7.708321809768676758e-01,9.916979819536209106e-03
5.957396626472473145e-01,8.157143592834472656e-01,3.102039545774459839e-02
5.675551295280456543e-01,8.637871742248535156e-01,4.838033393025398254e-02
5.382849574089050293e-01,9.148323535919189453e-01,6.080524623394012451e-02
5.069893002510070801e-01,9.682248234748840332e-01,6.711449474096298218e-02
4.726856350898742676e-01,1.022837877273559570e+00,6.624329090118408203e-02
4.344459772109985352e-01,1.076995849609375000e+00,5.741950124502182007e-02
3.915335834026336670e-01,1.128524303436279297e+00,4.038074612617492676e-02
3.435541391372680664e-01,1.174923539161682129e+00,1.556033268570899963e-02
2.905803918838500977e-01,1.213660359382629395e+00,-1.584153436124324799e-02
2.332058697938919067e-01,1.242535233497619629e+00,-5.194623768329620361e-02
1.724964678287506104e-01,1.260028243064880371e+00,-9.042833745479583740e-02
1.098431497812271118e-01,1.265528559684753418e+00,-1.288239657878875732e-01
4.675048962235450745e-02,1.259359359741210938e+00,-1.648299396038055420e-01
-1.537039317190647125e-02,1.242642998695373535e+00,-1.965256631374359131e-01
-7.536216080188751221e-02,1.217063188552856445e+00,-2.224899232387542725e-01
-1.324156969785690308e-01,1.184627771377563477e+00,-2.418243885040283203e-01
-1.861089318990707397e-01,1.147472739219665527e+00,-2.541179656982421875e-01
-2.363992035388946533e-01,1.107678651809692383e+00,-2.593858838081359863e-01
-2.835628986358642578e-01,1.067064762115478516e+00,-2.580089569091796875e-01
-3.280735015869140625e-01,1.026966691017150879e+00,-2.506720721721649170e-01
-3.704339563846588135e-01,9.880790114402770996e-01,-2.382896095514297485e-01
-4.110218584537506104e-01,9.504604935646057129e-01,-2.219036370515823364e-01
-4.500231742858886719e-01,9.137433767318725586e-01,-2.025516182184219360e-01
-4.874933063983917236e-01,8.774695396423339844e-01,-1.811275333166122437e-01
-5.235174894332885742e-01,8.414009213447570801e-01,-1.582800745964050293e-01
-5.583741068840026855e-01,8.056612014770507812e-01,-1.343922317028045654e-01
-5.926126837730407715e-01,7.706618309020996094e-01,-1.096577048301696777e-01
-6.270030736923217773e-01,7.368901371955871582e-01,-8.422975987195968628e-02
-6.623978018760681152e-01,7.046830654144287109e-01,-5.838131904602050781e-02
-6.995913982391357422e-01,6.741026043891906738e-01,-3.261204063892364502e-02
-7.392244935035705566e-01,6.449204683303833008e-01,-7.673129439353942871e-03
-7.817540168762207031e-01,6.166772246360778809e-01,1.547982357442378998e-02
-8.274360895156860352e-01,5.887474417686462402e-01,3.575745224952697754e-02
-8.762867450714111328e-01,5.603747963905334473e-01,5.199610814452171326e-02
-9.279955029487609863e-01,5.306891202926635742e-01,6.300061941146850586e-02
-9.818202257156372070e-01,4.987337291240692139e-01,6.760667264461517334e-02
-1.036497473716735840e+00,4.635280072689056396e-01,6.480361521244049072e-02
-1.090218305587768555e+00,4.241784214973449707e-01,5.392601341009140015e-02
-1.140705823898315430e+00,3.800195157527923584e-01,3.487129881978034973e-02
-1.185420870780944824e+00,3.307645618915557861e-01,8.263645693659782410e-03
-1.221877098083496094e+00,2.766149640083312988e-01,-2.451229840517044067e-02
-1.248015761375427246e+00,2.182907164096832275e-01,-6.144034117460250854e-02
-1.262531161308288574e+00,1.569571048021316528e-01,-1.001300662755966187e-01
-1.265048146247863770e+00,9.405294805765151978e-02,-1.381323337554931641e-01
-1.256110787391662598e+00,3.107879497110843658e-02,-1.732224076986312866e-01
-1.237004518508911133e+00,-3.060598671436309814e-02,-2.035979330539703369e-01
-1.209514379501342773e+00,-8.992437273263931274e-02,-2.279690653085708618e-01
-1.175698041915893555e+00,-1.461619883775711060e-01,-2.455641329288482666e-01
-1.137694478034973145e+00,-1.989946067333221436e-01,-2.560844719409942627e-01
-1.097540020942687988e+00,-2.484668195247650146e-01,-2.596425414085388184e-01
-1.056953191757202148e+00,-2.949188053607940674e-01,-2.567010819911956787e-01
-1.017119169235229492e+00,-3.388472795486450195e-01,-2.480100542306900024e-01
-9.785649180412292480e-01,-3.807366490364074707e-01,-2.345266938209533691e-01
-9.412158131599426270e-01,-4.209176301956176758e-01,-2.173053026199340820e-01
-9.046483635902404785e-01,-4.595328271389007568e-01,-1.973597556352615356e-01
-8.684344887733459473e-01,-4.966284036636352539e-01,-1.755298078060150146e-01
-8.324226737022399902e-01,-5.323241353034973145e-01,-1.523958295583724976e-01
-7.968224287033081055e-01,-5.669647455215454102e-01,-1.282825469970703125e-01
-7.620867490768432617e-01,-6.011630892753601074e-01,-1.033580899238586426e-01
-7.286840677261352539e-01,-6.357245445251464844e-01,-7.779201120138168335e-02
-6.968898177146911621e-01,-6.714997291564941406e-01,-5.190634727478027344e-02
-6.666905283927917480e-01,-7.092497348785400391e-01,-2.626517415046691895e-02
-6.377934813499450684e-01,-7.495715022087097168e-01,-1.676749438047409058e-03
-6.096927523612976074e-01,-7.928739190101623535e-01,2.086342684924602509e-02
-5.817278623580932617e-01,-8.393574357032775879e-01,4.024233296513557434e-02
-5.531128048896789551e-01,-8.889666199684143066e-01,5.528463423252105713e-02
-5.229514241218566895e-01,-9.412931799888610840e-01,6.479528546333312988e-02
-4.902743995189666748e-01,-9.954713582992553711e-01,6.763409823179244995e-02
-4.541102051734924316e-01,-1.050099253654479980e+00,6.285645812749862671e-02
-4.136083722114562988e-01,-1.103240013122558594e+00,4.991786181926727295e-02
-3.681846559047698975e-01,-1.152526974678039551e+00,2.888585440814495087e-02
-3.176666498184204102e-01,-1.195399641990661621e+00,5.783792585134506226e-04
-2.623865008354187012e-01,-1.229444980621337891e+00,-3.344433754682540894e-02
-2.031861096620559692e-01,-1.252765297889709473e+00,-7.104475051164627075e-02
-1.413188576698303223e-01,-1.264278531074523926e+00,-1.097877621650695801e-01
-7.825925201177597046e-02,-1.263848423957824707e+00,-1.472564935684204102e-01
-1.548914238810539246e-02,-1.252224922180175781e+00,-1.813177019357681274e-01
4.569202288985252380e-02,-1.230840682983398438e+00,-2.102923691272735596e-01
1.042918413877487183e-01,-1.201569914817810059e+00,-2.330223172903060913e-01
1.596934199333190918e-01,-1.166506886482238770e+00,-2.488596141338348389e-01
2.116687446832656860e-01,-1.127783060073852539e+00,-2.576141953468322754e-01
2.603450715541839600e-01,-1.087376832962036133e+00,-2.594916224479675293e-01
3.061169087886810303e-01,-1.046891927719116211e+00,-2.550327181816101074e-01
3.494943976402282715e-01,-1.007354736328125000e+00,-2.450480014085769653e-01
3.909336030483245850e-01,-9.691277146339416504e-01,-2.305304259061813354e-01
4.307159185409545898e-01,-9.320200681686401367e-01,-2.125377357006072998e-01
4.689470231533050537e-01,-8.955738544464111328e-01,-1.920517086982727051e-01
5.056749582290649414e-01,-8.594104051589965820e-01,-1.698518842458724976e-01
5.410639047622680664e-01,-8.234689831733703613e-01,-1.464511007070541382e-01
5.755265951156616211e-01,-7.880377173423767090e-01,-1.221223026514053345e-01
6.097357869148254395e-01,-7.535956501960754395e-01,-9.701769798994064331e-02
6.445223093032836914e-01,-7.205797433853149414e-01,-7.133283466100692749e-02
6.807253956794738770e-01,-6.891974210739135742e-01,-4.544538259506225586e-02
7.190700769424438477e-01,-6.593611240386962891e-01,-1.998306810855865479e-02
7.601064443588256836e-01,-6.307170987129211426e-01,4.192430526018142700e-03
8.041934967041015625e-01,-6.027173995971679688e-01,2.604952827095985413e-02
8.514757156372070312e-01,-5.746682882308959961e-01,4.445612430572509766e-02
9.018188714981079102e-01,-5.457541942596435547e-01,5.822722241282463074e-02
9.547095298767089844e-01,-5.150569081306457520e-01,6.617212295532226562e-02
1.009153008460998535e+00,-4.815967381000518799e-01,6.718350946903228760e-02
1.063610076904296875e+00,-4.444199502468109131e-01,6.039612740278244019e-02
1.116022467613220215e+00,-4.027284383773803711e-01,4.539995640516281128e-02
1.163946032524108887e+00,-3.560288846492767334e-01,2.244217135012149811e-02
1.204824328422546387e+00,-3.042685985565185547e-01,-7.466876879334449768e-03
1.236338496208190918e+00,-2.479103952646255493e-01,-4.260174930095672607e-02
1.256772518157958984e+00,-1.879140436649322510e-01,-8.072037994861602783e-02
1.265275359153747559e+00,-1.256064325571060181e-01,-1.193642169237136841e-01
1.261945843696594238e+00,-6.248457357287406921e-02,-1.561653465032577515e-01
1.247725963592529297e+00,2.181593430350403651e-07,-1.890927702188491821e-01
1.277920722961425781e+00,0.000000000000000000e+00,-1.373088955879211426e-01
1.260516047477722168e+00,6.241357699036598206e-02,-1.643724292516708374e-01
1.234726667404174805e+00,1.225737780332565308e-01,-1.864247024059295654e-01
1.202366828918457031e+00,1.797793954610824585e-01,-2.025295346975326538e-01
1.165445446968078613e+00,2.336952388286590576e-01,-2.121850550174713135e-01
1.125885605812072754e+00,2.843331694602966309e-01,-2.153579890727996826e-01
1.085229396820068359e+00,3.319510519504547119e-01,-2.124692052602767944e-01
1.044445037841796875e+00,3.768991529941558838e-01,-2.043056190013885498e-01
1.003924012184143066e+00,4.194805026054382324e-01,-1.918629556894302368e-01
9.636713862419128418e-01,4.598915874958038330e-01,-1.761540770530700684e-01
9.235981106758117676e-01,4.982727169990539551e-01,-1.580451577901840210e-01
8.837586641311645508e-01,5.348249077796936035e-01,-1.381721347570419312e-01
8.444377183914184570e-01,5.699182152748107910e-01,-1.169557347893714905e-01
8.060719370841979980e-01,6.041253209114074707e-01,-9.468980878591537476e-02
7.690906524658203125e-01,6.381721496582031250e-01,-7.165136933326721191e-02
7.337731122970581055e-01,6.728431582450866699e-01,-4.818776994943618774e-02
7.001837491989135742e-01,7.088980078697204590e-01,-2.476230636239051819e-02
6.681674718856811523e-01,7.470152974128723145e-01,-1.966711133718490601e-03
6.373662948608398438e-01,7.877457737922668457e-01,1.947985403239727020e-02
6.072323918342590332e-01,8.314507603645324707e-01,3.873553127050399780e-02
5.770374536514282227e-01,8.782187700271606445e-01,5.485308915376663208e-02
5.459036231040954590e-01,9.277805089950561523e-01,6.682398915290832520e-02
5.128715634346008301e-01,9.794585108757019043e-01,7.366091758012771606e-02
4.769949913024902344e-01,1.032162785530090332e+00,7.451336830854415894e-02
4.374429881572723389e-01,1.084425449371337891e+00,6.879755109548568726e-02
3.935943841934204102e-01,1.134464263916015625e+00,5.631436407566070557e-02
3.451236486434936523e-01,1.180291056632995605e+00,3.733229637145996094e-02
2.920655310153961182e-01,1.219863295555114746e+00,1.261642202734947205e-02
2.348503023386001587e-01,1.251296877861022949e+00,-1.660726591944694519e-02
1.742838919162750244e-01,1.273084759712219238e+00,-4.874921590089797974e-02
1.114709898829460144e-01,1.284283280372619629e+00,-8.200087398290634155e-02
4.768774658441543579e-02,1.284607172012329102e+00,-1.144989430904388428e-01
-1.576370373368263245e-02,1.274440765380859375e+00,-1.444786638021469116e-01
-7.769823074340820312e-02,1.254789590835571289e+00,-1.703987717628479004e-01
-1.371716260910034180e-01,1.227175593376159668e+00,-1.910358965396881104e-01
-1.935716569423675537e-01,1.193485021591186523e+00,-2.055574804544448853e-01
-2.466551363468170166e-01,1.155734062194824219e+00,-2.135769724845886230e-01
-2.965074181556701660e-01,1.115775942802429199e+00,-2.151786237955093384e-01
-3.434248566627502441e-01,1.075021028518676758e+00,-2.108860313892364502e-01
-3.877569139003753662e-01,1.034285545349121094e+00,-2.015554010868072510e-01
-4.297810196876525879e-01,9.938398003578186035e-01,-1.882046312093734741e-01
-4.696713984012603760e-01,9.536377787590026855e-01,-1.718228310346603394e-01
-5.075711011886596680e-01,9.136087894439697266e-01,-1.532226949930191040e-01
-5.437159538269042969e-01,8.738641142845153809e-01,-1.329811662435531616e-01
-5.785264372825622559e-01,8.347384333610534668e-01,-1.114774495363235474e-01
-6.126219630241394043e-01,7.966828346252441406e-01,-8.899073302745819092e-02
-6.467507481575012207e-01,7.600986957550048828e-01,-6.580934673547744751e-02
-6.816988587379455566e-01,7.252162098884582520e-01,-4.230695590376853943e-02
-7.182100415229797363e-01,6.920428872108459473e-01,-1.897837966680526733e-02
-7.569348216056823730e-01,6.603714227676391602e-01,3.552233800292015076e-03
-7.983839511871337891e-01,6.297954916954040527e-01,2.453457005321979523e-02
-8.428596258163452148e-01,5.997217893600463867e-01,4.309794306755065918e-02
-8.903668522834777832e-01,5.693788528442382812e-01,5.827429518103599548e-02
-9.405374526977539062e-01,5.378614664077758789e-01,6.905114650726318359e-02
-9.925895333290100098e-01,5.042042136192321777e-01,7.446346431970596313e-02
-1.045334935188293457e+00,4.674801528453826904e-01,7.371536642313003540e-02
-1.097218394279479980e+00,4.269019961357116699e-01,6.630915403366088867e-02
-1.146396279335021973e+00,3.819152712821960449e-01,5.215667188167572021e-02
-1.190848469734191895e+00,3.322790265083312988e-01,3.165027499198913574e-02
-1.228551745414733887e+00,2.781260013580322266e-01,5.676193162798881531e-03
-1.257695317268371582e+00,2.199837714433670044e-01,-2.443741261959075928e-02
-1.276900172233581543e+00,1.587434560060501099e-01,-5.703114718198776245e-02
-1.285380125045776367e+00,9.556457400321960449e-02,-9.026776254177093506e-02
-1.283019542694091797e+00,3.174457326531410217e-02,-1.222947388887405396e-01
-1.270365715026855469e+00,-3.143140673637390137e-02,-1.513931155204772949e-01
-1.248563647270202637e+00,-9.282758831977844238e-02,-1.760931015014648438e-01
-1.219244241714477539e+00,-1.515756249427795410e-01,-1.952627003192901611e-01
-1.184350252151489258e+00,-2.071551978588104248e-01,-2.081767022609710693e-01
-1.145887255668640137e+00,-2.594119012355804443e-01,-2.145655602216720581e-01
-1.105619311332702637e+00,-3.084979951381683350e-01,-2.146291434764862061e-01
-1.064816832542419434e+00,-3.547374606132507324e-01,-2.089872509241104126e-01
-1.024145483970642090e+00,-3.984709680080413818e-01,-1.985540241003036499e-01
-9.837707877159118652e-01,-4.399484992027282715e-01,-1.843576431274414062e-01
-9.436141848564147949e-01,-4.793262481689453125e-01,-1.673541516065597534e-01
-9.036360979080200195e-01,-5.167590379714965820e-01,-1.482985019683837891e-01
-8.640076518058776855e-01,-5.525223612785339355e-01,-1.277118623256683350e-01
-8.251066803932189941e-01,-5.870898962020874023e-01,-1.059374958276748657e-01
-7.873859405517578125e-01,-6.211200952529907227e-01,-8.324776589870452881e-02
-7.512146830558776855e-01,-6.553809046745300293e-01,-5.994675680994987488e-02
-7.167671322822570801e-01,-6.906527876853942871e-01,-3.643631562590599060e-02
-6.839967966079711914e-01,-7.276607751846313477e-01,-1.324385777115821838e-02
-6.526449322700500488e-01,-7.670257687568664551e-01,8.974905125796794891e-03
-6.222572922706604004e-01,-8.092135190963745117e-01,2.943870797753334045e-02
-5.921946763992309570e-01,-8.544597029685974121e-01,4.724899306893348694e-02
-5.616469383239746094e-01,-9.026827812194824219e-01,6.142033636569976807e-02
-5.296852588653564453e-01,-9.534138441085815430e-01,7.094211876392364502e-02
-4.953444600105285645e-01,-1.005765795707702637e+00,7.487946748733520508e-02
-4.577233195304870605e-01,-1.058454275131225586e+00,7.249921560287475586e-02
-4.160840511322021484e-01,-1.109843492507934570e+00,6.339676678180694580e-02
-3.699434995651245117e-01,-1.158032774925231934e+00,4.759931564331054688e-02
-3.191503882408142090e-01,-1.200983047485351562e+00,2.562437765300273895e-02
-2.639354765415191650e-01,-1.236702919006347656e+00,-1.524282619357109070e-03
-2.049223333597183228e-01,-1.263470172882080078e+00,-3.242338821291923523e-02
-1.430808454751968384e-01,-1.280041813850402832e+00,-6.535344570875167847e-02
-7.961824536323547363e-02,-1.285795450210571289e+00,-9.845830500125885010e-02
-1.584242098033428192e-02,-1.280785799026489258e+00,-1.299062818288803101e-01
4.698669910430908203e-02,-1.265716433525085449e+00,-1.580310314893722534e-01
1.077894121408462524e-01,-1.241866230964660645e+00,-1.814395934343338013e-01
1.657795310020446777e-01,-1.210963845252990723e+00,-1.990961730480194092e-01
2.205294966697692871e-01,-1.174993634223937988e+00,-2.103857547044754028e-01
2.719697952270507812e-01,-1.135929584503173828e+00,-2.151567190885543823e-01
3.203105330467224121e-01,-1.095432758331298828e+00,-2.137216329574584961e-01
3.658939301967620850e-01,-1.054623365402221680e+00,-2.067883461713790894e-01
4.090446829795837402e-01,-1.014025211334228516e+00,-1.953179389238357544e-01
4.499846994876861572e-01,-9.737154841423034668e-01,-1.803365647792816162e-01
4.888588190078735352e-01,-9.336004853248596191e-01,-1.627586036920547485e-01
5.258417129516601562e-01,-8.936844468116760254e-01,-1.432796418666839600e-01
5.612535476684570312e-01,-8.541964888572692871e-01,-1.223685517907142639e-01
5.956189632415771484e-01,-8.155491352081298828e-01,-1.003402173519134521e-01
6.296327710151672363e-01,-7.781870961189270020e-01,-7.746604084968566895e-02
6.640744209289550781e-01,-7.424391508102416992e-01,-5.407027527689933777e-02
6.997153759002685547e-01,-7.084237933158874512e-01,-3.058491647243499756e-02
7.372596859931945801e-01,-6.760403513908386230e-01,-7.569391280412673950e-03
7.772943377494812012e-01,-6.449791789054870605e-01,1.428876072168350220e-02
8.202348947525024414e-01,-6.147398948669433594e-01,3.417722135782241821e-02
8.662477135658264160e-01,-5.846379995346069336e-01,5.117262527346611023e-02
9.151585698127746582e-01,-5.538269877433776855e-01,6.427544355392456055e-02
9.663934111595153809e-01,-5.213602781295776367e-01,7.248306274414062500e-02
1.018965244293212891e+00,-4.862793684005737305e-01,7.489897310733795166e-02
1.071493983268737793e+00,-4.477141499519348145e-01,7.086066901683807373e-02
1.122269511222839355e+00,-4.049827158451080322e-01,6.006337702274322510e-02
1.169341802597045898e+00,-3.576793670654296875e-01,4.265363514423370361e-02
1.210664033889770508e+00,-3.057433962821960449e-01,1.927311345934867859e-02
1.244292497634887695e+00,-2.495053261518478394e-01,-8.960884064435958862e-03
1.268604755401611328e+00,-1.896832287311553955e-01,-4.053689166903495789e-02
1.282503604888916016e+00,-1.273167282342910767e-01,-7.368634641170501709e-02
1.285535335540771484e+00,-6.365259736776351929e-02,-1.065443903207778931e-01
1.277920603752136230e+00,2.234387324051567703e-07,-1.373090744018554688e-01
1.299067735671997070e+00,0.000000000000000000e+00,-7.232475280761718750e-02
1.287785053253173828e+00,6.376378238201141357e-02,-9.943890571594238281e-02
1.267243862152099609e+00,1.258018314838409424e-01,-1.231752038002014160e-01
1.238866090774536133e+00,1.852368265390396118e-01,-1.422820240259170532e-01
1.204420685768127441e+00,2.415105551481246948e-01,-1.558926999568939209e-01
1.165738821029663086e+00,2.943977713584899902e-01,-1.636248230934143066e-01
1.124416112899780273e+00,3.439374864101409912e-01,-1.656042039394378662e-01
1.081618070602416992e+00,3.903134167194366455e-01,-1.623777747154235840e-01
1.038065314292907715e+00,4.337460696697235107e-01,-1.547315120697021484e-01
9.941869974136352539e-01,4.744544923305511475e-01,-1.434831470251083374e-01
9.503391981124877930e-01,5.126993060111999512e-01,-1.293362528085708618e-01
9.069526195526123047e-01,5.488612055778503418e-01,-1.128433644771575928e-01
8.645421266555786133e-01,5.834868550300598145e-01,-9.445891529321670532e-02
8.235991597175598145e-01,6.172614097595214844e-01,-7.461664080619812012e-02
7.844675183296203613e-01,6.509315371513366699e-01,-5.377064645290374756e-02
7.472734451293945312e-01,6.852224469184875488e-01,-3.239020332694053650e-02
7.119420766830444336e-01,7.208026647567749023e-01,-1.094144582748413086e-02
6.782304644584655762e-01,7.582657933235168457e-01,1.009952928870916367e-02
6.457503437995910645e-01,7.981079220771789551e-01,3.019620105624198914e-02
6.139507889747619629e-01,8.406499028205871582e-01,4.869863018393516541e-02
5.821095108985900879e-01,8.859381675720214844e-01,6.483756005764007568e-02
5.493668317794799805e-01,9.336663484573364258e-01,7.778199017047882080e-02
5.148169398307800293e-01,9.831737279891967773e-01,8.673536032438278198e-02
4.776163995265960693e-01,1.033507466316223145e+00,9.102377295494079590e-02
4.370707273483276367e-01,1.083502650260925293e+00,9.014712274074554443e-02
3.926814496517181396e-01,1.131832838058471680e+00,8.380381017923355103e-02
3.441673219203948975e-01,1.177020549774169922e+00,7.192182540893554688e-02
2.914898991584777832e-01,1.217459082603454590e+00,5.471475049853324890e-02
2.348850369453430176e-01,1.251482009887695312e+00,3.274559602141380310e-02
1.748906522989273071e-01,1.277516841888427734e+00,6.957841571420431137e-03
1.123378053307533264e-01,1.294270038604736328e+00,-2.135982178151607513e-02
4.829277098178863525e-02,1.300905227661132812e+00,-5.067395418882369995e-02
-1.604488678276538849e-02,1.297173500061035156e+00,-7.934064418077468872e-02
-7.947418093681335449e-02,1.283470273017883301e+00,-1.057439297437667847e-01
-1.409322470426559448e-01,1.260819077491760254e+00,-1.284272819757461548e-01
-1.996157616376876831e-01,1.230750560760498047e+00,-1.462237238883972168e-01
-2.550521194934844971e-01,1.195079207420349121e+00,-1.583804041147232056e-01
-3.070909082889556885e-01,1.155602097511291504e+00,-1.646436750888824463e-01
-3.558194935321807861e-01,1.113819837570190430e+00,-1.652574241161346436e-01
-4.014389812946319580e-01,1.070780515670776367e+00,-1.608477085828781128e-01
-4.441696405410766602e-01,1.027112483978271484e+00,-1.522269695997238159e-01
-4.842344820499420166e-01,9.832072257995605469e-01,-1.401941478252410889e-01
-5.219166874885559082e-01,9.394302964210510254e-01,-1.254141777753829956e-01
-5.576368570327758789e-01,8.962378501892089844e-01,-1.084077805280685425e-01
-5.919814109802246094e-01,8.541521430015563965e-01,-8.961777389049530029e-02
-6.256597042083740234e-01,8.136377930641174316e-01,-6.948096305131912231e-02
-6.594187021255493164e-01,7.749868035316467285e-01,-4.845730960369110107e-02
-6.939721703529357910e-01,7.382730245590209961e-01,-2.701631560921669006e-02
-7.299703955650329590e-01,7.033747434616088867e-01,-5.623488686978816986e-03
-7.679868340492248535e-01,6.700135469436645508e-01,1.523537747561931610e-02
-8.084827661514282227e-01,6.377618312835693359e-01,3.499949350953102112e-02
-8.517199754714965820e-01,6.060262322425842285e-01,5.298698693513870239e-02
-8.976614475250244141e-01,5.740436911582946777e-01,6.840568035840988159e-02
-9.459096789360046387e-01,5.409336686134338379e-01,8.042348176240921021e-02
-9.957223534584045410e-01,5.057955980300903320e-01,8.826753497123718262e-02
-1.046087384223937988e+00,4.678166806697845459e-01,9.130416810512542725e-02
-1.095796704292297363e+00,4.263488352298736572e-01,8.908085525035858154e-02
-1.143485307693481445e+00,3.809454739093780518e-01,8.134964853525161743e-02
-1.187641143798828125e+00,3.313840627670288086e-01,6.810365617275238037e-02
-1.226630330085754395e+00,2.776910066604614258e-01,4.963852092623710632e-02
-1.258796453475952148e+00,2.201763689517974854e-01,2.661153860390186310e-02
-1.282617092132568359e+00,1.594541817903518677e-01,5.896296352148056030e-05
-1.296897768974304199e+00,9.642087668180465698e-02,-2.865837141871452332e-02
-1.300939798355102539e+00,3.218795731663703918e-02,-5.796588957309722900e-02
-1.294652581214904785e+00,-3.203231468796730042e-02,-8.621425926685333252e-02
-1.278593897819519043e+00,-9.506026655435562134e-02,-1.118151471018791199e-01
-1.253929257392883301e+00,-1.558876335620880127e-01,-1.333719640970230103e-01
-1.222285032272338867e+00,-2.137903869152069092e-01,-1.498104929924011230e-01
-1.185501098632812500e+00,-2.683798968791961670e-01,-1.604971736669540405e-01
-1.145323634147644043e+00,-3.195765912532806396e-01,-1.653075367212295532e-01
-1.103147268295288086e+00,-3.675070405006408691e-01,-1.645957231521606445e-01
-1.059905052185058594e+00,-4.123841822147369385e-01,-1.590545326471328735e-01
-1.016145110130310059e+00,-4.544264972209930420e-01,-1.495098769664764404e-01
-9.722350835800170898e-01,-4.938647449016571045e-01,-1.367342174053192139e-01
-9.285570383071899414e-01,-5.310104489326477051e-01,-1.213532984256744385e-01
-8.855924606323242188e-01,-5.663256049156188965e-01,-1.038608253002166748e-01
-8.438608646392822266e-01,-6.004341244697570801e-01,-8.469218015670776367e-02
-8.037934899330139160e-01,-6.340629458427429199e-01,-6.428982317447662354e-02
-7.656286358833312988e-01,-6.679560542106628418e-01,-4.311801865696907043e-02
-7.293864488601684570e-01,-7.028123140335083008e-01,-2.164531871676445007e-02
-6.949045658111572266e-01,-7.392649054527282715e-01,-3.386642783880233765e-04
-6.618670225143432617e-01,-7.778640985488891602e-01,2.030334994196891785e-02
-6.298065185546875000e-01,-8.190308213233947754e-01,3.969242423772811890e-02
-5.980863571166992188e-01,-8.629606366157531738e-01,5.711512267589569092e-02
-5.659076571464538574e-01,-9.095305800437927246e-01,7.176087051630020142e-02
-5.323731899261474609e-01,-9.582520723342895508e-01,8.280342072248458862e-02
-4.965957105159759521e-01,-1.008306384086608887e+00,8.949841558933258057e-02
-4.577978253364562988e-01,-1.058626651763916016e+00,9.125487506389617920e-02
-4.153797030448913574e-01,-1.107964754104614258e+00,8.766926825046539307e-02
-3.689483106136322021e-01,-1.154917478561401367e+00,7.854922115802764893e-02
-3.183411061763763428e-01,-1.197937726974487305e+00,6.395753473043441772e-02
-2.636519968509674072e-01,-1.235374569892883301e+00,4.427532106637954712e-02
-2.052657455205917358e-01,-1.265587568283081055e+00,2.025558054447174072e-02
-1.438718736171722412e-01,-1.287118554115295410e+00,-6.976379081606864929e-03
-8.042861521244049072e-02,-1.298882603645324707e+00,-3.599411994218826294e-02
-1.608411781489849091e-02,-1.300325870513916016e+00,-6.519134342670440674e-02
4.794452711939811707e-02,-1.291518211364746094e+00,-9.292153269052505493e-02
1.105070933699607849e-01,-1.273177146911621094e+00,-1.176318302750587463e-01
1.706583201885223389e-01,-1.246601819992065430e+00,-1.379943788051605225e-01
2.277563661336898804e-01,-1.213498711585998535e+00,-1.530351340770721436e-01
2.814948260784149170e-01,-1.175712585449218750e+00,-1.622443199157714844e-01
3.318575024604797363e-01,-1.134922385215759277e+00,-1.656245291233062744e-01
3.790037631988525391e-01,-1.092410087585449219e+00,-1.636314541101455688e-01
4.231521785259246826e-01,-1.048997759819030762e+00,-1.570115387439727783e-01
4.645200371742248535e-01,-1.005168318748474121e+00,-1.465918123722076416e-01
5.033508539199829102e-01,-9.612766504287719727e-01,-1.331122815608978271e-01
5.399891734123229980e-01,-9.177284240722656250e-01,-1.171606928110122681e-01
5.749388933181762695e-01,-8.750247955322265625e-01,-9.920888394117355347e-02
6.088569164276123047e-01,-8.336752057075500488e-01,-7.968945056200027466e-02
6.424829363822937012e-01,-7.940691113471984863e-01,-5.905050039291381836e-02
6.765539050102233887e-01,-7.563912272453308105e-01,-3.775976970791816711e-02
7.117528319358825684e-01,-7.206110358238220215e-01,-1.628451980650424957e-02
7.486938238143920898e-01,-6.865250468254089355e-01,4.905252717435359955e-03
7.879025936126708984e-01,-6.537815928459167480e-01,2.529392018914222717e-02
8.297528028488159180e-01,-6.218732595443725586e-01,4.426278918981552124e-02
8.743685483932495117e-01,-5.901188254356384277e-01,6.106967106461524963e-02
9.215363860130310059e-01,-5.576866269111633301e-01,7.489052414894104004e-02
9.706784486770629883e-01,-5.236719846725463867e-01,8.491074293851852417e-02
1.020907521247863770e+00,-4.872062802314758301e-01,9.041954576969146729e-02
1.071105480194091797e+00,-4.475518167018890381e-01,9.087054431438446045e-02
1.119984865188598633e+00,-4.041582942008972168e-01,8.591047674417495728e-02
1.166104674339294434e+00,-3.566891849040985107e-01,7.540546357631683350e-02
1.207885622978210449e+00,-3.050417006015777588e-01,5.949143320322036743e-02
1.243667125701904297e+00,-2.493799477815628052e-01,3.863901644945144653e-02
1.271834254264831543e+00,-1.901661008596420288e-01,1.369742024689912796e-02
1.291006803512573242e+00,-1.281608492136001587e-01,-1.412403769791126251e-02
1.300219535827636719e+00,-6.437967717647552490e-02,-4.334117099642753601e-02
1.299067735671997070e+00,2.271362120609410340e-07,-7.232494652271270752e-02
1.306668639183044434e+00,0.000000000000000000e+00,4.935512620818371943e-08
1.301543235778808594e+00,6.444500386714935303e-02,-2.774080634117126465e-02
1.286500215530395508e+00,1.277134418487548828e-01,-5.387220159173011780e-02
1.262485027313232422e+00,1.887683719396591187e-01,-7.692761719226837158e-02
1.230905890464782715e+00,2.468213737010955811e-01,-9.572982788085937500e-02
1.193402647972106934e+00,3.013840317726135254e-01,-1.095149368047714233e-01
1.151595234870910645e+00,3.522510826587677002e-01,-1.179847642779350281e-01
1.106893062591552734e+00,3.994341492652893066e-01,-1.212525963783264160e-01
1.060431957244873047e+00,4.430918097496032715e-01,-1.197017207741737366e-01
1.013136506080627441e+00,4.834977388381958008e-01,-1.138277351856231689e-01
9.658321142196655273e-01,5.210576057434082031e-01,-1.041406020522117615e-01
9.193096756935119629e-01,5.563393235206604004e-01,-9.115428477525711060e-02
8.742883205413818359e-01,5.900646448135375977e-01,-7.542540132999420166e-02
8.313093781471252441e-01,6.230399608612060547e-01,-5.757275223731994629e-02
7.906410098075866699e-01,6.560541391372680664e-01,-3.823927789926528931e-02
7.522628903388977051e-01,6.897975802421569824e-01,-1.802032068371772766e-02
7.159318327903747559e-01,7.248420715332031250e-01,2.580918837338685989e-03
6.812601089477539062e-01,7.616529464721679688e-01,2.312897890806198120e-02
6.477572321891784668e-01,8.005883097648620605e-01,4.317744821310043335e-02
6.148223280906677246e-01,8.418432474136352539e-01,6.219967454671859741e-02
5.817359685897827148e-01,8.853696584701538086e-01,7.958186417818069458e-02
5.476952791213989258e-01,9.308255314826965332e-01,9.468078613281250000e-02
5.119062662124633789e-01,9.776149988174438477e-01,1.068921759724617004e-01
4.736815690994262695e-01,1.024992942810058594e+00,1.156735569238662720e-01
4.324949383735656738e-01,1.072159171104431152e+00,1.205148100852966309e-01
3.879770934581756592e-01,1.118273496627807617e+00,1.209054887294769287e-01
3.398830890655517578e-01,1.162368893623352051e+00,1.163653731346130371e-01
2.880862057209014893e-01,1.203242897987365723e+00,1.065632477402687073e-01
2.326215356588363647e-01,1.239421844482421875e+00,9.147780388593673706e-02
1.737601011991500854e-01,1.269258737564086914e+00,7.152284681797027588e-02
1.120668426156044006e-01,1.291148304939270020e+00,4.757433012127876282e-02
4.839943349361419678e-02,1.303778529167175293e+00,2.089503034949302673e-02
-1.615834981203079224e-02,1.306346535682678223e+00,-6.999125704169273376e-03
-8.041629940271377563e-02,1.298684954643249512e+00,-3.448539599776268005e-02
-1.432203054428100586e-01,1.281288743019104004e+00,-5.997647345066070557e-02
-2.035872638225555420e-01,1.255237102508544922e+00,-8.206450194120407104e-02
-2.608018517494201660e-01,1.222020268440246582e+00,-9.966608881950378418e-02
-3.144499957561492920e-01,1.183294892311096191e+00,-1.121324896812438965e-01
-3.643881082534790039e-01,1.140642166137695312e+00,-1.192777901887893677e-01
-4.106703698635101318e-01,1.095403909683227539e+00,-1.212980821728706360e-01
-4.534848034381866455e-01,1.048653244972229004e+00,-1.186184734106063843e-01
-4.931354820728302002e-01,1.001280188560485840e+00,-1.117436736822128296e-01
-5.300657153129577637e-01,9.540982842445373535e-01,-1.011826545000076294e-01
-5.648860335350036621e-01,9.078887701034545898e-01,-8.745594322681427002e-02
-5.983471870422363281e-01,8.633370995521545410e-01,-7.113617658615112305e-02
-6.312613487243652344e-01,8.209224343299865723e-01,-5.285358801484107971e-02
-6.643972992897033691e-01,7.808379530906677246e-01,-3.324615210294723511e-02
-6.984171271324157715e-01,7.430017590522766113e-01,-1.288815308362245560e-02
-7.338629961013793945e-01,7.071255445480346680e-01,7.739501539617776871e-03
-7.711767554283142090e-01,6.727964878082275391e-01,2.820675447583198547e-02
-8.106815218925476074e-01,6.394962668418884277e-01,4.805206507444381714e-02
-8.525202274322509766e-01,6.065956354141235352e-01,6.672415137290954590e-02
-8.965719938278198242e-01,5.733469724655151367e-01,8.359533548355102539e-02
-9.424253106117248535e-01,5.389410853385925293e-01,9.802655875682830811e-02
-9.894352555274963379e-01,5.026019811630249023e-01,1.094291806221008301e-01
-1.036836028099060059e+00,4.636794030666351318e-01,1.172730922698974609e-01
-1.083820819854736328e+00,4.216893017292022705e-01,1.210496723651885986e-01
-1.129528760910034180e+00,3.762959539890289307e-01,1.202494204044342041e-01
-1.172942519187927246e+00,3.272827863693237305e-01,1.144155710935592651e-01
-1.212790369987487793e+00,2.745578587055206299e-01,1.032790541648864746e-01
-1.247540831565856934e+00,2.182076424360275269e-01,8.691892027854919434e-02
-1.275534391403198242e+00,1.585736572742462158e-01,6.586655974388122559e-02
-1.295215487480163574e+00,9.629580378532409668e-02,4.110452905297279358e-02
-1.305381774902343750e+00,3.229786083102226257e-02,1.397280022501945496e-02
-1.305381774902343750e+00,-3.229777514934539795e-02,-1.397264096885919571e-02
-1.295215487480163574e+00,-9.629603475332260132e-02,-4.110452160239219666e-02
-1.275534510612487793e+00,-1.585735976696014404e-01,-6.586645543575286865e-02
-1.247540831565856934e+00,-2.182078808546066284e-01,-8.691893517971038818e-02
-1.212790608406066895e+00,-2.745578289031982422e-01,-1.032789796590805054e-01
-1.172942519187927246e+00,-3.272829949855804443e-01,-1.144154742360115051e-01
-1.129528760910034180e+00,-3.762958943843841553e-01,-1.202493011951446533e-01
-1.083820819854736328e+00,-4.216892421245574951e-01,-1.210496425628662109e-01
-1.036835789680480957e+00,-4.636795222759246826e-01,-1.172730103135108948e-01
-9.894352555274963379e-01,-5.026019215583801270e-01,-1.094291508197784424e-01
-9.424250125885009766e-01,-5.389410853385925293e-01,-9.802646934986114502e-02
-8.965719342231750488e-01,-5.733468532562255859e-01,-8.359530568122863770e-02
-8.525202870368957520e-01,-6.065955758094787598e-01,-6.672418862581253052e-02
-8.106814026832580566e-01,-6.394963860511779785e-01,-4.805188998579978943e-02
-7.711768150329589844e-01,-6.727964282035827637e-01,-2.820672094821929932e-02
-7.338628172874450684e-01,-7.071256041526794434e-01,-7.739473599940538406e-03
-6.984171271324157715e-01,-7.430016994476318359e-01,1.288814656436443329e-02
-6.643974184989929199e-01,-7.808379530906677246e-01,3.324614465236663818e-02
-6.312611103057861328e-01,-8.209224343299865723e-01,5.285361036658287048e-02
-5.983472466468811035e-01,-8.633370399475097656e-01,7.113613188266754150e-02
-5.648860335350036621e-01,-9.078886508941650391e-01,8.745595812797546387e-02
-5.300655364990234375e-01,-9.540983438491821289e-01,1.011826992034912109e-01
-4.931352734565734863e-01,-1.001280188560485840e+00,1.117437630891799927e-01
-4.534848332405090332e-01,-1.048653125762939453e+00,1.186185777187347412e-01
-4.106705486774444580e-01,-1.095403671264648438e+00,1.212982237339019775e-01
-3.643878996372222900e-01,-1.140642046928405762e+00,1.192778870463371277e-01
-3.144499063491821289e-01,-1.183294892311096191e+00,1.121325865387916565e-01
-2.608019113540649414e-01,-1.222020149230957031e+00,9.966619312763214111e-02
-2.035870254039764404e-01,-1.255237221717834473e+00,8.206454664468765259e-02
-1.432202458381652832e-01,-1.281288862228393555e+00,5.997651070356369019e-02
-8.041638135910034180e-02,-1.298684954643249512e+00,3.448551893234252930e-02
-1.615859009325504303e-02,-1.306346535682678223e+00,6.999304052442312241e-03
4.839966073632240295e-02,-1.303778529167175293e+00,-2.089499495923519135e-02
1.120669096708297729e-01,-1.291148185729980469e+00,-4.757427424192428589e-02
1.737600266933441162e-01,-1.269258737564086914e+00,-7.152271270751953125e-02
2.326217144727706909e-01,-1.239421606063842773e+00,-9.147775173187255859e-02
2.880862355232238770e-01,-1.203242778778076172e+00,-1.065631732344627380e-01
3.398830294609069824e-01,-1.162368893623352051e+00,-1.163653060793876648e-01
3.879769146442413330e-01,-1.118273615837097168e+00,-1.209053546190261841e-01
4.324952065944671631e-01,-1.072159171104431152e+00,-1.205146834254264832e-01
4.736816287040710449e-01,-1.024992942810058594e+00,-1.156734302639961243e-01
5.119061470031738281e-01,-9.776152968406677246e-01,-1.068921089172363281e-01
5.476953983306884766e-01,-9.308254122734069824e-01,-9.468070417642593384e-02
5.817361474037170410e-01,-8.853698968887329102e-01,-7.958179712295532227e-02
6.148224472999572754e-01,-8.418433666229248047e-01,-6.219966337084770203e-02
6.477574706077575684e-01,-8.005881309509277344e-01,-4.317742586135864258e-02
6.812601685523986816e-01,-7.616528868675231934e-01,-2.312901057302951813e-02
7.159318327903747559e-01,-7.248420715332031250e-01,-2.581034088507294655e-03
7.522628307342529297e-01,-6.897976994514465332e-01,1.802017353475093842e-02
7.906410098075866699e-01,-6.560539007186889648e-01,3.823929280042648315e-02
8.313094973564147949e-01,-6.230399608612060547e-01,5.757275968790054321e-02
8.742883205413818359e-01,-5.900647044181823730e-01,7.542543113231658936e-02
9.193097949028015137e-01,-5.563391447067260742e-01,9.115438163280487061e-02
9.658321738243103027e-01,-5.210574865341186523e-01,1.041407063603401184e-01
1.013136506080627441e+00,-4.834977388381958008e-01,1.138278469443321228e-01
1.060431838035583496e+00,-4.430919289588928223e-01,1.197018027305603027e-01
1.106893181800842285e+00,-3.994340300559997559e-01,1.212526932358741760e-01
1.151595115661621094e+00,-3.522509932518005371e-01,1.179848685860633850e-01
1.193402528762817383e+00,-3.013840913772583008e-01,1.095150411128997803e-01
1.230906128883361816e+00,-2.468211054801940918e-01,9.572985768318176270e-02
1.262485146522521973e+00,-1.887682080268859863e-01,7.692769169807434082e-02
1.286500096321105957e+00,-1.277134567499160767e-01,5.387233197689056396e-02
1.301543235778808594e+00,-6.444521993398666382e-02,2.774102054536342621e-02
1.306668639183044434e+00,2.284651969830520102e-07,-5.715500250857985520e-08
