nx,ny,nz
1.000000000000000000e+00,-0.000000000000000000e+00,-0.000000000000000000e+00
9.719532728195190430e-01,1.925557553768157959e-01,-1.350150853395462036e-01
8.959882855415344238e-01,3.630204498767852783e-01,-2.557756900787353516e-01
7.913712263107299805e-01,5.005863904953002930e-01,-3.509199619293212891e-01
6.789819598197937012e-01,6.069264411926269531e-01,-4.130662977695465088e-01
5.771191716194152832e-01,6.901357769966125488e-01,-4.366304278373718262e-01
5.051519870758056641e-01,7.566855549812316895e-01,-4.150281250476837158e-01
4.863711297512054443e-01,8.033795952796936035e-01,-3.435466587543487549e-01
5.333477854728698730e-01,8.138699531555175781e-01,-2.305553555488586426e-01
6.239903569221496582e-01,7.744656801223754883e-01,-1.041097119450569153e-01
7.180203795433044434e-01,6.958696246147155762e-01,1.456543989479541779e-02
7.887982726097106934e-01,5.995823740959167480e-01,1.352710127830505371e-01
8.157371878623962402e-01,5.159900784492492676e-01,2.613946795463562012e-01
7.942847013473510742e-01,4.849332273006439209e-01,3.659939467906951904e-01
7.415506243705749512e-01,5.190847516059875488e-01,4.250337183475494385e-01
6.710419654846191406e-01,6.006183624267578125e-01,4.346955716609954834e-01
5.828621983528137207e-01,7.067758440971374512e-01,4.009235799312591553e-01
4.693559706211090088e-01,8.190277218818664551e-01,3.299976885318756104e-01
3.233078718185424805e-01,9.185119271278381348e-01,2.276134192943572998e-01
1.457606106996536255e-01,9.840403199195861816e-01,1.020708829164505005e-01
-4.911495372653007507e-02,9.982028007507324219e-01,-3.433535993099212646e-02
-2.379067093133926392e-01,9.568142890930175781e-01,-1.670534163713455200e-01
-4.006112515926361084e-01,8.716701865196228027e-01,-2.823148369789123535e-01
-5.298327207565307617e-01,7.632479667663574219e-01,-3.697699010372161865e-01
-6.295527219772338867e-01,6.518420577049255371e-01,-4.228064417839050293e-01
-7.082367539405822754e-01,5.554560422897338867e-01,-4.357399344444274902e-01
-7.706570029258728027e-01,4.945813417434692383e-01,-4.018422067165374756e-01
-8.102145791053771973e-01,4.921241402626037598e-01,-3.183807432651519775e-01
-8.087195754051208496e-01,5.535447597503662109e-01,-1.988991349935531616e-01
-7.576527595520019531e-01,6.484887599945068359e-01,-7.365205138921737671e-02
-6.725811362266540527e-01,7.387219071388244629e-01,4.386917129158973694e-02
-5.758689045906066895e-01,8.003079295158386230e-01,1.669796258211135864e-01
-5.020925998687744141e-01,8.144392967224121094e-01,2.908463776111602783e-01
-4.877394437789916992e-01,7.832742929458618164e-01,3.854756951332092285e-01
-5.359847545623779297e-01,7.253788709640502930e-01,4.319094121456146240e-01
-6.256268620491027832e-01,6.508823037147521973e-01,4.300504028797149658e-01
-7.349551916122436523e-01,5.572128891944885254e-01,3.864643275737762451e-01
-8.459036946296691895e-01,4.360501766204833984e-01,3.070947527885437012e-01
-9.388977289199829102e-01,2.815568447113037109e-01,1.979821920394897461e-01
-9.928473234176635742e-01,9.782940149307250977e-02,6.843589246273040771e-02
-9.928473234176635742e-01,-9.782980382442474365e-02,-6.843620538711547852e-02
-9.388974308967590332e-01,-2.815572023391723633e-01,-1.979824155569076538e-01
-8.459030985832214355e-01,-4.360508918762207031e-01,-3.070952296257019043e-01
-7.349549531936645508e-01,-5.572130084037780762e-01,-3.864645957946777344e-01
-6.256266236305236816e-01,-6.508823633193969727e-01,-4.300504028797149658e-01
-5.359843373298645020e-01,-7.253793478012084961e-01,-4.319093227386474609e-01
-4.877394139766693115e-01,-7.832744121551513672e-01,-3.854756057262420654e-01
-5.020925998687744141e-01,-8.144393563270568848e-01,-2.908462882041931152e-01
-5.758690237998962402e-01,-8.003078699111938477e-01,-1.669795364141464233e-01
-6.725813746452331543e-01,-7.387217879295349121e-01,-4.386880621314048767e-02
-7.576531171798706055e-01,-6.484882235527038574e-01,7.365275174379348755e-02
-8.087197542190551758e-01,-5.535442829132080078e-01,1.988998204469680786e-01
-8.102145195007324219e-01,-4.921238720417022705e-01,3.183811306953430176e-01
-7.706568837165832520e-01,-4.945812821388244629e-01,4.018423557281494141e-01
-7.082366347312927246e-01,-5.554562211036682129e-01,4.357399344444274902e-01
-6.295525431632995605e-01,-6.518422961235046387e-01,4.228063523769378662e-01
-5.298326015472412109e-01,-7.632482051849365234e-01,3.697696924209594727e-01
-4.006106555461883545e-01,-8.716706037521362305e-01,2.823144793510437012e-01
-2.379058301448822021e-01,-9.568145871162414551e-01,1.670527607202529907e-01
-4.911393299698829651e-02,-9.982028603553771973e-01,3.433465212583541870e-02
1.457604914903640747e-01,-9.840403795242309570e-01,-1.020707711577415466e-01
3.233080208301544189e-01,-9.185118675231933594e-01,-2.276135832071304321e-01
4.693563282489776611e-01,-8.190274834632873535e-01,-3.299978971481323242e-01
5.828623771667480469e-01,-7.067755460739135742e-01,-4.009236693382263184e-01
6.710421442985534668e-01,-6.006182432174682617e-01,-4.346955120563507080e-01
7.415509223937988281e-01,-5.190843939781188965e-01,-4.250336289405822754e-01
7.942849397659301758e-01,-4.849332273006439209e-01,-3.659935295581817627e-01
8.157370686531066895e-01,-5.159904360771179199e-01,-2.613940834999084473e-01
7.887979745864868164e-01,-5.995829701423645020e-01,-1.352701932191848755e-01
7.180203199386596680e-01,-6.958697438240051270e-01,-1.456541381776332855e-02
6.239903569221496582e-01,-7.744657397270202637e-01,1.041098237037658691e-01
5.333473682403564453e-01,-8.138702511787414551e-01,2.305558323860168457e-01
4.863709807395935059e-01,-8.033795356750488281e-01,3.435469865798950195e-01
5.051522254943847656e-01,-7.566853761672973633e-01,4.150283038616180420e-01
5.771194696426391602e-01,-6.901354789733886719e-01,4.366303980350494385e-01
6.789826154708862305e-01,-6.069259047508239746e-01,4.130660891532897949e-01
7.913712263107299805e-01,-5.005863904953002930e-01,3.509199619293212891e-01
8.959883451461791992e-01,-3.630202710628509521e-01,2.557756900787353516e-01
9.719533324241638184e-01,-1.925554275512695312e-01,1.350149065256118774e-01
1.000000000000000000e+00,4.058503577653027605e-07,-2.981896045639587101e-07
9.618194103240966797e-01,-3.014516085386276245e-03,2.736681699752807617e-01
9.712215065956115723e-01,1.942050009965896606e-01,1.378885358572006226e-01
9.257394075393676758e-01,3.781046271324157715e-01,6.594437640160322189e-03
8.381109237670898438e-01,5.369512438774108887e-01,-9.619485586881637573e-02
7.303777337074279785e-01,6.681671142578125000e-01,-1.417785286903381348e-01
6.318260431289672852e-01,7.702004313468933105e-01,-8.710388094186782837e-02
5.765366554260253906e-01,8.062063455581665039e-01,1.328039318323135376e-01
5.689481496810913086e-01,6.668326854705810547e-01,4.812818169593811035e-01
5.824127793312072754e-01,4.299786686897277832e-01,6.898649334907531738e-01
6.215888857841491699e-01,2.960217297077178955e-01,7.252575159072875977e-01
6.702065467834472656e-01,2.552672624588012695e-01,6.968944668769836426e-01
7.058794498443603516e-01,2.561364769935607910e-01,6.604001522064208984e-01
7.173349857330322266e-01,2.785058915615081787e-01,6.386430263519287109e-01
7.038845419883728027e-01,3.229123055934906006e-01,6.326721906661987305e-01
6.706101298332214355e-01,3.912852108478546143e-01,6.302205324172973633e-01
6.208761334419250488e-01,4.807513952255249023e-01,6.191857457160949707e-01
5.514521002769470215e-01,5.874512195587158203e-01,5.922850966453552246e-01
4.535905420780181885e-01,7.058953642845153809e-01,5.440288186073303223e-01
3.189474642276763916e-01,8.233218193054199219e-01,4.694823920726776123e-01
1.476932317018508911e-01,9.185204505920410156e-01,3.667517900466918945e-01
-4.653624817728996277e-02,9.695432186126708984e-01,2.404585778713226318e-01
-2.420574575662612915e-01,9.646971225738525391e-01,1.037675887346267700e-01
-4.204039573669433594e-01,9.070509076118469238e-01,-2.278733626008033752e-02
-5.722977519035339355e-01,8.120463490486145020e-01,-1.142627969384193420e-01
-6.967585682868957520e-01,7.035588026046752930e-01,-1.397584229707717896e-01
-7.886734008789062500e-01,6.127669811248779297e-01,-5.010949447751045227e-02
-7.916055917739868164e-01,5.714815258979797363e-01,2.162626683712005615e-01
-6.057465672492980957e-01,5.703340768814086914e-01,5.547884106636047363e-01
-3.846362829208374023e-01,5.899555087089538574e-01,7.099348902702331543e-01
-2.795343399047851562e-01,6.338756680488586426e-01,7.211534380912780762e-01
-2.529190182685852051e-01,6.809864044189453125e-01,6.872332096099853516e-01
-2.598756253719329834e-01,7.111970186233520508e-01,6.531947851181030273e-01
-2.873805463314056396e-01,7.161538600921630859e-01,6.360315084457397461e-01
-3.378100991249084473e-01,6.972064971923828125e-01,6.322873830795288086e-01
-4.118353426456451416e-01,6.597200632095336914e-01,6.286183595657348633e-01
-5.059564113616943359e-01,6.056457757949829102e-01,6.141670942306518555e-01
-6.162964105606079102e-01,5.300450921058654785e-01,5.824353098869323730e-01
-7.360605597496032715e-01,4.235799014568328857e-01,5.280104279518127441e-01
-8.501412272453308105e-01,2.792654931545257568e-01,4.463974237442016602e-01
-9.361181259155273438e-01,1.004913076758384705e-01,3.370227813720703125e-01
-9.736981987953186035e-01,-9.614670276641845703e-02,2.065613865852355957e-01
-9.548115134239196777e-01,-2.887878119945526123e-01,7.026121020317077637e-02
-8.859882950782775879e-01,-4.610043168067932129e-01,-4.999740421772003174e-02
-7.851055860519409180e-01,-6.059290766716003418e-01,-1.282929331064224243e-01
-6.778086423873901367e-01,-7.235271334648132324e-01,-1.307059675455093384e-01
-5.970271229743957520e-01,-8.022198081016540527e-01,-1.432502176612615585e-03
-5.690701007843017578e-01,-7.631898522377014160e-01,3.061053752899169922e-01
-5.727993249893188477e-01,-5.429710149765014648e-01,6.140711307525634766e-01
-5.992162227630615234e-01,-3.475920259952545166e-01,7.211931943893432617e-01
-6.463282704353332520e-01,-2.678508758544921875e-01,7.145038247108459473e-01
-6.906481981277465820e-01,-2.524915635585784912e-01,6.776821017265319824e-01
-7.148874402046203613e-01,-2.648245692253112793e-01,6.471506357192993164e-01
-7.134574055671691895e-01,-2.977091968059539795e-01,6.343088746070861816e-01
-6.893903613090515137e-01,-3.542068004608154297e-01,6.318848729133605957e-01
-6.478317975997924805e-01,-4.336360692977905273e-01,6.263175606727600098e-01
-5.890943408012390137e-01,-5.321872234344482422e-01,6.080662608146667480e-01
-5.066986680030822754e-01,-6.457763314247131348e-01,5.711650252342224121e-01
-3.911494910717010498e-01,-7.659129500389099121e-01,5.102739930152893066e-01
-2.373550385236740112e-01,-8.751949667930603027e-01,4.215403199195861816e-01
-5.214460194110870361e-02,-9.506246447563171387e-01,3.059309720993041992e-01
1.454743891954421997e-01,-9.742491841316223145e-01,1.722663193941116333e-01
3.341911733150482178e-01,-9.417492747306823730e-01,3.774222731590270996e-02
4.998576343059539795e-01,-8.628876209259033203e-01,-7.461446523666381836e-02
6.378794908523559570e-01,-7.577272057533264160e-01,-1.376923620700836182e-01
7.481855750083923340e-01,-6.537002325057983398e-01,-1.135529503226280212e-01
8.088839650154113770e-01,-5.849372744560241699e-01,5.962431430816650391e-02
7.208194136619567871e-01,-5.684489011764526367e-01,3.965919017791748047e-01
4.832932651042938232e-01,-5.767235159873962402e-01,6.586482524871826172e-01
3.183557391166687012e-01,-6.098921298980712891e-01,7.257280349731445312e-01
2.600292861461639404e-01,-6.585541367530822754e-01,7.061806321144104004e-01
2.536374926567077637e-01,-6.989954710006713867e-01,6.686354875564575195e-01
2.710130810737609863e-01,-7.169286608695983887e-01,6.423122882843017578e-01
3.095443248748779297e-01,-7.093347907066345215e-01,6.332665085792541504e-01
3.720532357692718506e-01,-6.805078983306884766e-01,6.312570571899414062e-01
4.566272497177124023e-01,-6.349058151245117188e-01,6.232062578201293945e-01
5.593797564506530762e-01,-5.710806250572204590e-01,6.008004546165466309e-01
6.757145524024963379e-01,-4.812596142292022705e-01,5.583897233009338379e-01
7.951196432113647461e-01,-3.562668263912200928e-01,4.907735288143157959e-01
8.981060385704040527e-01,-1.934142559766769409e-01,3.949638307094573975e-01
9.618194699287414551e-01,-3.013943554833531380e-03,2.736680507659912109e-01
8.473265767097473145e-01,2.637930959463119507e-02,5.304166078567504883e-01
8.822538852691650391e-01,2.329354882240295410e-01,4.091075360774993896e-01
8.494417667388916016e-01,4.372050166130065918e-01,2.954666912555694580e-01
7.463952302932739258e-01,6.190015077590942383e-01,2.443995922803878784e-01
5.811363458633422852e-01,7.380015850067138672e-01,3.429784476757049561e-01
3.771921694278717041e-01,6.621707081794738770e-01,6.474997997283935547e-01
2.573587894439697266e-01,3.484660089015960693e-01,9.012978672981262207e-01
2.956263124942779541e-01,1.141660064458847046e-01,9.484573006629943848e-01
4.004991352558135986e-01,2.746687829494476318e-02,9.158854484558105469e-01
5.045378804206848145e-01,1.606288738548755646e-02,8.632401227951049805e-01
5.814356207847595215e-01,3.468889370560646057e-02,8.128525614738464355e-01
6.270519495010375977e-01,6.875416636466979980e-02,7.759373784065246582e-01
6.453779339790344238e-01,1.158447414636611938e-01,7.550280094146728516e-01
6.415585875511169434e-01,1.751778423786163330e-01,7.468034029006958008e-01
6.196717619895935059e-01,2.461183816194534302e-01,7.452735304832458496e-01
5.801735520362854004e-01,3.302266895771026611e-01,7.445460557937622070e-01
5.178532600402832031e-01,4.309766888618469238e-01,7.389770150184631348e-01
4.236875474452972412e-01,5.484459400177001953e-01,7.208994626998901367e-01
2.905542254447937012e-01,6.731697320938110352e-01,6.800152659416198730e-01
1.198041886091232300e-01,7.855303883552551270e-01,6.071153283119201660e-01
-7.728093117475509644e-02,8.617419004440307617e-01,5.014264583587646484e-01
-2.849226295948028564e-01,8.807494044303894043e-01,3.782850503921508789e-01
-4.856970906257629395e-01,8.300537467002868652e-01,2.740604579448699951e-01
-6.574427485466003418e-01,7.105212807655334473e-01,2.508558034896850586e-01
-7.453205585479736328e-01,5.315710306167602539e-01,4.024045765399932861e-01
-5.955702662467956543e-01,3.322194218635559082e-01,7.313866019248962402e-01
-2.737058103084564209e-01,2.548953890800476074e-01,9.274230003356933594e-01
-8.147162199020385742e-02,3.191635310649871826e-01,9.441911578178405762e-01
-2.000614441931247711e-02,4.281476736068725586e-01,9.034873247146606445e-01
-1.885067299008369446e-02,5.267227888107299805e-01,8.498281240463256836e-01
-4.193795472383499146e-02,5.956725478172302246e-01,8.021318316459655762e-01
-7.932941615581512451e-02,6.339880228042602539e-01,7.692633271217346191e-01
-1.295706331729888916e-01,6.463072896003723145e-01,7.519962787628173828e-01
-1.918167620897293091e-01,6.376768350601196289e-01,7.460393309593200684e-01
-2.657833993434906006e-01,6.115519404411315918e-01,7.452270984649658203e-01
-3.537366688251495361e-01,5.670543909072875977e-01,7.438545823097229004e-01
-4.589511156082153320e-01,4.976623356342315674e-01,7.360000610351562500e-01
-5.795680284500122070e-01,3.941916525363922119e-01,7.132418155670166016e-01
-7.033382654190063477e-01,2.510944604873657227e-01,6.650315523147583008e-01
-8.088836073875427246e-01,7.241446524858474731e-02,5.834925174713134766e-01
-8.725422620773315430e-01,-1.288468092679977417e-01,4.712415337562561035e-01
-8.748140335083007812e-01,-3.364966213703155518e-01,3.485261499881744385e-01
-8.063200712203979492e-01,-5.324696898460388184e-01,2.575342059135437012e-01
-6.709095239639282227e-01,-6.913010478019714355e-01,2.682968676090240479e-01
-4.798396229743957520e-01,-7.371392250061035156e-01,4.757937788963317871e-01
-2.959766685962677002e-01,-5.158608555793762207e-01,8.039187788963317871e-01
-2.617407441139221191e-01,-2.094590216875076294e-01,9.421352148056030273e-01
-3.451943993568420410e-01,-5.701402947306632996e-02,9.367978572845458984e-01
-4.549783170223236084e-01,-1.610632985830307007e-02,8.903568387031555176e-01
-5.469685792922973633e-01,-2.302473969757556915e-02,8.368364572525024414e-01
-6.079737544059753418e-01,-5.004814267158508301e-02,7.923781275749206543e-01
-6.392995119094848633e-01,-9.071019291877746582e-02,7.635887861251831055e-01
-6.459333896636962891e-01,-1.440455615520477295e-01,7.496805787086486816e-01
-6.327237486839294434e-01,-2.091727554798126221e-01,7.455919384956359863e-01
-6.023150086402893066e-01,-2.863132655620574951e-01,7.451452016830444336e-01
-5.523943305015563965e-01,-3.783513009548187256e-01,7.427724003791809082e-01
-4.753237664699554443e-01,-4.879437685012817383e-01,7.321053147315979004e-01
-3.621665835380554199e-01,-6.109364628791809082e-01,7.039828896522521973e-01
-2.093609422445297241e-01,-7.323780059814453125e-01,6.479124426841735840e-01
-2.360251173377037048e-02,-8.295983672142028809e-01,5.578615069389343262e-01
1.808190941810607910e-01,-8.794568181037902832e-01,4.402956068515777588e-01
3.873605728149414062e-01,-8.643800020217895508e-01,3.206228017807006836e-01
5.770888328552246094e-01,-7.783813476562500000e-01,2.471657544374465942e-01
7.189390063285827637e-01,-6.277125477790832520e-01,2.985023856163024902e-01
7.099713087081909180e-01,-4.275223016738891602e-01,5.596117377281188965e-01
4.309706985950469971e-01,-2.707916200160980225e-01,8.607765436172485352e-01
1.564504951238632202e-01,-2.759417891502380371e-01,9.483561515808105469e-01
3.943234309554100037e-02,-3.726072907447814941e-01,9.271509647369384766e-01
1.499470882117748260e-02,-4.805499911308288574e-01,8.768391013145446777e-01
2.835390530526638031e-02,-5.652098655700683594e-01,8.244596719741821289e-01
5.899135768413543701e-02,-6.184074878692626953e-01,7.836403846740722656e-01
1.028861030936241150e-01,-6.430689096450805664e-01,7.588655948638916016e-01
1.592521965503692627e-01,-6.443288326263427734e-01,7.479832768440246582e-01
2.272633612155914307e-01,-6.267215609550476074e-01,7.453666925430297852e-01
3.077729344367980957e-01,-5.918877124786376953e-01,7.449462413787841797e-01
4.040985107421875000e-01,-5.360454320907592773e-01,7.411879897117614746e-01
5.178316235542297363e-01,-4.507036209106445312e-01,7.271290421485900879e-01
6.422487497329711914e-01,-3.276076018810272217e-01,6.929573416709899902e-01
7.599027752876281738e-01,-1.655290722846984863e-01,6.286078691482543945e-01
8.473266959190368652e-01,2.637970820069313049e-02,5.304164290428161621e-01
6.354215145111083984e-01,1.365544050931930542e-01,7.599949836730957031e-01
6.423218846321105957e-01,3.630396127700805664e-01,6.749998331069946289e-01
5.197766423225402832e-01,5.746441483497619629e-01,6.321521401405334473e-01
2.269059568643569946e-01,6.552876234054565430e-01,7.204941511154174805e-01
-8.453044295310974121e-02,4.353345036506652832e-01,8.962914943695068359e-01
-1.254214346408843994e-01,1.224661543965339661e-01,9.845159053802490234e-01
2.010466530919075012e-02,-5.048270896077156067e-02,9.985225200653076172e-01
2.060371339321136475e-01,-1.112680584192276001e-01,9.721975922584533691e-01
3.669382035732269287e-01,-1.197332143783569336e-01,9.225075840950012207e-01
4.789478182792663574e-01,-1.119516566395759583e-01,8.706754446029663086e-01
5.448501110076904297e-01,-9.618955105543136597e-02,8.329981565475463867e-01
5.785032510757446289e-01,-6.784804910421371460e-02,8.128533363342285156e-01
5.912691354751586914e-01,-2.545332536101341248e-02,8.060725331306457520e-01
5.873174667358398438e-01,2.753780968487262726e-02,8.088880181312561035e-01
5.657662749290466309e-01,8.835884928703308105e-02,8.198178410530090332e-01
5.229261517524719238e-01,1.598654836416244507e-01,8.372522592544555664e-01
4.521286785602569580e-01,2.483083307743072510e-01,8.566929101943969727e-01
3.462706506252288818e-01,3.552997708320617676e-01,8.682503104209899902e-01
2.016562819480895996e-01,4.722162783145904541e-01,8.581063151359558105e-01
2.013821154832839966e-02,5.794439911842346191e-01,8.147631883621215820e-01
-1.919097900390625000e-01,6.460340619087219238e-01,7.387899756431579590e-01
-4.198655784130096436e-01,6.261705160140991211e-01,6.569804549217224121e-01
-6.146261096000671387e-01,4.623662531375885010e-01,6.391026973724365234e-01
-6.299688220024108887e-01,1.365355849266052246e-01,7.645242810249328613e-01
-3.501141667366027832e-01,-1.227529719471931458e-01,9.286290407180786133e-01
-6.517505645751953125e-02,-9.907327592372894287e-02,9.929434061050415039e-01
7.358246296644210815e-02,6.633979082107543945e-02,9.950802326202392578e-01
1.163825988769531250e-01,2.500928044319152832e-01,9.612016677856445312e-01
1.185655444860458374e-01,3.997755646705627441e-01,9.089123606681823730e-01
1.088874638080596924e-01,4.992584288120269775e-01,8.595838546752929688e-01
9.045553952455520630e-02,5.557339787483215332e-01,8.264245390892028809e-01
5.848259851336479187e-02,5.833656191825866699e-01,8.101014494895935059e-01
1.302779093384742737e-02,5.918282270431518555e-01,8.059588670730590820e-01
-4.201034829020500183e-02,5.836736559867858887e-01,8.109008669853210449e-01
-1.049924716353416443e-01,5.572669506072998047e-01,8.236686587333679199e-01
-1.801837533712387085e-01,5.081507563591003418e-01,8.422093391418457031e-01
-2.734597623348236084e-01,4.291784763336181641e-01,8.608284592628479004e-01
-3.841843605041503906e-01,3.137773871421813965e-01,8.683007359504699707e-01
-5.009275674819946289e-01,1.595469117164611816e-01,8.506563901901245117e-01
-6.014092564582824707e-01,-3.034457191824913025e-02,7.983646392822265625e-01
-6.513143777847290039e-01,-2.484038025140762329e-01,7.169973254203796387e-01
-6.009685993194580078e-01,-4.750812947750091553e-01,6.427553296089172363e-01
-3.935004174709320068e-01,-6.440164446830749512e-01,6.560489535331726074e-01
-4.976585507392883301e-02,-5.823193192481994629e-01,8.114354610443115234e-01
1.406252682209014893e-01,-2.666790187358856201e-01,9.534709453582763672e-01
6.442706286907196045e-02,-1.782521046698093414e-02,9.977631568908691406e-01
-1.133963242173194885e-01,9.075405448675155640e-02,9.893962740898132324e-01
-2.918574213981628418e-01,1.190947368741035461e-01,9.490182995796203613e-01
-4.293529689311981201e-01,1.167992502450942993e-01,8.955523371696472168e-01
-5.168530344963073730e-01,1.053080484271049500e-01,8.495723605155944824e-01
-5.648432970046997070e-01,8.384048193693161011e-02,8.209280371665954590e-01
-5.870701074600219727e-01,4.825325682759284973e-02,8.080967664718627930e-01
-5.913673639297485352e-01,1.503842850070213899e-05,8.064023256301879883e-01
-5.789021253585815430e-01,-5.694324895739555359e-02,8.134062290191650391e-01
-5.473654866218566895e-01,-1.223779246211051941e-01,8.278977870941162109e-01
-4.915058612823486328e-01,-2.016677707433700562e-01,8.472025394439697266e-01
-4.039298593997955322e-01,-2.997576296329498291e-01,8.642835021018981934e-01
-2.788264155387878418e-01,-4.134973585605621338e-01,8.667616844177246094e-01
-1.151919588446617126e-01,-5.286778211593627930e-01,8.409699797630310059e-01
8.262920379638671875e-02,-6.202965378761291504e-01,7.800029516220092773e-01
3.056317865848541260e-01,-6.503853797912597656e-01,6.954050660133361816e-01
5.272969007492065430e-01,-5.657827258110046387e-01,6.339147686958312988e-01
6.589251160621643066e-01,-3.141449689865112305e-01,6.834695339202880859e-01
5.153316259384155273e-01,2.596287429332733154e-02,8.565974235534667969e-01
1.899225264787673950e-01,1.404132992029190063e-01,9.717065095901489258e-01
-2.038121037185192108e-02,2.402273565530776978e-02,9.995035529136657715e-01
-1.030057817697525024e-01,-1.602433174848556519e-01,9.816883206367492676e-01
-1.200390458106994629e-01,-3.309063613414764404e-01,9.359976649284362793e-01
-1.145787313580513000e-01,-4.557055234909057617e-01,8.827255368232727051e-01
-1.011097133159637451e-01,-5.319690704345703125e-01,8.407055139541625977e-01
-7.630687952041625977e-02,-5.723758339881896973e-01,8.164332509040832520e-01
-3.722010925412178040e-02,-5.896896719932556152e-01,8.067717552185058594e-01
1.352190598845481873e-02,-5.898714065551757812e-01,8.073839545249938965e-01
7.237213104963302612e-02,-5.729528665542602539e-01,8.163866996765136719e-01
1.406313031911849976e-01,-5.359566211700439453e-01,8.324501514434814453e-01
2.243705689907073975e-01,-4.728697240352630615e-01,8.520869612693786621e-01
3.270898461341857910e-01,-3.763118386268615723e-01,8.668342232704162598e-01
4.429504573345184326e-01,-2.414383739233016968e-01,8.634248375892639160e-01
5.550159811973571777e-01,-6.868830323219299316e-02,8.289989233016967773e-01
6.354216933250427246e-01,1.365548074245452881e-01,7.599946856498718262e-01
1.875711828470230103e-01,4.198116958141326904e-01,8.880174756050109863e-01
-2.058567106723785400e-02,6.006966829299926758e-01,7.992119789123535156e-01
-3.613379001617431641e-01,5.549554824829101562e-01,7.493059039115905762e-01
-5.553070902824401855e-01,2.731625735759735107e-01,7.855037450790405273e-01
-4.792198240756988525e-01,3.099837806075811386e-03,8.776894807815551758e-01
-2.533998191356658936e-01,-1.444543153047561646e-01,9.565152525901794434e-01
4.614924546331167221e-03,-1.973001062870025635e-01,9.803322553634643555e-01
2.252610623836517334e-01,-2.068299651145935059e-01,9.520918130874633789e-01
3.781364858150482178e-01,-2.088620513677597046e-01,9.018810391426086426e-01
4.656160771846771240e-01,-2.134004384279251099e-01,8.588724732398986816e-01
5.078970193862915039e-01,-2.125668823719024658e-01,8.347789645195007324e-01
5.252144336700439453e-01,-1.974909752607345581e-01,8.277360796928405762e-01
5.279036760330200195e-01,-1.678993701934814453e-01,8.325427174568176270e-01
5.142199993133544922e-01,-1.294087320566177368e-01,8.478391766548156738e-01
4.771393239498138428e-01,-8.632611483335494995e-02,8.745775222778320312e-01
4.098353087902069092e-01,-3.551549091935157776e-02,9.114678502082824707e-01
3.067625761032104492e-01,3.024725429713726044e-02,9.513053894042968750e-01
1.650181114673614502e-01,1.108515560626983643e-01,9.800413250923156738e-01
-1.811326295137405396e-02,1.898226737976074219e-01,9.816512465476989746e-01
-2.409698963165283203e-01,2.275061011314392090e-01,9.434905648231506348e-01
-4.758688509464263916e-01,1.539536267518997192e-01,8.659371137619018555e-01
-6.171225309371948242e-01,-1.011688336730003357e-01,7.803362607955932617e-01
-4.981500804424285889e-01,-4.351096153259277344e-01,7.500173449516296387e-01
-1.962567716836929321e-01,-5.584303736686706543e-01,8.060017824172973633e-01
4.529369994997978210e-02,-4.313251078128814697e-01,9.010589122772216797e-01
1.644821166992187500e-01,-1.884530931711196899e-01,9.682102799415588379e-01
2.019317299127578735e-01,6.509046256542205811e-02,9.772343039512634277e-01
2.072116285562515259e-01,2.702320516109466553e-01,9.402329921722412109e-01
2.098880410194396973e-01,4.054938256740570068e-01,8.896750807762145996e-01
2.141498774290084839e-01,4.795302748680114746e-01,8.509938716888427734e-01
2.103019952774047852e-01,5.139456391334533691e-01,8.316447138786315918e-01
1.912847608327865601e-01,5.271455049514770508e-01,8.279660344123840332e-01
1.588593423366546631e-01,5.262736678123474121e-01,8.353440761566162109e-01
1.190418452024459839e-01,5.074203610420227051e-01,8.534363508224487305e-01
7.464019954204559326e-02,4.634019732475280762e-01,8.829991817474365234e-01
2.068508975207805634e-02,3.875724375247955322e-01,9.216071367263793945e-01
-4.932042211294174194e-02,2.750411927700042725e-01,9.601665735244750977e-01
-1.318421512842178345e-01,1.232208982110023499e-01,9.835823774337768555e-01
-2.052910178899765015e-01,-7.047552615404129028e-02,9.761602282524108887e-01
-2.229371070861816406e-01,-3.008181452751159668e-01,9.272580742835998535e-01
-1.081948876380920410e-01,-5.267028212547302246e-01,8.431358337402343750e-01
1.883686780929565430e-01,-6.157739758491516113e-01,7.650749087333679199e-01
4.936181008815765381e-01,-4.288030564785003662e-01,7.566168904304504395e-01
5.451966524124145508e-01,-1.244850233197212219e-01,8.290140032768249512e-01
3.764596283435821533e-01,8.562958985567092896e-02,9.224672317504882812e-01
1.230631172657012939e-01,1.793909966945648193e-01,9.760503768920898438e-01
-1.223604306578636169e-01,2.046615183353424072e-01,9.711548089981079102e-01
-3.106767833232879639e-01,2.075664550065994263e-01,9.275753498077392578e-01
-4.289643764495849609e-01,2.110847234725952148e-01,8.783124089241027832e-01
-4.909898042678833008e-01,2.143699973821640015e-01,8.443781137466430664e-01
-5.187278985977172852e-01,2.070380300283432007e-01,8.294917941093444824e-01
-5.282596349716186523e-01,1.842189133167266846e-01,8.288577198982238770e-01
-5.235299468040466309e-01,1.493728905916213989e-01,8.388111591339111328e-01
-4.990438818931579590e-01,1.084360703825950623e-01,8.597655296325683594e-01
-4.476696252822875977e-01,6.236855313181877136e-02,8.920213580131530762e-01
-3.629983961582183838e-01,4.798440728336572647e-03,9.317773580551147461e-01
-2.408740371465682983e-01,-6.926427036523818970e-02,9.680816531181335449e-01
-7.877716422080993652e-02,-1.523857116699218750e-01,9.851765036582946777e-01
1.252751648426055908e-01,-2.174395769834518433e-01,9.680011272430419922e-01
3.608681559562683105e-01,-2.101100683212280273e-01,9.086408019065856934e-01
5.694192051887512207e-01,-4.983801022171974182e-02,8.205351233482360840e-01
5.949716567993164062e-01,2.771029174327850342e-01,7.544684410095214844e-01
3.521035611629486084e-01,5.339696407318115234e-01,7.686998844146728516e-01
5.977754667401313782e-02,5.179675221443176270e-01,8.533089756965637207e-01
-1.184435039758682251e-01,3.165746629238128662e-01,9.411438107490539551e-01
-1.900497674942016602e-01,5.837877839803695679e-02,9.800372123718261719e-01
-2.061185836791992188e-01,-1.758853793144226074e-01,9.625899791717529297e-01
-2.080867737531661987e-01,-3.466042280197143555e-01,9.146394729614257812e-01
-2.123141586780548096e-01,-4.488844573497772217e-01,8.680008649826049805e-01
-2.138891071081161499e-01,-5.003395080566406250e-01,8.389946222305297852e-01
-2.027599662542343140e-01,-5.224369168281555176e-01,8.282198309898376465e-01
-1.763886660337448120e-01,-5.285339355468750000e-01,8.303847908973693848e-01
-1.395325809717178345e-01,-5.195518136024475098e-01,8.429688811302185059e-01
-9.755544364452362061e-02,-4.889849424362182617e-01,8.668198585510253906e-01
-4.937140271067619324e-02,-4.298429489135742188e-01,9.015527963638305664e-01
1.218373514711856842e-02,-3.360717296600341797e-01,9.417575597763061523e-01
8.986962586641311646e-02,-2.042176425457000732e-01,9.747915267944335938e-01
1.719309240579605103e-01,-3.166188672184944153e-02,9.846000075340270996e-01
2.252361923456192017e-01,1.822454333305358887e-01,9.571077227592468262e-01
1.875703334808349609e-01,4.198125302791595459e-01,8.880172967910766602e-01
-5.532848238945007324e-01,6.872805356979370117e-01,4.706605374813079834e-01
-7.786254286766052246e-01,5.096221566200256348e-01,3.660978674888610840e-01
-8.661965131759643555e-01,2.207360118627548218e-01,4.483070969581604004e-01
-7.663337588310241699e-01,-3.369757160544395447e-02,6.415582895278930664e-01
-5.212758183479309082e-01,-1.898213326930999756e-01,8.320093154907226562e-01
-2.159399092197418213e-01,-2.557008266448974609e-01,9.423306584358215332e-01
6.260128319263458252e-02,-2.728738486766815186e-01,9.600108265876770020e-01
2.629339993000030518e-01,-2.823214232921600342e-01,9.225835204124450684e-01
3.789095878601074219e-01,-3.007028102874755859e-01,8.752173781394958496e-01
4.318605661392211914e-01,-3.230531513690948486e-01,8.421003818511962891e-01
4.476570785045623779e-01,-3.379386961460113525e-01,8.278892636299133301e-01
4.440064132213592529e-01,-3.385884761810302734e-01,8.295878767967224121e-01
4.247433841228485107e-01,-3.269971311092376709e-01,8.441954255104064941e-01
3.804907798767089844e-01,-3.104156851768493652e-01,8.711308240890502930e-01
2.980193793773651123e-01,-2.938806414604187012e-01,9.081953167915344238e-01
1.669421792030334473e-01,-2.743057310581207275e-01,9.470410346984863281e-01
-1.572840660810470581e-02,-2.471221983432769775e-01,9.688566327095031738e-01
-2.427914291620254517e-01,-2.245137095451354980e-01,9.437403678894042969e-01
-4.892065823078155518e-01,-2.495086789131164551e-01,8.357166647911071777e-01
-6.724504828453063965e-01,-3.819280266761779785e-01,6.339883804321289062e-01
-6.620078086853027344e-01,-6.153268814086914062e-01,4.279233813285827637e-01
-4.412202537059783936e-01,-8.174358606338500977e-01,3.703016638755798340e-01
-1.498101800680160522e-01,-8.582842946052551270e-01,4.908208549022674561e-01
8.254275470972061157e-02,-7.157964706420898438e-01,6.934134364128112793e-01
2.134338766336441040e-01,-4.468866288661956787e-01,8.687567710876464844e-01
2.626952528953552246e-01,-1.409726738929748535e-01,9.545249342918395996e-01
2.748154699802398682e-01,1.209603250026702881e-01,9.538580179214477539e-01
2.860223054885864258e-01,2.992734014987945557e-01,9.102892875671386719e-01
3.063600957393646240e-01,3.969839811325073242e-01,8.651862740516662598e-01
3.278801441192626953e-01,4.384067058563232422e-01,8.368358612060546875e-01
3.395020961761474609e-01,4.481501579284667969e-01,8.269823193550109863e-01
3.365959823131561279e-01,4.408479332923889160e-01,8.320794701576232910e-01
3.230184614658355713e-01,4.165539145469665527e-01,8.497893810272216797e-01
3.062493205070495605e-01,3.639333248138427734e-01,8.796384930610656738e-01
2.895466387271881104e-01,2.700982987880706787e-01,9.182645082473754883e-01
2.681836187839508057e-01,1.259885430335998535e-01,9.550939202308654785e-01
2.399383485317230225e-01,-6.881875544786453247e-02,9.683457612991333008e-01
2.239128202199935913e-01,-3.044346570968627930e-01,9.258415699005126953e-01
2.707046270370483398e-01,-5.459770560264587402e-01,7.928606867790222168e-01
4.341840744018554688e-01,-6.921226978302001953e-01,5.765851736068725586e-01
6.753423810005187988e-01,-6.226162910461425781e-01,3.952993750572204590e-01
8.455273509025573730e-01,-3.685758709907531738e-01,3.863098621368408203e-01
8.385400772094726562e-01,-8.306887745857238770e-02,5.384701490402221680e-01
6.571989059448242188e-01,1.247481778264045715e-01,7.433218955993652344e-01
3.702276051044464111e-01,2.318245768547058105e-01,8.995491862297058105e-01
6.898240000009536743e-02,2.674172520637512207e-01,9.611083865165710449e-01
-1.738677620887756348e-01,2.768518030643463135e-01,9.450519084930419922e-01
-3.304729461669921875e-01,2.903829813003540039e-01,8.980341553688049316e-01
-4.115481376647949219e-01,3.121029436588287354e-01,8.562825918197631836e-01
-4.430230259895324707e-01,3.320519328117370605e-01,8.327497243881225586e-01
-4.476537108421325684e-01,3.401112854480743408e-01,8.270009160041809082e-01
-4.366903603076934814e-01,3.339172899723052979e-01,8.353447318077087402e-01
-4.065942764282226562e-01,3.188619613647460938e-01,8.561589717864990234e-01
-3.447843790054321289e-01,3.021379709243774414e-01,8.887273669242858887e-01
-2.389897704124450684e-01,2.849154472351074219e-01,9.282817840576171875e-01
-8.181906491518020630e-02,2.615213394165039062e-01,9.617235660552978516e-01
1.245434954762458801e-01,2.333458513021469116e-01,9.643850326538085938e-01
3.668216168880462646e-01,2.271558344364166260e-01,9.021319150924682617e-01
5.970465540885925293e-01,2.996802031993865967e-01,7.441285252571105957e-01
6.973547935485839844e-01,4.920299053192138672e-01,5.211553573608398438e-01
5.710018277168273926e-01,7.305911183357238770e-01,3.744242191314697266e-01
2.943072915077209473e-01,8.619359135627746582e-01,4.128555357456207275e-01
2.164734341204166412e-02,8.076009154319763184e-01,5.893320441246032715e-01
-1.604100763797760010e-01,5.918794870376586914e-01,7.899033427238464355e-01
-2.456676661968231201e-01,2.927800118923187256e-01,9.240818023681640625e-01
-2.705924510955810547e-01,8.847794379107654095e-04,9.626936316490173340e-01
-2.792911529541015625e-01,-2.211858779191970825e-01,9.343838691711425781e-01
-2.953212857246398926e-01,-3.568838536739349365e-01,8.862387537956237793e-01
-3.177330791950225830e-01,-4.230360686779022217e-01,8.485789299011230469e-01
-3.354367613792419434e-01,-4.460187852382659912e-01,8.297888040542602539e-01
-3.397881984710693359e-01,-4.462629556655883789e-01,8.278848528861999512e-01
-3.306742012500762939e-01,-4.313848912715911865e-01,8.393817543983459473e-01
-3.146346509456634521e-01,-3.946439921855926514e-01,8.632851243019104004e-01
-2.980414927005767822e-01,-3.228661715984344482e-01,8.982921242713928223e-01
-2.798669934272766113e-01,-2.046142518520355225e-01,9.379805326461791992e-01
-2.544285953044891357e-01,-3.453555703163146973e-02,9.664747118949890137e-01
-2.279538065195083618e-01,1.826522797346115112e-01,9.563865661621093750e-01
-2.353242486715316772e-01,4.288863837718963623e-01,8.721690773963928223e-01
-3.368119299411773682e-01,6.400186419486999512e-01,6.906039714813232422e-01
-5.532848238945007324e-01,6.872804760932922363e-01,4.706607162952423096e-01
-8.331986665725708008e-01,5.491184592247009277e-01,-6.518344581127166748e-02
-9.614089131355285645e-01,2.681409120559692383e-01,6.158910319209098816e-02
-9.442041516304016113e-01,-2.181876450777053833e-03,3.293533623218536377e-01
-7.540040612220764160e-01,-1.934558302164077759e-01,6.277360916137695312e-01
-4.463452994823455811e-01,-2.902933955192565918e-01,8.464665412902832031e-01
-1.248103454709053040e-01,-3.248206973075866699e-01,9.375039935111999512e-01
1.256291121244430542e-01,-3.430933952331542969e-01,9.308621287345886230e-01
2.777993977069854736e-01,-3.716309070587158203e-01,8.858430385589599609e-01
3.477985560894012451e-01,-4.104994237422943115e-01,8.429272174835205078e-01
3.632712960243225098e-01,-4.498061835765838623e-01,8.159095048904418945e-01
3.448099493980407715e-01,-4.816449284553527832e-01,8.056824803352355957e-01
3.009158670902252197e-01,-5.030168890953063965e-01,8.101997971534729004e-01
2.270854860544204712e-01,-5.166386365890502930e-01,8.255403041839599609e-01
1.075460091233253479e-01,-5.275792479515075684e-01,8.426707983016967773e-01
-7.786726206541061401e-02,-5.355841517448425293e-01,8.408842086791992188e-01
-3.329199552536010742e-01,-5.302252769470214844e-01,7.797598838806152344e-01
-6.006990671157836914e-01,-5.064743757247924805e-01,6.185826063156127930e-01
-7.809830307960510254e-01,-4.972366392612457275e-01,3.779169619083404541e-01
-8.207020163536071777e-01,-5.558854937553405762e-01,1.320587098598480225e-01
-7.136256098747253418e-01,-6.995213031768798828e-01,-3.752896934747695923e-02
-4.828198850154876709e-01,-8.742458224296569824e-01,-5.078483000397682190e-02
-1.961800456047058105e-01,-9.733226299285888672e-01,1.189804002642631531e-01
5.901861563324928284e-02,-9.120053648948669434e-01,4.059101939201354980e-01
2.258758842945098877e-01,-6.844162344932556152e-01,6.932203769683837891e-01
3.028964996337890625e-01,-3.631091117858886719e-01,8.811388015747070312e-01
3.293650448322296143e-01,-5.344724655151367188e-02,9.426887035369873047e-01
3.489022552967071533e-01,1.727381050586700439e-01,9.211019277572631836e-01
3.807382881641387939e-01,3.019108772277832031e-01,8.740069866180419922e-01
4.206630885601043701e-01,3.557852208614349365e-01,8.345414996147155762e-01
4.586796164512634277e-01,3.612877726554870605e-01,8.118399977684020996e-01
4.879553318023681641e-01,3.361724019050598145e-01,8.055356144905090332e-01
5.069412589073181152e-01,2.857220470905303955e-01,8.132487535476684570e-01
5.194781422615051270e-01,2.022748589515686035e-01,8.301970958709716797e-01
5.300974845886230469e-01,6.807710230350494385e-02,8.451995253562927246e-01
5.360497832298278809e-01,-1.359499692916870117e-01,8.331675529479980469e-01
5.255336165428161621e-01,-4.025855660438537598e-01,7.494927048683166504e-01
5.006197094917297363e-01,-6.572815179824829102e-01,5.633480548858642578e-01
5.038639903068542480e-01,-8.047671914100646973e-01,3.138006031513214111e-01
5.846021771430969238e-01,-8.074458241462707520e-01,7.919356226921081543e-02
7.440120577812194824e-01,-6.656401157379150391e-01,-5.804591998457908630e-02
9.104387760162353516e-01,-4.129224419593811035e-01,-2.442170679569244385e-02
9.747812151908874512e-01,-1.263523548841476440e-01,1.839473396539688110e-01
8.690076470375061035e-01,1.100346222519874573e-01,4.824086427688598633e-01
6.087849140167236328e-01,2.524676024913787842e-01,7.520911693572998047e-01
2.808036208152770996e-01,3.123244345188140869e-01,9.075255990028381348e-01
-1.237820647656917572e-02,3.336195051670074463e-01,9.426265954971313477e-01
-2.136091142892837524e-01,3.556073307991027832e-01,9.098981618881225586e-01
-3.213039636611938477e-01,3.903687894344329834e-01,8.627722859382629395e-01
-3.608001768589019775e-01,4.306890964508056641e-01,8.272424936294555664e-01
-3.574514985084533691e-01,4.669812023639678955e-01,8.087997436523437500e-01
-3.260161578655242920e-01,4.935924410820007324e-01,8.062753081321716309e-01
-2.685183882713317871e-01,5.104566812515258789e-01,8.169037103652954102e-01
-1.743080765008926392e-01,5.222355127334594727e-01,8.347975015640258789e-01
-2.414731867611408234e-02,5.323854684829711914e-01,8.461574912071228027e-01
1.983479410409927368e-01,5.354355573654174805e-01,8.209547996520996094e-01
4.716557562351226807e-01,5.196794271469116211e-01,7.123721837997436523e-01
7.067576050758361816e-01,4.964869320392608643e-01,5.039786696434020996e-01
8.193618059158325195e-01,5.155875682830810547e-01,2.506305873394012451e-01
7.850102782249450684e-01,6.186355352401733398e-01,3.238901495933532715e-02
6.104618906974792480e-01,7.891642451286315918e-01,-6.749912351369857788e-02
3.408714830875396729e-01,9.400150179862976074e-01,1.335456687957048416e-02
5.988457053899765015e-02,9.651618599891662598e-01,2.547082901000976562e-01
-1.548821181058883667e-01,8.159828186035156250e-01,5.569412708282470703e-01
-2.737279534339904785e-01,5.288296937942504883e-01,8.033754825592041016e-01
-3.193754553794860840e-01,2.009401619434356689e-01,9.260790348052978516e-01
-3.380755782127380371e-01,-7.215923815965652466e-02,9.383484721183776855e-01
-3.632097244262695312e-01,-2.485087960958480835e-01,8.979544043540954590e-01
-4.003474116325378418e-01,-3.364478945732116699e-01,8.523642420768737793e-01
-4.404429197311401367e-01,-3.631939589977264404e-01,8.210360407829284668e-01
-4.746491312980651855e-01,-3.519223630428314209e-01,8.067582845687866211e-01
-4.985933303833007812e-01,-3.142972886562347412e-01,8.078501224517822266e-01
-5.136584639549255371e-01,-2.490654289722442627e-01,8.210489749908447266e-01
-5.249397754669189453e-01,-1.428462266921997070e-01,8.390669226646423340e-01
-5.342833399772644043e-01,2.447012625634670258e-02,8.449512124061584473e-01
-5.335343480110168457e-01,2.643645107746124268e-01,8.034005761146545410e-01
-5.131060481071472168e-01,5.382934212684631348e-01,6.685524582862854004e-01
-4.950498640537261963e-01,7.481942176818847656e-01,4.417364895343780518e-01
-5.328582525253295898e-01,8.246819376945495605e-01,1.896355003118515015e-01
-6.572843790054321289e-01,7.536103725433349609e-01,-6.970472633838653564e-03
-8.331989049911499023e-01,5.491180419921875000e-01,-6.518341600894927979e-02
-8.940261006355285645e-01,3.677628934383392334e-01,-2.558667063713073730e-01
-9.958551526069641113e-01,8.932036161422729492e-02,1.715734973549842834e-02
-9.144541025161743164e-01,-1.498668938875198364e-01,3.759170174598693848e-01
-6.571916937828063965e-01,-2.994338870048522949e-01,6.916924715042114258e-01
-3.252775669097900391e-01,-3.665745258331298828e-01,8.716751933097839355e-01
-3.467851877212524414e-02,-3.986059725284576416e-01,9.164664149284362793e-01
1.571407318115234375e-01,-4.344112277030944824e-01,8.869011402130126953e-01
2.520933151245117188e-01,-4.834915697574615479e-01,8.382629752159118652e-01
2.746664285659790039e-01,-5.387279391288757324e-01,7.964487075805664062e-01
2.438579946756362915e-01,-5.935673117637634277e-01,7.669491767883300781e-01
1.650904119014739990e-01,-6.446822285652160645e-01,7.464114427566528320e-01
3.452087938785552979e-02,-6.868936419486999512e-01,7.259376049041748047e-01
-1.532321721315383911e-01,-7.106798291206359863e-01,6.866251826286315918e-01
-3.994089365005493164e-01,-6.987065672874450684e-01,5.935331583023071289e-01
-6.658704876899719238e-01,-6.257960796356201172e-01,4.061966538429260254e-01
-8.469153642654418945e-01,-5.097292661666870117e-01,1.513620018959045410e-01
-8.980787992477416992e-01,-4.327363967895507812e-01,-7.869953662157058716e-02
-8.593460321426391602e-01,-4.471922814846038818e-01,-2.480793744325637817e-01
-7.489541769027709961e-01,-5.610270500183105469e-01,-3.525851070880889893e-01
-5.585099458694458008e-01,-7.496368885040283203e-01,-3.551213741302490234e-01
-2.985478341579437256e-01,-9.329061508178710938e-01,-2.013835161924362183e-01
-2.309708297252655029e-02,-9.943546652793884277e-01,1.035636141896247864e-01
1.964505612850189209e-01,-8.638662099838256836e-01,4.638343751430511475e-01
3.224076926708221436e-01,-5.761558413505554199e-01,7.510643601417541504e-01
3.758905827999114990e-01,-2.452488392591476440e-01,8.936214447021484375e-01
4.063515663146972656e-01,2.322404645383358002e-02,9.134216308593750000e-01
4.455986917018890381e-01,1.890988647937774658e-01,8.750333189964294434e-01
4.970664381980895996e-01,2.635620832443237305e-01,8.267164230346679688e-01
5.526220202445983887e-01,2.715292870998382568e-01,7.879598736763000488e-01
6.068327426910400391e-01,2.287181764841079712e-01,7.612108588218688965e-01
6.563605666160583496e-01,1.375320404767990112e-01,7.418057322502136230e-01
6.950551271438598633e-01,-6.866612937301397324e-03,7.189236879348754883e-01
7.120029330253601074e-01,-2.095899283885955811e-01,6.701670885086059570e-01
6.869134902954101562e-01,-4.674884676933288574e-01,5.564210414886474609e-01
5.981026291847229004e-01,-7.232360839843750000e-01,3.452574908733367920e-01
4.836961030960083008e-01,-8.707265853881835938e-01,8.873118460178375244e-02
4.269798696041107178e-01,-8.953365087509155273e-01,-1.267312169075012207e-01
4.665998220443725586e-01,-8.386554121971130371e-01,-2.809656858444213867e-01
6.032004356384277344e-01,-7.091140747070312500e-01,-3.651117086410522461e-01
8.003966212272644043e-01,-4.986418485641479492e-01,-3.327485322952270508e-01
9.639217853546142578e-01,-2.282619327306747437e-01,-1.369353532791137695e-01
9.802862405776977539e-01,3.945021703839302063e-02,1.936039030551910400e-01
8.030112385749816895e-01,2.368516325950622559e-01,5.468767881393432617e-01
4.924896657466888428e-01,3.407019674777984619e-01,8.008596301078796387e-01
1.694992482662200928e-01,3.838855624198913574e-01,9.076904058456420898e-01
-7.445254921913146973e-02,4.148034155368804932e-01,9.068598747253417969e-01
-2.152900695800781250e-01,4.576025605201721191e-01,8.626993298530578613e-01
-2.709324955940246582e-01,5.108709931373596191e-01,8.158469796180725098e-01
-2.652891278266906738e-01,5.664204359054565430e-01,7.802496552467346191e-01
-2.105920016765594482e-01,6.198230385780334473e-01,7.559566497802734375e-01
-1.066416651010513306e-01,6.673832535743713379e-01,7.370393872261047363e-01
5.190800502896308899e-02,7.019010186195373535e-01,7.103804945945739746e-01
2.696537077426910400e-01,7.107659578323364258e-01,6.496911644935607910e-01
5.358912348747253418e-01,6.707955002784729004e-01,5.126928091049194336e-01
7.731267809867858887e-01,5.684852600097656250e-01,2.812463045120239258e-01
8.865988254547119141e-01,4.616187214851379395e-01,2.916736714541912079e-02
8.877617716789245605e-01,4.273951649665832520e-01,-1.709162890911102295e-01
8.135051727294921875e-01,4.922250807285308838e-01,-3.097154796123504639e-01
6.640474796295166016e-01,6.494968533515930176e-01,-3.703981339931488037e-01
4.347879290580749512e-01,8.491895198822021484e-01,-2.997275888919830322e-01
1.581094563007354736e-01,9.853710532188415527e-01,-6.360166519880294800e-02
-9.735845029354095459e-02,9.535336494445800781e-01,2.851226329803466797e-01
-2.710862159729003906e-01,7.334939241409301758e-01,6.232968568801879883e-01
-3.551334440708160400e-01,4.082370102405548096e-01,8.409653902053833008e-01
-3.912645876407623291e-01,9.906655550003051758e-02,9.149304628372192383e-01
-4.241364598274230957e-01,-1.190285459160804749e-01,8.977419137954711914e-01
-4.702856838703155518e-01,-2.361427396535873413e-01,8.503340482711791992e-01
-5.247887372970581055e-01,-2.745410501956939697e-01,8.057443499565124512e-01
-5.800818800926208496e-01,-2.560485899448394775e-01,7.732685208320617676e-01
-6.324682235717773438e-01,-1.894119232892990112e-01,7.510706782341003418e-01
-6.776123642921447754e-01,-7.233157008886337280e-02,7.318535447120666504e-01
-7.072008252143859863e-01,1.006753072142601013e-01,6.998081803321838379e-01
-7.065012454986572266e-01,3.331273794174194336e-01,6.244053244590759277e-01
-6.503036618232727051e-01,6.027296185493469238e-01,4.624091386795043945e-01
-5.384884476661682129e-01,8.144723176956176758e-01,2.160208523273468018e-01
-4.444190263748168945e-01,8.954202532768249512e-01,-2.672794461250305176e-02
-4.341157376766204834e-01,8.757121562957763672e-01,-2.113569378852844238e-01
-5.238327980041503906e-01,7.836835980415344238e-01,-3.338251709938049316e-01
-6.987803578376770020e-01,6.137794256210327148e-01,-3.673973381519317627e-01
-8.940263986587524414e-01,3.677623569965362549e-01,-2.558665871620178223e-01
-9.466304183006286621e-01,2.103862464427947998e-01,-2.441893666982650757e-01
-9.906563758850097656e-01,-5.614105612039566040e-02,1.242908537387847900e-01
-8.226227164268493652e-01,-2.677382230758666992e-01,5.016055703163146973e-01
-5.174671411514282227e-01,-3.903209567070007324e-01,7.614966630935668945e-01
-2.090737670660018921e-01,-4.524070620536804199e-01,8.669579625129699707e-01
1.500294636934995651e-02,-5.001024007797241211e-01,8.658363819122314453e-01
1.378649622201919556e-01,-5.544183850288391113e-01,8.207396268844604492e-01
1.764822006225585938e-01,-6.156166195869445801e-01,7.680299878120422363e-01
1.453906148672103882e-01,-6.804369091987609863e-01,7.182388901710510254e-01
4.242693632841110229e-02,-7.459145784378051758e-01,6.646890044212341309e-01
-1.436517238616943359e-01,-7.972398996353149414e-01,5.863212943077087402e-01
-4.021076560020446777e-01,-7.958511114120483398e-01,4.526923596858978271e-01
-6.696408987045288086e-01,-7.005952596664428711e-01,2.464697062969207764e-01
-8.518007397651672363e-01,-5.238654017448425293e-01,-7.148658623918890953e-04
-9.095004796981811523e-01,-3.545798659324645996e-01,-2.169836312532424927e-01
-8.890081644058227539e-01,-2.662713229656219482e-01,-3.725103437900543213e-01
-8.324916958808898926e-01,-2.730793058872222900e-01,-4.820636212825775146e-01
-7.445380091667175293e-01,-3.747028410434722900e-01,-5.525041818618774414e-01
-6.074988245964050293e-01,-5.660995841026306152e-01,-5.572040677070617676e-01
-4.030094146728515625e-01,-8.030917644500732422e-01,-4.388929903507232666e-01
-1.424878984689712524e-01,-9.766621589660644531e-01,-1.607116013765335083e-01
1.166236177086830139e-01,-9.676853418350219727e-01,2.235711812973022461e-01
3.065305948257446289e-01,-7.540106773376464844e-01,5.809534788131713867e-01
4.095134139060974121e-01,-4.359151124954223633e-01,8.014217615127563477e-01
4.643292427062988281e-01,-1.434781700372695923e-01,8.739635348320007324e-01
5.128524899482727051e-01,5.477745085954666138e-02,8.567273616790771484e-01
5.692323446273803711e-01,1.546160429716110229e-01,8.075075149536132812e-01
6.315572261810302734e-01,1.750273704528808594e-01,7.553150653839111328e-01
6.969799399375915527e-01,1.268235296010971069e-01,7.057865858078002930e-01
7.611675858497619629e-01,3.985738381743431091e-03,6.485430002212524414e-01
8.037572503089904785e-01,-2.029797732830047607e-01,5.592615604400634766e-01
7.817592620849609375e-01,-4.717472493648529053e-01,4.078074991703033447e-01
6.615564823150634766e-01,-7.265005111694335938e-01,1.858496814966201782e-01
4.767866134643554688e-01,-8.769631385803222656e-01,-6.008407101035118103e-02
3.236584663391113281e-01,-9.093840122222900391e-01,-2.612774074077606201e-01
2.591094076633453369e-01,-8.775191307067871094e-01,-4.035126566886901855e-01
2.895477712154388428e-01,-8.139016628265380859e-01,-5.037123560905456543e-01
4.148392379283905029e-01,-7.157890200614929199e-01,-5.617423057556152344e-01
6.242709159851074219e-01,-5.630167722702026367e-01,-5.415698289871215820e-01
8.577527999877929688e-01,-3.416128158569335938e-01,-3.841363191604614258e-01
9.947434663772583008e-01,-7.460353523492813110e-02,-7.014062255620956421e-02
9.312257170677185059e-01,1.724926531314849854e-01,3.210374116897583008e-01
6.787322163581848145e-01,3.395600616931915283e-01,6.511693000793457031e-01
3.563447594642639160e-01,4.257079660892486572e-01,8.317398428916931152e-01
8.410687744617462158e-02,4.760270714759826660e-01,8.753995299339294434e-01
-8.829852938652038574e-02,5.261695384979248047e-01,8.457830548286437988e-01
-1.664585471153259277e-01,5.844108462333679199e-01,7.942012548446655273e-01
-1.693784147500991821e-01,6.476878523826599121e-01,7.428400516510009766e-01
-1.036273092031478882e-01,7.135261893272399902e-01,6.929225325584411621e-01
3.987326472997665405e-02,7.752130031585693359e-01,6.304402351379394531e-01
2.664772868156433105e-01,8.062115311622619629e-01,5.282166600227355957e-01
5.406394600868225098e-01,7.611795067787170410e-01,3.582105338573455811e-01
7.763779163360595703e-01,6.180406212806701660e-01,1.235444098711013794e-01
8.943454027175903320e-01,4.320062100887298584e-01,-1.162624433636665344e-01
9.054405093193054199e-01,2.985445857048034668e-01,-3.017427921295166016e-01
8.642251491546630859e-01,2.578724324703216553e-01,-4.319915175437927246e-01
7.932423949241638184e-01,3.119708895683288574e-01,-5.229156017303466797e-01
6.836037039756774902e-01,4.604891836643218994e-01,-5.662470459938049316e-01
5.140485763549804688e-01,6.843168735504150391e-01,-5.171697139739990234e-01
2.771116793155670166e-01,9.063278436660766602e-01,-3.190281987190246582e-01
7.982179522514343262e-03,9.996405243873596191e-01,2.559621818363666534e-02
-2.230133712291717529e-01,8.823482394218444824e-01,4.143990278244018555e-01
-3.672699928283691406e-01,5.991190671920776367e-01,7.114556431770324707e-01
-4.397500157356262207e-01,2.803234457969665527e-01,8.532518744468688965e-01
-4.878714382648468018e-01,3.125637769699096680e-02,8.723556995391845703e-01
-5.400413870811462402e-01,-1.158773303031921387e-01,8.336232304573059082e-01
-5.998895168304443359e-01,-1.736744493246078491e-01,7.810056209564208984e-01
-6.639897227287292480e-01,-1.595266461372375488e-01,7.305263876914978027e-01
-7.299189567565917969e-01,-7.557268440723419189e-02,6.793431639671325684e-01
-7.874678969383239746e-01,8.914679288864135742e-02,6.098747253417968750e-01
-8.038129210472106934e-01,3.332341313362121582e-01,4.927876889705657959e-01
-7.340331673622131348e-01,6.071579456329345703e-01,3.042276799678802490e-01
-5.715571045875549316e-01,8.182991147041320801e-01,6.090167164802551270e-02
-3.909235894680023193e-01,9.048401713371276855e-01,-1.686505377292633057e-01
-2.794047892093658447e-01,8.984510302543640137e-01,-3.387014567852020264e-01
-2.625292837619781494e-01,8.492238521575927734e-01,-4.581452906131744385e-01
-3.403675556182861328e-01,7.702328562736511230e-01,-5.393434166908264160e-01
-5.111580491065979004e-01,6.476146578788757324e-01,-5.650776624679565430e-01
-7.445687651634216309e-01,4.606361091136932373e-01,-4.831476211547851562e-01
-9.466308355331420898e-01,2.103855013847351074e-01,-2.441886216402053833e-01
-9.926816821098327637e-01,6.812739372253417969e-02,-9.970879554748535156e-02
-9.346905946731567383e-01,-1.870912909507751465e-01,3.022424280643463135e-01
-6.892153620719909668e-01,-3.795221447944641113e-01,6.172075271606445312e-01
-3.887311220169067383e-01,-4.958462417125701904e-01,7.765465974807739258e-01
-1.463528275489807129e-01,-5.705605149269104004e-01,8.081098794937133789e-01
-6.626442191191017628e-04,-6.340740919113159180e-01,7.732720375061035156e-01
5.582324042916297913e-02,-6.962326169013977051e-01,7.156423330307006836e-01
3.391705080866813660e-02,-7.592123150825500488e-01,6.499586701393127441e-01
-7.345441728830337524e-02,-8.208069205284118652e-01,5.664631128311157227e-01
-2.818342447280883789e-01,-8.559461236000061035e-01,4.335040450096130371e-01
-5.622318983078002930e-01,-7.978886365890502930e-01,2.174143046140670776e-01
-7.948973178863525391e-01,-6.042631864547729492e-01,-5.481078848242759705e-02
-8.860803246498107910e-01,-3.597224652767181396e-01,-2.923377752304077148e-01
-8.738259673118591309e-01,-1.796893477439880371e-01,-4.518184065818786621e-01
-8.249803185462951660e-01,-9.705357253551483154e-02,-5.567657351493835449e-01
-7.654386758804321289e-01,-1.023589968681335449e-01,-6.353159546852111816e-01
-6.953561902046203613e-01,-1.936546564102172852e-01,-6.920821070671081543e-01
-6.032295227050781250e-01,-3.779293596744537354e-01,-7.023414969444274902e-01
-4.657900631427764893e-01,-6.378699541091918945e-01,-6.133201718330383301e-01
-2.600857019424438477e-01,-8.905546665191650391e-01,-3.731859922409057617e-01
-1.721260487101972103e-03,-9.999973773956298828e-01,1.464276807382702827e-03
2.428243160247802734e-01,-8.865761756896972656e-01,3.937246501445770264e-01
4.147956073284149170e-01,-6.136621832847595215e-01,6.718357205390930176e-01
5.168505907058715820e-01,-3.199543356895446777e-01,7.940369844436645508e-01
5.868301987648010254e-01,-1.007424816489219666e-01,8.034184575080871582e-01
6.496230363845825195e-01,2.119511365890502930e-02,7.599610686302185059e-01
7.118476033210754395e-01,5.762022733688354492e-02,6.999663710594177246e-01
7.751005291938781738e-01,1.577344536781311035e-02,6.316410303115844727e-01
8.339911699295043945e-01,-1.158332228660583496e-01,5.394824743270874023e-01
8.533315062522888184e-01,-3.484480977058410645e-01,3.878262937068939209e-01
7.611898183822631836e-01,-6.305965781211853027e-01,1.514527797698974609e-01
5.424112677574157715e-01,-8.313935995101928711e-01,-1.207253858447074890e-01
3.059382438659667969e-01,-8.895582556724548340e-01,-3.392459154129028320e-01
1.501068621873855591e-01,-8.633430004119873047e-01,-4.817745983600616455e-01
9.050606191158294678e-02,-8.108360171318054199e-01,-5.782333016395568848e-01
1.168393343687057495e-01,-7.491766214370727539e-01,-6.519839167594909668e-01
2.309135198593139648e-01,-6.750925779342651367e-01,-7.006632685661315918e-01
4.377046227455139160e-01,-5.742464065551757812e-01,-6.918495297431945801e-01
7.066644430160522461e-01,-4.211438000202178955e-01,-5.685623884201049805e-01
9.365159273147583008e-01,-1.984759420156478882e-01,-2.890418767929077148e-01
9.925481081008911133e-01,6.378075480461120605e-02,1.038276180624961853e-01
8.280903697013854980e-01,2.936480045318603516e-01,4.775325655937194824e-01
5.371052026748657227e-01,4.455146193504333496e-01,7.162644267082214355e-01
2.562304735183715820e-01,5.359554290771484375e-01,8.044238090515136719e-01
6.137584149837493896e-02,6.027495861053466797e-01,7.955664396286010742e-01
-3.774851560592651367e-02,6.651479005813598633e-01,7.457569241523742676e-01
-5.463511124253273010e-02,7.275452017784118652e-01,6.838808655738830566e-01
7.946299389004707336e-03,7.908592224121093750e-01,6.119464039802551270e-01
1.648309826850891113e-01,8.449700474739074707e-01,5.087792277336120605e-01
4.187371134757995605e-01,8.434958457946777344e-01,3.364134430885314941e-01
6.934330463409423828e-01,7.157292366027832031e-01,8.295921236276626587e-02
8.582264184951782227e-01,4.796110987663269043e-01,-1.828127801418304443e-01
8.878761529922485352e-01,2.576975226402282715e-01,-3.811403810977935791e-01
8.514484763145446777e-01,1.266305595636367798e-01,-5.089206099510192871e-01
7.962040901184082031e-01,8.923998475074768066e-02,-5.984105467796325684e-01
7.321833372116088867e-01,1.367680132389068604e-01,-6.672346591949462891e-01
6.532252430915832520e-01,2.741372287273406982e-01,-7.057943344116210938e-01
5.419808030128479004e-01,5.017591118812561035e-01,-6.741621494293212891e-01
3.718853294849395752e-01,7.732622027397155762e-01,-5.135824084281921387e-01
1.341258436441421509e-01,9.711302518844604492e-01,-1.972718685865402222e-01
-1.271000653505325317e-01,9.704980850219726562e-01,2.048878520727157593e-01
-3.392229378223419189e-01,7.614967823028564453e-01,5.523136854171752930e-01
-4.722997546195983887e-01,4.615635275840759277e-01,7.509274482727050781e-01
-5.537118911743164062e-01,1.982336491346359253e-01,8.087685704231262207e-01
-6.184676289558410645e-01,2.809477038681507111e-02,7.853078842163085938e-01
-6.806756258010864258e-01,-4.923257231712341309e-02,7.309287786483764648e-01
-7.433388233184814453e-01,-4.678937047719955444e-02,6.672766804695129395e-01
-8.062309622764587402e-01,3.757928311824798584e-02,5.904061198234558105e-01
-8.527025580406188965e-01,2.203230410814285278e-01,4.736624360084533691e-01
-8.252699375152587891e-01,4.907715618610382080e-01,2.794150710105895996e-01
-6.627914905548095703e-01,7.486801147460937500e-01,1.362187694758176804e-02
-4.180894792079925537e-01,8.760817050933837891e-01,-2.401708960533142090e-01
-2.155449241399765015e-01,8.822807669639587402e-01,-4.184744954109191895e-01
-1.090260893106460571e-01,8.385692238807678223e-01,-5.337742567062377930e-01
-9.318729490041732788e-02,7.810864448547363281e-01,-6.174302697181701660e-01
-1.623167246580123901e-01,7.143068909645080566e-01,-6.807488799095153809e-01
-3.232345879077911377e-01,6.294060349464416504e-01,-7.066594362258911133e-01
-5.689685344696044922e-01,5.059669017791748047e-01,-6.482841372489929199e-01
-8.353573083877563477e-01,3.180897831916809082e-01,-4.483270645141601562e-01
-9.926816821098327637e-01,6.812705099582672119e-02,-9.970799088478088379e-02
-9.926815629005432129e-01,-6.812757253646850586e-02,9.970900416374206543e-02
-8.353568315505981445e-01,-3.180902898311614990e-01,4.483275115489959717e-01
-5.689681768417358398e-01,-5.059670805931091309e-01,6.482843160629272461e-01
-3.232346177101135254e-01,-6.294060945510864258e-01,7.066593170166015625e-01
-1.623160690069198608e-01,-7.143073678016662598e-01,6.807484626770019531e-01
-9.318727254867553711e-02,-7.810868620872497559e-01,6.174296736717224121e-01
-1.090266183018684387e-01,-8.385696411132812500e-01,5.337736010551452637e-01
-2.155457139015197754e-01,-8.822810649871826172e-01,4.184736013412475586e-01
-4.180906713008880615e-01,-8.760814070701599121e-01,2.401696741580963135e-01
-6.627925634384155273e-01,-7.486791610717773438e-01,-1.362308394163846970e-02
-8.252696990966796875e-01,-4.907718300819396973e-01,-2.794153392314910889e-01
-8.527022600173950195e-01,-2.203212678432464600e-01,-4.736638069152832031e-01
-8.062303662300109863e-01,-3.757849708199501038e-02,-5.904069542884826660e-01
-7.433384060859680176e-01,4.678973183035850525e-02,-6.672770977020263672e-01
-6.806750297546386719e-01,4.923254996538162231e-02,-7.309292554855346680e-01
-6.184671521186828613e-01,-2.809503674507141113e-02,-7.853082418441772461e-01
-5.537115335464477539e-01,-1.982340961694717407e-01,-8.087686300277709961e-01
-4.722992777824401855e-01,-4.615643918514251709e-01,-7.509272098541259766e-01
-3.392226696014404297e-01,-7.614970803260803223e-01,-5.523134469985961914e-01
-1.271000206470489502e-01,-9.704980850219726562e-01,-2.048878073692321777e-01
1.341274529695510864e-01,-9.711296558380126953e-01,1.972741186618804932e-01
3.718865215778350830e-01,-7.732607126235961914e-01,5.135838389396667480e-01
5.419816374778747559e-01,-5.017579793930053711e-01,6.741623878479003906e-01
6.532256007194519043e-01,-2.741368114948272705e-01,7.057940959930419922e-01
7.321837544441223145e-01,-1.367679089307785034e-01,6.672343015670776367e-01
7.962044477462768555e-01,-8.924023807048797607e-02,5.984102487564086914e-01
8.514487743377685547e-01,-1.266311705112457275e-01,5.089200139045715332e-01
8.878762125968933105e-01,-2.576990127563476562e-01,3.811390995979309082e-01
8.582257628440856934e-01,-4.796129465103149414e-01,1.828111410140991211e-01
6.934314966201782227e-01,-7.157304883003234863e-01,-8.296116441488265991e-02
4.187355041503906250e-01,-8.434961438179016113e-01,-3.364146053791046143e-01
1.648299247026443481e-01,-8.449698090553283691e-01,-5.087800025939941406e-01
7.945339195430278778e-03,-7.908588647842407227e-01,-6.119470000267028809e-01
-5.463537573814392090e-02,-7.275447845458984375e-01,-6.838812828063964844e-01
-3.774815425276756287e-02,-6.651472449302673340e-01,-7.457575201988220215e-01
6.137596070766448975e-02,-6.027492284774780273e-01,-7.955666780471801758e-01
2.562314569950103760e-01,-5.359550714492797852e-01,-8.044237494468688965e-01
5.371071100234985352e-01,-4.455136954784393311e-01,-7.162635326385498047e-01
8.280910849571228027e-01,-2.936473786830902100e-01,-4.775314927101135254e-01
9.925483465194702148e-01,-6.378015130758285522e-02,-1.038263812661170959e-01
9.365155100822448730e-01,1.984767019748687744e-01,2.890429198741912842e-01
7.066636085510253906e-01,4.211446046829223633e-01,5.685629248619079590e-01
4.377031028270721436e-01,5.742471814155578613e-01,6.918498277664184570e-01
2.309131771326065063e-01,6.750929951667785645e-01,7.006629109382629395e-01
1.168393492698669434e-01,7.491768002510070801e-01,6.519836187362670898e-01
9.050632268190383911e-02,8.108363747596740723e-01,5.782325863838195801e-01
1.501071751117706299e-01,8.633433580398559570e-01,4.817739129066467285e-01
3.059396743774414062e-01,8.895581364631652832e-01,3.392449319362640381e-01
5.424128770828247070e-01,8.313928842544555664e-01,1.207237616181373596e-01
7.611911892890930176e-01,6.305944323539733887e-01,-1.514548808336257935e-01
8.533316850662231445e-01,3.484455347061157227e-01,-3.878281414508819580e-01
8.339906334877014160e-01,1.158315911889076233e-01,-5.394836068153381348e-01
7.750999927520751953e-01,-1.577403023838996887e-02,-6.316416263580322266e-01
7.118472456932067871e-01,-5.762025341391563416e-02,-6.999666690826416016e-01
6.496225595474243164e-01,-2.119483426213264465e-02,-7.599613070487976074e-01
5.868296623229980469e-01,1.007428839802742004e-01,-8.034188747406005859e-01
5.168501734733581543e-01,3.199549615383148193e-01,-7.940369248390197754e-01
4.147949516773223877e-01,6.136631369590759277e-01,-6.718352437019348145e-01
2.428232431411743164e-01,8.865773081779479980e-01,-3.937227129936218262e-01
-1.722445362247526646e-03,9.999973773956298828e-01,-1.461937208659946918e-03
-2.600854039192199707e-01,8.905547261238098145e-01,3.731859624385833740e-01
-4.657899439334869385e-01,6.378697752952575684e-01,6.133204102516174316e-01
-6.032299995422363281e-01,3.779287934303283691e-01,7.023413777351379395e-01
-6.953566074371337891e-01,1.936544179916381836e-01,6.920817494392395020e-01
-7.654390335083007812e-01,1.023588478565216064e-01,6.353154182434082031e-01
-8.249806761741638184e-01,9.705367684364318848e-02,5.567651987075805664e-01
-8.738264441490173340e-01,1.796901971101760864e-01,4.518171846866607666e-01
-8.860802054405212402e-01,3.597241342067718506e-01,2.923359572887420654e-01
-7.948956489562988281e-01,6.042656898498535156e-01,5.480807647109031677e-02
-5.622310042381286621e-01,7.978890538215637207e-01,-2.174154520034790039e-01
-2.818329036235809326e-01,8.559460639953613281e-01,-4.335049688816070557e-01
-7.345365732908248901e-02,8.208065032958984375e-01,-5.664637684822082520e-01
3.391731157898902893e-02,7.592118382453918457e-01,-6.499592065811157227e-01
5.582334101200103760e-02,6.962319016456604004e-01,-7.156429290771484375e-01
-6.631062715314328671e-04,6.340734362602233887e-01,-7.732725143432617188e-01
-1.463538259267807007e-01,5.705597996711730957e-01,-8.081101775169372559e-01
-3.887311220169067383e-01,4.958460927009582520e-01,-7.765466570854187012e-01
-6.892156600952148438e-01,3.795221745967864990e-01,-6.172071099281311035e-01
-9.346907734870910645e-01,1.870911568403244019e-01,-3.022416532039642334e-01
-9.926814436912536621e-01,-6.812775135040283203e-02,9.970973432064056396e-02
-9.466303586959838867e-01,-2.103863805532455444e-01,2.441894561052322388e-01
-7.445682287216186523e-01,-4.606367647647857666e-01,4.831479191780090332e-01
-5.111578702926635742e-01,-6.476148962974548340e-01,5.650774240493774414e-01
-3.403678536415100098e-01,-7.702328562736511230e-01,5.393431782722473145e-01
-2.625295817852020264e-01,-8.492242097854614258e-01,4.581444859504699707e-01
-2.794055342674255371e-01,-8.984511494636535645e-01,3.387004435062408447e-01
-3.909243345260620117e-01,-9.048399925231933594e-01,1.686495542526245117e-01
-5.715579986572265625e-01,-8.182983994483947754e-01,-6.090303137898445129e-02
-7.340332865715026855e-01,-6.071576476097106934e-01,-3.042283654212951660e-01
-8.038128018379211426e-01,-3.332337737083435059e-01,-4.927883446216583252e-01
-7.874676585197448730e-01,-8.914658427238464355e-02,-6.098749637603759766e-01
-7.299183607101440430e-01,7.557366043329238892e-02,-6.793436408042907715e-01
-6.639892458915710449e-01,1.595272719860076904e-01,-7.305266857147216797e-01
-5.998890399932861328e-01,1.736747324466705322e-01,-7.810059189796447754e-01
-5.400410890579223633e-01,1.158770844340324402e-01,-8.336235284805297852e-01
-4.878714382648468018e-01,-3.125687688589096069e-02,-8.723556995391845703e-01
-4.397497475147247314e-01,-2.803244292736053467e-01,-8.532516360282897949e-01
-3.672695159912109375e-01,-5.991201996803283691e-01,-7.114549279212951660e-01
-2.230129092931747437e-01,-8.823484778404235840e-01,-4.143987894058227539e-01
7.982539944350719452e-03,-9.996405243873596191e-01,-2.559641562402248383e-02
2.771134674549102783e-01,-9.063267707824707031e-01,3.190296590328216553e-01
5.140497684478759766e-01,-6.843156218528747559e-01,5.171702504158020020e-01
6.836044192314147949e-01,-4.604884088039398193e-01,5.662466883659362793e-01
7.932426333427429199e-01,-3.119708895683288574e-01,5.229151844978332520e-01
8.642254471778869629e-01,-2.578727006912231445e-01,4.319908618927001953e-01
9.054404497146606445e-01,-2.985453307628631592e-01,3.017418682575225830e-01
8.943449854850769043e-01,-4.320074021816253662e-01,1.162610724568367004e-01
7.763772010803222656e-01,-6.180411577224731445e-01,-1.235457956790924072e-01
5.406389236450195312e-01,-7.611795067787170410e-01,-3.582114577293395996e-01
2.664764523506164551e-01,-8.062113523483276367e-01,-5.282173156738281250e-01
3.987245261669158936e-02,-7.752125859260559082e-01,-6.304408907890319824e-01
-1.036280244588851929e-01,-7.135259509086608887e-01,-6.929227709770202637e-01
-1.693791151046752930e-01,-6.476873755455017090e-01,-7.428403496742248535e-01
-1.664584428071975708e-01,-5.844106078147888184e-01,-7.942013740539550781e-01
-8.829772472381591797e-02,-5.261692404747009277e-01,-8.457834124565124512e-01
8.410735428333282471e-02,-4.760269522666931152e-01,-8.753995299339294434e-01
3.563456833362579346e-01,-4.257077872753143311e-01,-8.317394852638244629e-01
6.787339448928833008e-01,-3.395593166351318359e-01,-6.511679291725158691e-01
9.312261939048767090e-01,-1.724917590618133545e-01,-3.210364878177642822e-01
9.947433471679687500e-01,7.460431754589080811e-02,7.014176994562149048e-02
8.577522039413452148e-01,3.416136205196380615e-01,3.841370046138763428e-01
6.242703199386596680e-01,5.630173683166503906e-01,5.415699481964111328e-01
4.148384034633636475e-01,7.157897949218750000e-01,5.617420077323913574e-01
2.895476222038269043e-01,8.139019608497619629e-01,5.037119984626770020e-01
2.591097950935363770e-01,8.775193095207214355e-01,4.035121500492095947e-01
3.236589431762695312e-01,9.093840718269348145e-01,2.612766027450561523e-01
4.767876267433166504e-01,8.769627213478088379e-01,6.008266285061836243e-02
6.615569591522216797e-01,7.264997959136962891e-01,-1.858505457639694214e-01
7.817597389221191406e-01,4.717455804347991943e-01,-4.078087508678436279e-01
8.037572503089904785e-01,2.029790133237838745e-01,-5.592618584632873535e-01
7.611669301986694336e-01,-3.987384960055351257e-03,-6.485437750816345215e-01
6.969795227050781250e-01,-1.268242895603179932e-01,-7.057869434356689453e-01
6.315566301345825195e-01,-1.750277876853942871e-01,-7.553155422210693359e-01
5.692320466041564941e-01,-1.546160727739334106e-01,-8.075078129768371582e-01
5.128523111343383789e-01,-5.477689951658248901e-02,-8.567275404930114746e-01
4.643289744853973389e-01,1.434788852930068970e-01,-8.739635944366455078e-01
4.095129370689392090e-01,4.359159171581268311e-01,-8.014215230941772461e-01
3.065298795700073242e-01,7.540121674537658691e-01,-5.809518694877624512e-01
1.166221499443054199e-01,9.676859974861145020e-01,-2.235689461231231689e-01
-1.424895077943801880e-01,9.766615629196166992e-01,1.607137471437454224e-01
-4.030094742774963379e-01,8.030917644500732422e-01,4.388928711414337158e-01
-6.074990034103393555e-01,5.660992264747619629e-01,5.572042465209960938e-01
-7.445385456085205078e-01,3.747025132179260254e-01,5.525037646293640137e-01
-8.324919939041137695e-01,2.730793356895446777e-01,4.820630848407745361e-01
-8.890084624290466309e-01,2.662719488143920898e-01,3.725095391273498535e-01
-9.095004200935363770e-01,3.545808494091033936e-01,2.169821858406066895e-01
-8.517995476722717285e-01,5.238674879074096680e-01,7.122292881831526756e-04
-6.696390509605407715e-01,7.005962729454040527e-01,-2.464717775583267212e-01
-4.021047949790954590e-01,7.958514094352722168e-01,-4.526944160461425781e-01
-1.436505764722824097e-01,7.972396612167358398e-01,-5.863220095634460449e-01
4.242717847228050232e-02,7.459143996238708496e-01,-6.646891832351684570e-01
1.453911960124969482e-01,6.804363727569580078e-01,-7.182392477989196777e-01
1.764823198318481445e-01,6.156163215637207031e-01,-7.680302858352661133e-01
1.378649771213531494e-01,5.544179081916809082e-01,-8.207399845123291016e-01
1.500211842358112335e-02,5.001019239425659180e-01,-8.658366203308105469e-01
-2.090754806995391846e-01,4.524067342281341553e-01,-8.669576644897460938e-01
-5.174677371978759766e-01,3.903208673000335693e-01,-7.614963650703430176e-01
-8.226231336593627930e-01,2.677377462387084961e-01,-5.016050934791564941e-01
-9.906565546989440918e-01,5.614050850272178650e-02,-1.242896318435668945e-01
-9.466300010681152344e-01,-2.103869915008544922e-01,2.441902607679367065e-01
-8.940260410308837891e-01,-3.677631616592407227e-01,2.558666169643402100e-01
-6.987801194190979004e-01,-6.137799024581909180e-01,3.673970401287078857e-01
-5.238328576087951660e-01,-7.836838364601135254e-01,3.338243067264556885e-01
-4.341159462928771973e-01,-8.757121562957763672e-01,2.113564908504486084e-01
-4.444195926189422607e-01,-8.954200148582458496e-01,2.672619186341762543e-02
-5.384893417358398438e-01,-8.144710659980773926e-01,-2.160233855247497559e-01
-6.503040194511413574e-01,-6.027278900146484375e-01,-4.624108672142028809e-01
-7.065011858940124512e-01,-3.331252336502075195e-01,-6.244066953659057617e-01
-7.072004675865173340e-01,-1.006745025515556335e-01,-6.998086571693420410e-01
-6.776118278503417969e-01,7.233266532421112061e-02,-7.318539619445800781e-01
-6.324679255485534668e-01,1.894122064113616943e-01,-7.510708570480346680e-01
-5.800812840461730957e-01,2.560487985610961914e-01,-7.732688784599304199e-01
-5.247880816459655762e-01,2.745412886142730713e-01,-8.057447671890258789e-01
-4.702850580215454102e-01,2.361427694559097290e-01,-8.503343462944030762e-01
-4.241360425949096680e-01,1.190279051661491394e-01,-8.977421522140502930e-01
-3.912643790245056152e-01,-9.906724840402603149e-02,-9.149305820465087891e-01
-3.551334142684936523e-01,-4.082381427288055420e-01,-8.409647941589355469e-01
-2.710854709148406982e-01,-7.334946990013122559e-01,-6.232962012290954590e-01
-9.735818952322006226e-02,-9.535337090492248535e-01,-2.851225733757019043e-01
1.581096351146697998e-01,-9.853710532188415527e-01,6.360107660293579102e-02
4.347895979881286621e-01,-8.491885066032409668e-01,2.997280955314636230e-01
6.640489101409912109e-01,-6.494959592819213867e-01,3.703973591327667236e-01
8.135056495666503906e-01,-4.922247827053070068e-01,3.097147941589355469e-01
8.877618312835693359e-01,-4.273956418037414551e-01,1.709148436784744263e-01
8.865985274314880371e-01,-4.616191089153289795e-01,-2.916893735527992249e-02
7.731252908706665039e-01,-5.684861540794372559e-01,-2.812486588954925537e-01
5.358901619911193848e-01,-6.707957386970520020e-01,-5.126937031745910645e-01
2.696523070335388184e-01,-7.107658386230468750e-01,-6.496918201446533203e-01
5.190645903348922729e-02,-7.019003629684448242e-01,-7.103812694549560547e-01
-1.066427156329154968e-01,-6.673827767372131348e-01,-7.370398044586181641e-01
-2.105927169322967529e-01,-6.198223829269409180e-01,-7.559570074081420898e-01
-2.652891874313354492e-01,-5.664200782775878906e-01,-7.802498340606689453e-01
-2.709327340126037598e-01,-5.108705163002014160e-01,-8.158472776412963867e-01
-2.152897864580154419e-01,-4.576023221015930176e-01,-8.626995086669921875e-01
-7.445110380649566650e-02,-4.148033261299133301e-01,-9.068601131439208984e-01
1.695001423358917236e-01,-3.838852643966674805e-01,-9.076903462409973145e-01
4.924906194210052490e-01,-3.407015502452850342e-01,-8.008592128753662109e-01
8.030127286911010742e-01,-2.368505895137786865e-01,-5.468750596046447754e-01
9.802864789962768555e-01,-3.944923728704452515e-02,-1.936031281948089600e-01
9.639214873313903809e-01,2.282629013061523438e-01,1.369357109069824219e-01
8.003960847854614258e-01,4.986426234245300293e-01,3.327486515045166016e-01
6.032001972198486328e-01,7.091147899627685547e-01,3.651106357574462891e-01
4.665995836257934570e-01,8.386560082435607910e-01,2.809641659259796143e-01
4.269799888134002686e-01,8.953365683555603027e-01,1.267298310995101929e-01
4.836968183517456055e-01,8.707259893417358398e-01,-8.873308449983596802e-02
5.981035828590393066e-01,7.232341170310974121e-01,-3.452599942684173584e-01
6.869139075279235840e-01,4.674857556819915771e-01,-5.564228892326354980e-01
7.120028138160705566e-01,2.095882296562194824e-01,-6.701677441596984863e-01
6.950547099113464355e-01,6.864943541586399078e-03,-7.189241051673889160e-01
6.563602685928344727e-01,-1.375326365232467651e-01,-7.418058514595031738e-01
6.068322062492370605e-01,-2.287187725305557251e-01,-7.612111568450927734e-01
5.526218414306640625e-01,-2.715292274951934814e-01,-7.879599928855895996e-01
4.970661103725433350e-01,-2.635616660118103027e-01,-8.267167210578918457e-01
4.455982744693756104e-01,-1.890986412763595581e-01,-8.750336170196533203e-01
4.063511192798614502e-01,-2.322349138557910919e-02,-9.134218692779541016e-01
3.758903741836547852e-01,2.452497035264968872e-01,-8.936212658882141113e-01
3.224072158336639404e-01,5.761564970016479492e-01,-7.510641217231750488e-01
1.964497417211532593e-01,8.638673424720764160e-01,-4.638326764106750488e-01
-2.309853397309780121e-02,9.943547844886779785e-01,-1.035616174340248108e-01
-2.985494136810302734e-01,9.329053759574890137e-01,2.013846784830093384e-01
-5.585101246833801270e-01,7.496369481086730957e-01,3.551209270954132080e-01
-7.489544749259948730e-01,5.610269308090209961e-01,3.525849580764770508e-01
-8.593465089797973633e-01,4.471921920776367188e-01,2.480780482292175293e-01
-8.980787396430969238e-01,4.327366352081298828e-01,7.869828492403030396e-02
-8.469143509864807129e-01,5.097302794456481934e-01,-1.513644158840179443e-01
-6.658684015274047852e-01,6.257967352867126465e-01,-4.061992168426513672e-01
-3.994050621986389160e-01,6.987068653106689453e-01,-5.935354828834533691e-01
-1.532291173934936523e-01,7.106797099113464355e-01,-6.866258382797241211e-01
3.452331572771072388e-02,6.868930459022521973e-01,-7.259380221366882324e-01
1.650915294885635376e-01,6.446818113327026367e-01,-7.464115619659423828e-01
2.438579052686691284e-01,5.935670733451843262e-01,-7.669494152069091797e-01
2.746664583683013916e-01,5.387275218963623047e-01,-7.964490056037902832e-01
2.520928084850311279e-01,4.834912121295928955e-01,-8.382633924484252930e-01
1.571402847766876221e-01,4.344108402729034424e-01,-8.869014382362365723e-01
-3.467978909611701965e-02,3.986055850982666016e-01,-9.164664745330810547e-01
-3.252795040607452393e-01,3.665742278099060059e-01,-8.716745972633361816e-01
-6.571919918060302734e-01,2.994336783885955811e-01,-6.916922330856323242e-01
-9.144543409347534180e-01,1.498662978410720825e-01,-3.759166896343231201e-01
-9.958551526069641113e-01,-8.932102471590042114e-02,-1.715674810111522675e-02
-8.940257430076599121e-01,-3.677636682987213135e-01,2.558670043945312500e-01
-8.331984877586364746e-01,-5.491187572479248047e-01,6.518292427062988281e-02
-6.572839021682739258e-01,-7.536107897758483887e-01,6.969351787120103836e-03
-5.328580141067504883e-01,-8.246818184852600098e-01,-1.896368414163589478e-01
-4.950498044490814209e-01,-7.481938600540161133e-01,-4.417370557785034180e-01
-5.131061673164367676e-01,-5.382914543151855469e-01,-6.685539484024047852e-01
-5.335339903831481934e-01,-2.643623948097229004e-01,-8.034015297889709473e-01
-5.342830419540405273e-01,-2.446882985532283783e-02,-8.449513912200927734e-01
-5.249394178390502930e-01,1.428463459014892578e-01,-8.390670418739318848e-01
-5.136580467224121094e-01,2.490656375885009766e-01,-8.210490942001342773e-01
-4.985929429531097412e-01,3.142977058887481689e-01,-8.078503012657165527e-01
-4.746486842632293701e-01,3.519229888916015625e-01,-8.067582249641418457e-01
-4.404422342777252197e-01,3.631945550441741943e-01,-8.210361599922180176e-01
-4.003468453884124756e-01,3.364479839801788330e-01,-8.523644804954528809e-01
-3.632093369960784912e-01,2.485083043575286865e-01,-8.979547023773193359e-01
-3.380753099918365479e-01,7.215815782546997070e-02,-9.383487105369567871e-01
-3.193754851818084717e-01,-2.009409964084625244e-01,-9.260788559913635254e-01
-2.737277150154113770e-01,-5.288305282592773438e-01,-8.033749461174011230e-01
-1.548814624547958374e-01,-8.159834146499633789e-01,-5.569405555725097656e-01
5.988486483693122864e-02,-9.651619195938110352e-01,-2.547082901000976562e-01
3.408716619014739990e-01,-9.400150179862976074e-01,-1.335511449724435806e-02
6.104632616043090820e-01,-7.891632914543151855e-01,6.749856472015380859e-02
7.850108146667480469e-01,-6.186347007751464844e-01,-3.239070996642112732e-02
8.193613290786743164e-01,-5.155872106552124023e-01,-2.506326436996459961e-01
7.067563533782958984e-01,-4.964868426322937012e-01,-5.039803981781005859e-01
4.716543555259704590e-01,-5.196792483329772949e-01,-7.123731970787048340e-01
1.983472108840942383e-01,-5.354353189468383789e-01,-8.209552168846130371e-01
-2.414752729237079620e-02,-5.323851704597473145e-01,-8.461577296257019043e-01
-1.743090003728866577e-01,-5.222352743148803711e-01,-8.347973823547363281e-01
-2.685194015502929688e-01,-5.104563236236572266e-01,-8.169037103652954102e-01
-3.260167837142944336e-01,-4.935922026634216309e-01,-8.062752485275268555e-01
-3.574520945549011230e-01,-4.669808745384216309e-01,-8.087996244430541992e-01
-3.608006238937377930e-01,-4.306887090206146240e-01,-8.272424340248107910e-01
-3.213040232658386230e-01,-3.903684318065643311e-01,-8.627724051475524902e-01
-2.136090248823165894e-01,-3.556071221828460693e-01,-9.098982214927673340e-01
-1.237680576741695404e-02,-3.336193859577178955e-01,-9.426265358924865723e-01
2.808042764663696289e-01,-3.123241961002349854e-01,-9.075254797935485840e-01
6.087852716445922852e-01,-2.524667978286743164e-01,-7.520911097526550293e-01
8.690087199211120605e-01,-1.100334748625755310e-01,-4.824070036411285400e-01
9.747812151908874512e-01,1.263533532619476318e-01,-1.839469373226165771e-01
9.104382991790771484e-01,4.129232466220855713e-01,2.442184090614318848e-02
7.440115213394165039e-01,6.656407713890075684e-01,5.804516002535820007e-02
5.846017003059387207e-01,8.074459433555603027e-01,-7.919534295797348022e-02
5.038637518882751465e-01,8.047665357589721680e-01,-3.138028085231781006e-01
5.006195306777954102e-01,6.572806239128112793e-01,-5.633490681648254395e-01
5.255332589149475098e-01,4.025841355323791504e-01,-7.494937181472778320e-01
5.360494256019592285e-01,1.359475851058959961e-01,-8.331682682037353516e-01
5.300970077514648438e-01,-6.807861477136611938e-02,-8.451996445655822754e-01
5.194777250289916992e-01,-2.022754549980163574e-01,-8.301972150802612305e-01
5.069409012794494629e-01,-2.857227325439453125e-01,-8.132486939430236816e-01
4.879551529884338379e-01,-3.361727595329284668e-01,-8.055356144905090332e-01
4.586792588233947754e-01,-3.612876832485198975e-01,-8.118402361869812012e-01
4.206628203392028809e-01,-3.557853996753692627e-01,-8.345415592193603516e-01
3.807383179664611816e-01,-3.019100427627563477e-01,-8.740071654319763184e-01
3.489023447036743164e-01,-1.727372705936431885e-01,-9.211020469665527344e-01
3.293648064136505127e-01,5.344782397150993347e-02,-9.426888227462768555e-01
3.028967976570129395e-01,3.631103336811065674e-01,-8.811381459236145020e-01
2.258755713701248169e-01,6.844170093536376953e-01,-6.932197809219360352e-01
5.901780351996421814e-02,9.120061993598937988e-01,-4.059084355831146240e-01
-1.961817294359207153e-01,9.733225703239440918e-01,-1.189791336655616760e-01
-4.828215837478637695e-01,8.742448687553405762e-01,5.078518390655517578e-02
-7.136256694793701172e-01,6.995212435722351074e-01,3.752824664115905762e-02
-8.207019567489624023e-01,5.558852553367614746e-01,-1.320596039295196533e-01
-7.809819579124450684e-01,4.972363710403442383e-01,-3.779195845127105713e-01
-6.006978154182434082e-01,5.064743161201477051e-01,-6.185837388038635254e-01
-3.329177796840667725e-01,5.302251577377319336e-01,-7.797608971595764160e-01
-7.786649465560913086e-02,5.355839729309082031e-01,-8.408844470977783203e-01
1.075471788644790649e-01,5.275789499282836914e-01,-8.426707983016967773e-01
2.270859777927398682e-01,5.166382789611816406e-01,-8.255403041839599609e-01
3.009164631366729736e-01,5.030166506767272949e-01,-8.101996779441833496e-01
3.448105156421661377e-01,4.816448986530303955e-01,-8.056823015213012695e-01
3.632715642452239990e-01,4.498055577278137207e-01,-8.159096837043762207e-01
3.477984666824340820e-01,4.104994833469390869e-01,-8.429272770881652832e-01
2.777993679046630859e-01,3.716305196285247803e-01,-8.858432769775390625e-01
1.256280392408370972e-01,3.430935740470886230e-01,-9.308621883392333984e-01
-1.248116195201873779e-01,3.248203694820404053e-01,-9.375040531158447266e-01
-4.463478326797485352e-01,2.902935147285461426e-01,-8.464651703834533691e-01
-7.540043592453002930e-01,1.934554129838943481e-01,-6.277359127998352051e-01
-9.442041516304016113e-01,2.181279007345438004e-03,-3.293534517288208008e-01
-9.614087939262390137e-01,-2.681415975093841553e-01,-6.158877536654472351e-02
-8.331981897354125977e-01,-5.491192936897277832e-01,6.518288701772689819e-02
-5.532837510108947754e-01,-6.872806549072265625e-01,-4.706616997718811035e-01
-3.368110656738281250e-01,-6.400179266929626465e-01,-6.906050443649291992e-01
-2.353236973285675049e-01,-4.288855791091918945e-01,-8.721696138381958008e-01
-2.279534339904785156e-01,-1.826520860195159912e-01,-9.563866853713989258e-01
-2.544282972812652588e-01,3.453705087304115295e-02,-9.664747714996337891e-01
-2.798665165901184082e-01,2.046156823635101318e-01,-9.379802942276000977e-01
-2.980411052703857422e-01,3.228672444820404053e-01,-8.982918262481689453e-01
-3.146343231201171875e-01,3.946444988250732422e-01,-8.632850050926208496e-01
-3.306738138198852539e-01,4.313851892948150635e-01,-8.393816947937011719e-01
-3.397879600524902344e-01,4.462630152702331543e-01,-8.278849720954895020e-01
-3.354363441467285156e-01,4.460189938545227051e-01,-8.297888040542602539e-01
-3.177324533462524414e-01,4.230360090732574463e-01,-8.485792279243469238e-01
-2.953205406665802002e-01,3.568834960460662842e-01,-8.862391710281372070e-01
-2.792906761169433594e-01,2.211851030588150024e-01,-9.343842267990112305e-01
-2.705918848514556885e-01,-8.856069762259721756e-04,-9.626938104629516602e-01
-2.456670105457305908e-01,-2.927803695201873779e-01,-9.240819811820983887e-01
-1.604091525077819824e-01,-5.918797254562377930e-01,-7.899033427238464355e-01
2.164866775274276733e-02,-8.076006770133972168e-01,-5.893323421478271484e-01
2.943082153797149658e-01,-8.619351983070373535e-01,-4.128564298152923584e-01
5.710019469261169434e-01,-7.305906414985656738e-01,-3.744249641895294189e-01
6.973546743392944336e-01,-4.920281767845153809e-01,-5.211570858955383301e-01
5.970450043678283691e-01,-2.996788620948791504e-01,-7.441303133964538574e-01
3.668200671672821045e-01,-2.271552532911300659e-01,-9.021327495574951172e-01
1.245421022176742554e-01,-2.333453297615051270e-01,-9.643853902816772461e-01
-8.182045817375183105e-02,-2.615208625793457031e-01,-9.617236256599426270e-01
-2.389907538890838623e-01,-2.849151194095611572e-01,-9.282816648483276367e-01
-3.447852432727813721e-01,-3.021375834941864014e-01,-8.887271285057067871e-01
-4.065945744514465332e-01,-3.188617825508117676e-01,-8.561588525772094727e-01
-4.366906881332397461e-01,-3.339169919490814209e-01,-8.353446722030639648e-01
-4.476542174816131592e-01,-3.401112258434295654e-01,-8.270006775856018066e-01
-4.430230855941772461e-01,-3.320516943931579590e-01,-8.327497839927673340e-01
-4.115480780601501465e-01,-3.121026158332824707e-01,-8.562827110290527344e-01
-3.304726481437683105e-01,-2.903825640678405762e-01,-8.980343937873840332e-01
-1.738675236701965332e-01,-2.768513858318328857e-01,-9.450520873069763184e-01
6.898368149995803833e-02,-2.674166262149810791e-01,-9.611084461212158203e-01
3.702286183834075928e-01,-2.318244278430938721e-01,-8.995488882064819336e-01
6.571992635726928711e-01,-1.247471794486045837e-01,-7.433218359947204590e-01
8.385403752326965332e-01,8.307063579559326172e-02,-5.384693741798400879e-01
8.455264568328857422e-01,3.685773015022277832e-01,-3.863105773925781250e-01
6.753414869308471680e-01,6.226168870925903320e-01,-3.953000903129577637e-01
4.341825246810913086e-01,6.921222805976867676e-01,-5.765867233276367188e-01
2.707039415836334229e-01,5.459764003753662109e-01,-7.928614020347595215e-01
2.239119559526443481e-01,3.044321238994598389e-01,-9.258425235748291016e-01
2.399379014968872070e-01,6.881726533174514771e-02,-9.683459997177124023e-01
2.681830823421478271e-01,-1.259897649288177490e-01,-9.550939798355102539e-01
2.895464599132537842e-01,-2.700988352298736572e-01,-9.182643294334411621e-01
3.062489628791809082e-01,-3.639340996742248535e-01,-8.796383142471313477e-01
3.230181336402893066e-01,-4.165542125701904297e-01,-8.497893214225769043e-01
3.365958631038665771e-01,-4.408481121063232422e-01,-8.320794105529785156e-01
3.395019769668579102e-01,-4.481497406959533691e-01,-8.269825577735900879e-01
3.278797566890716553e-01,-4.384066462516784668e-01,-8.368359804153442383e-01
3.063600957393646240e-01,-3.969832956790924072e-01,-8.651865720748901367e-01
2.860219180583953857e-01,-2.992728948593139648e-01,-9.102895855903625488e-01
2.748151719570159912e-01,-1.209600195288658142e-01,-9.538580775260925293e-01
2.626951336860656738e-01,1.409734040498733521e-01,-9.545248746871948242e-01
2.134330272674560547e-01,4.468869566917419434e-01,-8.687567710876464844e-01
8.254183828830718994e-02,7.157967686653137207e-01,-6.934132575988769531e-01
-1.498118788003921509e-01,8.582839369773864746e-01,-4.908209145069122314e-01
-4.412223398685455322e-01,8.174344301223754883e-01,-3.703023493289947510e-01
-6.620086431503295898e-01,6.153248548507690430e-01,-4.279250800609588623e-01
-6.724503636360168457e-01,3.819276094436645508e-01,-6.339887976646423340e-01
-4.892053306102752686e-01,2.495076209306716919e-01,-8.357177972793579102e-01
-2.427901476621627808e-01,2.245131433010101318e-01,-9.437408447265625000e-01
-1.572697982192039490e-02,2.471216470003128052e-01,-9.688568115234375000e-01
1.669432520866394043e-01,2.743052840232849121e-01,-9.470409750938415527e-01
2.980201840400695801e-01,2.938802540302276611e-01,-9.081951379776000977e-01
3.804916739463806152e-01,3.104153871536254883e-01,-8.711305260658264160e-01
4.247438907623291016e-01,3.269971609115600586e-01,-8.441951870918273926e-01
4.440066814422607422e-01,3.385881185531616211e-01,-8.295878767967224121e-01
4.476574361324310303e-01,3.379383385181427002e-01,-8.278892636299133301e-01
4.318601489067077637e-01,3.230533003807067871e-01,-8.421005606651306152e-01
3.789094388484954834e-01,3.007021844387054443e-01,-8.752176165580749512e-01
2.629332244396209717e-01,2.823216021060943604e-01,-9.225836992263793945e-01
6.260046362876892090e-02,2.728737890720367432e-01,-9.600109457969665527e-01
-2.159414738416671753e-01,2.557007670402526855e-01,-9.423303604125976562e-01
-5.212767124176025391e-01,1.898197382688522339e-01,-8.320090770721435547e-01
-7.663334012031555176e-01,3.369675576686859131e-02,-6.415587067604064941e-01
-8.661960959434509277e-01,-2.207368910312652588e-01,-4.483073949813842773e-01
-7.786249518394470215e-01,-5.096226334571838379e-01,-3.660982549190521240e-01
-5.532829761505126953e-01,-6.872807741165161133e-01,-4.706623554229736328e-01
1.875716745853424072e-01,-4.198114573955535889e-01,-8.880175352096557617e-01
2.252367883920669556e-01,-1.822447031736373901e-01,-9.571077823638916016e-01
1.719310432672500610e-01,3.166183084249496460e-02,-9.846000075340270996e-01
8.986987918615341187e-02,2.042174488306045532e-01,-9.747915863990783691e-01
1.218355912715196609e-02,3.360721766948699951e-01,-9.417575001716613770e-01
-4.937145859003067017e-02,4.298433363437652588e-01,-9.015526771545410156e-01
-9.755551815032958984e-02,4.889851808547973633e-01,-8.668196797370910645e-01
-1.395326703786849976e-01,5.195518136024475098e-01,-8.429688811302185059e-01
-1.763887554407119751e-01,5.285339355468750000e-01,-8.303847908973693848e-01
-2.027599811553955078e-01,5.224369764328002930e-01,-8.282198309898376465e-01
-2.138892561197280884e-01,5.003395676612854004e-01,-8.389944434165954590e-01
-2.123142331838607788e-01,4.488838911056518555e-01,-8.680011034011840820e-01
-2.080870121717453003e-01,3.466031849384307861e-01,-9.146397709846496582e-01
-2.061189115047454834e-01,1.758839637041091919e-01,-9.625901579856872559e-01
-1.900502294301986694e-01,-5.838034674525260925e-02,-9.800370931625366211e-01
-1.184435486793518066e-01,-3.165754675865173340e-01,-9.411435127258300781e-01
5.977811664342880249e-02,-5.179679393768310547e-01,-8.533087372779846191e-01
3.521045148372650146e-01,-5.339688062667846680e-01,-7.687000036239624023e-01
5.949720144271850586e-01,-2.771008014678955078e-01,-7.544689774513244629e-01
5.694187283515930176e-01,4.983965680003166199e-02,-8.205353617668151855e-01
3.608663678169250488e-01,2.101112753152847290e-01,-9.086411595344543457e-01
1.252737343311309814e-01,2.174398005008697510e-01,-9.680012464523315430e-01
-7.877792418003082275e-02,1.523856818675994873e-01,-9.851764440536499023e-01
-2.408740073442459106e-01,6.926427036523818970e-02,-9.680817127227783203e-01
-3.629989922046661377e-01,-4.798315465450286865e-03,-9.317771792411804199e-01
-4.476696252822875977e-01,-6.236861646175384521e-02,-8.920213580131530762e-01
-4.990440309047698975e-01,-1.084359511733055115e-01,-8.597654700279235840e-01
-5.235298275947570801e-01,-1.493729203939437866e-01,-8.388112187385559082e-01
-5.282594561576843262e-01,-1.842190325260162354e-01,-8.288578987121582031e-01
-5.187275409698486328e-01,-2.070380449295043945e-01,-8.294919133186340332e-01
-4.909897446632385254e-01,-2.143698185682296753e-01,-8.443782925605773926e-01
-4.289641976356506348e-01,-2.110845893621444702e-01,-8.783126473426818848e-01
-3.106764853000640869e-01,-2.075662016868591309e-01,-9.275755286216735840e-01
-1.223597303032875061e-01,-2.046615332365036011e-01,-9.711548089981079102e-01
1.230644285678863525e-01,-1.793905496597290039e-01,-9.760502576828002930e-01
3.764601647853851318e-01,-8.562915772199630737e-02,-9.224669933319091797e-01
5.451965332031250000e-01,1.244860067963600159e-01,-8.290138244628906250e-01
4.936162531375885010e-01,4.288051426410675049e-01,-7.566169500350952148e-01
1.883672475814819336e-01,6.157740950584411621e-01,-7.650751471519470215e-01
-1.081959158182144165e-01,5.267021059989929199e-01,-8.431361317634582520e-01
-2.229376733303070068e-01,3.008171021938323975e-01,-9.272582530975341797e-01
-2.052908390760421753e-01,7.047531753778457642e-02,-9.761603474617004395e-01
-1.318419575691223145e-01,-1.232218444347381592e-01,-9.835822582244873047e-01
-4.932041466236114502e-02,-2.750414907932281494e-01,-9.601665139198303223e-01
2.068504318594932556e-02,-3.875727653503417969e-01,-9.216070771217346191e-01
7.464028894901275635e-02,-4.634023010730743408e-01,-8.829989433288574219e-01
1.190417855978012085e-01,-5.074203610420227051e-01,-8.534364104270935059e-01
1.588591933250427246e-01,-5.262740850448608398e-01,-8.353438973426818848e-01
1.912847161293029785e-01,-5.271461606025695801e-01,-8.279656171798706055e-01
2.103016972541809082e-01,-5.139459371566772461e-01,-8.316445946693420410e-01
2.141496092081069946e-01,-4.795303344726562500e-01,-8.509938716888427734e-01
2.098877876996994019e-01,-4.054933786392211914e-01,-8.896753191947937012e-01
2.072109133005142212e-01,-2.702312767505645752e-01,-9.402333498001098633e-01
2.019310444593429565e-01,-6.509000062942504883e-02,-9.772344231605529785e-01
1.644817441701889038e-01,1.884539574384689331e-01,-9.682101607322692871e-01
4.529281705617904663e-02,4.313256740570068359e-01,-9.010586738586425781e-01
-1.962577104568481445e-01,5.584303736686706543e-01,-8.060014843940734863e-01
-4.981512725353240967e-01,4.351080358028411865e-01,-7.500175237655639648e-01
-6.171222329139709473e-01,1.011663600802421570e-01,-7.803368568420410156e-01
-4.758673310279846191e-01,-1.539551466703414917e-01,-8.659377098083496094e-01
-2.409700453281402588e-01,-2.275062352418899536e-01,-9.434905052185058594e-01
-1.811270974576473236e-02,-1.898230910301208496e-01,-9.816511869430541992e-01
1.650184094905853271e-01,-1.108514145016670227e-01,-9.800412654876708984e-01
3.067630231380462646e-01,-3.024736605584621429e-02,-9.513051509857177734e-01
4.098354578018188477e-01,3.551558777689933777e-02,-9.114677906036376953e-01
4.771396517753601074e-01,8.632609248161315918e-02,-8.745773434638977051e-01
5.142200589179992676e-01,1.294087916612625122e-01,-8.478390574455261230e-01
5.279040336608886719e-01,1.678993999958038330e-01,-8.325425386428833008e-01
5.252147912979125977e-01,1.974910050630569458e-01,-8.277359008789062500e-01
5.078974366188049316e-01,2.125666141510009766e-01,-8.347787857055664062e-01
4.656161665916442871e-01,2.134000360965728760e-01,-8.588725328445434570e-01
3.781365454196929932e-01,2.088614851236343384e-01,-9.018811583518981934e-01
2.252601385116577148e-01,2.068299204111099243e-01,-9.520920515060424805e-01
4.613893106579780579e-03,1.973000168800354004e-01,-9.803323149681091309e-01
-2.534016072750091553e-01,1.444543153047561646e-01,-9.565148353576660156e-01
-4.792210161685943604e-01,-3.100867616012692451e-03,-8.776887655258178711e-01
-5.553072094917297363e-01,-2.731626629829406738e-01,-7.855037450790405273e-01
-3.613369762897491455e-01,-5.549557209014892578e-01,-7.493061423301696777e-01
-2.058413438498973846e-02,-6.006960868835449219e-01,-7.992123961448669434e-01
1.875721961259841919e-01,-4.198107421398162842e-01,-8.880178332328796387e-01
6.354220509529113770e-01,-1.365541070699691772e-01,-7.599945664405822754e-01
5.550162196159362793e-01,6.868899613618850708e-02,-8.289986848831176758e-01
4.429506361484527588e-01,2.414384931325912476e-01,-8.634246587753295898e-01
3.270900845527648926e-01,3.763118386268615723e-01,-8.668341040611267090e-01
2.243703305721282959e-01,4.728702306747436523e-01,-8.520866632461547852e-01
1.406312882900238037e-01,5.359569787979125977e-01,-8.324500322341918945e-01
7.237211614847183228e-02,5.729529857635498047e-01,-8.163865804672241211e-01
1.352191902697086334e-02,5.898712873458862305e-01,-8.073840737342834473e-01
-3.722000122070312500e-02,5.896893739700317383e-01,-8.067720532417297363e-01
-7.630694657564163208e-02,5.723756551742553711e-01,-8.164333105087280273e-01
-1.011100560426712036e-01,5.319688320159912109e-01,-8.407056331634521484e-01
-1.145788729190826416e-01,4.557048082351684570e-01,-8.827258348464965820e-01
-1.200390905141830444e-01,3.309056758880615234e-01,-9.359979033470153809e-01
-1.030053496360778809e-01,1.602427512407302856e-01,-9.816884994506835938e-01
-2.038022875785827637e-02,-2.402284927666187286e-02,-9.995036721229553223e-01
1.899241060018539429e-01,-1.404123157262802124e-01,-9.717063307762145996e-01
5.153333544731140137e-01,-2.596058882772922516e-02,-8.565965294837951660e-01
6.589251756668090820e-01,3.141467869281768799e-01,-6.834686994552612305e-01
5.272966027259826660e-01,5.657834410667419434e-01,-6.339142918586730957e-01
3.056320846080780029e-01,6.503854393959045410e-01,-6.954047679901123047e-01
8.262814581394195557e-02,6.202964186668395996e-01,-7.800031900405883789e-01
-1.151930317282676697e-01,5.286775827407836914e-01,-8.409700393676757812e-01
-2.788272500038146973e-01,4.134973585605621338e-01,-8.667614459991455078e-01
-4.039303064346313477e-01,2.997576594352722168e-01,-8.642833232879638672e-01
-4.915064573287963867e-01,2.016679942607879639e-01,-8.472021818161010742e-01
-5.473655462265014648e-01,1.223780363798141479e-01,-8.278976678848266602e-01
-5.789020657539367676e-01,5.694358050823211670e-02,-8.134062886238098145e-01
-5.913669466972351074e-01,-1.497193807153962553e-05,-8.064026236534118652e-01
-5.870695710182189941e-01,-4.825327545404434204e-02,-8.080971240997314453e-01
-5.648427605628967285e-01,-8.384035527706146240e-02,-8.209283947944641113e-01
-5.168530941009521484e-01,-1.053074225783348083e-01,-8.495724201202392578e-01
-4.293525516986846924e-01,-1.167990267276763916e-01,-8.955525755882263184e-01
-2.918573915958404541e-01,-1.190938502550125122e-01,-9.490183591842651367e-01
-1.133957207202911377e-01,-9.075380861759185791e-02,-9.893963336944580078e-01
6.442788243293762207e-02,1.782636530697345734e-02,-9.977631568908691406e-01
1.406245082616806030e-01,2.666805088520050049e-01,-9.534705877304077148e-01
-4.976814240217208862e-02,5.823205709457397461e-01,-8.114344477653503418e-01
-3.935029804706573486e-01,6.440159082412719727e-01,-6.560479998588562012e-01
-6.009694337844848633e-01,4.750805795192718506e-01,-6.427551507949829102e-01
-6.513148546218872070e-01,2.484029829502105713e-01,-7.169972062110900879e-01
-6.014096736907958984e-01,3.034348227083683014e-02,-7.983644008636474609e-01
-5.009276866912841797e-01,-1.595475524663925171e-01,-8.506562709808349609e-01
-3.841842114925384521e-01,-3.137788176536560059e-01,-8.683003187179565430e-01
-2.734598219394683838e-01,-4.291784167289733887e-01,-8.608284592628479004e-01
-1.801839023828506470e-01,-5.081506371498107910e-01,-8.422093987464904785e-01
-1.049923896789550781e-01,-5.572670698165893555e-01,-8.236687183380126953e-01
-4.201044514775276184e-02,-5.836738944053649902e-01,-8.109006881713867188e-01
1.302755903452634811e-02,-5.918285250663757324e-01,-8.059586286544799805e-01
5.848228931427001953e-02,-5.833659768104553223e-01,-8.101012110710144043e-01
9.045527130365371704e-02,-5.557340383529663086e-01,-8.264245986938476562e-01
1.088869348168373108e-01,-4.992581903934478760e-01,-8.595841526985168457e-01
1.185654550790786743e-01,-3.997748196125030518e-01,-9.089126586914062500e-01
1.163819208741188049e-01,-2.500922679901123047e-01,-9.612019062042236328e-01
7.358182221651077271e-02,-6.633946299552917480e-02,-9.950802922248840332e-01
-6.517586112022399902e-02,9.907351434230804443e-02,-9.929433465003967285e-01
-3.501152396202087402e-01,1.227524504065513611e-01,-9.286286234855651855e-01
-6.299692392349243164e-01,-1.365366429090499878e-01,-7.645236253738403320e-01
-6.146255731582641602e-01,-4.623676836490631104e-01,-6.391021609306335449e-01
-4.198643565177917480e-01,-6.261712908744812012e-01,-6.569806337356567383e-01
-1.919084936380386353e-01,-6.460340619087219238e-01,-7.387902736663818359e-01
2.013835497200489044e-02,-5.794445276260375977e-01,-8.147628307342529297e-01
2.016568779945373535e-01,-4.722166061401367188e-01,-8.581060767173767090e-01
3.462713658809661865e-01,-3.552997708320617676e-01,-8.682500123977661133e-01
4.521292746067047119e-01,-2.483085542917251587e-01,-8.566924333572387695e-01
5.229265093803405762e-01,-1.598654687404632568e-01,-8.372519612312316895e-01
5.657666921615600586e-01,-8.835888653993606567e-02,-8.198175430297851562e-01
5.873172879219055176e-01,-2.753783762454986572e-02,-8.088881373405456543e-01
5.912691354751586914e-01,2.545334585011005402e-02,-8.060725331306457520e-01
5.785032510757446289e-01,6.784787774085998535e-02,-8.128533363342285156e-01
5.448501706123352051e-01,9.618937224149703979e-02,-8.329981565475463867e-01
4.789476692676544189e-01,1.119514182209968567e-01,-8.706756234169006348e-01
3.669382631778717041e-01,1.197326406836509705e-01,-9.225077033042907715e-01
2.060365229845046997e-01,1.112679466605186462e-01,-9.721977114677429199e-01
2.010441385209560394e-02,5.048170313239097595e-02,-9.985225796699523926e-01
-1.254216730594635010e-01,-1.224676147103309631e-01,-9.845156669616699219e-01
-8.452886343002319336e-02,-4.353369176387786865e-01,-8.962905406951904297e-01
2.269067615270614624e-01,-6.552879214286804199e-01,-7.204936146736145020e-01
5.197775363922119141e-01,-5.746437907218933105e-01,-6.321517825126647949e-01
6.423225402832031250e-01,-3.630388677120208740e-01,-6.749996542930603027e-01
6.354220509529113770e-01,-1.365534216165542603e-01,-7.599946856498718262e-01
8.473269343376159668e-01,-2.637916989624500275e-02,-5.304160714149475098e-01
7.599031329154968262e-01,1.655296087265014648e-01,-6.286073327064514160e-01
6.422491073608398438e-01,3.276079297065734863e-01,-6.929568052291870117e-01
5.178321003913879395e-01,4.507037103176116943e-01,-7.271286249160766602e-01
4.040984213352203369e-01,5.360457897186279297e-01,-7.411878108978271484e-01
3.077729642391204834e-01,5.918878316879272461e-01,-7.449460029602050781e-01
2.272633314132690430e-01,6.267217397689819336e-01,-7.453665137290954590e-01
1.592523753643035889e-01,6.443290114402770996e-01,-7.479832172393798828e-01
1.028863340616226196e-01,6.430689692497253418e-01,-7.588654160499572754e-01
5.899137258529663086e-02,6.184075474739074707e-01,-7.836402654647827148e-01
2.835407108068466187e-02,5.652100443840026855e-01,-8.244596123695373535e-01
1.499536726623773575e-02,4.805495142936706543e-01,-8.768393397331237793e-01
3.943324834108352661e-02,3.726069033145904541e-01,-9.271510243415832520e-01
1.564531028270721436e-01,2.759426832199096680e-01,-9.483554959297180176e-01
4.309730231761932373e-01,2.707927227020263672e-01,-8.607749342918395996e-01
7.099721431732177734e-01,4.275234639644622803e-01,-5.596098899841308594e-01
7.189387083053588867e-01,6.277136206626892090e-01,-2.985008656978607178e-01
5.770882964134216309e-01,7.783820033073425293e-01,-2.471651583909988403e-01
3.873603045940399170e-01,8.643804192543029785e-01,-3.206221163272857666e-01
1.808193624019622803e-01,8.794570565223693848e-01,-4.402950406074523926e-01
-2.360344678163528442e-02,8.295983076095581055e-01,-5.578615665435791016e-01
-2.093618214130401611e-01,7.323777675628662109e-01,-6.479123830795288086e-01
-3.621670901775360107e-01,6.109365224838256836e-01,-7.039826512336730957e-01
-4.753240942955017090e-01,4.879439771175384521e-01,-7.321049571037292480e-01
-5.523948073387145996e-01,3.783515393733978271e-01,-7.427719831466674805e-01
-6.023151278495788574e-01,2.863135635852813721e-01,-7.451449632644653320e-01
-6.327238678932189941e-01,2.091729342937469482e-01,-7.455918192863464355e-01
-6.459332108497619629e-01,1.440455913543701172e-01,-7.496807575225830078e-01
-6.392991542816162109e-01,9.071029722690582275e-02,-7.635890245437622070e-01
-6.079733967781066895e-01,5.004802718758583069e-02,-7.923783659934997559e-01
-5.469686985015869141e-01,2.302503399550914764e-02,-8.368363976478576660e-01
-4.549778401851654053e-01,1.610606536269187927e-02,-8.903570771217346191e-01
-3.451944887638092041e-01,5.701480060815811157e-02,-9.367977380752563477e-01
-2.617410719394683838e-01,2.094602286815643311e-01,-9.421347975730895996e-01
-2.959784865379333496e-01,5.158640146255493164e-01,-8.039159774780273438e-01
-4.798414707183837891e-01,7.371400594711303711e-01,-4.757905900478363037e-01
-6.709108352661132812e-01,6.913004517555236816e-01,-2.682951688766479492e-01
-8.063209652900695801e-01,5.324685573577880859e-01,-2.575336992740631104e-01
-8.748144507408142090e-01,3.364959359169006348e-01,-3.485257923603057861e-01
-8.725424408912658691e-01,1.288462430238723755e-01,-4.712411761283874512e-01
-8.088838458061218262e-01,-7.241509109735488892e-02,-5.834921002388000488e-01
-7.033384442329406738e-01,-2.510948479175567627e-01,-6.650312542915344238e-01
-5.795679092407226562e-01,-3.941919505596160889e-01,-7.132417559623718262e-01
-4.589512646198272705e-01,-4.976623952388763428e-01,-7.359998822212219238e-01
-3.537368774414062500e-01,-5.670545101165771484e-01,-7.438544631004333496e-01
-2.657833397388458252e-01,-6.115521788597106934e-01,-7.452269792556762695e-01
-1.918168962001800537e-01,-6.376772522926330566e-01,-7.460388541221618652e-01
-1.295708566904067993e-01,-6.463075876235961914e-01,-7.519959211349487305e-01
-7.932977378368377686e-02,-6.339884400367736816e-01,-7.692629098892211914e-01
-4.193829745054244995e-02,-5.956726670265197754e-01,-8.021316528320312500e-01
-1.885139942169189453e-02,-5.267227292060852051e-01,-8.498280644416809082e-01
-2.000642009079456329e-02,-4.281469881534576416e-01,-9.034876227378845215e-01
-8.147349208593368530e-02,-3.191635012626647949e-01,-9.441910386085510254e-01
-2.737080752849578857e-01,-2.548960447311401367e-01,-9.274222254753112793e-01
-5.955720543861389160e-01,-3.322207033634185791e-01,-7.313844561576843262e-01
-7.453205585479736328e-01,-5.315729975700378418e-01,-4.024021029472351074e-01
-6.574419140815734863e-01,-7.105223536491394043e-01,-2.508546113967895508e-01
-4.856957197189331055e-01,-8.300547599792480469e-01,-2.740597128868103027e-01
-2.849212288856506348e-01,-8.807498812675476074e-01,-3.782850205898284912e-01
-7.727977633476257324e-02,-8.617419600486755371e-01,-5.014265775680541992e-01
1.198038682341575623e-01,-7.855306267738342285e-01,-6.071149110794067383e-01
2.905543446540832520e-01,-6.731702089309692383e-01,-6.800147891044616699e-01
4.236875176429748535e-01,-5.484459400177001953e-01,-7.208994030952453613e-01
5.178534388542175293e-01,-4.309768676757812500e-01,-7.389768362045288086e-01
5.801736712455749512e-01,-3.302267193794250488e-01,-7.445459961891174316e-01
6.196721196174621582e-01,-2.461183965206146240e-01,-7.452732920646667480e-01
6.415591835975646973e-01,-1.751777976751327515e-01,-7.468029260635375977e-01
6.453784704208374023e-01,-1.158448085188865662e-01,-7.550275921821594238e-01
6.270521283149719238e-01,-6.875460594892501831e-02,-7.759371399879455566e-01
5.814361572265625000e-01,-3.468982130289077759e-02,-8.128521442413330078e-01
5.045377612113952637e-01,-1.606342568993568420e-02,-8.632401823997497559e-01
4.004989266395568848e-01,-2.746787481009960175e-02,-9.158853888511657715e-01
2.956255972385406494e-01,-1.141669377684593201e-01,-9.484574198722839355e-01
2.573590874671936035e-01,-3.484678864479064941e-01,-9.012970328330993652e-01
3.771939277648925781e-01,-6.621724367141723633e-01,-6.474971175193786621e-01
5.811386108398437500e-01,-7.380012273788452148e-01,-3.429754674434661865e-01
7.463959455490112305e-01,-6.190011501312255859e-01,-2.443984746932983398e-01
8.494423031806945801e-01,-4.372044503688812256e-01,-2.954658567905426025e-01
8.822543025016784668e-01,-2.329351007938385010e-01,-4.091072678565979004e-01
8.473268747329711914e-01,-2.637860551476478577e-02,-5.304161906242370605e-01
9.618195295333862305e-01,3.014523535966873169e-03,-2.736679017543792725e-01
8.981060385704040527e-01,1.934145987033843994e-01,-3.949636816978454590e-01
7.951198220252990723e-01,3.562671244144439697e-01,-4.907731115818023682e-01
6.757146716117858887e-01,4.812598824501037598e-01,-5.583891868591308594e-01
5.593793988227844238e-01,5.710812211036682129e-01,-6.008003354072570801e-01
4.566271007061004639e-01,6.349061131477355957e-01,-6.232062578201293945e-01
3.720532357692718506e-01,6.805077791213989258e-01,-6.312571763992309570e-01
3.095445632934570312e-01,7.093342542648315430e-01,-6.332668662071228027e-01
2.710131406784057617e-01,7.169282436370849609e-01,-6.423127651214599609e-01
2.536374330520629883e-01,6.989952325820922852e-01,-6.686356067657470703e-01
2.600293457508087158e-01,6.585544943809509277e-01,-7.061804533004760742e-01
3.183567523956298828e-01,6.098924875259399414e-01,-7.257272601127624512e-01
4.832954108715057373e-01,5.767242908477783203e-01,-6.586461663246154785e-01
7.208210825920104980e-01,5.684491395950317383e-01,-3.965887427330017090e-01
8.088840246200561523e-01,5.849374532699584961e-01,-5.962254479527473450e-02
7.481856346130371094e-01,6.537002325057983398e-01,1.135532632470130920e-01
6.378794908523559570e-01,7.577272057533264160e-01,1.376925110816955566e-01
4.998575150966644287e-01,8.628877401351928711e-01,7.461436092853546143e-02
3.341912031173706055e-01,9.417493343353271484e-01,-3.774214163422584534e-02
1.454743593931198120e-01,9.742493033409118652e-01,-1.722659021615982056e-01
-5.214606970548629761e-02,9.506245255470275879e-01,-3.059310615062713623e-01
-2.373561412096023560e-01,8.751946091651916504e-01,-4.215405285358428955e-01
-3.911506533622741699e-01,7.659125924110412598e-01,-5.102735757827758789e-01
-5.066989660263061523e-01,6.457763314247131348e-01,-5.711647272109985352e-01
-5.890944600105285645e-01,5.321872234344482422e-01,-6.080662608146667480e-01
-6.478316187858581543e-01,4.336362779140472412e-01,-6.263176798820495605e-01
-6.893900632858276367e-01,3.542069494724273682e-01,-6.318850517272949219e-01
-7.134571075439453125e-01,2.977092862129211426e-01,-6.343091726303100586e-01
-7.148874402046203613e-01,2.648246586322784424e-01,-6.471506357192993164e-01
-6.906477808952331543e-01,2.524911761283874512e-01,-6.776826381683349609e-01
-6.463283896446228027e-01,2.678517401218414307e-01,-7.145034074783325195e-01
-5.992161631584167480e-01,3.475927412509918213e-01,-7.211928963661193848e-01
-5.727995634078979492e-01,5.429722666740417480e-01,-6.140698194503784180e-01
-5.690703988075256348e-01,7.631905078887939453e-01,-3.061031699180603027e-01
-5.970277786254882812e-01,8.022193312644958496e-01,1.434456207789480686e-03
-6.778089404106140137e-01,7.235266566276550293e-01,1.307067722082138062e-01
-7.851058244705200195e-01,6.059288978576660156e-01,1.282929480075836182e-01
-8.859887123107910156e-01,4.610034823417663574e-01,4.999732971191406250e-02
-9.548115730285644531e-01,2.887874245643615723e-01,-7.026107609272003174e-02
-9.736983180046081543e-01,9.614636749029159546e-02,-2.065613567829132080e-01
-9.361180663108825684e-01,-1.004916504025459290e-01,-3.370227217674255371e-01
-8.501411676406860352e-01,-2.792659401893615723e-01,-4.463972747325897217e-01
-7.360602021217346191e-01,-4.235804975032806396e-01,-5.280104279518127441e-01
-6.162963509559631348e-01,-5.300449728965759277e-01,-5.824354887008666992e-01
-5.059564113616943359e-01,-6.056460738182067871e-01,-6.141669154167175293e-01
-4.118349850177764893e-01,-6.597203016281127930e-01,-6.286182999610900879e-01
-3.378101289272308350e-01,-6.972066760063171387e-01,-6.322872042655944824e-01
-2.873806953430175781e-01,-7.161538600921630859e-01,-6.360313892364501953e-01
-2.598756551742553711e-01,-7.111971378326416016e-01,-6.531946659088134766e-01
-2.529194056987762451e-01,-6.809864640235900879e-01,-6.872330307960510254e-01
-2.795350253582000732e-01,-6.338754296302795410e-01,-7.211532592773437500e-01
-3.846375346183776855e-01,-5.899555683135986328e-01,-7.099341154098510742e-01
-6.057487130165100098e-01,-5.703343152999877930e-01,-5.547857284545898438e-01
-7.916057705879211426e-01,-5.714816451072692871e-01,-2.162615805864334106e-01
-7.886730432510375977e-01,-6.127671599388122559e-01,5.011058226227760315e-02
-6.967581510543823242e-01,-7.035591602325439453e-01,1.397590190172195435e-01
-5.722972750663757324e-01,-8.120465874671936035e-01,1.142631247639656067e-01
-4.204032719135284424e-01,-9.070512056350708008e-01,2.278734929859638214e-02
-2.420565932989120483e-01,-9.646972417831420898e-01,-1.037679314613342285e-01
-4.653535038232803345e-02,-9.695431590080261230e-01,-2.404589802026748657e-01
1.476929485797882080e-01,-9.185207486152648926e-01,-3.667513430118560791e-01
3.189474940299987793e-01,-8.233219385147094727e-01,-4.694821536540985107e-01
4.535908699035644531e-01,-7.058953046798706055e-01,-5.440286397933959961e-01
5.514522790908813477e-01,-5.874511003494262695e-01,-5.922850370407104492e-01
6.208761930465698242e-01,-4.807513356208801270e-01,-6.191856861114501953e-01
6.706103086471557617e-01,-3.912850618362426758e-01,-6.302204728126525879e-01
7.038847208023071289e-01,-3.229122757911682129e-01,-6.326721310615539551e-01
7.173352837562561035e-01,-2.785062193870544434e-01,-6.386425495147705078e-01
7.058794498443603516e-01,-2.561366856098175049e-01,-6.604000926017761230e-01
6.702066659927368164e-01,-2.552676796913146973e-01,-6.968941688537597656e-01
6.215894222259521484e-01,-2.960232496261596680e-01,-7.252564430236816406e-01
5.824130177497863770e-01,-4.299798309803009033e-01,-6.898640990257263184e-01
5.689480304718017578e-01,-6.668333411216735840e-01,-4.812809824943542480e-01
5.765367150306701660e-01,-8.062066435813903809e-01,-1.328015029430389404e-01
6.318265199661254883e-01,-7.701998949050903320e-01,8.710571378469467163e-02
7.303782701492309570e-01,-6.681663990020751953e-01,1.417788416147232056e-01
8.381108641624450684e-01,-5.369512438774108887e-01,9.619522094726562500e-02
9.257394075393676758e-01,-3.781045377254486084e-01,-6.594189442694187164e-03
9.712215065956115723e-01,-1.942047327756881714e-01,-1.378884464502334595e-01
9.618195295333862305e-01,3.015174763277173042e-03,-2.736679017543792725e-01
1.000000000000000000e+00,1.593261300669723823e-09,1.467687695821950911e-07
9.719533324241638184e-01,1.925558745861053467e-01,-1.350148469209671021e-01
8.959882855415344238e-01,3.630204200744628906e-01,-2.557756304740905762e-01
7.913712859153747559e-01,5.005863308906555176e-01,-3.509199917316436768e-01
6.789820194244384766e-01,6.069265007972717285e-01,-4.130661785602569580e-01
5.771191716194152832e-01,6.901358962059020996e-01,-4.366303086280822754e-01
5.051520466804504395e-01,7.566856145858764648e-01,-4.150281250476837158e-01
4.863712489604949951e-01,8.033797144889831543e-01,-3.435463011264801025e-01
5.333480238914489746e-01,8.138700127601623535e-01,-2.305547744035720825e-01
6.239904165267944336e-01,7.744656205177307129e-01,-1.041097342967987061e-01
7.180206179618835449e-01,6.958693861961364746e-01,1.456657238304615021e-02
7.887983322143554688e-01,5.995820164680480957e-01,1.352722644805908203e-01
8.157371878623962402e-01,5.159898996353149414e-01,2.613947987556457520e-01
7.942847609519958496e-01,4.849331378936767578e-01,3.659940958023071289e-01
7.415507435798645020e-01,5.190846323966979980e-01,4.250336289405822754e-01
6.710419058799743652e-01,6.006184220314025879e-01,4.346956610679626465e-01
5.828622579574584961e-01,7.067756056785583496e-01,4.009236097335815430e-01
4.693561494350433350e-01,8.190277218818664551e-01,3.299976289272308350e-01
3.233078122138977051e-01,9.185119271278381348e-01,2.276135981082916260e-01
1.457605808973312378e-01,9.840403795242309570e-01,1.020711064338684082e-01
-4.911501705646514893e-02,9.982028007507324219e-01,-3.433513268828392029e-02
-2.379068136215209961e-01,9.568142890930175781e-01,-1.670532226562500000e-01
-4.006112813949584961e-01,8.716701865196228027e-01,-2.823146581649780273e-01
-5.298326611518859863e-01,7.632480263710021973e-01,-3.697698712348937988e-01
-6.295527219772338867e-01,6.518419981002807617e-01,-4.228064715862274170e-01
-7.082367539405822754e-01,5.554560422897338867e-01,-4.357400238513946533e-01
-7.706571817398071289e-01,4.945813119411468506e-01,-4.018418490886688232e-01
-8.102146387100219727e-01,4.921240806579589844e-01,-3.183804452419281006e-01
-8.087195158004760742e-01,5.535447597503662109e-01,-1.988995075225830078e-01
-7.576526999473571777e-01,6.484888195991516113e-01,-7.365273684263229370e-02
-6.725810170173645020e-01,7.387220859527587891e-01,4.386973753571510315e-02
-5.758681893348693848e-01,8.003080487251281738e-01,1.669815182685852051e-01
-5.020927190780639648e-01,8.144392371177673340e-01,2.908465266227722168e-01
-4.877392351627349854e-01,7.832741737365722656e-01,3.854762911796569824e-01
-5.359848141670227051e-01,7.253789901733398438e-01,4.319093227386474609e-01
-6.256268024444580078e-01,6.508821249008178711e-01,4.300506412982940674e-01
-7.349551916122436523e-01,5.572127699851989746e-01,3.864645361900329590e-01
-8.459036350250244141e-01,4.360501766204833984e-01,3.070949614048004150e-01
-9.388975501060485840e-01,2.815571129322052002e-01,1.979820877313613892e-01
-9.928473234176635742e-01,9.782946109771728516e-02,6.843610852956771851e-02
-9.928473234176635742e-01,-9.782950580120086670e-02,-6.843628734350204468e-02
-9.388975501060485840e-01,-2.815573811531066895e-01,-1.979821920394897461e-01
-8.459032773971557617e-01,-4.360508024692535400e-01,-3.070952594280242920e-01
-7.349550127983093262e-01,-5.572130680084228516e-01,-3.864643573760986328e-01
-6.256266832351684570e-01,-6.508825421333312988e-01,-4.300503134727478027e-01
-5.359843969345092773e-01,-7.253794074058532715e-01,-4.319090843200683594e-01
-4.877392947673797607e-01,-7.832742929458618164e-01,-3.854761123657226562e-01
-5.020929574966430664e-01,-8.144394159317016602e-01,-2.908453643321990967e-01
-5.758690834045410156e-01,-8.003079891204833984e-01,-1.669787615537643433e-01
-6.725818514823913574e-01,-7.387214303016662598e-01,-4.386629536747932434e-02
-7.576531171798706055e-01,-6.484880447387695312e-01,7.365372776985168457e-02
-8.087195754051208496e-01,-5.535439848899841309e-01,1.989015191793441772e-01
-8.102145195007324219e-01,-4.921238124370574951e-01,3.183811008930206299e-01
-7.706571817398071289e-01,-4.945812821388244629e-01,4.018418490886688232e-01
-7.082368731498718262e-01,-5.554560422897338867e-01,4.357396960258483887e-01
-6.295527815818786621e-01,-6.518421769142150879e-01,4.228062927722930908e-01
-5.298326015472412109e-01,-7.632480859756469727e-01,3.697697520256042480e-01
-4.006105661392211914e-01,-8.716706037521362305e-01,2.823146879673004150e-01
-2.379059344530105591e-01,-9.568145871162414551e-01,1.670528203248977661e-01
-4.911370575428009033e-02,-9.982028603553771973e-01,3.433501720428466797e-02
1.457606106996536255e-01,-9.840403795242309570e-01,-1.020704507827758789e-01
3.233079016208648682e-01,-9.185119271278381348e-01,-2.276134938001632690e-01
4.693562388420104980e-01,-8.190276026725769043e-01,-3.299978077411651611e-01
5.828623175621032715e-01,-7.067756056785583496e-01,-4.009236097335815430e-01
6.710417866706848145e-01,-6.006183624267578125e-01,-4.346957504749298096e-01
7.415507435798645020e-01,-5.190846920013427734e-01,-4.250338077545166016e-01
7.942848801612854004e-01,-4.849331378936767578e-01,-3.659938573837280273e-01
8.157371878623962402e-01,-5.159907341003417969e-01,-2.613930702209472656e-01
7.887981534004211426e-01,-5.995829701423645020e-01,-1.352694481611251831e-01
7.180204391479492188e-01,-6.958696842193603516e-01,-1.456396188586950302e-02
6.239899992942810059e-01,-7.744657397270202637e-01,1.041121110320091248e-01
5.333475470542907715e-01,-8.138700723648071289e-01,2.305558621883392334e-01
4.863707125186920166e-01,-8.033797144889831543e-01,3.435469865798950195e-01
5.051520466804504395e-01,-7.566857337951660156e-01,4.150279164314270020e-01
5.771192312240600586e-01,-6.901355981826782227e-01,4.366304874420166016e-01
6.789826154708862305e-01,-6.069258451461791992e-01,4.130662083625793457e-01
7.913711667060852051e-01,-5.005863904953002930e-01,3.509200513362884521e-01
8.959883451461791992e-01,-3.630203306674957275e-01,2.557756900787353516e-01
9.719533324241638184e-01,-1.925553828477859497e-01,1.350151300430297852e-01
1.000000000000000000e+00,2.411133266377873952e-07,-3.063060773911274737e-07
