nx,ny,nz
-1.000000000000000000e+00,0.000000000000000000e+00,-0.000000000000000000e+00
-9.994091391563415527e-01,2.630806155502796173e-02,2.212140150368213654e-02
-9.988765716552734375e-01,4.217294976115226746e-02,2.161135524511337280e-02
-9.976376295089721680e-01,5.800704658031463623e-02,3.680119290947914124e-02
-9.931409358978271484e-01,8.372574299573898315e-02,8.161599934101104736e-02
-9.741202592849731445e-01,1.170327663421630859e-01,1.933728009462356567e-01
-8.958323001861572266e-01,1.747864186763763428e-01,4.085758924484252930e-01
-7.604364156723022461e-01,2.315659224987030029e-01,6.067237854003906250e-01
-7.096440792083740234e-01,2.031526118516921997e-01,6.746364235877990723e-01
-7.620966434478759766e-01,9.237636625766754150e-02,6.408395171165466309e-01
-8.302993774414062500e-01,-2.690586633980274200e-02,5.566678047180175781e-01
-8.924748301506042480e-01,-1.489277482032775879e-01,4.258040189743041992e-01
-9.220923781394958496e-01,-2.668420672416687012e-01,2.802514433860778809e-01
-9.193818569183349609e-01,-3.766610324382781982e-01,1.134172901511192322e-01
-8.771241307258605957e-01,-4.769074022769927979e-01,-5.667902156710624695e-02
-8.022500872611999512e-01,-5.595387816429138184e-01,-2.081134170293807983e-01
-6.989573240280151367e-01,-6.285666823387145996e-01,-3.411197960376739502e-01
-6.017745137214660645e-01,-6.899368762969970703e-01,-4.023115038871765137e-01
-5.565964579582214355e-01,-7.501715421676635742e-01,-3.569916486740112305e-01
-6.708793044090270996e-01,-7.414942383766174316e-01,-1.036033686250448227e-02
-7.278115749359130859e-01,-5.155792832374572754e-01,4.521816670894622803e-01
-6.660072207450866699e-01,-4.383457005023956299e-01,6.035621762275695801e-01
-6.202796101570129395e-01,-5.354202389717102051e-01,5.732175111770629883e-01
-5.761032104492187500e-01,-6.638192534446716309e-01,4.769162237644195557e-01
-5.209438204765319824e-01,-7.888675928115844727e-01,3.260450065135955811e-01
-4.443923234939575195e-01,-8.805670738220214844e-01,1.646729409694671631e-01
-3.465946614742279053e-01,-9.378709197044372559e-01,-1.644123159348964691e-02
-2.334886938333511353e-01,-9.542237520217895508e-01,-1.869224607944488525e-01
-1.097174286842346191e-01,-9.347611069679260254e-01,-3.379108905792236328e-01
1.429053861647844315e-02,-8.930820822715759277e-01,-4.496668577194213867e-01
1.172738000750541687e-01,-8.673695325851440430e-01,-4.836496710777282715e-01
1.286905556917190552e-01,-9.316486716270446777e-01,-3.398079276084899902e-01
-5.400505661964416504e-02,-9.897318482398986816e-01,1.323419213294982910e-01
-1.442497819662094116e-01,-8.823526501655578613e-01,4.479349255561828613e-01
-6.951626390218734741e-02,-8.756711483001708984e-01,4.778781235218048096e-01
4.550173133611679077e-02,-9.139543771743774414e-01,4.032579362392425537e-01
1.738108843564987183e-01,-9.492272734642028809e-01,2.622163295745849609e-01
2.904030084609985352e-01,-9.508016109466552734e-01,1.078997999429702759e-01
3.988595902919769287e-01,-9.135815501213073730e-01,-7.924536615610122681e-02
4.847927391529083252e-01,-8.401505947113037109e-01,-2.431521266698837280e-01
5.511447787284851074e-01,-7.275530099868774414e-01,-4.085413217544555664e-01
5.988460183143615723e-01,-6.005557179450988770e-01,-5.298265814781188965e-01
6.412329673767089844e-01,-4.750195741653442383e-01,-6.026413440704345703e-01
6.976338028907775879e-01,-4.464988112449645996e-01,-5.603086948394775391e-01
7.281442284584045410e-01,-6.367722153663635254e-01,-2.536278367042541504e-01
5.941150784492492676e-01,-7.699012160301208496e-01,2.329790294170379639e-01
5.654508471488952637e-01,-7.200063467025756836e-01,4.023135006427764893e-01
6.485324501991271973e-01,-6.596485972404479980e-01,3.798281550407409668e-01
7.516841292381286621e-01,-5.958270430564880371e-01,2.827741205692291260e-01
8.443667292594909668e-01,-5.195953845977783203e-01,1.306350231170654297e-01
9.026388525962829590e-01,-4.297932684421539307e-01,-2.282222546637058258e-02
9.250398874282836914e-01,-3.210168480873107910e-01,-2.030992805957794189e-01
9.122304916381835938e-01,-2.108927220106124878e-01,-3.512260615825653076e-01
8.629785776138305664e-01,-8.540198951959609985e-02,-4.979703724384307861e-01
7.974958419799804688e-01,3.007649071514606476e-02,-6.025743484497070312e-01
7.281673550605773926e-01,1.547727286815643311e-01,-6.676958799362182617e-01
7.191170454025268555e-01,2.290999293327331543e-01,-6.560364961624145508e-01
8.261880278587341309e-01,2.111961692571640015e-01,-5.223116278648376465e-01
9.467659592628479004e-01,1.398155391216278076e-01,-2.899756133556365967e-01
9.869382977485656738e-01,1.004942357540130615e-01,-1.259118020534515381e-01
9.961887001991271973e-01,6.865848600864410400e-02,-5.379596352577209473e-02
9.984029531478881836e-01,4.994069412350654602e-02,-2.640938200056552887e-02
9.991571903228759766e-01,3.474229201674461365e-02,-2.186039276421070099e-02
9.997824430465698242e-01,1.437389291822910309e-02,-1.511523500084877014e-02
9.997824430465698242e-01,-1.437393762171268463e-02,1.511524058878421783e-02
9.991571903228759766e-01,-3.474277257919311523e-02,2.186039462685585022e-02
9.984029531478881836e-01,-4.994045943021774292e-02,2.640905603766441345e-02
9.961887001991271973e-01,-6.865852326154708862e-02,5.379601195454597473e-02
9.869383573532104492e-01,-1.004938557744026184e-01,1.259112060070037842e-01
9.467655420303344727e-01,-1.398159563541412354e-01,2.899767458438873291e-01
8.261883258819580078e-01,-2.111958712339401245e-01,5.223113298416137695e-01
7.191171646118164062e-01,-2.290999293327331543e-01,6.560363769531250000e-01
7.281676530838012695e-01,-1.547726094722747803e-01,6.676955223083496094e-01
7.974957227706909180e-01,-3.007655963301658630e-02,6.025743484497070312e-01
8.629789352416992188e-01,8.540242910385131836e-02,4.979697465896606445e-01
9.122302532196044922e-01,2.108926177024841309e-01,3.512268066406250000e-01
9.250398874282836914e-01,3.210165202617645264e-01,2.030999958515167236e-01
9.026386737823486328e-01,4.297937750816345215e-01,2.282056957483291626e-02
8.443668484687805176e-01,5.195952057838439941e-01,-1.306348294019699097e-01
7.516838312149047852e-01,5.958272218704223633e-01,-2.827743589878082275e-01
6.485323309898376465e-01,6.596484184265136719e-01,-3.798286616802215576e-01
5.654507279396057129e-01,7.200063467025756836e-01,-4.023137688636779785e-01
5.941157937049865723e-01,7.699013352394104004e-01,-2.329772561788558960e-01
7.281443476676940918e-01,6.367720365524291992e-01,2.536281049251556396e-01
6.976339221000671387e-01,4.464988708496093750e-01,5.603085160255432129e-01
6.412328481674194336e-01,4.750201702117919922e-01,6.026409268379211426e-01
5.988460183143615723e-01,6.005558371543884277e-01,5.298264622688293457e-01
5.511448383331298828e-01,7.275534868240356445e-01,4.085405170917510986e-01
4.847930073738098145e-01,8.401498198509216309e-01,2.431542426347732544e-01
3.988591432571411133e-01,9.135817885398864746e-01,7.924447953701019287e-02
2.904027402400970459e-01,9.508016109466552734e-01,-1.079005748033523560e-01
1.738113015890121460e-01,9.492274522781372070e-01,-2.622153759002685547e-01
4.550125822424888611e-02,9.139543771743774414e-01,-4.032579362392425537e-01
-6.951655447483062744e-02,8.756710290908813477e-01,-4.778783619403839111e-01
-1.442497074604034424e-01,8.823530077934265137e-01,-4.479342103004455566e-01
-5.400637909770011902e-02,9.897312521934509277e-01,-1.323450803756713867e-01
1.286906749010086060e-01,9.316484332084655762e-01,3.398087024688720703e-01
1.172736510634422302e-01,8.673696517944335938e-01,4.836494028568267822e-01
1.429072022438049316e-02,8.930819630622863770e-01,4.496669769287109375e-01
-1.097181737422943115e-01,9.347615242004394531e-01,3.379095494747161865e-01
-2.334885746240615845e-01,9.542236328125000000e-01,1.869234591722488403e-01
-3.465944528579711914e-01,9.378709793090820312e-01,1.644174940884113312e-02
-4.443920254707336426e-01,8.805674314498901367e-01,-1.646716743707656860e-01
-5.209441184997558594e-01,7.888671755790710449e-01,-3.260456323623657227e-01
-5.761032104492187500e-01,6.638186573982238770e-01,-4.769170284271240234e-01
-6.202795505523681641e-01,5.354209542274475098e-01,-5.732168555259704590e-01
-6.660075187683105469e-01,4.383455514907836914e-01,-6.035620570182800293e-01
-7.278116345405578613e-01,5.155794620513916016e-01,-4.521815478801727295e-01
-6.708788275718688965e-01,7.414945363998413086e-01,1.036133710294961929e-02
-5.565969347953796387e-01,7.501710057258605957e-01,3.569918274879455566e-01
-6.017742156982421875e-01,6.899367570877075195e-01,4.023119509220123291e-01
-6.989576220512390137e-01,6.285668015480041504e-01,3.411189019680023193e-01
-8.022498488426208496e-01,5.595389008522033691e-01,2.081137448549270630e-01
-8.771243691444396973e-01,4.769071638584136963e-01,5.667810142040252686e-02
-9.193818569183349609e-01,3.766606748104095459e-01,-1.134183108806610107e-01
-9.220923185348510742e-01,2.668420970439910889e-01,-2.802517116069793701e-01
-8.924743533134460449e-01,1.489272415637969971e-01,-4.258051812648773193e-01
-8.302990198135375977e-01,2.690558694303035736e-02,-5.566683411598205566e-01
-7.620969414710998535e-01,-9.237617999315261841e-02,-6.408392786979675293e-01
-7.096437811851501465e-01,-2.031525224447250366e-01,-6.746367216110229492e-01
-7.604368925094604492e-01,-2.315655648708343506e-01,-6.067231893539428711e-01
-8.958322405815124512e-01,-1.747868657112121582e-01,-4.085757732391357422e-01
-9.741202592849731445e-01,-1.170326694846153259e-01,-1.933730393648147583e-01
-9.931409358978271484e-01,-8.372557163238525391e-02,-8.161528408527374268e-02
-9.976376295089721680e-01,-5.800715088844299316e-02,-3.680113330483436584e-02
-9.988765716552734375e-01,-4.217340797185897827e-02,-2.161193452775478363e-02
-9.994090795516967773e-01,-2.630824968218803406e-02,-2.212158031761646271e-02
-1.000000000000000000e+00,-1.348653313471004367e-07,1.752033398361163563e-07
-6.835703849792480469e-01,4.911701381206512451e-02,-7.282300591468811035e-01
-6.934912204742431641e-01,3.083373792469501495e-02,-7.198050022125244141e-01
-6.859016418457031250e-01,3.151457011699676514e-02,-7.270115017890930176e-01
-6.820466518402099609e-01,5.468570441007614136e-02,-7.292611002922058105e-01
-6.736873388290405273e-01,4.839072376489639282e-02,-7.374305129051208496e-01
-6.829793453216552734e-01,2.824371494352817535e-02,-7.298914194107055664e-01
-7.434952259063720703e-01,-3.675176948308944702e-02,-6.677305102348327637e-01
-9.173054099082946777e-01,-1.644097268581390381e-02,-3.978447318077087402e-01
-9.663255214691162109e-01,1.577146947383880615e-01,2.033252716064453125e-01
-8.712991476058959961e-01,1.543864756822586060e-01,4.658354222774505615e-01
-8.904407620429992676e-01,3.659126162528991699e-02,4.536258280277252197e-01
-9.309014678001403809e-01,-9.362826496362686157e-02,3.530669808387756348e-01
-9.528292417526245117e-01,-2.191214859485626221e-01,2.100051939487457275e-01
-9.423797726631164551e-01,-3.324295580387115479e-01,3.756182640790939331e-02
-8.941419124603271484e-01,-4.282470047473907471e-01,-1.308226883411407471e-01
-8.023015260696411133e-01,-5.049477815628051758e-01,-3.183395266532897949e-01
-6.908688545227050781e-01,-5.581077337265014648e-01,-4.595823884010314941e-01
-5.455952286720275879e-01,-5.929479598999023438e-01,-5.922318696975708008e-01
-4.322014451026916504e-01,-6.303538084030151367e-01,-6.448689699172973633e-01
-3.850979506969451904e-01,-6.911757588386535645e-01,-6.115355491638183594e-01
-5.974540710449218750e-01,-7.601733207702636719e-01,-2.553137242794036865e-01
-7.506297230720520020e-01,-5.954416990280151367e-01,2.863637506961822510e-01
-7.032418251037597656e-01,-5.585831999778747559e-01,4.398132264614105225e-01
-6.389763951301574707e-01,-6.645479202270507812e-01,3.874083161354064941e-01
-5.700805783271789551e-01,-7.745384573936462402e-01,2.740406692028045654e-01
-4.836006164550781250e-01,-8.686861991882324219e-01,1.073069050908088684e-01
-3.847697973251342773e-01,-9.210200309753417969e-01,-6.061581149697303772e-02
-2.678886055946350098e-01,-9.324400424957275391e-01,-2.424691468477249146e-01
-1.460029929876327515e-01,-9.036261439323425293e-01,-4.026699066162109375e-01
-2.067068032920360565e-02,-8.412266969680786133e-01,-5.402873158454895020e-01
9.570703655481338501e-02,-7.702229022979736328e-01,-6.305528283119201660e-01
1.846918761730194092e-01,-7.416837811470031738e-01,-6.448208689689636230e-01
1.656691879034042358e-01,-8.648880124092102051e-01,-4.738380312919616699e-01
-2.504772879183292389e-02,-9.996803402900695801e-01,3.443481633439660072e-03
-7.816749066114425659e-02,-9.557530283927917480e-01,2.835947573184967041e-01
1.155027374625205994e-02,-9.573488831520080566e-01,2.887036502361297607e-01
1.334294378757476807e-01,-9.713227748870849609e-01,1.967957615852355957e-01
2.546064555644989014e-01,-9.660918712615966797e-01,4.291845113039016724e-02
3.588281571865081787e-01,-9.259338974952697754e-01,-1.178503930568695068e-01
4.437954425811767578e-01,-8.446431756019592285e-01,-2.993718981742858887e-01
5.024113059043884277e-01,-7.358162999153137207e-01,-4.540455639362335205e-01
5.356121063232421875e-01,-5.945826768875122070e-01,-5.996590852737426758e-01
5.544397830963134766e-01,-4.518363773822784424e-01,-6.988850831985473633e-01
5.714314579963684082e-01,-3.279066383838653564e-01,-7.522920370101928711e-01
6.327962279319763184e-01,-3.281502425670623779e-01,-7.013460993766784668e-01
7.105234861373901367e-01,-5.725842118263244629e-01,-4.090278744697570801e-01
6.675611138343811035e-01,-7.444109916687011719e-01,1.464830618351697922e-02
6.776750683784484863e-01,-7.170349955558776855e-01,1.631480157375335693e-01
7.480363845825195312e-01,-6.482633352279663086e-01,1.421129852533340454e-01
8.248577713966369629e-01,-5.640206933021545410e-01,3.860352560877799988e-02
8.777167201042175293e-01,-4.681783318519592285e-01,-1.020905226469039917e-01
8.968995213508605957e-01,-3.620068132877349854e-01,-2.540122568607330322e-01
8.785986900329589844e-01,-2.487906068563461304e-01,-4.076365530490875244e-01
8.291857838630676270e-01,-1.341495960950851440e-01,-5.426368713378906250e-01
7.501485347747802734e-01,-2.195823565125465393e-02,-6.609046459197998047e-01
6.604089736938476562e-01,8.902762085199356079e-02,-7.456099390983581543e-01
5.754789113998413086e-01,1.803144216537475586e-01,-7.976909279823303223e-01
5.459111928939819336e-01,2.163004577159881592e-01,-8.094412088394165039e-01
5.732415914535522461e-01,1.772170811891555786e-01,-7.999926805496215820e-01
6.147722601890563965e-01,1.222013607621192932e-01,-7.791802883148193359e-01
6.463671922683715820e-01,7.954499870538711548e-02,-7.588689327239990234e-01
6.652339696884155273e-01,4.385334998369216919e-02,-7.453459501266479492e-01
6.740525960922241211e-01,3.887752816081047058e-02,-7.376595139503479004e-01
6.785961985588073730e-01,-2.418107911944389343e-02,-7.341133952140808105e-01
6.901612281799316406e-01,-4.712152853608131409e-02,-7.221198081970214844e-01
6.909457445144653320e-01,-2.266413345932960510e-02,-7.225512266159057617e-01
6.829736232757568359e-01,-4.692103713750839233e-02,-7.289344668388366699e-01
6.790913939476013184e-01,-5.294014886021614075e-02,-7.321422696113586426e-01
6.726244688034057617e-01,-4.279590025544166565e-02,-7.387453913688659668e-01
7.058420777320861816e-01,1.334374770522117615e-03,-7.083680033683776855e-01
8.113648891448974609e-01,5.232374742627143860e-02,-5.821934938430786133e-01
9.928533434867858887e-01,-7.506982237100601196e-02,-9.277288615703582764e-02
9.058902859687805176e-01,-1.809237450361251831e-01,3.829221725463867188e-01
8.699337244033813477e-01,-1.009595468640327454e-01,4.827239513397216797e-01
9.142138957977294922e-01,2.972279489040374756e-02,4.041406810283660889e-01
9.433944225311279297e-01,1.563240438699722290e-01,2.925229668617248535e-01
9.530367851257324219e-01,2.788802087306976318e-01,1.180958971381187439e-01
9.235168695449829102e-01,3.815907239913940430e-01,-3.879604488611221313e-02
8.516314625740051270e-01,4.700117111206054688e-01,-2.319760322570800781e-01
7.509328126907348633e-01,5.341451764106750488e-01,-3.883153796195983887e-01
6.186101436614990234e-01,5.767242908477783203e-01,-5.335828065872192383e-01
4.838461875915527344e-01,6.105607151985168457e-01,-6.269836425781250000e-01
3.914234042167663574e-01,6.546382904052734375e-01,-6.467119455337524414e-01
4.527646005153656006e-01,7.403286695480346680e-01,-4.969081282615661621e-01
7.195473313331604004e-01,6.920874714851379395e-01,5.715423449873924255e-02
7.333459258079528809e-01,5.485959053039550781e-01,4.015549123287200928e-01
6.711724996566772461e-01,6.052187085151672363e-01,4.280627667903900146e-01
6.059089303016662598e-01,7.213711738586425781e-01,3.354072272777557373e-01
5.292817950248718262e-01,8.254147171974182129e-01,1.963450461626052856e-01
4.354383945465087891e-01,8.999660015106201172e-01,2.132408320903778076e-02
3.287447392940521240e-01,9.325904250144958496e-01,-1.490036696195602417e-01
2.065578997135162354e-01,9.218022227287292480e-01,-3.280466794967651367e-01
8.385311812162399292e-02,8.767716884613037109e-01,-4.735399782657623291e-01
-3.976245969533920288e-02,8.034598231315612793e-01,-5.940297245979309082e-01
-1.461170464754104614e-01,7.458989620208740234e-01,-6.498342752456665039e-01
-1.977857649326324463e-01,7.778862118721008301e-01,-5.964677333831787109e-01
-7.776189595460891724e-02,9.640058279037475586e-01,-2.542557120323181152e-01
7.983245700597763062e-02,9.782459139823913574e-01,1.914722174406051636e-01
4.161111637949943542e-02,9.510897994041442871e-01,3.060992360115051270e-01
-7.128745317459106445e-02,9.653545022010803223e-01,2.510155737400054932e-01
-1.955488175153732300e-01,9.727504253387451172e-01,1.245683506131172180e-01
-3.088224232196807861e-01,9.504035115242004395e-01,-3.690347820520401001e-02
-4.044752717018127441e-01,8.906548023223876953e-01,-2.076864987611770630e-01
-4.762037694454193115e-01,7.927197217941284180e-01,-3.805594146251678467e-01
-5.220754146575927734e-01,6.692762374877929688e-01,-5.286839008331298828e-01
-5.458947420120239258e-01,5.208661556243896484e-01,-6.562753915786743164e-01
-5.613563656806945801e-01,3.852113485336303711e-01,-7.324556708335876465e-01
-5.937725901603698730e-01,3.007297813892364502e-01,-7.463214397430419922e-01
-6.806429028511047363e-01,4.256083071231842041e-01,-5.963076353073120117e-01
-6.975023150444030762e-01,6.949229836463928223e-01,-1.748500466346740723e-01
-6.593590378761291504e-01,7.419760823249816895e-01,1.213142052292823792e-01
-7.102681994438171387e-01,6.842584013938903809e-01,1.652559340000152588e-01
-7.874579429626464844e-01,6.084275245666503906e-01,9.862031787633895874e-02
-8.555692434310913086e-01,5.167926549911499023e-01,-3.044069185853004456e-02
-8.917210102081298828e-01,4.169357419013977051e-01,-1.760633140802383423e-01
-8.921461105346679688e-01,3.052682280540466309e-01,-3.329965770244598389e-01
-8.578429222106933594e-01,1.919738054275512695e-01,-4.767090678215026855e-01
-7.922728657722473145e-01,7.710030674934387207e-02,-6.052760481834411621e-01
-7.061097621917724609e-01,-3.327721357345581055e-02,-7.073199748992919922e-01
-6.144973039627075195e-01,-1.401359736919403076e-01,-7.763729095458984375e-01
-5.516766905784606934e-01,-2.066989541053771973e-01,-8.080398440361022949e-01
-5.550566911697387695e-01,-2.052599191665649414e-01,-8.060895800590515137e-01
-5.945104360580444336e-01,-1.459343880414962769e-01,-7.907341122627258301e-01
-6.322168707847595215e-01,-1.027117297053337097e-01,-7.679532766342163086e-01
-6.572249531745910645e-01,-5.604430288076400757e-02,-7.516078352928161621e-01
-6.707744002342224121e-01,-4.374156147241592407e-02,-7.403703927993774414e-01
-6.760784983634948730e-01,-1.370267476886510849e-02,-7.367022633552551270e-01
-6.835702061653137207e-01,4.911652207374572754e-02,-7.282302975654602051e-01
-4.865011274814605713e-01,5.411981046199798584e-02,-8.720021247863769531e-01
-4.925349056720733643e-01,2.866582013666629791e-02,-8.698204755783081055e-01
-4.875370562076568604e-01,3.402272984385490417e-02,-8.724390864372253418e-01
-4.795143604278564453e-01,5.740066617727279663e-02,-8.756547570228576660e-01
-4.648380875587463379e-01,5.126874148845672607e-02,-8.839101195335388184e-01
-4.445167779922485352e-01,2.168835699558258057e-02,-8.955079317092895508e-01
-4.104669690132141113e-01,-7.717423141002655029e-02,-9.086037874221801758e-01
-4.209229350090026855e-01,-1.606712490320205688e-01,-8.927534222602844238e-01
-5.856074094772338867e-01,-1.732732951641082764e-01,-7.918587327003479004e-01
-9.596388936042785645e-01,1.457684021443128586e-02,-2.808573246002197266e-01
-9.830912351608276367e-01,8.068589121103286743e-02,1.643819361925125122e-01
-9.776675701141357422e-01,-2.797092869877815247e-02,2.082876116037368774e-01
-9.817280769348144531e-01,-1.612455844879150391e-01,1.010434255003929138e-01
-9.599714279174804688e-01,-2.764120995998382568e-01,-4.529041796922683716e-02
-8.968807458877563477e-01,-3.755635023117065430e-01,-2.335741221904754639e-01
-8.043399453163146973e-01,-4.429026842117309570e-01,-3.960738480091094971e-01
-6.596069931983947754e-01,-4.815949201583862305e-01,-5.770484209060668945e-01
-5.179541707038879395e-01,-4.986305534839630127e-01,-6.950474977493286133e-01
-3.413609266281127930e-01,-4.891904294490814209e-01,-8.025991320610046387e-01
-2.153947651386260986e-01,-4.972819685935974121e-01,-8.404259681701660156e-01
-1.591334491968154907e-01,-5.459480881690979004e-01,-8.225675225257873535e-01
-4.674186110496520996e-01,-7.167064547538757324e-01,-5.175440311431884766e-01
-7.477827072143554688e-01,-6.568759679794311523e-01,9.661778062582015991e-02
-7.064622640609741211e-01,-6.601740121841430664e-01,2.551105916500091553e-01
-6.229777932167053223e-01,-7.604961395263671875e-01,1.831510514020919800e-01
-5.288573503494262695e-01,-8.468301892280578613e-01,5.646618083119392395e-02
-4.199138283729553223e-01,-8.995606899261474609e-01,-1.202617064118385315e-01
-3.043909668922424316e-01,-9.086636304855346680e-01,-2.857911288738250732e-01
-1.780857741832733154e-01,-8.685646653175354004e-01,-4.624726474285125732e-01
-5.686466768383979797e-02,-7.942240238189697266e-01,-6.049584150314331055e-01
6.153024360537528992e-02,-6.871747374534606934e-01,-7.238817811012268066e-01
1.641076505184173584e-01,-5.917405486106872559e-01,-7.892475724220275879e-01
2.357957512140274048e-01,-5.729499459266662598e-01,-7.849386930465698242e-01
1.875504255294799805e-01,-7.861441373825073242e-01,-5.888993144035339355e-01
2.972164191305637360e-03,-9.930416941642761230e-01,-1.177261024713516235e-01
-1.093063130974769592e-02,-9.940310716629028320e-01,1.085489094257354736e-01
9.361466020345687866e-02,-9.916604757308959961e-01,8.857678622007369995e-02
2.108435630798339844e-01,-9.773551821708679199e-01,-1.793937198817729950e-02
3.193614780902862549e-01,-9.308210611343383789e-01,-1.777087301015853882e-01
4.019265770912170410e-01,-8.523477911949157715e-01,-3.346015810966491699e-01
4.570601284503936768e-01,-7.330327033996582031e-01,-5.037450194358825684e-01
4.834766983985900879e-01,-5.970246195793151855e-01,-6.401655077934265137e-01
4.829122424125671387e-01,-4.365199506282806396e-01,-7.591087818145751953e-01
4.710458517074584961e-01,-2.890309095382690430e-01,-8.334128260612487793e-01
4.702369570732116699e-01,-1.717658638954162598e-01,-8.656637668609619141e-01
5.366341471672058105e-01,-2.053503245115280151e-01,-8.184466958045959473e-01
6.709574460983276367e-01,-5.023631453514099121e-01,-5.453873276710510254e-01
6.996411085128784180e-01,-6.967171430587768555e-01,-1.583908051252365112e-01
7.358269095420837402e-01,-6.760025620460510254e-01,-3.974045068025588989e-02
7.973350286483764648e-01,-5.993412137031555176e-01,-7.104150950908660889e-02
8.465422987937927246e-01,-5.026087760925292969e-01,-1.753582656383514404e-01
8.655542135238647461e-01,-3.956685960292816162e-01,-3.070216774940490723e-01
8.487831354141235352e-01,-2.837007641792297363e-01,-4.461852014064788818e-01
7.970632314682006836e-01,-1.707583963871002197e-01,-5.792509913444519043e-01
7.159416675567626953e-01,-6.325237452983856201e-02,-6.952888965606689453e-01
6.161493062973022461e-01,4.115741327404975891e-02,-7.865532636642456055e-01
5.111954212188720703e-01,1.304231286048889160e-01,-8.495110869407653809e-01
4.407801628112792969e-01,1.865679472684860229e-01,-8.780120611190795898e-01
4.230338633060455322e-01,1.748055964708328247e-01,-8.890924453735351562e-01
4.379450976848602295e-01,1.279944479465484619e-01,-8.898435831069946289e-01
4.551206529140472412e-01,8.681252598762512207e-02,-8.861877322196960449e-01
4.694141745567321777e-01,4.631873220205307007e-02,-8.817623257637023926e-01
4.765024781227111816e-01,3.999130800366401672e-02,-8.782631158828735352e-01
4.801696836948394775e-01,-2.718180045485496521e-02,-8.767543435096740723e-01
4.919530749320983887e-01,-4.949136823415756226e-02,-8.692138195037841797e-01
4.898382723331451416e-01,-2.054455690085887909e-02,-8.715713024139404297e-01
4.849675893783569336e-01,-5.183586105704307556e-02,-8.729945421218872070e-01
4.718488156795501709e-01,-5.385740846395492554e-02,-8.800330162048339844e-01
4.573799371719360352e-01,-4.546849802136421204e-02,-8.881082534790039062e-01
4.260364770889282227e-01,2.378816343843936920e-02,-9.043931365013122559e-01
4.070563316345214844e-01,1.239144131541252136e-01,-9.049587845802307129e-01
4.675834178924560547e-01,1.837656348943710327e-01,-8.646363615989685059e-01
7.904810309410095215e-01,9.954532235860824585e-02,-6.043430566787719727e-01
9.966911673545837402e-01,-8.101502060890197754e-02,6.579216104000806808e-03
9.746167659759521484e-01,-3.775828704237937927e-02,2.206729948520660400e-01
9.824602007865905762e-01,9.844523668289184570e-02,1.583683788776397705e-01
9.750712513923645020e-01,2.184882164001464844e-01,3.871682286262512207e-02
9.323726296424865723e-01,3.310770690441131592e-01,-1.451521217823028564e-01
8.572584390640258789e-01,4.117455482482910156e-01,-3.091498017311096191e-01
7.334910035133361816e-01,4.663511812686920166e-01,-4.944770038127899170e-01
5.923498868942260742e-01,4.928717911243438721e-01,-6.373374462127685547e-01
4.283165633678436279e-01,4.953337013721466064e-01,-7.557706832885742188e-01
2.727260589599609375e-01,4.899351596832275391e-01,-8.280000686645507812e-01
1.669897139072418213e-01,5.106810927391052246e-01,-8.433974981307983398e-01
2.492851316928863525e-01,6.244363188743591309e-01,-7.402270436286926270e-01
6.779624819755554199e-01,7.156695723533630371e-01,-1.678804755210876465e-01
7.390239238739013672e-01,6.361180543899536133e-01,2.218051105737686157e-01
6.666313409805297852e-01,7.082312703132629395e-01,2.324028015136718750e-01
5.770952105522155762e-01,8.069596886634826660e-01,1.256072819232940674e-01
4.762947261333465576e-01,8.787910342216491699e-01,-2.949034050107002258e-02
3.627813458442687988e-01,9.093816876411437988e-01,-2.035058289766311646e-01
2.421824485063552856e-01,8.948019742965698242e-01,-3.750695586204528809e-01
1.163833811879158020e-01,8.349913358688354492e-01,-5.378144383430480957e-01
-2.901413943618535995e-03,7.433728575706481934e-01,-6.688709855079650879e-01
-1.156074404716491699e-01,6.350330710411071777e-01,-7.637852430343627930e-01
-2.063074558973312378e-01,5.642063617706298828e-01,-7.994425892829895020e-01
-2.367819845676422119e-01,6.454452872276306152e-01,-7.261781692504882812e-01
-9.033066034317016602e-02,9.292827844619750977e-01,-3.581534326076507568e-01
2.880659326910972595e-02,9.987909197807312012e-01,3.983481228351593018e-02
-3.578883782029151917e-02,9.926249980926513672e-01,1.158222332596778870e-01
-1.526386439800262451e-01,9.873353242874145508e-01,4.324607923626899719e-02
-2.675693631172180176e-01,9.588492512702941895e-01,-9.494549036026000977e-02
-3.638702034950256348e-01,8.955129981040954590e-01,-2.562322616577148438e-01
-4.335218667984008789e-01,7.975239157676696777e-01,-4.195406138896942139e-01
-4.732032120227813721e-01,6.662193536758422852e-01,-5.763944387435913086e-01
-4.867557585239410400e-01,5.194320678710937500e-01,-7.023241519927978516e-01
-4.763468503952026367e-01,3.589484095573425293e-01,-8.026516437530517578e-01
-4.676678478717803955e-01,2.235323041677474976e-01,-8.551725745201110840e-01
-4.897569119930267334e-01,1.574423164129257202e-01,-8.575255274772644043e-01
-6.073222756385803223e-01,3.294652998447418213e-01,-7.229192256927490234e-01
-6.955411434173583984e-01,6.397799849510192871e-01,-3.269619643688201904e-01
-7.117875814437866211e-01,6.989406347274780273e-01,-6.957291811704635620e-02
-7.660714983940124512e-01,6.412249207496643066e-01,-4.432781413197517395e-02
-8.252646923065185547e-01,5.526420474052429199e-01,-1.162965372204780579e-01
-8.600292801856994629e-01,4.500569403171539307e-01,-2.404128164052963257e-01
-8.620681166648864746e-01,3.400802016258239746e-01,-3.757446706295013428e-01
-8.267198204994201660e-01,2.269364893436431885e-01,-5.148146748542785645e-01
-7.598583698272705078e-01,1.162515208125114441e-01,-6.396099925041198730e-01
-6.675888895988464355e-01,1.061272900551557541e-02,-7.444544434547424316e-01
-5.625801682472229004e-01,-8.902831375598907471e-02,-8.219352364540100098e-01
-4.690856337547302246e-01,-1.642308533191680908e-01,-8.677482008934020996e-01
-4.261872768402099609e-01,-1.904564946889877319e-01,-8.843589425086975098e-01
-4.283424317836761475e-01,-1.499543339014053345e-01,-8.910872340202331543e-01
-4.474533498287200928e-01,-1.093647405505180359e-01,-8.875950574874877930e-01
-4.621778130531311035e-01,-6.173204258084297180e-02,-8.846360445022583008e-01
-4.747953712940216064e-01,-4.449162632226943970e-02,-8.789709210395812988e-01
-4.769734144210815430e-01,-1.399802509695291519e-02,-8.788061738014221191e-01
-4.865007996559143066e-01,5.411955341696739197e-02,-8.720023632049560547e-01
-3.551849126815795898e-01,5.241883918642997742e-02,-9.333251714706420898e-01
-3.610417842864990234e-01,2.937159501016139984e-02,-9.320870041847229004e-01
-3.555218875408172607e-01,3.553402051329612732e-02,-9.339922070503234863e-01
-3.482623994350433350e-01,6.324468553066253662e-02,-9.352611303329467773e-01
-3.298484086990356445e-01,6.101459264755249023e-02,-9.420601129531860352e-01
-2.949661612510681152e-01,3.927547484636306763e-02,-9.547001719474792480e-01
-2.241976708173751831e-01,-4.643309488892555237e-02,-9.734368920326232910e-01
-1.445907056331634521e-01,-1.340552866458892822e-01,-9.803686738014221191e-01
-1.228288114070892334e-01,-2.023240178823471069e-01,-9.715853929519653320e-01
-2.543897032737731934e-01,-2.130791991949081421e-01,-9.433361887931823730e-01
-7.366315722465515137e-01,-8.211638033390045166e-02,-6.712903976440429688e-01
-9.825060367584228516e-01,4.103950224816799164e-03,-1.861854046583175659e-01
-9.917001724243164062e-01,-9.016007930040359497e-02,-9.166240692138671875e-02
-9.592747688293457031e-01,-2.100633531808853149e-01,-1.888524442911148071e-01
-8.934412598609924316e-01,-3.074787259101867676e-01,-3.274439573287963867e-01
-7.779611945152282715e-01,-3.742062151432037354e-01,-5.047236680984497070e-01
-6.480474472045898438e-01,-4.065309464931488037e-01,-6.440241932868957520e-01
-4.624925255775451660e-01,-3.992777168750762939e-01,-7.916299700736999512e-01
-3.059885203838348389e-01,-3.762520849704742432e-01,-8.745314478874206543e-01
-1.124728992581367493e-01,-3.235517144203186035e-01,-9.395020604133605957e-01
1.180858444422483444e-02,-3.022798895835876465e-01,-9.531460404396057129e-01
7.396090775728225708e-02,-3.266290724277496338e-01,-9.422543048858642578e-01
-2.686209082603454590e-01,-5.773087143898010254e-01,-7.710755467414855957e-01
-7.084115743637084961e-01,-6.928007602691650391e-01,-1.348336786031723022e-01
-6.811475753784179688e-01,-7.310014367103576660e-01,4.092457890510559082e-02
-5.761334300041198730e-01,-8.161649703979492188e-01,-4.410174489021301270e-02
-4.649032652378082275e-01,-8.684378266334533691e-01,-1.722813993692398071e-01
-3.368726968765258789e-01,-8.725752830505371094e-01,-3.537361919879913330e-01
-2.166694849729537964e-01,-8.346549272537231445e-01,-5.063649415969848633e-01
-8.863347023725509644e-02,-7.372406721115112305e-01,-6.697912812232971191e-01
2.040785737335681915e-02,-6.203327178955078125e-01,-7.840732336044311523e-01
1.245595589280128479e-01,-4.693464934825897217e-01,-8.741846680641174316e-01
2.060545682907104492e-01,-3.565552830696105957e-01,-9.112682938575744629e-01
2.621430754661560059e-01,-3.475645482540130615e-01,-9.002665877342224121e-01
1.981365382671356201e-01,-6.707984209060668945e-01,-7.146826982498168945e-01
3.279120102524757385e-02,-9.669368267059326172e-01,-2.528989911079406738e-01
5.430772900581359863e-02,-9.955638647079467773e-01,-7.683271169662475586e-02
1.620985120534896851e-01,-9.797459244728088379e-01,-1.175674274563789368e-01
2.702887058258056641e-01,-9.340909719467163086e-01,-2.332767695188522339e-01
3.567224740982055664e-01,-8.495064973831176758e-01,-3.886999785900115967e-01
4.117895662784576416e-01,-7.377101182937622070e-01,-5.349888801574707031e-01
4.323719143867492676e-01,-5.893103480339050293e-01,-6.824719309806823730e-01
4.254100322723388672e-01,-4.354477524757385254e-01,-7.933545708656311035e-01
3.893717229366302490e-01,-2.661636471748352051e-01,-8.817860484123229980e-01
3.525646030902862549e-01,-1.193123534321784973e-01,-9.281501770019531250e-01
3.341964781284332275e-01,-1.917792297899723053e-02,-9.423083066940307617e-01
4.129822850227355957e-01,-7.848019897937774658e-02,-9.073513746261596680e-01
6.026982665061950684e-01,-4.140670895576477051e-01,-6.821314692497253418e-01
7.006649374961853027e-01,-6.340534687042236328e-01,-3.271769583225250244e-01
7.556322813034057617e-01,-6.154682636260986328e-01,-2.240953147411346436e-01
8.048722743988037109e-01,-5.323578715324401855e-01,-2.622509598731994629e-01
8.274878263473510742e-01,-4.276202321052551270e-01,-3.638745844364166260e-01
8.141735792160034180e-01,-3.155724704265594482e-01,-4.873759448528289795e-01
7.657794952392578125e-01,-2.048151046037673950e-01,-6.096165180206298828e-01
6.816135048866271973e-01,-9.762417525053024292e-02,-7.251707315444946289e-01
5.811809897422790527e-01,1.933656050823628902e-03,-8.137720823287963867e-01
4.629843235015869141e-01,8.989390730857849121e-02,-8.817962408065795898e-01
3.724906444549560547e-01,1.559340655803680420e-01,-9.148417115211486816e-01
3.256543874740600586e-01,1.647665947675704956e-01,-9.310215711593627930e-01
3.227682709693908691e-01,1.297174245119094849e-01,-9.375467896461486816e-01
3.305806815624237061e-01,9.061431884765625000e-02,-9.394176602363586426e-01
3.401966392993927002e-01,4.977853596210479736e-02,-9.390358924865722656e-01
3.464488983154296875e-01,4.042119160294532776e-02,-9.371975660324096680e-01
3.495820462703704834e-01,-2.581920102238655090e-02,-9.365499019622802734e-01
3.601765334606170654e-01,-4.875621944665908813e-02,-9.316092133522033691e-01
3.585020005702972412e-01,-2.195801585912704468e-02,-9.332706332206726074e-01
3.526888191699981689e-01,-5.463625118136405945e-02,-9.341442584991455078e-01
3.407076895236968994e-01,-6.250803917646408081e-02,-9.380890130996704102e-01
3.154009878635406494e-01,-5.708670988678932190e-02,-9.472398161888122559e-01
2.647328078746795654e-01,-2.012164797633886337e-03,-9.643197059631347656e-01
1.804897040128707886e-01,9.329853951930999756e-02,-9.791418910026550293e-01
1.237497925758361816e-01,1.709299087524414062e-01,-9.774809479713439941e-01
1.555027514696121216e-01,2.199816852807998657e-01,-9.630300402641296387e-01
4.602768719196319580e-01,1.680847555398941040e-01,-8.717182278633117676e-01
9.210080504417419434e-01,8.384651504456996918e-03,-3.894533514976501465e-01
9.948168992996215820e-01,3.175734356045722961e-02,-9.659621119499206543e-02
9.791082739830017090e-01,1.528051495552062988e-01,-1.341551095247268677e-01
9.327916502952575684e-01,2.612126767635345459e-01,-2.483298480510711670e-01
8.380923271179199219e-01,3.458363711833953857e-01,-4.218986630439758301e-01
7.195968031883239746e-01,3.947056233882904053e-01,-5.713037252426147461e-01
5.552901625633239746e-01,4.065634012222290039e-01,-7.255060672760009766e-01
3.855881690979003906e-01,3.908964693546295166e-01,-8.357760906219482422e-01
2.081146389245986938e-01,3.502219617366790771e-01,-9.132540225982666016e-01
4.180914163589477539e-02,3.086811006069183350e-01,-9.502462744712829590e-01
-5.939470231533050537e-02,3.014264404773712158e-01,-9.516377449035644531e-01
1.105970144271850586e-02,4.152664542198181152e-01,-9.096325635910034180e-01
5.797799229621887207e-01,6.880806088447570801e-01,-4.363488554954528809e-01
7.156515121459960938e-01,6.984122991561889648e-01,7.948330603539943695e-03
6.309638023376464844e-01,7.757434844970703125e-01,1.033258903771638870e-02
5.218727588653564453e-01,8.469520807266235352e-01,-1.015916988253593445e-01
4.015135169029235840e-01,8.772962689399719238e-01,-2.629413902759552002e-01
2.768076062202453613e-01,8.592296242713928223e-01,-4.302349090576171875e-01
1.518832892179489136e-01,7.919444441795349121e-01,-5.914012789726257324e-01
3.268484026193618774e-02,6.817139387130737305e-01,-7.308884263038635254e-01
-7.435587048530578613e-02,5.457007884979248047e-01,-8.346747159957885742e-01
-1.675694733858108521e-01,4.061311483383178711e-01,-8.983194828033447266e-01
-2.403165996074676514e-01,3.265887200832366943e-01,-9.141048789024353027e-01
-2.551538646221160889e-01,4.611127972602844238e-01,-8.498655557632446289e-01
-1.019409447908401489e-01,8.723167181015014648e-01,-4.781962037086486816e-01
-2.239396423101425171e-02,9.922020435333251953e-01,-1.226118057966232300e-01
-1.057552546262741089e-01,9.908604621887207031e-01,-8.373329043388366699e-02
-2.176015377044677734e-01,9.615865945816040039e-01,-1.673344075679779053e-01
-3.174069821834564209e-01,8.957998156547546387e-01,-3.111195862293243408e-01
-3.882350921630859375e-01,7.978733181953430176e-01,-4.611633718013763428e-01
-4.262254834175109863e-01,6.663325428962707520e-01,-6.118273735046386719e-01
-4.323782920837402344e-01,5.131867527961730957e-01,-7.414096593856811523e-01
-4.099069237709045410e-01,3.515567183494567871e-01,-8.416556119918823242e-01
-3.697765469551086426e-01,1.879969984292984009e-01,-9.099024534225463867e-01
-3.380109071731567383e-01,5.999831855297088623e-02,-9.392277598381042480e-01
-3.555587232112884521e-01,1.698669604957103729e-02,-9.344996213912963867e-01
-5.047891736030578613e-01,2.209647297859191895e-01,-8.344833850860595703e-01
-6.669367551803588867e-01,5.669604539871215820e-01,-4.834781289100646973e-01
-7.275838255882263184e-01,6.401904821395874023e-01,-2.465317696332931519e-01
-7.824109196662902832e-01,5.770517587661743164e-01,-2.341890782117843628e-01
-8.206965327262878418e-01,4.824694693088531494e-01,-3.060726225376129150e-01
-8.247223496437072754e-01,3.709613084793090820e-01,-4.268733561038970947e-01
-7.954717278480529785e-01,2.607040703296661377e-01,-5.470448732376098633e-01
-7.260118722915649414e-01,1.496989727020263672e-01,-6.711907386779785156e-01
-6.344952583312988281e-01,4.747173190116882324e-02,-7.714675664901733398e-01
-5.216124057769775391e-01,-4.842292144894599915e-02,-8.518072962760925293e-01
-4.125611782073974609e-01,-1.266573667526245117e-01,-9.020816087722778320e-01
-3.430639207363128662e-01,-1.699052304029464722e-01,-9.238178133964538574e-01
-3.202797770500183105e-01,-1.477646082639694214e-01,-9.357278347015380859e-01
-3.270935416221618652e-01,-1.124464571475982666e-01,-9.382780194282531738e-01
-3.346376121044158936e-01,-6.589612364768981934e-02,-9.400401115417480469e-01
-3.448874056339263916e-01,-4.630144685506820679e-02,-9.375014305114746094e-01
-3.468126356601715088e-01,-1.439991127699613571e-02,-9.378238916397094727e-01
-3.551843762397766113e-01,5.241883546113967896e-02,-9.333254098892211914e-01
-2.386283129453659058e-01,5.044303834438323975e-02,-9.698000550270080566e-01
-2.456815093755722046e-01,2.962907776236534119e-02,-9.688977003097534180e-01
-2.403977066278457642e-01,3.770155459642410278e-02,-9.699420928955078125e-01
-2.354421466588973999e-01,6.772647798061370850e-02,-9.695257544517517090e-01
-2.178569883108139038e-01,7.256679981946945190e-02,-9.732792377471923828e-01
-1.765582114458084106e-01,6.049758195877075195e-02,-9.824292659759521484e-01
-9.566897898912429810e-02,-7.523049134761095047e-03,-9.953848123550415039e-01
1.378478854894638062e-02,-8.505574613809585571e-02,-9.962808489799499512e-01
1.047251671552658081e-01,-1.508063375949859619e-01,-9.830005168914794922e-01
1.424460262060165405e-01,-1.848851144313812256e-01,-9.723819494247436523e-01
2.332469262182712555e-02,-1.818563640117645264e-01,-9.830483794212341309e-01
-4.637868702411651611e-01,-9.328868985176086426e-02,-8.810215592384338379e-01
-8.595663905143737793e-01,-4.284862801432609558e-02,-5.092244148254394531e-01
-9.086048603057861328e-01,-1.278815269470214844e-01,-3.975972235202789307e-01
-8.521549701690673828e-01,-2.260899543762207031e-01,-4.719271063804626465e-01
-7.501322627067565918e-01,-2.939866185188293457e-01,-5.923457741737365723e-01
-5.964890718460083008e-01,-3.188474476337432861e-01,-7.365711927413940430e-01
-4.398742616176605225e-01,-3.128634095191955566e-01,-8.417999744415283203e-01
-2.411655783653259277e-01,-2.604248821735382080e-01,-9.348893165588378906e-01
-8.284813910722732544e-02,-2.056412249803543091e-01,-9.751142859458923340e-01
9.928176552057266235e-02,-1.206613928079605103e-01,-9.877164959907531738e-01
2.115331292152404785e-01,-7.538465410470962524e-02,-9.744592905044555664e-01
2.747877836227416992e-01,-7.214415818452835083e-02,-9.587945342063903809e-01
-4.031074792146682739e-02,-3.331740796566009521e-01,-9.420031905174255371e-01
-6.236411929130554199e-01,-6.704537868499755859e-01,-4.019494652748107910e-01
-6.243488788604736328e-01,-7.557730078697204590e-01,-1.974732577800750732e-01
-5.057954788208007812e-01,-8.141762614250183105e-01,-2.851105928421020508e-01
-3.831326365470886230e-01,-8.289980888366699219e-01,-4.073960781097412109e-01
-2.472880631685256958e-01,-7.768560051918029785e-01,-5.790884494781494141e-01
-1.309933960437774658e-01,-6.915804147720336914e-01,-7.103219628334045410e-01
-1.439363136887550354e-02,-5.388170480728149414e-01,-8.422997593879699707e-01
7.519076019525527954e-02,-3.833988010883331299e-01,-9.205170273780822754e-01
1.534018367528915405e-01,-1.979755610227584839e-01,-9.681288599967956543e-01
2.124233543872833252e-01,-7.440628856420516968e-02,-9.743408560752868652e-01
2.516823112964630127e-01,-7.347000390291213989e-02,-9.650171399116516113e-01
1.939581036567687988e-01,-4.892143905162811279e-01,-8.503232002258300781e-01
5.978222936391830444e-02,-9.080047607421875000e-01,-4.146726131439208984e-01
1.053337529301643372e-01,-9.584835171699523926e-01,-2.649795413017272949e-01
2.108317166566848755e-01,-9.232408404350280762e-01,-3.212107419967651367e-01
3.019568622112274170e-01,-8.475450277328491211e-01,-4.364510178565979004e-01
3.601500391960144043e-01,-7.292424440383911133e-01,-5.818052887916564941e-01
3.833286166191101074e-01,-5.925304293632507324e-01,-7.084962129592895508e-01
3.665677011013031006e-01,-4.222705066204071045e-01,-8.290450572967529297e-01
3.252225220203399658e-01,-2.621924877166748047e-01,-9.085623025894165039e-01
2.577707469463348389e-01,-8.898828178644180298e-02,-9.620994925498962402e-01
1.971784234046936035e-01,4.418856278061866760e-02,-9.793712496757507324e-01
1.706476956605911255e-01,1.290877312421798706e-01,-9.768397212028503418e-01
2.557929754257202148e-01,4.689999297261238098e-02,-9.655932784080505371e-01
5.000280141830444336e-01,-3.120740354061126709e-01,-8.078253269195556641e-01
6.666559576988220215e-01,-5.567079186439514160e-01,-4.956271648406982422e-01
7.377023696899414062e-01,-5.441447496414184570e-01,-3.996271193027496338e-01
7.736416459083557129e-01,-4.559625089168548584e-01,-4.399736523628234863e-01
7.706243395805358887e-01,-3.483079671859741211e-01,-5.336850881576538086e-01
7.255743741989135742e-01,-2.354170531034469604e-01,-6.466224193572998047e-01
6.495676636695861816e-01,-1.324769407510757446e-01,-7.486733198165893555e-01
5.406916737556457520e-01,-3.009551949799060822e-02,-8.406823873519897461e-01
4.277364909648895264e-01,5.301205441355705261e-02,-9.023476243019104004e-01
3.146204948425292969e-01,1.279829740524291992e-01,-9.405500292778015137e-01
2.521142065525054932e-01,1.503592431545257568e-01,-9.559448361396789551e-01
2.264825850725173950e-01,1.280762106180191040e-01,-9.655578732490539551e-01
2.265065461397171021e-01,9.195167571306228638e-02,-9.696596264839172363e-01
2.295417636632919312e-01,5.184511095285415649e-02,-9.719170331954956055e-01
2.330131679773330688e-01,4.144471883773803711e-02,-9.715900421142578125e-01
2.358381897211074829e-01,-2.529739029705524445e-02,-9.714629650115966797e-01
2.430568635463714600e-01,-4.695655032992362976e-02,-9.688748717308044434e-01
2.441274672746658325e-01,-2.396929822862148285e-02,-9.694468975067138672e-01
2.376780956983566284e-01,-5.701923742890357971e-02,-9.696690440177917480e-01
2.297006398439407349e-01,-7.052148878574371338e-02,-9.707029461860656738e-01
2.003487795591354370e-01,-7.245390862226486206e-02,-9.770418405532836914e-01
1.424599885940551758e-01,-3.174973279237747192e-02,-9.892912507057189941e-01
4.085474833846092224e-02,4.764180257916450500e-02,-9.980285763740539551e-01
-6.316441297531127930e-02,1.202802583575248718e-01,-9.907284975051879883e-01
-1.339998394250869751e-01,1.724527031183242798e-01,-9.758607149124145508e-01
-1.148443073034286499e-01,1.895141750574111938e-01,-9.751385450363159180e-01
1.712737530469894409e-01,1.503800898790359497e-01,-9.736791849136352539e-01
7.241917252540588379e-01,4.586841538548469543e-02,-6.880714297294616699e-01
9.066693186759948730e-01,7.685313373804092407e-02,-4.147823452949523926e-01
8.862078785896301270e-01,1.802496165037155151e-01,-4.267853200435638428e-01
8.093357682228088379e-01,2.644630372524261475e-01,-5.244377851486206055e-01
6.739669442176818848e-01,3.113906979560852051e-01,-6.699286103248596191e-01
5.240240097045898438e-01,3.208183646202087402e-01,-7.889705300331115723e-01
3.378720581531524658e-01,2.897757291793823242e-01,-8.954733610153198242e-01
1.628696620464324951e-01,2.349538356065750122e-01,-9.582641124725341797e-01
-1.171530969440937042e-02,1.635292321443557739e-01,-9.864689111709594727e-01
-1.619838029146194458e-01,9.253132343292236328e-02,-9.824455380439758301e-01
-2.578234970569610596e-01,6.253135204315185547e-02,-9.641664624214172363e-01
-2.041629850864410400e-01,1.463883966207504272e-01,-9.679297208786010742e-01
4.184395968914031982e-01,5.644500851631164551e-01,-7.115507721900939941e-01
6.566796302795410156e-01,7.156983613967895508e-01,-2.377977073192596436e-01
5.681355595588684082e-01,7.904278039932250977e-01,-2.290107905864715576e-01
4.453781843185424805e-01,8.279967904090881348e-01,-3.406751751899719238e-01
3.149069845676422119e-01,8.104250431060791016e-01,-4.940089583396911621e-01
1.877335160970687866e-01,7.395204901695251465e-01,-6.464252471923828125e-01
7.123199105262756348e-02,6.209095716476440430e-01,-7.806390523910522461e-01
-3.315179422497749329e-02,4.625564515590667725e-01,-8.859698772430419922e-01
-1.160629466176033020e-01,2.898969054222106934e-01,-9.499942660331726074e-01
-1.850284188985824585e-01,1.266833543777465820e-01,-9.745336174964904785e-01
-2.361287921667098999e-01,4.495223611593246460e-02,-9.706814289093017578e-01
-2.454613894224166870e-01,2.143799960613250732e-01,-9.454046487808227539e-01
-1.091515868902206421e-01,7.678265571594238281e-01,-6.312909722328186035e-01
-6.579793989658355713e-02,9.525671601295471191e-01,-2.971304059028625488e-01
-1.577374190092086792e-01,9.461951851844787598e-01,-2.825483977794647217e-01
-2.596125006675720215e-01,8.914380073547363281e-01,-3.714022040367126465e-01
-3.356734812259674072e-01,7.911024689674377441e-01,-5.113514065742492676e-01
-3.763920366764068604e-01,6.654114127159118652e-01,-6.446369290351867676e-01
-3.792421221733093262e-01,5.079129934310913086e-01,-7.734337449073791504e-01
-3.489414751529693604e-01,3.428865075111389160e-01,-8.721632361412048340e-01
-2.934737503528594971e-01,1.744657307863235474e-01,-9.399120807647705078e-01
-2.247601449489593506e-01,1.651959307491779327e-02,-9.742740988731384277e-01
-1.767114102840423584e-01,-9.616772830486297607e-02,-9.795534014701843262e-01
-1.921851485967636108e-01,-1.207565814256668091e-01,-9.739007949829101562e-01
-3.672016263008117676e-01,1.074331328272819519e-01,-9.239161014556884766e-01
-6.036814451217651367e-01,4.782347977161407471e-01,-6.378558874130249023e-01
-7.077089548110961914e-01,5.683270096778869629e-01,-4.197051525115966797e-01
-7.595022320747375488e-01,5.034977197647094727e-01,-4.118816554546356201e-01
-7.782707214355468750e-01,4.042220115661621094e-01,-4.805197417736053467e-01
-7.516204118728637695e-01,2.905310094356536865e-01,-5.921643376350402832e-01
-6.929327249526977539e-01,1.839390248060226440e-01,-6.971447467803955078e-01
-5.962810516357421875e-01,7.976458221673965454e-02,-7.988031506538391113e-01
-4.858987033367156982e-01,-1.319155748933553696e-02,-8.739156126976013184e-01
-3.672407567501068115e-01,-9.275491535663604736e-02,-9.254894852638244629e-01
-2.769873142242431641e-01,-1.486105769872665405e-01,-9.493117928504943848e-01
-2.355875968933105469e-01,-1.403601169586181641e-01,-9.616639018058776855e-01
-2.245098352432250977e-01,-1.136139705777168274e-01,-9.678260087966918945e-01
-2.285054624080657959e-01,-6.715984642505645752e-02,-9.712233543395996094e-01
-2.309705018997192383e-01,-4.864845797419548035e-02,-9.717437624931335449e-01
-2.345969676971435547e-01,-1.418535783886909485e-02,-9.719892144203186035e-01
-2.386292219161987305e-01,5.044350400567054749e-02,-9.697997570037841797e-01
-1.342752724885940552e-01,5.016080662608146667e-02,-9.896736741065979004e-01
-1.353004574775695801e-01,2.867954596877098083e-02,-9.903894066810607910e-01
-1.351134032011032104e-01,3.966023772954940796e-02,-9.900360703468322754e-01
-1.313939541578292847e-01,7.256367802619934082e-02,-9.886709451675415039e-01
-1.145712882280349731e-01,8.197087049484252930e-02,-9.900273680686950684e-01
-8.050972223281860352e-02,8.259560912847518921e-02,-9.933258295059204102e-01
7.754242047667503357e-03,2.556928806006908417e-02,-9.996429681777954102e-01
1.145011559128761292e-01,-3.832766413688659668e-02,-9.926835298538208008e-01
2.383160740137100220e-01,-9.443037956953048706e-02,-9.665858745574951172e-01
3.275963962078094482e-01,-1.200318783521652222e-01,-9.371621608734130859e-01
3.651227056980133057e-01,-1.307300776243209839e-01,-9.217348098754882812e-01
2.469245791435241699e-01,-1.112478449940681458e-01,-9.626278281211853027e-01
-2.247338891029357910e-01,-4.440983012318611145e-02,-9.734075665473937988e-01
-6.684298515319824219e-01,-4.448742419481277466e-02,-7.424434423446655273e-01
-7.428458333015441895e-01,-1.242375746369361877e-01,-6.578335762023925781e-01
-6.732599735260009766e-01,-1.949436664581298828e-01,-7.132446765899658203e-01
-5.511176586151123047e-01,-2.282867729663848877e-01,-8.025923371315002441e-01
-3.793081045150756836e-01,-2.148224264383316040e-01,-8.999870419502258301e-01
-2.213833034038543701e-01,-1.746556758880615234e-01,-9.594190120697021484e-01
-2.726551704108715057e-02,-8.936721086502075195e-02,-9.956255555152893066e-01
1.144136115908622742e-01,-1.067922916263341904e-02,-9.933758378028869629e-01
2.722598910331726074e-01,9.419859945774078369e-02,-9.576017856597900391e-01
3.636802732944488525e-01,1.549407243728637695e-01,-9.185478091239929199e-01
4.135880470275878906e-01,1.785983890295028687e-01,-8.927751779556274414e-01
1.637100726366043091e-01,-3.591023385524749756e-02,-9.858546853065490723e-01
-4.926236569881439209e-01,-5.527165532112121582e-01,-6.721802949905395508e-01
-5.397245287895202637e-01,-7.116832733154296875e-01,-4.496713280677795410e-01
-4.190530776977539062e-01,-7.432398200035095215e-01,-5.215257406234741211e-01
-2.944911122322082520e-01,-7.168526649475097656e-01,-6.319788098335266113e-01
-1.632076948881149292e-01,-6.100822091102600098e-01,-7.753470540046691895e-01
-6.137697398662567139e-02,-4.779089391231536865e-01,-8.762624859809875488e-01
3.286872059106826782e-02,-2.800080776214599609e-01,-9.594347476959228516e-01
9.280228614807128906e-02,-9.645258635282516479e-02,-9.910018444061279297e-01
1.424697339534759521e-01,1.027055382728576660e-01,-9.844561219215393066e-01
1.717273741960525513e-01,2.295926511287689209e-01,-9.580171704292297363e-01
1.999714821577072144e-01,2.385428100824356079e-01,-9.503203034400939941e-01
1.616813838481903076e-01,-2.276086658239364624e-01,-9.602361321449279785e-01
6.972580403089523315e-02,-8.003408312797546387e-01,-5.954769849777221680e-01
1.337316185235977173e-01,-8.805449008941650391e-01,-4.547049403190612793e-01
2.303867191076278687e-01,-8.259711265563964844e-01,-5.144839882850646973e-01
2.985214889049530029e-01,-7.244777679443359375e-01,-6.213026642799377441e-01
3.234314918518066406e-01,-5.779695510864257812e-01,-7.492284178733825684e-01
3.131389617919921875e-01,-4.256561100482940674e-01,-8.489763736724853516e-01
2.565020322799682617e-01,-2.432674020528793335e-01,-9.354290962219238281e-01
1.861612051725387573e-01,-8.383945375680923462e-02,-9.789356589317321777e-01
8.871391415596008301e-02,7.953118532896041870e-02,-9.928769469261169434e-01
1.459515839815139771e-02,1.976522207260131836e-01,-9.801635146141052246e-01
-2.506094798445701599e-02,2.644930183887481689e-01,-9.640618562698364258e-01
6.453137099742889404e-02,1.760987490415573120e-01,-9.822550415992736816e-01
3.574644923210144043e-01,-2.013500034809112549e-01,-9.119635224342346191e-01
5.920399427413940430e-01,-4.716827869415283203e-01,-6.534554958343505859e-01
6.813852787017822266e-01,-4.659323096275329590e-01,-5.644653439521789551e-01
7.036509513854980469e-01,-3.775316774845123291e-01,-6.019511222839355469e-01
6.776288151741027832e-01,-2.698197066783905029e-01,-6.841172575950622559e-01
6.027247905731201172e-01,-1.632863730192184448e-01,-7.810636162757873535e-01
5.082951188087463379e-01,-6.580127030611038208e-02,-8.586653470993041992e-01
3.807880282402038574e-01,2.260412648320198059e-02,-9.243860244750976562e-01
2.743709981441497803e-01,9.760474413633346558e-02,-9.566577076911926270e-01
1.825913786888122559e-01,1.357091665267944336e-01,-9.737778902053833008e-01
1.474993973970413208e-01,1.220619678497314453e-01,-9.815012812614440918e-01
1.301167011260986328e-01,9.225164353847503662e-02,-9.871976971626281738e-01
1.285415142774581909e-01,5.293615907430648804e-02,-9.902902841567993164e-01
1.297485381364822388e-01,4.129259288311004639e-02,-9.906867742538452148e-01
1.279236972332000732e-01,-2.326326444745063782e-02,-9.915111660957336426e-01
1.375873088836669922e-01,-4.723981767892837524e-02,-9.893624782562255859e-01
1.331504434347152710e-01,-2.311562933027744293e-02,-9.908262491226196289e-01
1.364053785800933838e-01,-6.153875589370727539e-02,-9.887398481369018555e-01
1.224651336669921875e-01,-7.588565349578857422e-02,-9.895674586296081543e-01
1.040182039141654968e-01,-8.851079642772674561e-02,-9.906290769577026367e-01
4.072484746575355530e-02,-5.883938446640968323e-02,-9.974364638328552246e-01
-5.861792340874671936e-02,7.316198199987411499e-03,-9.982537031173706055e-01
-1.770537495613098145e-01,6.862631440162658691e-02,-9.818056821823120117e-01
-2.889858186244964600e-01,1.110889166593551636e-01,-9.508661627769470215e-01
-3.553180694580078125e-01,1.263189613819122314e-01,-9.261709451675415039e-01
-3.384248912334442139e-01,1.278088241815567017e-01,-9.322732686996459961e-01
-5.791524425148963928e-02,7.988125085830688477e-02,-9.951205253601074219e-01
4.995380640029907227e-01,2.863179706037044525e-02,-8.658185601234436035e-01
7.370525598526000977e-01,8.139062672853469849e-02,-6.709166169166564941e-01
7.148963212966918945e-01,1.632540971040725708e-01,-6.799054741859436035e-01
6.216486096382141113e-01,2.177901864051818848e-01,-7.524097561836242676e-01
4.636968672275543213e-01,2.252743542194366455e-01,-8.568761348724365234e-01
3.048856258392333984e-01,2.004453390836715698e-01,-9.310566186904907227e-01
1.210465356707572937e-01,1.335076838731765747e-01,-9.836277365684509277e-01
-4.503893852233886719e-02,5.177721381187438965e-02,-9.976425766944885254e-01
-1.959535181522369385e-01,-4.249073565006256104e-02,-9.796921610832214355e-01
-3.254093229770660400e-01,-1.299808323383331299e-01,-9.365969300270080566e-01
-3.986606597900390625e-01,-1.762108802795410156e-01,-9.000108242034912109e-01
-3.622199296951293945e-01,-1.267482638359069824e-01,-9.234346747398376465e-01
2.157604247331619263e-01,3.277198672294616699e-01,-9.198082089424133301e-01
5.627205371856689453e-01,6.574130654335021973e-01,-5.011523365974426270e-01
4.830187261104583740e-01,7.374317646026611328e-01,-4.721093475818634033e-01
3.577575981616973877e-01,7.378156781196594238e-01,-5.723962187767028809e-01
2.265658825635910034e-01,6.712482571601867676e-01,-7.057574987411499023e-01
1.106869131326675415e-01,5.488426089286804199e-01,-8.285650610923767090e-01
1.078869309276342392e-02,3.831144571304321289e-01,-9.236378669738769531e-01
-6.506763398647308350e-02,1.881706118583679199e-01,-9.799785614013671875e-01
-1.201186925172805786e-01,-6.551417987793684006e-03,-9.927378892898559570e-01
-1.580476909875869751e-01,-1.751486361026763916e-01,-9.717736244201660156e-01
-1.869948655366897583e-01,-2.630578875541687012e-01,-9.464848041534423828e-01
-1.983434110879898071e-01,-9.299732744693756104e-02,-9.757106900215148926e-01
-9.857658296823501587e-02,5.962555408477783203e-01,-7.967194914817810059e-01
-8.907014876604080200e-02,8.709908127784729004e-01,-4.831577837467193604e-01
-1.840725243091583252e-01,8.604069948196411133e-01,-4.752023816108703613e-01
-2.694230675697326660e-01,7.821581363677978516e-01,-5.618183612823486328e-01
-3.157069683074951172e-01,6.527268886566162109e-01,-6.886775493621826172e-01
-3.239368796348571777e-01,5.055586695671081543e-01,-7.996720075607299805e-01
-2.883515357971191406e-01,3.339182436466217041e-01,-8.974140882492065430e-01
-2.240194976329803467e-01,1.627234369516372681e-01,-9.609038829803466797e-01
-1.384206414222717285e-01,6.293612386798486114e-05,-9.903735518455505371e-01
-4.742052033543586731e-02,-1.449718028306961060e-01,-9.882987737655639648e-01
1.237440668046474457e-02,-2.402798235416412354e-01,-9.706248044967651367e-01
5.332571454346179962e-03,-2.514215707778930664e-01,-9.678629636764526367e-01
-1.931496560573577881e-01,-1.672351174056529999e-02,-9.810267090797424316e-01
-4.992267489433288574e-01,3.827632069587707520e-01,-7.773448228836059570e-01
-6.484766602516174316e-01,4.884804189205169678e-01,-5.838364362716674805e-01
-6.981074810028076172e-01,4.254209399223327637e-01,-5.759018063545227051e-01
-6.981067061424255371e-01,3.252785503864288330e-01,-6.378407478332519531e-01
-6.430880427360534668e-01,2.146910130977630615e-01,-7.350820302963256836e-01
-5.600754618644714355e-01,1.144579276442527771e-01,-8.204966783523559570e-01
-4.448564648628234863e-01,1.915337517857551575e-02,-8.953970670700073242e-01
-3.253644406795501709e-01,-6.119252741336822510e-02,-9.436066150665283203e-01
-2.240556180477142334e-01,-1.250573992729187012e-01,-9.665193557739257812e-01
-1.584506630897521973e-01,-1.317226886749267578e-01,-9.785410165786743164e-01
-1.391240656375885010e-01,-1.101351231336593628e-01,-9.841314554214477539e-01
-1.258367300033569336e-01,-6.959281116724014282e-02,-9.896069765090942383e-01
-1.317988187074661255e-01,-4.775441810488700867e-02,-9.901255965232849121e-01
-1.260840296745300293e-01,-1.615940220654010773e-02,-9.918879270553588867e-01
-1.342758536338806152e-01,5.016099289059638977e-02,-9.896736145019531250e-01
-2.971407212316989899e-02,4.644743353128433228e-02,-9.984786510467529297e-01
-3.595995530486106873e-02,2.971924841403961182e-02,-9.989112019538879395e-01
-3.273247182369232178e-02,4.068346694111824036e-02,-9.986358284950256348e-01
-3.336788713932037354e-02,7.630402594804763794e-02,-9.965260624885559082e-01
-2.470260113477706909e-02,9.266091138124465942e-02,-9.953912496566772461e-01
1.164247281849384308e-02,1.000390201807022095e-01,-9.949153661727905273e-01
8.299162238836288452e-02,5.766862258315086365e-02,-9.948802590370178223e-01
2.030416280031204224e-01,1.964162365766242146e-04,-9.791700839996337891e-01
3.199261724948883057e-01,-4.209806397557258606e-02,-9.465066790580749512e-01
4.420192837715148926e-01,-5.976000428199768066e-02,-8.950126767158508301e-01
5.217114686965942383e-01,-6.113473698496818542e-02,-8.509287238121032715e-01
5.492689609527587891e-01,-4.910278320312500000e-02,-8.342017531394958496e-01
4.181368350982666016e-01,-1.536581199616193771e-02,-9.082541465759277344e-01
-3.534798324108123779e-02,2.952533401548862457e-02,-9.989387392997741699e-01
-4.575963914394378662e-01,-2.483536023646593094e-03,-8.891565203666687012e-01
-5.379120707511901855e-01,-7.856890559196472168e-02,-8.393315076828002930e-01
-4.625150859355926514e-01,-1.199532151222229004e-01,-8.784595131874084473e-01
-3.337985575199127197e-01,-1.227995157241821289e-01,-9.346115589141845703e-01
-1.643199622631072998e-01,-7.389789819717407227e-02,-9.836351871490478516e-01
-1.442114356905221939e-02,-7.335853762924671173e-03,-9.998691082000732422e-01
1.548867821693420410e-01,9.932323545217514038e-02,-9.829267263412475586e-01
2.757946848869323730e-01,1.954276412725448608e-01,-9.411404132843017578e-01
3.978407680988311768e-01,3.048309087753295898e-01,-8.653327226638793945e-01
4.661050736904144287e-01,3.767115473747253418e-01,-8.005213737487792969e-01
4.935176968574523926e-01,4.070308208465576172e-01,-7.686131596565246582e-01
2.962641417980194092e-01,2.545137703418731689e-01,-9.205706119537353516e-01
-3.286976516246795654e-01,-3.316737711429595947e-01,-8.842796087265014648e-01
-4.369154572486877441e-01,-5.794966220855712891e-01,-6.879597306251525879e-01
-3.261921107769012451e-01,-5.913426876068115234e-01,-7.375042438507080078e-01
-2.117372900247573853e-01,-5.268252491950988770e-01,-8.231782913208007812e-01
-9.825382381677627563e-02,-3.743072748184204102e-01,-9.220847487449645996e-01
-1.979749277234077454e-02,-2.075231969356536865e-01,-9.780297279357910156e-01
4.163383692502975464e-02,1.399200409650802612e-02,-9.990349411964416504e-01
7.145426422357559204e-02,2.007695734500885010e-01,-9.770291447639465332e-01
8.698839694261550903e-02,3.961073756217956543e-01,-9.140743613243103027e-01
9.461016207933425903e-02,5.104872584342956543e-01,-8.546646833419799805e-01
1.028170287609100342e-01,5.383245348930358887e-01,-8.364420533180236816e-01
8.641820400953292847e-02,1.184122934937477112e-01,-9.891968369483947754e-01
5.105557292699813843e-02,-6.315199732780456543e-01,-7.736768126487731934e-01
1.288235485553741455e-01,-7.607001662254333496e-01,-6.361916661262512207e-01
2.114931941032409668e-01,-6.901845932006835938e-01,-6.920375227928161621e-01
2.539484202861785889e-01,-5.725451707839965820e-01,-7.795526385307312012e-01
2.418611198663711548e-01,-4.028747677803039551e-01,-8.827203512191772461e-01
1.985941380262374878e-01,-2.484658211469650269e-01,-9.480638504028320312e-01
1.061612814664840698e-01,-6.024096533656120300e-02,-9.925224184989929199e-01
1.095142215490341187e-02,8.381569385528564453e-02,-9.964210987091064453e-01
-1.029210612177848816e-01,2.306423932313919067e-01,-9.675801992416381836e-01
-1.901882886886596680e-01,3.277817964553833008e-01,-9.254120588302612305e-01
-2.371910959482192993e-01,3.803447186946868896e-01,-8.939117193222045898e-01
-1.666210442781448364e-01,3.011882901191711426e-01,-9.388945698738098145e-01
1.638030856847763062e-01,-7.692388445138931274e-02,-9.834893345832824707e-01
4.788316190242767334e-01,-3.815611302852630615e-01,-7.906524538993835449e-01
5.868739485740661621e-01,-3.897841870784759521e-01,-7.096811532974243164e-01
5.977321863174438477e-01,-3.002863526344299316e-01,-7.433332204818725586e-01
5.515886545181274414e-01,-2.013514637947082520e-01,-8.094488382339477539e-01
4.547077417373657227e-01,-9.707038849592208862e-02,-8.853350281715393066e-01
3.478574752807617188e-01,-1.444557961076498032e-02,-9.374360442161560059e-01
2.192581743001937866e-01,7.076567411422729492e-02,-9.730972051620483398e-01
1.313586682081222534e-01,1.146443709731101990e-01,-9.846835136413574219e-01
6.752364337444305420e-02,1.158499270677566528e-01,-9.909689426422119141e-01
4.554220661520957947e-02,8.959604799747467041e-02,-9.949364066123962402e-01
3.374954313039779663e-02,5.327276885509490967e-02,-9.980095624923706055e-01
3.086736612021923065e-02,4.168684408068656921e-02,-9.986538290977478027e-01
3.156871348619461060e-02,-2.279142662882804871e-02,-9.992417097091674805e-01
3.184845298528671265e-02,-4.417546093463897705e-02,-9.985159635543823242e-01
3.634599968791007996e-02,-2.611208520829677582e-02,-9.989981055259704590e-01
3.099807165563106537e-02,-6.166248023509979248e-02,-9.976155757904052734e-01
3.349648043513298035e-02,-8.449740707874298096e-02,-9.958605170249938965e-01
8.316557854413986206e-03,-1.006092578172683716e-01,-9.948912262916564941e-01
-3.918229788541793823e-02,-8.470996469259262085e-02,-9.956349730491638184e-01
-1.417437195777893066e-01,-2.752773277461528778e-02,-9.895205497741699219e-01
-2.605931162834167480e-01,2.325172163546085358e-02,-9.651686549186706543e-01
-3.833678066730499268e-01,5.426582321524620056e-02,-9.220001697540283203e-01
-4.877949059009552002e-01,6.147047877311706543e-02,-8.707913160324096680e-01
-5.451194643974304199e-01,5.753764137625694275e-02,-8.363816142082214355e-01
-5.154635906219482422e-01,3.532595187425613403e-02,-8.561829924583435059e-01
-2.307978421449661255e-01,-9.874537587165832520e-03,-9.729516506195068359e-01
2.916125059127807617e-01,-2.608094736933708191e-02,-9.561808705329895020e-01
5.303237438201904297e-01,4.224032536149024963e-02,-8.467423319816589355e-01
5.083220005035400391e-01,1.041618362069129944e-01,-8.548444509506225586e-01
4.062646329402923584e-01,1.275759786367416382e-01,-9.048057198524475098e-01
2.475942522287368774e-01,1.025593206286430359e-01,-9.634202718734741211e-01
9.116896986961364746e-02,4.409809038043022156e-02,-9.948586225509643555e-01
-7.312869280576705933e-02,-4.345237463712692261e-02,-9.963754415512084961e-01
-2.183531969785690308e-01,-1.483442187309265137e-01,-9.645287990570068359e-01
-3.392657935619354248e-01,-2.499965578317642212e-01,-9.068629741668701172e-01
-4.384753406047821045e-01,-3.469870686531066895e-01,-8.290593028068542480e-01
-4.882693290710449219e-01,-3.993078768253326416e-01,-7.759808301925659180e-01
-4.495477676391601562e-01,-3.755297362804412842e-01,-8.104839920997619629e-01
2.409727871417999268e-02,2.301875688135623932e-02,-9.994446039199829102e-01
4.404733479022979736e-01,5.043171644210815430e-01,-7.427297830581665039e-01
3.874034583568572998e-01,6.003265976905822754e-01,-6.996617317199707031e-01
2.683831155300140381e-01,5.684192776679992676e-01,-7.777339816093444824e-01
1.526036709547042847e-01,4.575132727622985840e-01,-8.760100603103637695e-01
5.560905858874320984e-02,2.950440347194671631e-01,-9.538640975952148438e-01
-1.403011195361614227e-02,9.778428077697753906e-02,-9.951087236404418945e-01
-5.960916727781295776e-02,-1.082879975438117981e-01,-9.923307895660400391e-01
-8.055675774812698364e-02,-3.037296533584594727e-01,-9.493465423583984375e-01
-9.119377285242080688e-02,-4.615232646465301514e-01,-8.824285268783569336e-01
-9.845485538244247437e-02,-5.463274121284484863e-01,-8.317650556564331055e-01
-1.029767692089080811e-01,-4.260746538639068604e-01,-8.988081812858581543e-01
-5.540027469396591187e-02,3.347121775150299072e-01,-9.406905174255371094e-01
-8.222664147615432739e-02,7.423713207244873047e-01,-6.649237275123596191e-01
-1.742883473634719849e-01,7.344040274620056152e-01,-6.559528708457946777e-01
-2.390254884958267212e-01,6.386887431144714355e-01,-7.313984036445617676e-01
-2.534184455871582031e-01,4.884872138500213623e-01,-8.349606394767761230e-01
-2.250983566045761108e-01,3.275441825389862061e-01,-9.176304340362548828e-01
-1.564571261405944824e-01,1.540890932083129883e-01,-9.755910038948059082e-01
-5.866314843297004700e-02,-1.595033518970012665e-02,-9.981504082679748535e-01
4.461825266480445862e-02,-1.577539294958114624e-01,-9.864699244499206543e-01
1.523136496543884277e-01,-2.873716652393341064e-01,-9.456310272216796875e-01
2.198806554079055786e-01,-3.599309921264648438e-01,-9.066984653472900391e-01
2.267612218856811523e-01,-3.698511719703674316e-01,-9.009935855865478516e-01
3.365039080381393433e-02,-1.474027633666992188e-01,-9.885040521621704102e-01
-3.525328040122985840e-01,2.759550213813781738e-01,-8.941864967346191406e-01
-5.506730675697326660e-01,4.087339341640472412e-01,-7.278019785881042480e-01
-5.998299717903137207e-01,3.483651876449584961e-01,-7.203094959259033203e-01
-5.826712846755981445e-01,2.519114911556243896e-01,-7.726802229881286621e-01
-5.057092905044555664e-01,1.477622985839843750e-01,-8.499554991722106934e-01
-4.042456746101379395e-01,5.414558202028274536e-02,-9.130463600158691406e-01
-2.822977900505065918e-01,-2.847342379391193390e-02,-9.589040875434875488e-01
-1.701166033744812012e-01,-1.010906770825386047e-01,-9.802249670028686523e-01
-9.611359983682632446e-02,-1.174215599894523621e-01,-9.884200692176818848e-01
-5.163211002945899963e-02,-1.079057082533836365e-01,-9.928194880485534668e-01
-4.055811837315559387e-02,-6.708073616027832031e-02,-9.969229102134704590e-01
-2.969751693308353424e-02,-4.994726926088333130e-02,-9.983102083206176758e-01
-3.288755938410758972e-02,-1.464833226054906845e-02,-9.993517398834228516e-01
-2.971452474594116211e-02,4.644754156470298767e-02,-9.984786510467529297e-01
6.544306129217147827e-02,4.637752100825309753e-02,-9.967779517173767090e-01
6.687418371438980103e-02,2.837441675364971161e-02,-9.973578453063964844e-01
6.326448172330856323e-02,4.238067567348480225e-02,-9.970965385437011719e-01
5.950230360031127930e-02,8.008452504873275757e-02,-9.950104951858520508e-01
6.691528856754302979e-02,1.007282212376594543e-01,-9.926611781120300293e-01
8.673340827226638794e-02,1.187321767210960388e-01,-9.891309142112731934e-01
1.612379550933837891e-01,8.360530436038970947e-02,-9.833679199218750000e-01
2.609499394893646240e-01,3.816593065857887268e-02,-9.645975828170776367e-01
3.951709568500518799e-01,2.242133952677249908e-03,-9.186048507690429688e-01
5.102453231811523438e-01,-5.303780548274517059e-03,-8.600125908851623535e-01
6.182199716567993164e-01,1.841682358644902706e-03,-7.860029339790344238e-01
6.843891739845275879e-01,2.007410116493701935e-02,-7.288404703140258789e-01
6.933555603027343750e-01,4.665754362940788269e-02,-7.190835475921630859e-01
5.488923192024230957e-01,9.130849689245223999e-02,-8.308910131454467773e-01
1.102015227079391479e-01,1.227968409657478333e-01,-9.862943887710571289e-01
-2.558082044124603271e-01,6.728522479534149170e-02,-9.643831253051757812e-01
-3.267394602298736572e-01,6.600245367735624313e-03,-9.450913667678833008e-01
-2.485336959362030029e-01,-1.055578887462615967e-02,-9.685657620429992676e-01
-1.243174597620964050e-01,1.728696748614311218e-02,-9.920918941497802734e-01
2.855821512639522552e-02,8.871421217918395996e-02,-9.956476092338562012e-01
1.626288890838623047e-01,1.772579997777938843e-01,-9.706345200538635254e-01
2.946284115314483643e-01,2.899210155010223389e-01,-9.105711579322814941e-01
3.929103314876556396e-01,3.953450322151184082e-01,-8.302552700042724609e-01
4.736098945140838623e-01,4.986747503280639648e-01,-7.259594202041625977e-01
5.186687707901000977e-01,5.690408349037170410e-01,-6.381028294563293457e-01
5.230413079261779785e-01,6.009536385536193848e-01,-6.043861508369445801e-01
3.578678965568542480e-01,5.043221712112426758e-01,-7.858687639236450195e-01
-1.757238358259201050e-01,-3.127511218190193176e-02,-9.839425683021545410e-01
-3.275643587112426758e-01,-3.594380915164947510e-01,-8.737881779670715332e-01
-2.441227436065673828e-01,-3.674862980842590332e-01,-8.974173069000244141e-01
-1.484233438968658447e-01,-2.728060781955718994e-01,-9.505511522293090820e-01
-6.363900750875473022e-02,-9.389567375183105469e-02,-9.935460090637207031e-01
-1.626991480588912964e-02,8.811189979314804077e-02,-9.959776997566223145e-01
1.180185750126838684e-02,3.097953200340270996e-01,-9.507300257682800293e-01
9.934017434716224670e-03,4.779669344425201416e-01,-8.783216476440429688e-01
1.095699844881892204e-03,6.463547348976135254e-01,-7.630361914634704590e-01
-1.230063941329717636e-02,7.379267811775207520e-01,-6.747686266899108887e-01
-1.430003065615892410e-02,7.730889916419982910e-01,-6.341363787651062012e-01
-3.555442765355110168e-02,4.828427731990814209e-01,-8.749849796295166016e-01
-1.860901154577732086e-02,-3.837164640426635742e-01,-9.232634902000427246e-01
8.403240144252777100e-02,-6.012067794799804688e-01,-7.946628332138061523e-01
1.471121013164520264e-01,-5.229112505912780762e-01,-8.395962119102478027e-01
1.647295951843261719e-01,-3.977902531623840332e-01,-9.025669693946838379e-01
1.145398169755935669e-01,-2.192443013191223145e-01,-9.689233899116516113e-01
4.333649203181266785e-02,-6.622147560119628906e-02,-9.968634247779846191e-01
-7.442341744899749756e-02,1.037732958793640137e-01,-9.918126463890075684e-01
-1.868981420993804932e-01,2.345199286937713623e-01,-9.539756178855895996e-01
-3.064047396183013916e-01,3.491245806217193604e-01,-8.855665922164916992e-01
-4.008874297142028809e-01,4.291774630546569824e-01,-8.093799948692321777e-01
-4.494100213050842285e-01,4.626387655735015869e-01,-7.641962766647338867e-01
-4.078577458858489990e-01,4.048639833927154541e-01,-8.183747529983520508e-01
-9.557331353425979614e-02,6.298768520355224609e-02,-9.934275150299072266e-01
3.097150027751922607e-01,-2.889032959938049316e-01,-9.058760404586791992e-01
4.582028687000274658e-01,-3.155362904071807861e-01,-8.309554457664489746e-01
4.566745162010192871e-01,-2.354896664619445801e-01,-8.579003810882568359e-01
3.996635079383850098e-01,-1.389071494340896606e-01,-9.060760736465454102e-01
2.861873805522918701e-01,-4.806464910507202148e-02,-9.569674134254455566e-01
1.776774525642395020e-01,3.434064611792564392e-02,-9.834893941879272461e-01
6.371613591909408569e-02,9.393189847469329834e-02,-9.935376048088073730e-01
-2.234697341918945312e-03,1.033496260643005371e-01,-9.946426153182983398e-01
-4.170545563101768494e-02,8.665021508932113647e-02,-9.953654408454895020e-01
-5.855961143970489502e-02,5.264726653695106506e-02,-9.968946576118469238e-01
-6.284601986408233643e-02,4.060207307338714600e-02,-9.971970319747924805e-01
-6.975402683019638062e-02,-2.047237940132617950e-02,-9.973540902137756348e-01
-6.379228085279464722e-02,-4.459699988365173340e-02,-9.969662427902221680e-01
-6.806842982769012451e-02,-2.474256232380867004e-02,-9.973738193511962891e-01
-5.818082392215728760e-02,-6.583362817764282227e-02,-9.961330294609069824e-01
-6.446067988872528076e-02,-8.836840093135833740e-02,-9.939999580383300781e-01
-7.050909101963043213e-02,-1.149965971708297729e-01,-9.908603429794311523e-01
-1.195762753486633301e-01,-1.060490682721138000e-01,-9.871448874473571777e-01
-2.065120339393615723e-01,-6.020283699035644531e-02,-9.765901565551757812e-01
-3.272528052330017090e-01,-1.765405759215354919e-02,-9.447719454765319824e-01
-4.551028311252593994e-01,4.853288643062114716e-03,-8.904256224632263184e-01
-5.661693811416625977e-01,2.747828140854835510e-03,-8.242843747138977051e-01
-6.581187248229980469e-01,-9.495982900261878967e-03,-7.528542876243591309e-01
-6.982412338256835938e-01,-3.233826905488967896e-02,-7.151317596435546875e-01
-6.524083614349365234e-01,-6.580255180597305298e-02,-7.550055384635925293e-01
-3.596218228340148926e-01,-1.161450445652008057e-01,-9.258415102958679199e-01
1.135424748063087463e-01,-1.025861427187919617e-01,-9.882227778434753418e-01
3.198152780532836914e-01,-3.238253667950630188e-02,-9.469263553619384766e-01
2.970749437808990479e-01,7.512856740504503250e-03,-9.548246264457702637e-01
1.910220533609390259e-01,2.790156053379178047e-03,-9.815818071365356445e-01
4.819639399647712708e-02,-4.946834221482276917e-02,-9.976121783256530762e-01
-9.756498038768768311e-02,-1.305096745491027832e-01,-9.866347908973693848e-01
-2.300624251365661621e-01,-2.321061342954635620e-01,-9.450915455818176270e-01
-3.480306863784790039e-01,-3.437833786010742188e-01,-8.721740245819091797e-01
-4.356437623500823975e-01,-4.484880864620208740e-01,-7.804312109947204590e-01
-5.009989142417907715e-01,-5.388928055763244629e-01,-6.771961450576782227e-01
-5.285835266113281250e-01,-5.912035703659057617e-01,-6.091614961624145508e-01
-4.804622530937194824e-01,-5.843003392219543457e-01,-6.540253758430480957e-01
-1.052455082535743713e-01,-2.863914370536804199e-01,-9.523146748542785645e-01
3.108221292495727539e-01,2.564274966716766357e-01,-9.152237176895141602e-01
2.928787469863891602e-01,3.843859136104583740e-01,-8.754823803901672363e-01
1.960521787405014038e-01,3.308098316192626953e-01,-9.231081008911132812e-01
1.017332449555397034e-01,1.882285475730895996e-01,-9.768420457839965820e-01
3.721398115158081055e-02,6.280642468482255936e-03,-9.992876052856445312e-01
-1.741605112329125404e-03,-2.008826583623886108e-01,-9.796137213706970215e-01
-1.273100730031728745e-02,-3.965719044208526611e-01,-9.179154038429260254e-01
-6.530383136123418808e-03,-5.674417614936828613e-01,-8.233875632286071777e-01
6.277729291468858719e-03,-6.997486352920532227e-01,-7.143615484237670898e-01
1.435626763850450516e-02,-7.686051726341247559e-01,-6.395623087882995605e-01
1.901378110051155090e-02,-7.085825800895690918e-01,-7.053717374801635742e-01
4.678751900792121887e-02,-2.184715494513511658e-02,-9.986659288406372070e-01
-3.314201161265373230e-02,5.597398281097412109e-01,-8.280053734779357910e-01
-1.221693977713584900e-01,5.759955048561096191e-01,-8.082720637321472168e-01
-1.626340448856353760e-01,4.646261334419250488e-01,-8.704439401626586914e-01
-1.467437446117401123e-01,3.122061192989349365e-01,-9.386125802993774414e-01
-8.088368177413940430e-02,1.390116512775421143e-01,-9.869820475578308105e-01
9.818445891141891479e-03,-1.644977368414402008e-02,-9.998165369033813477e-01
1.341332197189331055e-01,-1.766442656517028809e-01,-9.750923514366149902e-01
2.440661638975143433e-01,-2.913353145122528076e-01,-9.249624013900756836e-01
3.610191047191619873e-01,-3.967851698398590088e-01,-8.439352512359619141e-01
4.299155771732330322e-01,-4.506483078002929688e-01,-7.823609113693237305e-01
4.488331377506256104e-01,-4.549117684364318848e-01,-7.691580653190612793e-01
2.967149317264556885e-01,-2.786946594715118408e-01,-9.133944511413574219e-01
-1.363502442836761475e-01,1.592845171689987183e-01,-9.777714610099792480e-01
-4.110127985477447510e-01,3.280732035636901855e-01,-8.505505919456481934e-01
-4.679159522056579590e-01,2.797714173793792725e-01,-8.383213281631469727e-01
-4.348353445529937744e-01,1.879013031721115112e-01,-8.806879520416259766e-01
-3.470180034637451172e-01,9.152346849441528320e-02,-9.333820343017578125e-01
-2.303895056247711182e-01,6.796611938625574112e-03,-9.730747342109680176e-01
-1.200239509344100952e-01,-7.068118453025817871e-02,-9.902516603469848633e-01
-2.270587533712387085e-02,-1.027432307600975037e-01,-9.944487214088439941e-01
2.206810377538204193e-02,-9.895857423543930054e-02,-9.948468804359436035e-01
5.515382811427116394e-02,-6.776368618011474609e-02,-9.961757659912109375e-01
5.856212973594665527e-02,-4.727776348590850830e-02,-9.971636533737182617e-01
6.905338913202285767e-02,-1.673039793968200684e-02,-9.974726438522338867e-01
6.544265896081924438e-02,4.637769237160682678e-02,-9.967780113220214844e-01
1.718264818191528320e-01,4.324921220541000366e-02,-9.841774106025695801e-01
1.706565022468566895e-01,2.870360389351844788e-02,-9.849123954772949219e-01
1.659394055604934692e-01,4.323076456785202026e-02,-9.851879477500915527e-01
1.602262407541275024e-01,8.299510180950164795e-02,-9.835849404335021973e-01
1.559302061796188354e-01,1.102923676371574402e-01,-9.815912246704101562e-01
1.736299991607666016e-01,1.348291486501693726e-01,-9.755376577377319336e-01
2.245897501707077026e-01,1.116894185543060303e-01,-9.680314660072326660e-01
3.288260996341705322e-01,7.255917787551879883e-02,-9.415988922119140625e-01
4.445217549800872803e-01,4.540153220295906067e-02,-8.946168422698974609e-01
5.707511305809020996e-01,4.234393686056137085e-02,-8.200306296348571777e-01
6.747797131538391113e-01,5.732474476099014282e-02,-7.357894778251647949e-01
7.609984278678894043e-01,8.198963850736618042e-02,-6.435518860816955566e-01
8.097065687179565430e-01,1.121777147054672241e-01,-5.760134458541870117e-01
8.020202517509460449e-01,1.484502255916595459e-01,-5.785551071166992188e-01
6.450597047805786133e-01,2.040809392929077148e-01,-7.363756299018859863e-01
2.280826717615127563e-01,2.219492942094802856e-01,-9.480067491531372070e-01
-8.086357265710830688e-02,1.619055420160293579e-01,-9.834875464439392090e-01
-1.303495168685913086e-01,1.165401116013526917e-01,-9.845950603485107422e-01
-5.639627575874328613e-02,1.252014189958572388e-01,-9.905272126197814941e-01
5.883577838540077209e-02,1.747884899377822876e-01,-9.828464984893798828e-01
1.848312020301818848e-01,2.603453993797302246e-01,-9.476590752601623535e-01
2.964443266391754150e-01,3.613086044788360596e-01,-8.840683102607727051e-01
3.924318552017211914e-01,4.721920490264892578e-01,-7.893237471580505371e-01
4.604763090610504150e-01,5.758314132690429688e-01,-6.755588650703430176e-01
5.069221854209899902e-01,6.628678441047668457e-01,-5.510318875312805176e-01
5.263029336929321289e-01,7.230706810951232910e-01,-4.474080801010131836e-01
5.122108459472656250e-01,7.511649131774902344e-01,-4.164028763771057129e-01
3.629557192325592041e-01,6.990445852279663086e-01,-6.161167621612548828e-01
-7.396449893712997437e-02,2.703340053558349609e-01,-9.599212408065795898e-01
-2.371710836887359619e-01,-7.549425959587097168e-02,-9.685300588607788086e-01
-1.841610521078109741e-01,-8.475497364997863770e-02,-9.792350530624389648e-01
-1.175450310111045837e-01,1.814866252243518829e-02,-9.929016828536987305e-01
-6.589993089437484741e-02,2.047316730022430420e-01,-9.765972495079040527e-01
-4.934321716427803040e-02,3.697316050529479980e-01,-9.278274178504943848e-01
-5.092121288180351257e-02,5.663612484931945801e-01,-8.225825428962707520e-01
-7.419774681329727173e-02,6.956700682640075684e-01,-7.145192623138427734e-01
-9.902707487344741821e-02,8.217691183090209961e-01,-5.611498355865478516e-01
-1.213354319334030151e-01,8.825094103813171387e-01,-4.543729126453399658e-01
-1.337912827730178833e-01,9.125683307647705078e-01,-3.864180147647857666e-01
-1.704024970531463623e-01,7.679971456527709961e-01,-6.173681616783142090e-01
-1.478270292282104492e-01,-6.036340817809104919e-02,-9.871693849563598633e-01
-1.152660790830850601e-02,-4.046809375286102295e-01,-9.143853187561035156e-01
3.998130932450294495e-02,-3.374545276165008545e-01,-9.404923915863037109e-01
2.814872935414314270e-02,-2.125310003757476807e-01,-9.767487645149230957e-01
-4.670357331633567810e-02,-4.053875058889389038e-02,-9.980858564376831055e-01
-1.451417654752731323e-01,1.008524000644683838e-01,-9.842574596405029297e-01
-2.707700729370117188e-01,2.433011084794998169e-01,-9.313904047012329102e-01
-3.962316513061523438e-01,3.525725603103637695e-01,-8.477576375007629395e-01
-5.079070925712585449e-01,4.330633878707885742e-01,-7.446385025978088379e-01
-5.976861715316772461e-01,4.899700880050659180e-01,-6.345869898796081543e-01
-6.434406638145446777e-01,5.079015493392944336e-01,-5.727303028106689453e-01
-6.314773559570312500e-01,4.695424437522888184e-01,-6.170625686645507812e-01
-3.992730379104614258e-01,2.004521340131759644e-01,-8.946506977081298828e-01
7.424080371856689453e-02,-1.847183853387832642e-01,-9.799833893775939941e-01
2.811307311058044434e-01,-2.531090676784515381e-01,-9.256896376609802246e-01
2.871482968330383301e-01,-1.774496436119079590e-01,-9.413061738014221191e-01
2.198373228311538696e-01,-9.478784352540969849e-02,-9.709206223487854004e-01
1.063437238335609436e-01,-2.577748382464051247e-03,-9.943261146545410156e-01
8.859530789777636528e-04,6.222527474164962769e-02,-9.980617761611938477e-01
-8.491905778646469116e-02,8.913469314575195312e-02,-9.923928976058959961e-01
-1.307857036590576172e-01,8.047886192798614502e-02,-9.881387948989868164e-01
-1.540920883417129517e-01,5.059384182095527649e-02,-9.867603182792663574e-01
-1.658759117126464844e-01,4.083164408802986145e-02,-9.853009581565856934e-01
-1.676532924175262451e-01,-2.065028436481952667e-02,-9.856297373771667480e-01
-1.733993887901306152e-01,-4.144533351063728333e-02,-9.839791059494018555e-01
-1.672417968511581421e-01,-2.700653858482837677e-02,-9.855459332466125488e-01
-1.644778549671173096e-01,-6.584286689758300781e-02,-9.841807484626770020e-01
-1.557103693485260010e-01,-9.554020315408706665e-02,-9.831715226173400879e-01
-1.623362898826599121e-01,-1.264791339635848999e-01,-9.785958528518676758e-01
-1.922104060649871826e-01,-1.288527101278305054e-01,-9.728577136993408203e-01
-2.726135551929473877e-01,-9.127092361450195312e-02,-9.577846527099609375e-01
-3.857154846191406250e-01,-5.682662501931190491e-02,-9.208660721778869629e-01
-5.079376101493835449e-01,-4.049308225512504578e-02,-8.604415059089660645e-01
-6.260942220687866211e-01,-4.860538616776466370e-02,-7.782310247421264648e-01
-7.204602956771850586e-01,-6.843855977058410645e-02,-6.901109218597412109e-01
-7.913183569908142090e-01,-9.687025099992752075e-02,-6.036815643310546875e-01
-8.154157400131225586e-01,-1.286050975322723389e-01,-5.644093751907348633e-01
-7.536934018135070801e-01,-1.741876453161239624e-01,-6.337231397628784180e-01
-4.579792618751525879e-01,-2.255444377660751343e-01,-8.598748445510864258e-01
-3.518559038639068604e-02,-1.953550577163696289e-01,-9.801012277603149414e-01
1.290205419063568115e-01,-1.334896385669708252e-01,-9.826160073280334473e-01
1.021083891391754150e-01,-1.141683980822563171e-01,-9.882001280784606934e-01
1.339547801762819290e-03,-1.458666771650314331e-01,-9.893034100532531738e-01
-1.220584139227867126e-01,-2.134106755256652832e-01,-9.693077802658081055e-01
-2.430582940578460693e-01,-3.103795945644378662e-01,-9.190142750740051270e-01
-3.468030393123626709e-01,-4.154236316680908203e-01,-8.409225940704345703e-01
-4.300339519977569580e-01,-5.265199542045593262e-01,-7.333809733390808105e-01
-4.864082932472229004e-01,-6.214519143104553223e-01,-6.141697168350219727e-01
-5.199724435806274414e-01,-6.971268653869628906e-01,-4.936019182205200195e-01
-5.259160995483398438e-01,-7.413392066955566406e-01,-4.169273376464843750e-01
-4.686095714569091797e-01,-7.460682392120361328e-01,-4.730615615844726562e-01
-1.604311168193817139e-01,-5.428107976913452148e-01,-8.243896961212158203e-01
2.065011560916900635e-01,-3.927712142467498779e-02,-9.776577353477478027e-01
2.182564884424209595e-01,1.029040589928627014e-01,-9.704508781433105469e-01
1.499729901552200317e-01,4.545446485280990601e-02,-9.876446723937988281e-01
8.769744634628295898e-02,-1.091939881443977356e-01,-9.901443123817443848e-01
5.458374693989753723e-02,-2.860049307346343994e-01,-9.566722512245178223e-01
4.738740622997283936e-02,-4.707608520984649658e-01,-8.809873461723327637e-01
6.094609573483467102e-02,-6.359953880310058594e-01,-7.692825198173522949e-01
8.716694265604019165e-02,-7.623639106750488281e-01,-6.412513256072998047e-01
1.106039807200431824e-01,-8.590738773345947266e-01,-4.997588992118835449e-01
1.288753300905227661e-01,-9.028584361076354980e-01,-4.101679623126983643e-01
1.441560834646224976e-01,-8.880882859230041504e-01,-4.364838600158691406e-01
1.914312392473220825e-01,-4.142805337905883789e-01,-8.897897005081176758e-01
7.343617081642150879e-02,3.234346508979797363e-01,-9.433965682983398438e-01
-2.617823332548141479e-02,3.917722105979919434e-01,-9.196897745132446289e-01
-3.941725939512252808e-02,2.764865756034851074e-01,-9.602090716361999512e-01
6.689383299089968204e-04,1.318091452121734619e-01,-9.912748932838439941e-01
9.655052423477172852e-02,-3.764094412326812744e-02,-9.946160912513732910e-01
2.023137360811233521e-01,-1.685141623020172119e-01,-9.647134542465209961e-01
3.379804790019989014e-01,-3.069548308849334717e-01,-8.896897435188293457e-01
4.514808952808380127e-01,-3.921859264373779297e-01,-8.014706373214721680e-01
5.589105486869812012e-01,-4.678747951984405518e-01,-6.846255660057067871e-01
6.250183582305908203e-01,-5.020803213119506836e-01,-5.977185368537902832e-01
6.495724320411682129e-01,-5.024680495262145996e-01,-5.705975294113159180e-01
5.627450942993164062e-01,-3.793780207633972168e-01,-7.344319224357604980e-01
1.498079150915145874e-01,2.505024522542953491e-02,-9.883977174758911133e-01
-2.134660780429840088e-01,2.503058016300201416e-01,-9.443406462669372559e-01
-2.994294762611389160e-01,2.216486483812332153e-01,-9.280160665512084961e-01
-2.591596245765686035e-01,1.348606944084167480e-01,-9.563727974891662598e-01
-1.671167463064193726e-01,5.036037415266036987e-02,-9.846500754356384277e-01
-4.963012039661407471e-02,-3.716443106532096863e-02,-9.980759620666503906e-01
4.431802779436111450e-02,-7.783607393503189087e-02,-9.959806203842163086e-01
1.140294596552848816e-01,-9.171129763126373291e-02,-9.892352223396301270e-01
1.424596607685089111e-01,-6.216114759445190430e-02,-9.878467321395874023e-01
1.630316227674484253e-01,-4.829541221261024475e-02,-9.854381084442138672e-01
1.656236499547958374e-01,-1.513869035989046097e-02,-9.860728383064270020e-01
1.718258410692214966e-01,4.324967041611671448e-02,-9.841775298118591309e-01
2.807254195213317871e-01,4.144673421978950500e-02,-9.588927626609802246e-01
2.816752791404724121e-01,2.814666181802749634e-02,-9.590969085693359375e-01
2.771450579166412354e-01,4.352073371410369873e-02,-9.598419070243835449e-01
2.624602019786834717e-01,8.668519556522369385e-02,-9.610413312911987305e-01
2.575602233409881592e-01,1.182062923908233643e-01,-9.590047001838684082e-01
2.553161084651947021e-01,1.530754119157791138e-01,-9.546630978584289551e-01
3.018816709518432617e-01,1.389877796173095703e-01,-9.431595206260681152e-01
3.836777210235595703e-01,1.100119799375534058e-01,-9.168907999992370605e-01
5.003728866577148438e-01,8.705081045627593994e-02,-8.614227771759033203e-01
6.144381165504455566e-01,8.849950134754180908e-02,-7.839857935905456543e-01
7.198697924613952637e-01,1.071125864982604980e-01,-6.857946515083312988e-01
8.061883449554443359e-01,1.368939727544784546e-01,-5.756044387817382812e-01
8.654586672782897949e-01,1.707066297531127930e-01,-4.709995090961456299e-01
8.958707451820373535e-01,2.056731283664703369e-01,-3.938453793525695801e-01
8.754529953002929688e-01,2.494217604398727417e-01,-4.139696359634399414e-01
7.161251306533813477e-01,3.161229193210601807e-01,-6.222789883613586426e-01
3.237845301628112793e-01,3.290028274059295654e-01,-8.870854973793029785e-01
6.896705925464630127e-02,2.714843750000000000e-01,-9.599686264991760254e-01
3.634103387594223022e-02,2.462034225463867188e-01,-9.685366153717041016e-01
1.032690331339836121e-01,2.720127403736114502e-01,-9.567363858222961426e-01
2.041240781545639038e-01,3.397589623928070068e-01,-9.180943369865417480e-01
2.998348772525787354e-01,4.294189512729644775e-01,-8.518794178962707520e-01
3.875965476036071777e-01,5.361921787261962891e-01,-7.498445510864257812e-01
4.462678432464599609e-01,6.359308362007141113e-01,-6.296324729919433594e-01
4.858965873718261719e-01,7.260761857032775879e-01,-4.865366220474243164e-01
5.019285082817077637e-01,7.909789085388183594e-01,-3.498858213424682617e-01
4.998801052570343018e-01,8.326065540313720703e-01,-2.385081052780151367e-01
4.707588255405426025e-01,8.549734950065612793e-01,-2.177301794290542603e-01
3.280345797538757324e-01,8.367404341697692871e-01,-4.384731948375701904e-01
-3.209890052676200867e-02,5.200431346893310547e-01,-8.535366058349609375e-01
-1.859053969383239746e-01,2.077590525150299072e-01,-9.603517651557922363e-01
-1.574974954128265381e-01,2.030062675476074219e-01,-9.664279222488403320e-01
-1.229036822915077209e-01,2.980870306491851807e-01,-9.465932846069335938e-01
-1.001952961087226868e-01,4.679675996303558350e-01,-8.780473470687866211e-01
-1.101540103554725647e-01,6.019950509071350098e-01,-7.908653616905212402e-01
-1.323246061801910400e-01,7.565176486968994141e-01,-6.404461264610290527e-01
-1.672325879335403442e-01,8.459944725036621094e-01,-5.062871575355529785e-01
-1.979008764028549194e-01,9.210622310638427734e-01,-3.353798091411590576e-01
-2.204968035221099854e-01,9.524884223937988281e-01,-2.101118266582489014e-01
-2.362360358238220215e-01,9.620380401611328125e-01,-1.366579681634902954e-01
-2.879612147808074951e-01,9.117847084999084473e-01,-2.927917242050170898e-01
-3.269361257553100586e-01,3.089404702186584473e-01,-8.931229114532470703e-01
-1.591913700103759766e-01,-1.757931411266326904e-01,-9.714704751968383789e-01
-1.152510121464729309e-01,-1.442797780036926270e-01,-9.828024506568908691e-01
-1.448306590318679810e-01,-2.773574925959110260e-02,-9.890676736831665039e-01
-2.376492321491241455e-01,1.172829344868659973e-01,-9.642446041107177734e-01
-3.508128821849822998e-01,2.452207356691360474e-01,-9.037682414054870605e-01
-4.732855558395385742e-01,3.465214371681213379e-01,-8.098911643028259277e-01
-5.950504541397094727e-01,4.306522309780120850e-01,-6.785673499107360840e-01
-6.862307190895080566e-01,4.739355146884918213e-01,-5.517902970314025879e-01
-7.584685683250427246e-01,5.061692595481872559e-01,-4.105094969272613525e-01
-7.936947345733642578e-01,5.093455910682678223e-01,-3.325893580913543701e-01
-8.028152585029602051e-01,4.850545525550842285e-01,-3.467125892639160156e-01
-7.003790140151977539e-01,3.134476840496063232e-01,-6.412642598152160645e-01
-2.495002299547195435e-01,-7.102619111537933350e-02,-9.657664299011230469e-01
4.589355736970901489e-02,-1.888106167316436768e-01,-9.809405207633972168e-01
7.611040771007537842e-02,-1.389510184526443481e-01,-9.873701333999633789e-01
1.237415429204702377e-02,-5.335059016942977905e-02,-9.984991550445556641e-01
-9.116826951503753662e-02,2.395974844694137573e-02,-9.955472350120544434e-01
-1.787346154451370239e-01,6.727275252342224121e-02,-9.815948009490966797e-01
-2.284165173768997192e-01,7.102368772029876709e-02,-9.709693789482116699e-01
-2.607820034027099609e-01,4.907711595296859741e-02,-9.641494154930114746e-01
-2.685529887676239014e-01,3.791124746203422546e-02,-9.625186324119567871e-01
-2.806306481361389160e-01,-1.769681833684444427e-02,-9.596526622772216797e-01
-2.799821496009826660e-01,-4.127770662307739258e-02,-9.591174125671386719e-01
-2.822957336902618408e-01,-2.591712214052677155e-02,-9.589772224426269531e-01
-2.683694064617156982e-01,-6.841392815113067627e-02,-9.608836174011230469e-01
-2.604715824127197266e-01,-1.001912429928779602e-01,-9.602687954902648926e-01
-2.531274557113647461e-01,-1.396847069263458252e-01,-9.572954773902893066e-01
-2.720095515251159668e-01,-1.513137966394424438e-01,-9.503235220909118652e-01
-3.391794562339782715e-01,-1.241962164640426636e-01,-9.324872493743896484e-01
-4.385778605937957764e-01,-9.669221192598342896e-02,-8.934764266014099121e-01
-5.600671768188476562e-01,-8.447149395942687988e-02,-8.241294026374816895e-01
-6.673645973205566406e-01,-9.641870111227035522e-02,-7.384632229804992676e-01
-7.671698927879333496e-01,-1.208557933568954468e-01,-6.299557089805603027e-01
-8.385177850723266602e-01,-1.537282168865203857e-01,-5.227385163307189941e-01
-8.853515982627868652e-01,-1.879547089338302612e-01,-4.252359569072723389e-01
-8.945497870445251465e-01,-2.251054048538208008e-01,-3.861452043056488037e-01
-8.243179917335510254e-01,-2.812106013298034668e-01,-4.913455247879028320e-01
-5.350607633590698242e-01,-3.373045921325683594e-01,-7.745551466941833496e-01
-1.593387424945831299e-01,-3.004095852375030518e-01,-9.404069781303405762e-01
-3.525387495756149292e-02,-2.526904046535491943e-01,-9.669046401977539062e-01
-6.099510565400123596e-02,-2.524595856666564941e-01,-9.656830430030822754e-01
-1.541061550378799438e-01,-3.026818037033081055e-01,-9.405503869056701660e-01
-2.516305446624755859e-01,-3.814237415790557861e-01,-8.894931674003601074e-01
-3.471261262893676758e-01,-4.827319085597991943e-01,-8.040356636047363281e-01
-4.196001589298248291e-01,-5.868611335754394531e-01,-6.924808621406555176e-01
-4.689239263534545898e-01,-6.833763718605041504e-01,-5.595596432685852051e-01
-4.965361356735229492e-01,-7.617948651313781738e-01,-4.160775244235992432e-01
-5.029885768890380859e-01,-8.145570755004882812e-01,-2.889622151851654053e-01
-4.911430478096008301e-01,-8.455564975738525391e-01,-2.093145549297332764e-01
-4.246493279933929443e-01,-8.589853048324584961e-01,-2.860368192195892334e-01
-1.596737056970596313e-01,-7.311214804649353027e-01,-6.632990837097167969e-01
1.506931036710739136e-01,-3.170388638973236084e-01,-9.363642334938049316e-01
1.775100678205490112e-01,-1.827383935451507568e-01,-9.670040011405944824e-01
1.393605768680572510e-01,-2.409057468175888062e-01,-9.604910016059875488e-01
1.080302074551582336e-01,-3.805299699306488037e-01,-9.184368848800659180e-01
1.022802963852882385e-01,-5.378892421722412109e-01,-8.367878198623657227e-01
1.198944672942161560e-01,-6.797117590904235840e-01,-7.236140370368957520e-01
1.487562805414199829e-01,-8.094188570976257324e-01,-5.680780410766601562e-01
1.841557770967483521e-01,-8.845885396003723145e-01,-4.284738302230834961e-01
2.096896916627883911e-01,-9.427725672721862793e-01,-2.592491209506988525e-01
2.290785759687423706e-01,-9.586180448532104492e-01,-1.690402925014495850e-01
2.507502734661102295e-01,-9.553636312484741211e-01,-1.562196910381317139e-01
3.424312174320220947e-01,-7.258482575416564941e-01,-5.965611934661865234e-01
2.356803566217422485e-01,3.594293817877769470e-02,-9.711657166481018066e-01
1.209608837962150574e-01,1.906319409608840942e-01,-9.741806983947753906e-01
1.258070468902587891e-01,8.377511799335479736e-02,-9.885112047195434570e-01
1.811730861663818359e-01,-3.729657083749771118e-02,-9.827437400817871094e-01
2.979829609394073486e-01,-1.914125084877014160e-01,-9.351831078529357910e-01
4.063513278961181641e-01,-2.925999760627746582e-01,-8.656002879142761230e-01
5.403042435646057129e-01,-3.968120515346527100e-01,-7.420320510864257812e-01
6.412116289138793945e-01,-4.528678655624389648e-01,-6.194823384284973145e-01
7.273932695388793945e-01,-4.937934875488281250e-01,-4.765155613422393799e-01
7.794840335845947266e-01,-5.101330280303955078e-01,-3.635504543781280518e-01
8.023522496223449707e-01,-5.039041042327880859e-01,-3.198616206645965576e-01
7.824984788894653320e-01,-4.328511059284210205e-01,-4.475890994071960449e-01
5.027633309364318848e-01,-1.155956983566284180e-01,-8.566601872444152832e-01
5.879779905080795288e-02,1.670608967542648315e-01,-9.841918349266052246e-01
-8.311241865158081055e-02,1.722799390554428101e-01,-9.815355539321899414e-01
-4.850954934954643250e-02,9.767699241638183594e-02,-9.940351843833923340e-01
3.465346992015838623e-02,1.124504767358303070e-02,-9.993361830711364746e-01
1.427641510963439941e-01,-5.015605688095092773e-02,-9.884850978851318359e-01
2.043790072202682495e-01,-7.472473382949829102e-02,-9.760355949401855469e-01
2.492764145135879517e-01,-5.939037725329399109e-02,-9.666095972061157227e-01
2.645630836486816406e-01,-4.486066102981567383e-02,-9.633243680000305176e-01
2.755773067474365234e-01,-1.573735289275646210e-02,-9.611501097679138184e-01
2.807250022888183594e-01,4.144724458456039429e-02,-9.588928818702697754e-01
4.062761962413787842e-01,3.942484036087989807e-02,-9.128994345664978027e-01
4.119355380535125732e-01,2.662566863000392914e-02,-9.108239412307739258e-01
4.006152749061584473e-01,4.477575048804283142e-02,-9.151515960693359375e-01
3.881991505622863770e-01,8.817959576845169067e-02,-9.173470735549926758e-01
3.683697283267974854e-01,1.282886266708374023e-01,-9.207854270935058594e-01
3.597646355628967285e-01,1.714090406894683838e-01,-9.171631932258605957e-01
3.822650909423828125e-01,1.709524095058441162e-01,-9.081016778945922852e-01
4.513253569602966309e-01,1.506087481975555420e-01,-8.795580863952636719e-01
5.515337586402893066e-01,1.315481066703796387e-01,-8.237145543098449707e-01
6.550630927085876465e-01,1.347730457782745361e-01,-7.434571981430053711e-01
7.568038105964660645e-01,1.550426781177520752e-01,-6.349880099296569824e-01
8.352394104003906250e-01,1.871204078197479248e-01,-5.170697569847106934e-01
8.962252140045166016e-01,2.233144789934158325e-01,-3.832896947860717773e-01
9.289604425430297852e-01,2.581683695316314697e-01,-2.652954459190368652e-01
9.388685226440429688e-01,2.895121574401855469e-01,-1.863026469945907593e-01
9.133223891258239746e-01,3.390132188796997070e-01,-2.256375402212142944e-01
7.630602121353149414e-01,4.256697595119476318e-01,-4.863583445549011230e-01
4.060238897800445557e-01,4.426548779010772705e-01,-7.995005249977111816e-01
1.896582841873168945e-01,3.933060765266418457e-01,-8.996332883834838867e-01
1.721866726875305176e-01,3.871883153915405273e-01,-9.057797193527221680e-01
2.267720252275466919e-01,4.248380064964294434e-01,-8.764057755470275879e-01
3.091542422771453857e-01,5.029104351997375488e-01,-8.071584105491638184e-01
3.765540719032287598e-01,5.909759402275085449e-01,-7.134104371070861816e-01
4.339580237865447998e-01,6.898522973060607910e-01,-5.794689655303955078e-01
4.621139168739318848e-01,7.720705866813659668e-01,-4.363000392913818359e-01
4.730601012706756592e-01,8.366664052009582520e-01,-2.760496735572814941e-01
4.664603173732757568e-01,8.749217987060546875e-01,-1.301026493310928345e-01
4.499545693397521973e-01,8.927031159400939941e-01,-2.494070865213871002e-02
4.108316004276275635e-01,9.115515351295471191e-01,-1.706350222229957581e-02
2.657867670059204102e-01,9.266350269317626953e-01,-2.659038007259368896e-01
-3.993538022041320801e-02,7.029427289962768555e-01,-7.101244330406188965e-01
-1.732865720987319946e-01,4.549005627632141113e-01,-8.735200166702270508e-01
-1.680620908737182617e-01,4.539558589458465576e-01,-8.750309944152832031e-01
-1.562795192003250122e-01,5.359334349632263184e-01,-8.296698331832885742e-01
-1.609846055507659912e-01,6.726477742195129395e-01,-7.222388982772827148e-01
-1.865990906953811646e-01,7.776098847389221191e-01,-6.004195213317871094e-01
-2.200823575258255005e-01,8.752002716064453125e-01,-4.307995140552520752e-01
-2.570013105869293213e-01,9.277698397636413574e-01,-2.705429792404174805e-01
-2.836452424526214600e-01,9.531748294830322266e-01,-1.048958897590637207e-01
-2.979888021945953369e-01,9.539864063262939453e-01,3.335776552557945251e-02
-3.102397024631500244e-01,9.452897906303405762e-01,1.008890569210052490e-01
-3.683735728263854980e-01,9.295873045921325684e-01,1.297602802515029907e-02
-5.093826651573181152e-01,6.210109591484069824e-01,-5.957135558128356934e-01
-3.590309619903564453e-01,7.560925185680389404e-02,-9.302580356597900391e-01
-3.009996712207794189e-01,4.025205597281455994e-02,-9.527744054794311523e-01
-3.505674004554748535e-01,1.407152861356735229e-01,-9.259059429168701172e-01
-4.370034635066986084e-01,2.454724907875061035e-01,-8.653156757354736328e-01
-5.574210286140441895e-01,3.493482470512390137e-01,-7.531517744064331055e-01
-6.608340144157409668e-01,4.097502231597900391e-01,-6.288108825683593750e-01
-7.612624168395996094e-01,4.598650634288787842e-01,-4.571692347526550293e-01
-8.258979320526123047e-01,4.726108312606811523e-01,-3.074600100517272949e-01
-8.655686378479003906e-01,4.775380492210388184e-01,-1.508254408836364746e-01
-8.804689049720764160e-01,4.709640741348266602e-01,-5.447299405932426453e-02
-8.907282352447509766e-01,4.521684944629669189e-01,-4.633444175124168396e-02
-8.936941623687744141e-01,3.641569912433624268e-01,-2.621075510978698730e-01
-6.455205082893371582e-01,6.353435665369033813e-02,-7.610956430435180664e-01
-2.785817980766296387e-01,-1.237310096621513367e-01,-9.524089097976684570e-01
-1.878072917461395264e-01,-9.812937676906585693e-02,-9.772917628288269043e-01
-2.353448718786239624e-01,-2.399689145386219025e-02,-9.716156721115112305e-01
-3.019626140594482422e-01,3.739233687520027161e-02,-9.525861740112304688e-01
-3.531454801559448242e-01,6.083257496356964111e-02,-9.335885643959045410e-01
-3.789026737213134766e-01,4.297733679413795471e-02,-9.244380593299865723e-01
-3.957484066486358643e-01,3.790932893753051758e-02,-9.175761938095092773e-01
-4.017099440097808838e-01,-1.815450377762317657e-02,-9.155870079994201660e-01
-4.112176597118377686e-01,-3.772285580635070801e-02,-9.107562899589538574e-01
-4.072773158550262451e-01,-2.703110501170158386e-02,-9.129044413566589355e-01
-3.946352899074554443e-01,-6.861177831888198853e-02,-9.162725806236267090e-01
-3.790465593338012695e-01,-1.058537438511848450e-01,-9.193033576011657715e-01
-3.606911301612854004e-01,-1.534367948770523071e-01,-9.199777245521545410e-01
-3.665965199470520020e-01,-1.762262135744094849e-01,-9.135378599166870117e-01
-4.100505411624908447e-01,-1.615404486656188965e-01,-8.976431488990783691e-01
-5.008933544158935547e-01,-1.394553035497665405e-01,-8.542003035545349121e-01
-6.020670533180236816e-01,-1.300814300775527954e-01,-7.877779603004455566e-01
-7.085533738136291504e-01,-1.433905512094497681e-01,-6.909350156784057617e-01
-7.981318235397338867e-01,-1.698841899633407593e-01,-5.780353546142578125e-01
-8.688362240791320801e-01,-2.051938921213150024e-01,-4.505763053894042969e-01
-9.158579707145690918e-01,-2.412502616643905640e-01,-3.209398984909057617e-01
-9.368069171905517578e-01,-2.736440896987915039e-01,-2.179717868566513062e-01
-9.329220056533813477e-01,-3.097666800022125244e-01,-1.835788041353225708e-01
-8.653884530067443848e-01,-3.800106048583984375e-01,-3.266417086124420166e-01
-5.944313406944274902e-01,-4.519641697406768799e-01,-6.651163101196289062e-01
-2.644961774349212646e-01,-4.152383804321289062e-01,-8.704130649566650391e-01
-1.661143302917480469e-01,-3.845919370651245117e-01,-9.080170989036560059e-01
-1.938878446817398071e-01,-3.999645113945007324e-01,-8.957878947257995605e-01
-2.677397429943084717e-01,-4.611184298992156982e-01,-8.459818363189697266e-01
-3.448885679244995117e-01,-5.456665754318237305e-01,-7.637407779693603516e-01
-4.072798192501068115e-01,-6.405228376388549805e-01,-6.510404348373413086e-01
-4.518309533596038818e-01,-7.336675524711608887e-01,-5.075240731239318848e-01
-4.690200984477996826e-01,-8.068969845771789551e-01,-3.590785264968872070e-01
-4.720813035964965820e-01,-8.591611981391906738e-01,-1.974367648363113403e-01
-4.588578939437866211e-01,-8.855570554733276367e-01,-7.237403839826583862e-02
-4.363299608230590820e-01,-8.997867703437805176e-01,1.627532619750127196e-04
-3.607783317565917969e-01,-9.273619651794433594e-01,-9.919054806232452393e-02
-1.163472682237625122e-01,-8.579702377319335938e-01,-5.003503561019897461e-01
1.372964084148406982e-01,-5.450047254562377930e-01,-8.271152377128601074e-01
1.761507838964462280e-01,-4.341951906681060791e-01,-8.834282159805297852e-01
1.603758484125137329e-01,-4.888079464435577393e-01,-8.575234413146972656e-01
1.561370790004730225e-01,-6.010984182357788086e-01,-7.837741374969482422e-01
1.716604977846145630e-01,-7.310153245925903320e-01,-6.604159474372863770e-01
2.031419426202774048e-01,-8.266205191612243652e-01,-5.248160362243652344e-01
2.381179928779602051e-01,-9.088631272315979004e-01,-3.424436151981353760e-01
2.731576859951019287e-01,-9.420128464698791504e-01,-1.949273347854614258e-01
2.906590104103088379e-01,-9.565599560737609863e-01,-2.259152010083198547e-02
3.047029972076416016e-01,-9.497467279434204102e-01,7.167410105466842651e-02
3.246682286262512207e-01,-9.407146573066711426e-01,9.821590781211853027e-02
4.520194232463836670e-01,-8.637433052062988281e-01,-2.227690368890762329e-01
4.486843645572662354e-01,-2.777319252490997314e-01,-8.494393825531005859e-01
3.080034554004669189e-01,-1.724573411047458649e-02,-9.512289166450500488e-01
3.218636810779571533e-01,-9.229405969381332397e-02,-9.422767758369445801e-01
3.857674300670623779e-01,-1.876879334449768066e-01,-9.033032655715942383e-01
4.994899630546569824e-01,-3.052217662334442139e-01,-8.107708692550659180e-01
6.082689166069030762e-01,-3.797723352909088135e-01,-6.969805359840393066e-01
7.149726152420043945e-01,-4.396613538265228271e-01,-5.436103343963623047e-01
7.968798279762268066e-01,-4.686461687088012695e-01,-3.812523484230041504e-01
8.495374917984008789e-01,-4.759456217288970947e-01,-2.275121361017227173e-01
8.746958374977111816e-01,-4.758600890636444092e-01,-9.200225770473480225e-02
8.853096365928649902e-01,-4.635796546936035156e-01,-3.634116053581237793e-02
8.975723981857299805e-01,-4.269347190856933594e-01,-1.099565476179122925e-01
8.267327547073364258e-01,-2.354506552219390869e-01,-5.109559297561645508e-01
4.296170771121978760e-01,6.669923663139343262e-02,-9.005445241928100586e-01
2.047061324119567871e-01,1.265598982572555542e-01,-9.706070423126220703e-01
2.047702372074127197e-01,5.946674942970275879e-02,-9.770020246505737305e-01
2.687717974185943604e-01,-7.643688470125198364e-03,-9.631735086441040039e-01
3.314214646816253662e-01,-5.800683796405792236e-02,-9.416979551315307617e-01
3.676311671733856201e-01,-5.078053474426269531e-02,-9.285842180252075195e-01
3.888156116008758545e-01,-4.285624250769615173e-02,-9.203183054924011230e-01
3.991253972053527832e-01,-1.517617981880903244e-02,-9.167706966400146484e-01
4.062776267528533936e-01,3.942440822720527649e-02,-9.128987789154052734e-01
5.838530659675598145e-01,3.482569381594657898e-02,-8.111119866371154785e-01
5.889140963554382324e-01,2.661450020968914032e-02,-8.077573180198669434e-01
5.790783762931823730e-01,4.341685026884078979e-02,-8.141149282455444336e-01
5.570878982543945312e-01,9.138430655002593994e-02,-8.254101276397705078e-01
5.293424129486083984e-01,1.378117054700851440e-01,-8.371406197547912598e-01
4.964193701744079590e-01,1.937667727470397949e-01,-8.461809754371643066e-01
4.921573996543884277e-01,2.080954909324645996e-01,-8.452676534652709961e-01
5.326855778694152832e-01,1.984055787324905396e-01,-8.227279186248779297e-01
6.083194613456726074e-01,1.822014600038528442e-01,-7.724959850311279297e-01
6.990154385566711426e-01,1.846203804016113281e-01,-6.908637881278991699e-01
7.845312952995300293e-01,2.045190930366516113e-01,-5.853908658027648926e-01
8.603051304817199707e-01,2.355892658233642578e-01,-4.520759284496307373e-01
9.105687141418457031e-01,2.727920711040496826e-01,-3.105625808238983154e-01
9.389020800590515137e-01,3.057633936405181885e-01,-1.580243408679962158e-01
9.435455799102783203e-01,3.301183581352233887e-01,-2.726861275732517242e-02
9.336229562759399414e-01,3.540298044681549072e-01,5.487382039427757263e-02
9.141456484794616699e-01,4.053788483142852783e-01,-2.396388677880167961e-03
7.874408960342407227e-01,5.245781540870666504e-01,-3.236580193042755127e-01
4.665741622447967529e-01,5.612615346908569336e-01,-6.835891008377075195e-01
2.847178578376770020e-01,5.236548781394958496e-01,-8.029454350471496582e-01
2.710305452346801758e-01,5.295864343643188477e-01,-8.037914037704467773e-01
3.135056495666503906e-01,5.768622159957885742e-01,-7.542838454246520996e-01
3.729791939258575439e-01,6.535438299179077148e-01,-6.586099267005920410e-01
4.141951203346252441e-01,7.352594137191772461e-01,-5.365035533905029297e-01
4.406106173992156982e-01,8.124036192893981934e-01,-3.819195628166198730e-01
4.427549242973327637e-01,8.692244887351989746e-01,-2.200384438037872314e-01
4.304867684841156006e-01,9.009399414062500000e-01,-5.466574057936668396e-02
4.106516540050506592e-01,9.070336222648620605e-01,9.303282201290130615e-02
3.849849998950958252e-01,9.036031365394592285e-01,1.878512352705001831e-01
3.429378867149353027e-01,9.228172898292541504e-01,1.755045354366302490e-01
1.901789009571075439e-01,9.762825965881347656e-01,-1.034612953662872314e-01
-8.264146745204925537e-02,8.258424401283264160e-01,-5.578125119209289551e-01
-1.950271725654602051e-01,6.458441019058227539e-01,-7.381394505500793457e-01
-2.049921005964279175e-01,6.498333811759948730e-01,-7.319117784500122070e-01
-2.141380310058593750e-01,7.194024324417114258e-01,-6.607609391212463379e-01
-2.342025339603424072e-01,8.151114583015441895e-01,-5.298513770103454590e-01
-2.681574225425720215e-01,8.847275376319885254e-01,-3.812464177608489990e-01
-3.030051589012145996e-01,9.304815530776977539e-01,-2.058930546045303345e-01
-3.318390250205993652e-01,9.427623152732849121e-01,-3.289784863591194153e-02
-3.469494879245758057e-01,9.297679066658020020e-01,1.231163665652275085e-01
-3.474254608154296875e-01,9.015160799026489258e-01,2.580009102821350098e-01
-3.520274162292480469e-01,8.793926835060119629e-01,3.205389678478240967e-01
-4.102754890918731689e-01,8.726930618286132812e-01,2.647280097007751465e-01
-6.195401549339294434e-01,7.561720609664916992e-01,-2.106508761644363403e-01
-5.853535532951354980e-01,3.178009986877441406e-01,-7.458979487419128418e-01
-5.123962759971618652e-01,2.071648836135864258e-01,-8.333863615989685059e-01
-5.572929382324218750e-01,2.711954116821289062e-01,-7.847787141799926758e-01
-6.376531124114990234e-01,3.382384181022644043e-01,-6.920934319496154785e-01
-7.378516793251037598e-01,4.031563997268676758e-01,-5.413314700126647949e-01
-8.166583776473999023e-01,4.294452965259552002e-01,-3.855462074279785156e-01
-8.754522204399108887e-01,4.406969845294952393e-01,-1.984179913997650146e-01
-9.027218818664550781e-01,4.287382364273071289e-01,-3.573093563318252563e-02
-9.020653963088989258e-01,4.156146347522735596e-01,1.163724362850189209e-01
-8.898488879203796387e-01,3.978975713253021240e-01,2.232629060745239258e-01
-8.838966488838195801e-01,3.879984021186828613e-01,2.611204087734222412e-01
-9.262353181838989258e-01,3.479209244251251221e-01,1.450484395027160645e-01
-9.389415383338928223e-01,1.876769214868545532e-01,-2.883852124214172363e-01
-6.945891976356506348e-01,-1.746821030974388123e-02,-7.191944718360900879e-01
-5.325188636779785156e-01,-4.102327674627304077e-02,-8.454233407974243164e-01
-5.148263573646545410e-01,1.733461022377014160e-02,-8.571192622184753418e-01
-5.299384593963623047e-01,4.882745072245597839e-02,-8.466292619705200195e-01
-5.551970601081848145e-01,4.068898409605026245e-02,-8.307229876518249512e-01
-5.662688016891479492e-01,3.416706994175910950e-02,-8.235121965408325195e-01
-5.770428180694580078e-01,-1.503358967602252960e-02,-8.165755271911621094e-01
-5.882472395896911621e-01,-3.548813238739967346e-02,-8.079020977020263672e-01
-5.858246684074401855e-01,-2.662868425250053406e-02,-8.100003004074096680e-01
-5.690092444419860840e-01,-6.860708445310592651e-02,-8.194641470909118652e-01
-5.442107915878295898e-01,-1.121045351028442383e-01,-8.314248919486999512e-01
-5.121577382087707520e-01,-1.682957410812377930e-01,-8.422416448593139648e-01
-4.884580373764038086e-01,-2.064180970191955566e-01,-8.478208780288696289e-01
-5.074086785316467285e-01,-2.046583890914916992e-01,-8.370491862297058105e-01
-5.668598413467407227e-01,-1.897879689931869507e-01,-8.016548156738281250e-01
-6.536980867385864258e-01,-1.801941841840744019e-01,-7.349890470504760742e-01
-7.424344420433044434e-01,-1.932041645050048828e-01,-6.414540410041809082e-01
-8.248427510261535645e-01,-2.187437117099761963e-01,-5.213307142257690430e-01
-8.886085748672485352e-01,-2.539593279361724854e-01,-3.819417059421539307e-01
-9.275334477424621582e-01,-2.906046807765960693e-01,-2.350118756294250488e-01
-9.439342021942138672e-01,-3.183524906635284424e-01,-8.740594238042831421e-02
-9.394971132278442383e-01,-3.418325483798980713e-01,2.226203493773937225e-02
-9.267648458480834961e-01,-3.717913925647735596e-01,5.364687368273735046e-02
-8.779215812683105469e-01,-4.608720242977142334e-01,-1.298102885484695435e-01
-6.333795785903930664e-01,-5.628867149353027344e-01,-5.310263037681579590e-01
-3.460338413715362549e-01,-5.405431985855102539e-01,-7.668595910072326660e-01
-2.662304341793060303e-01,-5.200499892234802246e-01,-8.115845322608947754e-01
-2.880150675773620605e-01,-5.490180253982543945e-01,-7.846186757087707520e-01
-3.439488112926483154e-01,-6.126981377601623535e-01,-7.115477919578552246e-01
-3.961005508899688721e-01,-6.949328780174255371e-01,-6.001438498497009277e-01
-4.294909834861755371e-01,-7.750132679939270020e-01,-4.635643064975738525e-01
-4.448370635509490967e-01,-8.440942764282226562e-01,-2.993742227554321289e-01
-4.374140202999114990e-01,-8.884186744689941406e-01,-1.392164975404739380e-01
-4.216411411762237549e-01,-9.064011573791503906e-01,2.560776658356189728e-02
-3.981909453868865967e-01,-9.054166674613952637e-01,1.471889168024063110e-01
-3.692511618137359619e-01,-9.066488146781921387e-01,2.040624618530273438e-01
-2.895865440368652344e-01,-9.539031982421875000e-01,7.879325747489929199e-02
-4.919508472084999084e-02,-9.371439218521118164e-01,-3.454578220844268799e-01
1.623390763998031616e-01,-7.113098502159118652e-01,-6.838744878768920898e-01
2.033044248819351196e-01,-6.319574713706970215e-01,-7.478616237640380859e-01
2.082662582397460938e-01,-6.808192729949951172e-01,-7.022181749343872070e-01
2.223924845457077026e-01,-7.663661241531372070e-01,-6.026812195777893066e-01
2.500122189521789551e-01,-8.549941182136535645e-01,-4.543997049331665039e-01
2.862690985202789307e-01,-9.099565148353576660e-01,-3.000486791133880615e-01
3.182491660118103027e-01,-9.412645697593688965e-01,-1.128641068935394287e-01
3.420500755310058594e-01,-9.387255311012268066e-01,4.238063469529151917e-02
3.476248681545257568e-01,-9.160526394844055176e-01,2.000113874673843384e-01
3.483316302299499512e-01,-8.892713785171508789e-01,2.964144051074981689e-01
3.665721416473388672e-01,-8.734403848648071289e-01,3.205101490020751953e-01
5.032168030738830566e-01,-8.581687808036804199e-01,1.015826687216758728e-01
6.473186016082763672e-01,-5.254186391830444336e-01,-5.521900057792663574e-01
5.291976928710937500e-01,-2.206767350435256958e-01,-8.192994594573974609e-01
5.276739001274108887e-01,-2.352686375379562378e-01,-8.162162303924560547e-01
5.930390954017639160e-01,-3.035392463207244873e-01,-7.457669973373413086e-01
6.891304850578308105e-01,-3.750220239162445068e-01,-6.200464963912963867e-01
7.794454693794250488e-01,-4.189788103103637695e-01,-4.657482206821441650e-01
8.497886061668395996e-01,-4.380559623241424561e-01,-2.932000160217285156e-01
8.927891850471496582e-01,-4.359548091888427734e-01,-1.134496629238128662e-01
9.053663611412048340e-01,-4.225464165210723877e-01,4.202680289745330811e-02
8.961920738220214844e-01,-4.064125716686248779e-01,1.779565513134002686e-01
8.841993808746337891e-01,-3.928226232528686523e-01,2.527485489845275879e-01
8.968508243560791016e-01,-3.759055435657501221e-01,2.331386506557464600e-01
9.565555453300476074e-01,-2.900171577930450439e-01,-2.986113354563713074e-02
8.344849944114685059e-01,-6.610838323831558228e-02,-5.470505952835083008e-01
5.880715847015380859e-01,4.737599939107894897e-02,-8.074201345443725586e-01
5.147574543952941895e-01,1.490097772330045700e-02,-8.572063446044921875e-01
5.205127596855163574e-01,-4.122995585203170776e-02,-8.528578877449035645e-01
5.428919196128845215e-01,-4.489895328879356384e-02,-8.386015295982360840e-01
5.626559257507324219e-01,-3.995042666792869568e-02,-8.257253766059875488e-01
5.704756975173950195e-01,-1.398937590420246124e-02,-8.211953639984130859e-01
5.838542580604553223e-01,3.482507914304733276e-02,-8.111112713813781738e-01
8.924925923347473145e-01,2.132361195981502533e-02,-4.505577087402343750e-01
9.029155373573303223e-01,2.421549893915653229e-02,-4.291354417800903320e-01
8.934929966926574707e-01,4.501053690910339355e-02,-4.468157887458801270e-01
8.764234781265258789e-01,8.972441405057907104e-02,-4.731082022190093994e-01
8.341093063354492188e-01,1.452606618404388428e-01,-5.321287512779235840e-01
7.576214075088500977e-01,2.113760709762573242e-01,-6.175191998481750488e-01
6.793559193611145020e-01,2.474511414766311646e-01,-6.908280849456787109e-01
6.496707201004028320e-01,2.539069950580596924e-01,-7.165607213973999023e-01
6.846062541007995605e-01,2.410515844821929932e-01,-6.879014372825622559e-01
7.438477277755737305e-01,2.435967773199081421e-01,-6.223754286766052246e-01
8.177716135978698730e-01,2.586513757705688477e-01,-5.141488909721374512e-01
8.754453659057617188e-01,2.870827913284301758e-01,-3.888172507286071777e-01
9.192381501197814941e-01,3.206228017807006836e-01,-2.284781336784362793e-01
9.338560700416564941e-01,3.509473502635955811e-01,-6.891193240880966187e-02
9.241272807121276855e-01,3.688021004199981689e-01,9.986881166696548462e-02
8.948032259941101074e-01,3.747155070304870605e-01,2.427251040935516357e-01
8.665831089019775391e-01,3.750368952751159668e-01,3.292126953601837158e-01
8.608965277671813965e-01,4.283113479614257812e-01,2.746026515960693359e-01
7.910436391830444336e-01,6.025914549827575684e-01,-1.055157706141471863e-01
5.032276511192321777e-01,6.742112040519714355e-01,-5.405564308166503906e-01
3.462808132171630859e-01,6.531892418861389160e-01,-6.733747124671936035e-01
3.331319987773895264e-01,6.679328083992004395e-01,-6.654989719390869141e-01
3.624179363250732422e-01,7.159262299537658691e-01,-5.967435836791992188e-01
3.971887826919555664e-01,7.840760946273803711e-01,-4.769338071346282959e-01
4.136643409729003906e-01,8.468855023384094238e-01,-3.341656625270843506e-01
4.130105674266815186e-01,8.960340619087219238e-01,-1.629270613193511963e-01
3.950162231922149658e-01,9.186499714851379395e-01,6.656245794147253036e-03
3.689064979553222656e-01,9.135394692420959473e-01,1.713287979364395142e-01
3.418207168579101562e-01,8.867000937461853027e-01,3.113221824169158936e-01
3.174091577529907227e-01,8.638913035392761230e-01,3.910794258117675781e-01
2.726760506629943848e-01,8.925312161445617676e-01,3.592155277729034424e-01
1.095882505178451538e-01,9.927565455436706543e-01,4.924331605434417725e-02
-1.435839533805847168e-01,9.018501043319702148e-01,-4.074923396110534668e-01
-2.407319545745849609e-01,7.807679176330566406e-01,-5.765843987464904785e-01
-2.624451220035552979e-01,7.887772917747497559e-01,-5.558353662490844727e-01
-2.831088602542877197e-01,8.402402997016906738e-01,-4.624344408512115479e-01
-3.109501004219055176e-01,8.965277075767517090e-01,-3.155126273632049561e-01
-3.445812761783599854e-01,9.262880682945251465e-01,-1.524930596351623535e-01
-3.706924617290496826e-01,9.284382462501525879e-01,2.428105100989341736e-02
-3.841245472431182861e-01,9.024316668510437012e-01,1.951036900281906128e-01
-3.820944428443908691e-01,8.585777282714843750e-01,3.418304324150085449e-01
-3.630312383174896240e-01,8.097227215766906738e-01,4.610396027565002441e-01
-3.605288565158843994e-01,7.780658006668090820e-01,5.144245624542236328e-01
-4.189669489860534668e-01,7.766985297203063965e-01,4.703254699707031250e-01
-6.558409333229064941e-01,7.461358904838562012e-01,1.146902665495872498e-01
-7.618919610977172852e-01,4.678093492984771729e-01,-4.479678571224212646e-01
-7.169690132141113281e-01,3.352563977241516113e-01,-6.111944317817687988e-01
-7.476489543914794922e-01,3.534300625324249268e-01,-5.622350573539733887e-01
-8.069691061973571777e-01,3.828835189342498779e-01,-4.496677517890930176e-01
-8.689612746238708496e-01,4.058837294578552246e-01,-2.831335961818695068e-01
-9.091384410858154297e-01,4.002344906330108643e-01,-1.152377277612686157e-01
-9.213092923164367676e-01,3.832199871540069580e-01,6.581563502550125122e-02
-9.065704941749572754e-01,3.575373589992523193e-01,2.242699712514877319e-01
-8.709139227867126465e-01,3.305232822895050049e-01,3.636801838874816895e-01
-8.258900046348571777e-01,3.179915845394134521e-01,4.656040072441101074e-01
-7.995081543922424316e-01,3.083348274230957031e-01,5.154768228530883789e-01
-8.205596208572387695e-01,3.022192120552062988e-01,4.851242005825042725e-01
-9.277035593986511230e-01,2.477091401815414429e-01,2.792961001396179199e-01
-9.828264713287353516e-01,1.397569924592971802e-01,-1.204996407032012939e-01
-9.148315787315368652e-01,8.205821365118026733e-02,-3.954106569290161133e-01
-8.766306638717651367e-01,7.140868157148361206e-02,-4.758355021476745605e-01
-8.746235370635986328e-01,4.574031010270118713e-02,-4.826401174068450928e-01
-8.789238929748535156e-01,3.437510505318641663e-02,-4.757216274738311768e-01
-8.851252794265747070e-01,-4.794147796928882599e-03,-4.653281867504119873e-01
-8.999755978584289551e-01,-2.508090250194072723e-02,-4.352182745933532715e-01
-8.999066352844238281e-01,-2.949809655547142029e-02,-4.350838959217071533e-01
-8.861082196235656738e-01,-6.670702993869781494e-02,-4.586528539657592773e-01
-8.601575493812561035e-01,-1.149043217301368713e-01,-4.969164729118347168e-01
-7.987302541732788086e-01,-1.796484589576721191e-01,-5.742442011833190918e-01
-7.158316969871520996e-01,-2.341259866952896118e-01,-6.578526496887207031e-01
-6.553528308868408203e-01,-2.539241611957550049e-01,-7.113614678382873535e-01
-6.618224978446960449e-01,-2.478908449411392212e-01,-7.074893712997436523e-01
-7.119193673133850098e-01,-2.394360452890396118e-01,-6.601827740669250488e-01
-7.808688282966613770e-01,-2.502642273902893066e-01,-5.723738074302673340e-01
-8.490055203437805176e-01,-2.708665132522583008e-01,-4.536749720573425293e-01
-8.997003436088562012e-01,-3.043990731239318848e-01,-3.128585815429687500e-01
-9.303184151649475098e-01,-3.362060785293579102e-01,-1.465369462966918945e-01
-9.319697022438049316e-01,-3.623017072677612305e-01,1.303413696587085724e-02
-9.106066226959228516e-01,-3.724315166473388672e-01,1.791380047798156738e-01
-8.795065283775329590e-01,-3.746647536754608154e-01,2.934189438819885254e-01
-8.599458336830139160e-01,-3.875781297683715820e-01,3.320788443088531494e-01
-8.526319861412048340e-01,-5.061854124069213867e-01,1.295956969261169434e-01
-6.542355418205261230e-01,-6.651618480682373047e-01,-3.599105179309844971e-01
-3.987143039703369141e-01,-6.615480184555053711e-01,-6.351228356361389160e-01
-3.297302424907684326e-01,-6.558002233505249023e-01,-6.791200041770935059e-01
-3.457551598548889160e-01,-6.880932450294494629e-01,-6.379507184028625488e-01
-3.806703984737396240e-01,-7.493816614151000977e-01,-5.417722463607788086e-01
-4.083621501922607422e-01,-8.167142271995544434e-01,-4.076986610889434814e-01
-4.150470495223999023e-01,-8.741679191589355469e-01,-2.521235644817352295e-01
-4.062215089797973633e-01,-9.106704592704772949e-01,-7.525493204593658447e-02
-3.819909393787384033e-01,-9.199689626693725586e-01,8.797690272331237793e-02
-3.555068671703338623e-01,-9.009801149368286133e-01,2.486961781978607178e-01
-3.291594386100769043e-01,-8.734786510467529297e-01,3.587326109409332275e-01
-3.019400835037231445e-01,-8.662178516387939453e-01,3.981190323829650879e-01
-2.138453423976898193e-01,-9.447193741798400879e-01,2.485466748476028442e-01
2.709138579666614532e-02,-9.792916774749755859e-01,-2.006339877843856812e-01
2.106786221265792847e-01,-8.231579065322875977e-01,-5.272812247276306152e-01
2.538321316242218018e-01,-7.740640044212341309e-01,-5.799949765205383301e-01
2.717823088169097900e-01,-8.125482201576232910e-01,-5.156546831130981445e-01
2.962417900562286377e-01,-8.697481155395507812e-01,-3.946884870529174805e-01
3.273563683032989502e-01,-9.155927300453186035e-01,-2.335120588541030884e-01
3.598097860813140869e-01,-9.305878877639770508e-01,-6.740292906761169434e-02
3.781546354293823242e-01,-9.186373353004455566e-01,1.144752353429794312e-01
3.866634964942932129e-01,-8.820991516113281250e-01,2.690584063529968262e-01
3.720061480998992920e-01,-8.332853317260742188e-01,4.089584648609161377e-01
3.590511977672576904e-01,-7.909135818481445312e-01,4.955178499221801758e-01
3.742384910583496094e-01,-7.728183269500732422e-01,5.125401020050048828e-01
5.160303711891174316e-01,-7.810659408569335938e-01,3.516370952129364014e-01
7.557998299598693848e-01,-6.230686306953430176e-01,-2.013754099607467651e-01
7.323551774024963379e-01,-3.690136075019836426e-01,-5.722628831863403320e-01
7.250705361366271973e-01,-3.388461470603942871e-01,-5.995464324951171875e-01
7.756931781768798828e-01,-3.678572177886962891e-01,-5.128169059753417969e-01
8.396875262260437012e-01,-3.974832892417907715e-01,-3.700430393218994141e-01
8.920341730117797852e-01,-4.057234227657318115e-01,-1.991573572158813477e-01
9.193592667579650879e-01,-3.926053345203399658e-01,-2.529066242277622223e-02
9.163643121719360352e-01,-3.715478777885437012e-01,1.490924209356307983e-01
8.915536403656005859e-01,-3.427467048168182373e-01,2.960690259933471680e-01
8.474704027175903320e-01,-3.229523301124572754e-01,4.213022291660308838e-01
8.093224167823791504e-01,-3.127611279487609863e-01,4.971697330474853516e-01
8.005481362342834473e-01,-3.064990341663360596e-01,5.149571895599365234e-01
8.657153844833374023e-01,-2.847476303577423096e-01,4.116499722003936768e-01
9.768002033233642578e-01,-1.950248926877975464e-01,8.846820890903472900e-02
9.520520567893981934e-01,-9.935460984706878662e-02,-2.893536984920501709e-01
8.890837430953979492e-01,-7.809367030858993530e-02,-4.510338306427001953e-01
8.733203411102294922e-01,-5.781356617808341980e-02,-4.837035536766052246e-01
8.771047592163085938e-01,-4.030969366431236267e-02,-4.786047041416168213e-01
8.808448910713195801e-01,-1.837918348610401154e-02,-4.730481207370758057e-01
8.924927711486816406e-01,2.132356353104114532e-02,-4.505573809146881104e-01
8.924921154975891113e-01,-2.132366411387920380e-02,4.505587220191955566e-01
8.808444142341613770e-01,1.837891526520252228e-02,4.730489253997802734e-01
8.771038055419921875e-01,4.030932113528251648e-02,4.786064028739929199e-01
8.733199834823608398e-01,5.781371146440505981e-02,4.837042093276977539e-01
8.890833854675292969e-01,7.809345424175262451e-02,4.510345458984375000e-01
9.520512819290161133e-01,9.935397654771804810e-02,2.893564701080322266e-01
9.768004417419433594e-01,1.950243115425109863e-01,-8.846700936555862427e-02
8.657153844833374023e-01,2.847478389739990234e-01,-4.116497337818145752e-01
8.005484342575073242e-01,3.064992725849151611e-01,-5.149567127227783203e-01
8.093223571777343750e-01,3.127613663673400879e-01,-4.971696138381958008e-01
8.474709391593933105e-01,3.229523599147796631e-01,-4.213013350963592529e-01
8.915539383888244629e-01,3.427467942237854004e-01,-2.960680425167083740e-01
9.163641333580017090e-01,3.715480268001556396e-01,-1.490936726331710815e-01
9.193592071533203125e-01,3.926055431365966797e-01,2.529064565896987915e-02
8.920339345932006836e-01,4.057236313819885254e-01,1.991578489542007446e-01
8.396872282028198242e-01,3.974830508232116699e-01,3.700439035892486572e-01
7.756928205490112305e-01,3.678568899631500244e-01,5.128177404403686523e-01
7.250703573226928711e-01,3.388465046882629395e-01,5.995464920997619629e-01
7.323552370071411133e-01,3.690143823623657227e-01,5.722622871398925781e-01
7.558001279830932617e-01,6.230679750442504883e-01,2.013766467571258545e-01
5.160307884216308594e-01,7.810660004615783691e-01,-3.516362607479095459e-01
3.742381632328033447e-01,7.728182077407836914e-01,-5.125405192375183105e-01
3.590507209300994873e-01,7.909132838249206543e-01,-4.955185949802398682e-01
3.720064759254455566e-01,8.332858681678771973e-01,-4.089570939540863037e-01
3.866636753082275391e-01,8.820993304252624512e-01,-2.690574228763580322e-01
3.781545162200927734e-01,9.186372756958007812e-01,-1.144762486219406128e-01
3.598094284534454346e-01,9.305880069732666016e-01,6.740270555019378662e-02
3.273562192916870117e-01,9.155925512313842773e-01,2.335127592086791992e-01
2.962416410446166992e-01,8.697477579116821289e-01,3.946893215179443359e-01
2.717822194099426270e-01,8.125482797622680664e-01,5.156546235084533691e-01
2.538320720195770264e-01,7.740644216537475586e-01,5.799944996833801270e-01
2.106781750917434692e-01,8.231582641601562500e-01,5.272808670997619629e-01
2.709294483065605164e-02,9.792909026145935059e-01,2.006373256444931030e-01
-2.138452380895614624e-01,9.447193145751953125e-01,-2.485471963882446289e-01
-3.019404411315917969e-01,8.662176728248596191e-01,-3.981191217899322510e-01
-3.291596770286560059e-01,8.734785318374633789e-01,-3.587326109409332275e-01
-3.555069863796234131e-01,9.009801149368286133e-01,-2.486958503723144531e-01
-3.819907009601593018e-01,9.199692606925964355e-01,-8.797519654035568237e-02
-4.062213599681854248e-01,9.106703996658325195e-01,7.525715976953506470e-02
-4.150473773479461670e-01,8.741682171821594238e-01,2.521223425865173340e-01
-4.083614349365234375e-01,8.167141079902648926e-01,4.076996147632598877e-01
-3.806706368923187256e-01,7.493816614151000977e-01,5.417720675468444824e-01
-3.457551300525665283e-01,6.880932450294494629e-01,6.379507184028625488e-01
-3.297306895256042480e-01,6.558005213737487793e-01,6.791194677352905273e-01
-3.987147212028503418e-01,6.615487337112426758e-01,6.351218819618225098e-01
-6.542367935180664062e-01,6.651615500450134277e-01,3.599089086055755615e-01
-8.526319265365600586e-01,5.061858296394348145e-01,-1.295944601297378540e-01
-8.599460124969482422e-01,3.875781893730163574e-01,-3.320781886577606201e-01
-8.795065283775329590e-01,3.746646046638488770e-01,-2.934192419052124023e-01
-9.106065034866333008e-01,3.724314868450164795e-01,-1.791386753320693970e-01
-9.319696426391601562e-01,3.623020052909851074e-01,-1.303139328956604004e-02
-9.303181171417236328e-01,3.362063765525817871e-01,1.465386301279067993e-01
-8.997002840042114258e-01,3.043992519378662109e-01,3.128585815429687500e-01
-8.490053415298461914e-01,2.708661854267120361e-01,4.536754488945007324e-01
-7.808692455291748047e-01,2.502638101577758789e-01,5.723732709884643555e-01
-7.119191884994506836e-01,2.394357919692993164e-01,6.601830124855041504e-01
-6.618222594261169434e-01,2.478906363248825073e-01,7.074896693229675293e-01
-6.553525328636169434e-01,2.539241015911102295e-01,7.113617658615112305e-01
-7.158317565917968750e-01,2.341257631778717041e-01,6.578526496887207031e-01
-7.987295985221862793e-01,1.796485334634780884e-01,5.742450356483459473e-01
-8.601568937301635742e-01,1.149042025208473206e-01,4.969176948070526123e-01
-8.861075043678283691e-01,6.670720130205154419e-02,4.586541652679443359e-01
-8.999063372611999512e-01,2.949794381856918335e-02,4.350845217704772949e-01
-8.999748826026916504e-01,2.508089318871498108e-02,4.352196455001831055e-01
-8.851245641708374023e-01,4.794324748218059540e-03,4.653293490409851074e-01
-8.789235353469848633e-01,-3.437496349215507507e-02,4.757223129272460938e-01
-8.746228814125061035e-01,-4.574001580476760864e-02,4.826413691043853760e-01
-8.766298890113830566e-01,-7.140827924013137817e-02,4.758370816707611084e-01
-9.148308634757995605e-01,-8.205807954072952271e-02,3.954124450683593750e-01
-9.828264117240905762e-01,-1.397572606801986694e-01,1.204995959997177124e-01
-9.277040958404541016e-01,-2.477089017629623413e-01,-2.792943120002746582e-01
-8.205600380897521973e-01,-3.022190630435943604e-01,-4.851235747337341309e-01
-7.995088100433349609e-01,-3.083348572254180908e-01,-5.154757499694824219e-01
-8.258903622627258301e-01,-3.179917335510253906e-01,-4.656032323837280273e-01
-8.709142208099365234e-01,-3.305235207080841064e-01,-3.636793792247772217e-01
-9.065703749656677246e-01,-3.575373888015747070e-01,-2.242702394723892212e-01
-9.213092327117919922e-01,-3.832200467586517334e-01,-6.581584364175796509e-02
-9.091382622718811035e-01,-4.002346098423004150e-01,1.152387112379074097e-01
-8.689613938331604004e-01,-4.058838784694671631e-01,2.831333279609680176e-01
-8.069683313369750977e-01,-3.828830718994140625e-01,4.496694505214691162e-01
-7.476485967636108398e-01,-3.534297347068786621e-01,5.622357130050659180e-01
-7.169682383537292480e-01,-3.352558016777038574e-01,6.111956834793090820e-01
-7.618919610977172852e-01,-4.678100645542144775e-01,4.479670226573944092e-01
-6.558415889739990234e-01,-7.461355924606323242e-01,-1.146890148520469666e-01
-4.189677834510803223e-01,-7.766988873481750488e-01,-4.703243374824523926e-01
-3.605286777019500732e-01,-7.780658006668090820e-01,-5.144246816635131836e-01
-3.630310893058776855e-01,-8.097229003906250000e-01,-4.610391855239868164e-01
-3.820948898792266846e-01,-8.585781455039978027e-01,-3.418289721012115479e-01
-3.841246366500854492e-01,-9.024313688278198242e-01,-1.951048374176025391e-01
-3.706921041011810303e-01,-9.284383058547973633e-01,-2.428150922060012817e-02
-3.445809781551361084e-01,-9.262879490852355957e-01,1.524943858385086060e-01
-3.109500408172607422e-01,-8.965281248092651367e-01,3.155113756656646729e-01
-2.831086516380310059e-01,-8.402401208877563477e-01,4.624348878860473633e-01
-2.624448835849761963e-01,-7.887771725654602051e-01,5.558355450630187988e-01
-2.407320737838745117e-01,-7.807680964469909668e-01,5.765842199325561523e-01
-1.435850113630294800e-01,-9.018489122390747070e-01,4.074946939945220947e-01
1.095887199044227600e-01,-9.927564263343811035e-01,-4.924371093511581421e-02
2.726760506629943848e-01,-8.925310373306274414e-01,-3.592160642147064209e-01
3.174094855785369873e-01,-8.638914823532104492e-01,-3.910788297653198242e-01
3.418208658695220947e-01,-8.867002725601196289e-01,-3.113216459751129150e-01
3.689065575599670410e-01,-9.135396480560302734e-01,-1.713279336690902710e-01
3.950166404247283936e-01,-9.186499118804931641e-01,-6.657181773334741592e-03
4.130111932754516602e-01,-8.960344195365905762e-01,1.629235148429870605e-01
4.136644899845123291e-01,-8.468852043151855469e-01,3.341663777828216553e-01
3.971879184246063232e-01,-7.840751409530639648e-01,4.769359230995178223e-01
3.624179363250732422e-01,-7.159264683723449707e-01,5.967433452606201172e-01
3.331325352191925049e-01,-6.679332852363586426e-01,6.654982566833496094e-01
3.462806642055511475e-01,-6.531888246536254883e-01,6.733750700950622559e-01
5.032278299331665039e-01,-6.742110848426818848e-01,5.405563712120056152e-01
7.910442352294921875e-01,-6.025908589363098145e-01,1.055145412683486938e-01
8.608966469764709473e-01,-4.283110499382019043e-01,-2.746025621891021729e-01
8.665832281112670898e-01,-3.750367760658264160e-01,-3.292125463485717773e-01
8.948033452033996582e-01,-3.747155666351318359e-01,-2.427246123552322388e-01
9.241275787353515625e-01,-3.688019216060638428e-01,-9.986718744039535522e-02
9.338560104370117188e-01,-3.509473502635955811e-01,6.891246140003204346e-02
9.192385673522949219e-01,-3.206224441528320312e-01,2.284769862890243530e-01
8.754448294639587402e-01,-2.870826125144958496e-01,3.888186216354370117e-01
8.177704811096191406e-01,-2.586514055728912354e-01,5.141506195068359375e-01
7.438477873802185059e-01,-2.435967922210693359e-01,6.223753094673156738e-01
6.846061348915100098e-01,-2.410514205694198608e-01,6.879015564918518066e-01
6.496708989143371582e-01,-2.539069354534149170e-01,7.165604829788208008e-01
6.793551445007324219e-01,-2.474516630172729492e-01,6.908286213874816895e-01
7.576214075088500977e-01,-2.113757729530334473e-01,6.175193190574645996e-01
8.341091275215148926e-01,-1.452602297067642212e-01,5.321291089057922363e-01
8.764228820800781250e-01,-8.972451090812683105e-02,4.731093645095825195e-01
8.934922218322753906e-01,-4.501093551516532898e-02,4.468172192573547363e-01
9.029149413108825684e-01,-2.421558275818824768e-02,4.291366636753082275e-01
8.924921154975891113e-01,-2.132350020110607147e-02,4.505586028099060059e-01
5.838527083396911621e-01,-3.482578322291374207e-02,8.111123442649841309e-01
5.704759359359741211e-01,1.398928370326757431e-02,8.211951851844787598e-01
5.626547932624816895e-01,3.994997218251228333e-02,8.257261514663696289e-01
5.428915023803710938e-01,4.489910602569580078e-02,8.386017680168151855e-01
5.205127000808715820e-01,4.123007133603096008e-02,8.528578877449035645e-01
5.147565007209777832e-01,-1.490079239010810852e-02,8.572069406509399414e-01
5.880714654922485352e-01,-4.737560823559761047e-02,8.074203133583068848e-01
8.344854116439819336e-01,6.610904633998870850e-02,5.470499396324157715e-01
9.565555453300476074e-01,2.900165915489196777e-01,2.986335009336471558e-02
8.968507647514343262e-01,3.759058117866516113e-01,-2.331386059522628784e-01
8.841991424560546875e-01,3.928229808807373047e-01,-2.527489364147186279e-01
8.961919546127319336e-01,4.064128398895263672e-01,-1.779565513134002686e-01
9.053665995597839355e-01,4.225460588932037354e-01,-4.202492535114288330e-02
8.927890658378601074e-01,4.359551370143890381e-01,1.134494841098785400e-01
8.497882485389709473e-01,4.380562603473663330e-01,2.932006120681762695e-01
7.794454097747802734e-01,4.189787507057189941e-01,4.657484292984008789e-01
6.891298294067382812e-01,3.750214576721191406e-01,6.200475692749023438e-01
5.930389761924743652e-01,3.035393357276916504e-01,7.457671165466308594e-01
5.276731252670288086e-01,2.352680116891860962e-01,8.162168264389038086e-01
5.291978120803833008e-01,2.206769734621047974e-01,8.192992210388183594e-01
6.473184227943420410e-01,5.254182815551757812e-01,5.521906614303588867e-01
5.032164454460144043e-01,8.581689000129699707e-01,-1.015836223959922791e-01
3.665719032287597656e-01,8.734405636787414551e-01,-3.205099701881408691e-01
3.483311235904693604e-01,8.892712593078613281e-01,-2.964154779911041260e-01
3.476245701313018799e-01,9.160525798797607422e-01,-2.000119090080261230e-01
3.420500755310058594e-01,9.387255311012268066e-01,-4.238111525774002075e-02
3.182488083839416504e-01,9.412645697593688965e-01,1.128654405474662781e-01
2.862690985202789307e-01,9.099567532539367676e-01,3.000476658344268799e-01
2.500119209289550781e-01,8.549928069114685059e-01,4.544021487236022949e-01
2.223924249410629272e-01,7.663655877113342285e-01,6.026818156242370605e-01
2.082662582397460938e-01,6.808184385299682617e-01,7.022188305854797363e-01
2.033040076494216919e-01,6.319578886032104492e-01,7.478613853454589844e-01
1.623396426439285278e-01,7.113089561462402344e-01,6.838753819465637207e-01
-4.919485375285148621e-02,9.371440410614013672e-01,3.454575538635253906e-01
-2.895864546298980713e-01,9.539032578468322754e-01,-7.879213988780975342e-02
-3.692512810230255127e-01,9.066487550735473633e-01,-2.040627002716064453e-01
-3.981911540031433105e-01,9.054166078567504883e-01,-1.471887379884719849e-01
-4.216410815715789795e-01,9.064012169837951660e-01,-2.560657076537609100e-02
-4.374140501022338867e-01,8.884184956550598145e-01,1.392177194356918335e-01
-4.448369741439819336e-01,8.440940976142883301e-01,2.993747293949127197e-01
-4.294907152652740479e-01,7.750130891799926758e-01,4.635649323463439941e-01
-3.961006700992584229e-01,6.949325799942016602e-01,6.001440286636352539e-01
-3.439486622810363770e-01,6.126981377601623535e-01,7.115478515625000000e-01
-2.880156636238098145e-01,5.490183830261230469e-01,7.846182584762573242e-01
-2.662310302257537842e-01,5.200505256652832031e-01,8.115839958190917969e-01
-3.460350036621093750e-01,5.405433773994445801e-01,7.668589949607849121e-01
-6.333786249160766602e-01,5.628868341445922852e-01,5.310273766517639160e-01
-8.779213428497314453e-01,4.608721435070037842e-01,1.298114657402038574e-01
-9.267650246620178223e-01,3.717910945415496826e-01,-5.364710837602615356e-02
-9.394971728324890137e-01,3.418322503566741943e-01,-2.226217649877071381e-02
-9.439343214035034180e-01,3.183523416519165039e-01,8.740627020597457886e-02
-9.275332093238830566e-01,2.906048595905303955e-01,2.350127398967742920e-01
-8.886076807975769043e-01,2.539594471454620361e-01,3.819435834884643555e-01
-8.248416781425476074e-01,2.187435030937194824e-01,5.213324427604675293e-01
-7.424347996711730957e-01,1.932041347026824951e-01,6.414535641670227051e-01
-6.536984443664550781e-01,1.801938861608505249e-01,7.349888086318969727e-01
-5.668602585792541504e-01,1.897879242897033691e-01,8.016545176506042480e-01
-5.074084997177124023e-01,2.046584933996200562e-01,8.370493054389953613e-01
-4.884580373764038086e-01,2.064178436994552612e-01,8.478209972381591797e-01
-5.121574401855468750e-01,1.682957112789154053e-01,8.422418236732482910e-01
-5.442106127738952637e-01,1.121042147278785706e-01,8.314249515533447266e-01
-5.690087676048278809e-01,6.860694289207458496e-02,8.194645643234252930e-01
-5.858250260353088379e-01,2.662840299308300018e-02,8.100000023841857910e-01
-5.882475376129150391e-01,3.548788651823997498e-02,8.079018592834472656e-01
-5.770425796508789062e-01,1.503361295908689499e-02,8.165756464004516602e-01
-5.662688016891479492e-01,-3.416713699698448181e-02,8.235121369361877441e-01
-5.551968216896057129e-01,-4.068862646818161011e-02,8.307230472564697266e-01
-5.299379825592041016e-01,-4.882730916142463684e-02,8.466295003890991211e-01
-5.148256421089172363e-01,-1.733485981822013855e-02,8.571196198463439941e-01
-5.325188636779785156e-01,4.102341830730438232e-02,8.454234004020690918e-01
-6.945875883102416992e-01,1.746869273483753204e-02,7.191960811614990234e-01
-9.389410614967346191e-01,-1.876760274171829224e-01,2.883874773979187012e-01
-9.262354969978332520e-01,-3.479209542274475098e-01,-1.450475007295608521e-01
-8.838970065116882324e-01,-3.879985809326171875e-01,-2.611193060874938965e-01
-8.898491263389587402e-01,-3.978976905345916748e-01,-2.232623845338821411e-01
-9.020652770996093750e-01,-4.156146943569183350e-01,-1.163729354739189148e-01
-9.027220010757446289e-01,-4.287379980087280273e-01,3.573180735111236572e-02
-8.754519820213317871e-01,-4.406973123550415039e-01,1.984180808067321777e-01
-8.166582584381103516e-01,-4.294456541538238525e-01,3.855458796024322510e-01
-7.378509044647216797e-01,-4.031558334827423096e-01,5.413330793380737305e-01
-6.376528143882751465e-01,-3.382379710674285889e-01,6.920939087867736816e-01
-5.572928786277770996e-01,-2.711953818798065186e-01,7.847787737846374512e-01
-5.123958587646484375e-01,-2.071644514799118042e-01,8.333867192268371582e-01
-5.853530764579772949e-01,-3.178003132343292236e-01,7.458986043930053711e-01
-6.195406913757324219e-01,-7.561707496643066406e-01,2.106536477804183960e-01
-4.102750420570373535e-01,-8.726930022239685059e-01,-2.647285759449005127e-01
-3.520273268222808838e-01,-8.793929219245910645e-01,-3.205386102199554443e-01
-3.474256396293640137e-01,-9.015161991119384766e-01,-2.579998075962066650e-01
-3.469495475292205811e-01,-9.297677874565124512e-01,-1.231170520186424255e-01
-3.318390548229217529e-01,-9.427621960639953613e-01,3.289882093667984009e-02
-3.030048608779907227e-01,-9.304816722869873047e-01,2.058925479650497437e-01
-2.681573033332824707e-01,-8.847280740737915039e-01,3.812452256679534912e-01
-2.342023849487304688e-01,-8.151108622550964355e-01,5.298524498939514160e-01
-2.141378670930862427e-01,-7.194018363952636719e-01,6.607615947723388672e-01
-2.049923539161682129e-01,-6.498326659202575684e-01,7.319123744964599609e-01
-1.950274109840393066e-01,-6.458432078361511230e-01,7.381401658058166504e-01
-8.264103531837463379e-02,-8.258426189422607422e-01,5.578121542930603027e-01
1.901793926954269409e-01,-9.762825965881347656e-01,1.034602373838424683e-01
3.429377079010009766e-01,-9.228175282478332520e-01,-1.755037605762481689e-01
3.849852085113525391e-01,-9.036028385162353516e-01,-1.878520548343658447e-01
4.106518924236297607e-01,-9.070336222648620605e-01,-9.303224086761474609e-02
4.304866194725036621e-01,-9.009400010108947754e-01,5.466623604297637939e-02
4.427553117275238037e-01,-8.692245483398437500e-01,2.200374752283096313e-01
4.406114220619201660e-01,-8.124039769172668457e-01,3.819180428981781006e-01
4.141951799392700195e-01,-7.352591156959533691e-01,5.365039706230163574e-01
3.729790449142456055e-01,-6.535438895225524902e-01,6.586099267005920410e-01
3.135049939155578613e-01,-5.768616795539855957e-01,7.542846202850341797e-01
2.710306346416473389e-01,-5.295860171318054199e-01,8.037917017936706543e-01
2.847179174423217773e-01,-5.236550569534301758e-01,8.029452562332153320e-01
4.665742516517639160e-01,-5.612613558769226074e-01,6.835892200469970703e-01
7.874411344528198242e-01,-5.245779752731323242e-01,3.236577510833740234e-01
9.141457080841064453e-01,-4.053787291049957275e-01,2.396770752966403961e-03
9.336229562759399414e-01,-3.540296554565429688e-01,-5.487372353672981262e-02
9.435454607009887695e-01,-3.301185369491577148e-01,2.727064117789268494e-02
9.389020800590515137e-01,-3.057632744312286377e-01,1.580245196819305420e-01
9.105687737464904785e-01,-2.727919518947601318e-01,3.105624616146087646e-01
8.603054285049438477e-01,-2.355889379978179932e-01,4.520757496356964111e-01
7.845319509506225586e-01,-2.045188248157501221e-01,5.853902101516723633e-01
6.990156173706054688e-01,-1.846204996109008789e-01,6.908635497093200684e-01
6.083193421363830566e-01,-1.822012215852737427e-01,7.724961638450622559e-01
5.326861739158630371e-01,-1.984054595232009888e-01,8.227275013923645020e-01
4.921565651893615723e-01,-2.080956697463989258e-01,8.452680706977844238e-01
4.964204430580139160e-01,-1.937662810087203979e-01,8.461804389953613281e-01
5.293418169021606445e-01,-1.378117948770523071e-01,8.371410965919494629e-01
5.570878982543945312e-01,-9.138406813144683838e-02,8.254103064537048340e-01
5.790776610374450684e-01,-4.341712966561317444e-02,8.141154646873474121e-01
5.889133810997009277e-01,-2.661450579762458801e-02,8.077577948570251465e-01
5.838521122932434082e-01,-3.482611477375030518e-02,8.111127614974975586e-01
4.062757194042205811e-01,-3.942484408617019653e-02,9.128996133804321289e-01
3.991245031356811523e-01,1.517561078071594238e-02,9.167711734771728516e-01
3.888152241706848145e-01,4.285614937543869019e-02,9.203184843063354492e-01
3.676305115222930908e-01,5.078054592013359070e-02,9.285845160484313965e-01
3.314213156700134277e-01,5.800713971257209778e-02,9.416979551315307617e-01
2.687722444534301758e-01,7.644227705895900726e-03,9.631734490394592285e-01
2.047700434923171997e-01,-5.946633219718933105e-02,9.770020842552185059e-01
2.047064900398254395e-01,-1.265599131584167480e-01,9.706069231033325195e-01
4.296156466007232666e-01,-6.669984757900238037e-02,9.005451202392578125e-01
8.267326354980468750e-01,2.354504168033599854e-01,5.109562873840332031e-01
8.975723981857299805e-01,4.269350171089172363e-01,1.099556758999824524e-01
8.853093981742858887e-01,4.635801613330841064e-01,3.634042665362358093e-02
8.746958374977111816e-01,4.758598804473876953e-01,9.200344234704971313e-02
8.495373129844665527e-01,4.759456515312194824e-01,2.275127619504928589e-01
7.968791127204895020e-01,4.686459004878997803e-01,3.812539875507354736e-01
7.149732112884521484e-01,4.396621584892272949e-01,5.436087846755981445e-01
6.082696318626403809e-01,3.797728717327117920e-01,6.969797015190124512e-01
4.994889795780181885e-01,3.052206039428710938e-01,8.107719421386718750e-01
3.857665657997131348e-01,1.876868456602096558e-01,9.033038616180419922e-01
3.218635916709899902e-01,9.229395538568496704e-02,9.422768950462341309e-01
3.080034255981445312e-01,1.724598556756973267e-02,9.512289166450500488e-01
4.486850500106811523e-01,2.777343690395355225e-01,8.494382500648498535e-01
4.520203173160552979e-01,8.637418150901794434e-01,2.227728813886642456e-01
3.246678113937377930e-01,9.407147169113159180e-01,-9.821711480617523193e-02
3.047027289867401123e-01,9.497468471527099609e-01,-7.167440652847290039e-02
2.906587421894073486e-01,9.565600752830505371e-01,2.259010449051856995e-02
2.731578052043914795e-01,9.420123696327209473e-01,1.949294060468673706e-01
2.381177544593811035e-01,9.088626503944396973e-01,3.424449563026428223e-01
2.031417489051818848e-01,8.266202211380004883e-01,5.248165130615234375e-01
1.716604232788085938e-01,7.310146093368530273e-01,6.604168415069580078e-01
1.561371088027954102e-01,6.010967493057250977e-01,7.837753295898437500e-01
1.603757292032241821e-01,4.888070523738861084e-01,8.575239181518554688e-01
1.761504560708999634e-01,4.341957569122314453e-01,8.834280371665954590e-01
1.372963190078735352e-01,5.450047850608825684e-01,8.271151781082153320e-01
-1.163467392325401306e-01,8.579694628715515137e-01,5.003516674041748047e-01
-3.607790768146514893e-01,9.273619651794433594e-01,9.918873757123947144e-02
-4.363300204277038574e-01,8.997867107391357422e-01,-1.632773346500471234e-04
-4.588581919670104980e-01,8.855569362640380859e-01,7.237445563077926636e-02
-4.720814824104309082e-01,8.591608405113220215e-01,1.974379271268844604e-01
-4.690198600292205811e-01,8.068971037864685059e-01,3.590785264968872070e-01
-4.518309831619262695e-01,7.336677908897399902e-01,5.075237154960632324e-01
-4.072794020175933838e-01,6.405223608016967773e-01,6.510412096977233887e-01
-3.448883295059204102e-01,5.456664562225341797e-01,7.637409567832946777e-01
-2.677398622035980225e-01,4.611181914806365967e-01,8.459818959236145020e-01
-1.938874125480651855e-01,3.999641239643096924e-01,8.957880735397338867e-01
-1.661142706871032715e-01,3.845918178558349609e-01,9.080172181129455566e-01
-2.644956111907958984e-01,4.152380228042602539e-01,8.704134225845336914e-01
-5.944316387176513672e-01,4.519641399383544922e-01,6.651161313056945801e-01
-8.653886318206787109e-01,3.800103068351745605e-01,3.266414701938629150e-01
-9.329218864440917969e-01,3.097667694091796875e-01,1.835788637399673462e-01
-9.368071556091308594e-01,2.736439108848571777e-01,2.179710865020751953e-01
-9.158577322959899902e-01,2.412502765655517578e-01,3.209405839443206787e-01
-8.688362240791320801e-01,2.051938623189926147e-01,4.505763053894042969e-01
-7.981305718421936035e-01,1.698840856552124023e-01,5.780371427536010742e-01
-7.085528373718261719e-01,1.433906853199005127e-01,6.909354925155639648e-01
-6.020671725273132324e-01,1.300812214612960815e-01,7.877778410911560059e-01
-5.008935928344726562e-01,1.394550353288650513e-01,8.542001843452453613e-01
-4.100500643253326416e-01,1.615404486656188965e-01,8.976433277130126953e-01
-3.665960431098937988e-01,1.762262731790542603e-01,9.135379195213317871e-01
-3.606910705566406250e-01,1.534369736909866333e-01,9.199777841567993164e-01
-3.790474832057952881e-01,1.058530732989311218e-01,9.193030595779418945e-01
-3.946351110935211182e-01,6.861151754856109619e-02,9.162726402282714844e-01
-4.072770178318023682e-01,2.703092806041240692e-02,9.129045605659484863e-01
-4.112176895141601562e-01,3.772260621190071106e-02,9.107562899589538574e-01
-4.017103612422943115e-01,1.815425977110862732e-02,9.155867695808410645e-01
-3.957486450672149658e-01,-3.790959715843200684e-02,9.175760746002197266e-01
-3.789022862911224365e-01,-4.297689348459243774e-02,9.244382381439208984e-01
-3.531449735164642334e-01,-6.083249300718307495e-02,9.335887432098388672e-01
-3.019630610942840576e-01,-3.739284723997116089e-02,9.525859951972961426e-01
-2.353442311286926270e-01,2.399707213044166565e-02,9.716157913208007812e-01
-1.878066509962081909e-01,9.812924265861511230e-02,9.772918224334716797e-01
-2.785813212394714355e-01,1.237311735749244690e-01,9.524090886116027832e-01
-6.455207467079162598e-01,-6.353461742401123047e-02,7.610955238342285156e-01
-8.936938643455505371e-01,-3.641570210456848145e-01,2.621085643768310547e-01
-8.907282352447509766e-01,-4.521685540676116943e-01,4.633467271924018860e-02
-8.804689645767211914e-01,-4.709640145301818848e-01,5.447254702448844910e-02
-8.655686974525451660e-01,-4.775376915931701660e-01,1.508264839649200439e-01
-8.258973956108093262e-01,-4.726108908653259277e-01,3.074611127376556396e-01
-7.612622380256652832e-01,-4.598653316497802734e-01,4.571690857410430908e-01
-6.608336567878723145e-01,-4.097502231597900391e-01,6.288113594055175781e-01
-5.574211478233337402e-01,-3.493486940860748291e-01,7.531514763832092285e-01
-4.370042085647583008e-01,-2.454735189676284790e-01,8.653150200843811035e-01
-3.505670428276062012e-01,-1.407149434089660645e-01,9.259061217308044434e-01
-3.009997308254241943e-01,-4.025261476635932922e-02,9.527743458747863770e-01
-3.590305149555206299e-01,-7.560839504003524780e-02,9.302582740783691406e-01
-5.093824863433837891e-01,-6.210122704505920410e-01,5.957124233245849609e-01
-3.683733642101287842e-01,-9.295873045921325684e-01,-1.297647878527641296e-02
-3.102399408817291260e-01,-9.452897906303405762e-01,-1.008883938193321228e-01
-2.979886233806610107e-01,-9.539863467216491699e-01,-3.335826471447944641e-02
-2.836450040340423584e-01,-9.531747698783874512e-01,1.048966571688652039e-01
-2.570012807846069336e-01,-9.277693629264831543e-01,2.705446481704711914e-01
-2.200821340084075928e-01,-8.752002120018005371e-01,4.307997226715087891e-01
-1.865988522768020630e-01,-7.776100635528564453e-01,6.004194021224975586e-01
-1.609843224287033081e-01,-6.726487874984741211e-01,7.222379446029663086e-01
-1.562795639038085938e-01,-5.359323620796203613e-01,8.296705484390258789e-01
-1.680619865655899048e-01,-4.539557099342346191e-01,8.750311136245727539e-01
-1.732866019010543823e-01,-4.549005627632141113e-01,8.735199570655822754e-01
-3.993483260273933411e-02,-7.029436826705932617e-01,7.101234793663024902e-01
2.657859623432159424e-01,-9.266347289085388184e-01,2.659059762954711914e-01
4.108321070671081543e-01,-9.115514159202575684e-01,1.706281863152980804e-02
4.499547481536865234e-01,-8.927029967308044434e-01,2.494150586426258087e-02
4.664601981639862061e-01,-8.749216794967651367e-01,1.301035434007644653e-01
4.730596542358398438e-01,-8.366664052009582520e-01,2.760504484176635742e-01
4.621144831180572510e-01,-7.720705270767211914e-01,4.362995028495788574e-01
4.339587390422821045e-01,-6.898526549339294434e-01,5.794679522514343262e-01
3.765548467636108398e-01,-5.909766554832458496e-01,7.134094834327697754e-01
3.091528117656707764e-01,-5.029092431068420410e-01,8.071597814559936523e-01
2.267725765705108643e-01,-4.248381555080413818e-01,8.764055967330932617e-01
1.721852272748947144e-01,-3.871872723102569580e-01,9.057804942131042480e-01
1.896582096815109253e-01,-3.933057188987731934e-01,8.996334075927734375e-01
4.060239493846893311e-01,-4.426548480987548828e-01,7.995005249977111816e-01
7.630603313446044922e-01,-4.256695508956909180e-01,4.863580763339996338e-01
9.133220911026000977e-01,-3.390134572982788086e-01,2.256385684013366699e-01
9.388684630393981934e-01,-2.895118594169616699e-01,1.863031089305877686e-01
9.289610385894775391e-01,-2.581680417060852051e-01,2.652934789657592773e-01
8.962249159812927246e-01,-2.233145087957382202e-01,3.832903802394866943e-01
8.352400064468383789e-01,-1.871201246976852417e-01,5.170688629150390625e-01
7.568047046661376953e-01,-1.550424546003341675e-01,6.349870562553405762e-01
6.550624370574951172e-01,-1.347732543945312500e-01,7.434576749801635742e-01
5.515357255935668945e-01,-1.315476596355438232e-01,8.237132430076599121e-01
4.513247609138488770e-01,-1.506088227033615112e-01,8.795583844184875488e-01
3.822648525238037109e-01,-1.709521412849426270e-01,9.081017971038818359e-01
3.597648441791534424e-01,-1.714090257883071899e-01,9.171630740165710449e-01
3.683673739433288574e-01,-1.282890439033508301e-01,9.207862615585327148e-01
3.881992101669311523e-01,-8.817913383245468140e-02,9.173471331596374512e-01
4.006137549877166748e-01,-4.477603361010551453e-02,9.151523709297180176e-01
4.119352996349334717e-01,-2.662553638219833374e-02,9.108240008354187012e-01
4.062744677066802979e-01,-3.942539542913436890e-02,9.129001498222351074e-01
2.807248532772064209e-01,-4.144681990146636963e-02,9.588930010795593262e-01
2.755771875381469727e-01,1.573718152940273285e-02,9.611501097679138184e-01
2.645621895790100098e-01,4.486046358942985535e-02,9.633246660232543945e-01
2.492766380310058594e-01,5.939086154103279114e-02,9.666094183921813965e-01
2.043791860342025757e-01,7.472513616085052490e-02,9.760354757308959961e-01
1.427633613348007202e-01,5.015610530972480774e-02,9.884852170944213867e-01
3.465259447693824768e-02,-1.124477293342351913e-02,9.993361830711364746e-01
-4.851008951663970947e-02,-9.767708182334899902e-02,9.940351843833923340e-01
-8.311379700899124146e-02,-1.722800731658935547e-01,9.815353751182556152e-01
5.879655107855796814e-02,-1.670612692832946777e-01,9.841918349266052246e-01
5.027632713317871094e-01,1.155958771705627441e-01,8.566601276397705078e-01
7.824983000755310059e-01,4.328511357307434082e-01,4.475894868373870850e-01
8.023519515991210938e-01,5.039042830467224121e-01,3.198621869087219238e-01
7.794839143753051758e-01,5.101331472396850586e-01,3.635504841804504395e-01
7.273922562599182129e-01,4.937927126884460449e-01,4.765179157257080078e-01
6.412116885185241699e-01,4.528682231903076172e-01,6.194819808006286621e-01
5.403054356575012207e-01,3.968135416507720947e-01,7.420303225517272949e-01
4.063508808612823486e-01,2.925997376441955566e-01,8.656005859375000000e-01
2.979826033115386963e-01,1.914129108190536499e-01,9.351831674575805664e-01
1.811728626489639282e-01,3.729637339711189270e-02,9.827437996864318848e-01
1.258067190647125244e-01,-8.377512544393539429e-02,9.885111451148986816e-01
1.209607049822807312e-01,-1.906322538852691650e-01,9.741806387901306152e-01
2.356784939765930176e-01,-3.594741970300674438e-02,9.711660146713256836e-01
3.424309790134429932e-01,7.258470654487609863e-01,5.965626835823059082e-01
2.507500052452087402e-01,9.553637504577636719e-01,1.562194377183914185e-01
2.290782779455184937e-01,9.586182832717895508e-01,1.690387874841690063e-01
2.096898406744003296e-01,9.427724480628967285e-01,2.592495381832122803e-01
1.841554641723632812e-01,8.845884203910827637e-01,4.284740686416625977e-01
1.487559676170349121e-01,8.094190359115600586e-01,5.680778622627258301e-01
1.198944300413131714e-01,6.797128915786743164e-01,7.236129045486450195e-01
1.022802889347076416e-01,5.378883481025695801e-01,8.367884159088134766e-01
1.080302819609642029e-01,3.805287182331085205e-01,9.184374213218688965e-01
1.393602788448333740e-01,2.409062087535858154e-01,9.604909420013427734e-01
1.775100827217102051e-01,1.827373206615447998e-01,9.670042395591735840e-01
1.506934612989425659e-01,3.170373737812042236e-01,9.363645911216735840e-01
-1.596740782260894775e-01,7.311211824417114258e-01,6.632993817329406738e-01
-4.246488511562347412e-01,8.589849472045898438e-01,2.860388755798339844e-01
-4.911433458328247070e-01,8.455564379692077637e-01,2.093144208192825317e-01
-5.029883980751037598e-01,8.145567774772644043e-01,2.889634966850280762e-01
-4.965360462665557861e-01,7.617949247360229492e-01,4.160773754119873047e-01
-4.689243137836456299e-01,6.833765506744384766e-01,5.595591068267822266e-01
-4.196007251739501953e-01,5.868617892265319824e-01,6.924800276756286621e-01
-3.471257984638214111e-01,4.827314913272857666e-01,8.040360808372497559e-01
-2.516314387321472168e-01,3.814243376255035400e-01,8.894925713539123535e-01
-1.541066616773605347e-01,3.026820421218872070e-01,9.405502080917358398e-01
-6.099358201026916504e-02,2.524583637714385986e-01,9.656834602355957031e-01
-3.525402769446372986e-02,2.526904046535491943e-01,9.669046401977539062e-01
-1.593392342329025269e-01,3.004097938537597656e-01,9.404067993164062500e-01
-5.350590944290161133e-01,3.373041152954101562e-01,7.745565176010131836e-01
-8.243172764778137207e-01,2.812106311321258545e-01,4.913468360900878906e-01
-8.945497274398803711e-01,2.251051068305969238e-01,3.861455321311950684e-01
-8.853513598442077637e-01,1.879548430442810059e-01,4.252362847328186035e-01
-8.385185599327087402e-01,1.537279188632965088e-01,5.227373838424682617e-01
-7.671687602996826172e-01,1.208556815981864929e-01,6.299571394920349121e-01
-6.673629879951477051e-01,9.641892462968826294e-02,7.384646534919738770e-01
-5.600671172142028809e-01,8.447133004665374756e-02,8.241295218467712402e-01
-4.385777413845062256e-01,9.669205546379089355e-02,8.934764862060546875e-01
-3.391794860363006592e-01,1.241960078477859497e-01,9.324873089790344238e-01
-2.720080018043518066e-01,1.513140052556991577e-01,9.503239989280700684e-01
-2.531271576881408691e-01,1.396846473217010498e-01,9.572955965995788574e-01
-2.604729831218719482e-01,1.001905724406242371e-01,9.602684974670410156e-01
-2.683712840080261230e-01,6.841300427913665771e-02,9.608832001686096191e-01
-2.822953760623931885e-01,2.591724134981632233e-02,9.589774012565612793e-01
-2.799809575080871582e-01,4.127803817391395569e-02,9.591177105903625488e-01
-2.806302011013031006e-01,1.769683323800563812e-02,9.596528410911560059e-01
-2.685526013374328613e-01,-3.791122511029243469e-02,9.625186920166015625e-01
-2.607806622982025146e-01,-4.907675832509994507e-02,9.641498327255249023e-01
-2.284156531095504761e-01,-7.102362066507339478e-02,9.709695577621459961e-01
-1.787339001893997192e-01,-6.727261841297149658e-02,9.815949201583862305e-01
-9.116679430007934570e-02,-2.395922690629959106e-02,9.955474138259887695e-01
1.237433683127164841e-02,5.335020646452903748e-02,9.984991550445556641e-01
7.611073553562164307e-02,1.389507204294204712e-01,9.873701333999633789e-01
4.589444026350975037e-02,1.888109296560287476e-01,9.809404611587524414e-01
-2.494987249374389648e-01,7.102687656879425049e-02,9.657669067382812500e-01
-7.003788948059082031e-01,-3.134478926658630371e-01,6.412642002105712891e-01
-8.028149008750915527e-01,-4.850542545318603516e-01,3.467140495777130127e-01
-7.936943769454956055e-01,-5.093456506729125977e-01,3.325900733470916748e-01
-7.584682106971740723e-01,-5.061690807342529297e-01,4.105104207992553711e-01
-6.862311959266662598e-01,-4.739361703395843506e-01,5.517891645431518555e-01
-5.950500369071960449e-01,-4.306524991989135742e-01,6.785675883293151855e-01
-4.732873141765594482e-01,-3.465240597724914551e-01,8.098890185356140137e-01
-3.508126735687255859e-01,-2.452211678028106689e-01,9.037682414054870605e-01
-2.376478165388107300e-01,-1.172811910510063171e-01,9.642450809478759766e-01
-1.448306590318679810e-01,2.773540280759334564e-02,9.890676736831665039e-01
-1.152508929371833801e-01,1.442792713642120361e-01,9.828025102615356445e-01
-1.591911464929580688e-01,1.757934242486953735e-01,9.714704751968383789e-01
-3.269360661506652832e-01,-3.089405000209808350e-01,8.931229710578918457e-01
-2.879614531993865967e-01,-9.117841124534606934e-01,2.927931845188140869e-01
-2.362360209226608276e-01,-9.620379209518432617e-01,1.366582661867141724e-01
-2.204966843128204346e-01,-9.524882435798645020e-01,2.101127654314041138e-01
-1.979008316993713379e-01,-9.210620522499084473e-01,3.353803753852844238e-01
-1.672322601079940796e-01,-8.459941148757934570e-01,5.062877535820007324e-01
-1.323243826627731323e-01,-7.565172910690307617e-01,6.404464840888977051e-01
-1.101537197828292847e-01,-6.019946336746215820e-01,7.908657193183898926e-01
-1.001951396465301514e-01,-4.679677784442901611e-01,8.780473470687866211e-01
-1.229033395648002625e-01,-2.980885207653045654e-01,9.465928673744201660e-01
-1.574975401163101196e-01,-2.030054479837417603e-01,9.664281010627746582e-01
-1.859056651592254639e-01,-2.077583074569702148e-01,9.603518247604370117e-01
-3.210038691759109497e-02,-5.200406908988952637e-01,8.535380363464355469e-01
3.280349671840667725e-01,-8.367403745651245117e-01,4.384730458259582520e-01
4.707584679126739502e-01,-8.549734950065612793e-01,2.177310883998870850e-01
4.998801946640014648e-01,-8.326065540313720703e-01,2.385082244873046875e-01
5.019286274909973145e-01,-7.909789681434631348e-01,3.498854935169219971e-01
4.858966171741485596e-01,-7.260758876800537109e-01,4.865370690822601318e-01
4.462673068046569824e-01,-6.359299421310424805e-01,6.296337842941284180e-01
3.875983059406280518e-01,-5.361936092376708984e-01,7.498427033424377441e-01
2.998337149620056152e-01,-4.294176995754241943e-01,8.518803715705871582e-01
2.041251957416534424e-01,-3.397596478462219238e-01,9.180938005447387695e-01
1.032678633928298950e-01,-2.720117568969726562e-01,9.567368626594543457e-01
3.634173050522804260e-02,-2.462035566568374634e-01,9.685366153717041016e-01
6.896585971117019653e-02,-2.714838385581970215e-01,9.599689245223999023e-01
3.237855136394500732e-01,-3.290030658245086670e-01,8.870850801467895508e-01
7.161231637001037598e-01,-3.161228895187377930e-01,6.222812533378601074e-01
8.754531145095825195e-01,-2.494212985038757324e-01,4.139696657657623291e-01
8.958706259727478027e-01,-2.056729495525360107e-01,3.938457667827606201e-01
8.654586076736450195e-01,-1.707065701484680176e-01,4.709996879100799561e-01
8.061887621879577637e-01,-1.368937641382217407e-01,5.756039023399353027e-01
7.198694944381713867e-01,-1.071123331785202026e-01,6.857950687408447266e-01
6.144368648529052734e-01,-8.849967271089553833e-02,7.839866876602172852e-01
5.003735423088073730e-01,-8.705050498247146606e-02,8.614223599433898926e-01
3.836775720119476318e-01,-1.100121214985847473e-01,9.168909192085266113e-01
3.018816411495208740e-01,-1.389875262975692749e-01,9.431595802307128906e-01
2.553144395351409912e-01,-1.530757695436477661e-01,9.546634554862976074e-01
2.575586736202239990e-01,-1.182063370943069458e-01,9.590050578117370605e-01
2.624603807926177979e-01,-8.668488264083862305e-02,9.610412120819091797e-01
2.771459817886352539e-01,-4.352011904120445251e-02,9.598417282104492188e-01
2.816743552684783936e-01,-2.814671956002712250e-02,9.590971469879150391e-01
2.807254791259765625e-01,-4.144646972417831421e-02,9.588928222656250000e-01
1.718265712261199951e-01,-4.324921965599060059e-02,9.841774106025695801e-01
1.656238138675689697e-01,1.513836346566677094e-02,9.860728383064270020e-01
1.630295664072036743e-01,4.829477518796920776e-02,9.854385256767272949e-01
1.424588412046432495e-01,6.216080114245414734e-02,9.878469109535217285e-01
1.140309721231460571e-01,9.171193093061447144e-02,9.892349839210510254e-01
4.431860148906707764e-02,7.783610373735427856e-02,9.959806203842163086e-01
-4.962982982397079468e-02,3.716459497809410095e-02,9.980760216712951660e-01
-1.671170443296432495e-01,-5.036051943898200989e-02,9.846500158309936523e-01
-2.591601312160491943e-01,-1.348601877689361572e-01,9.563726782798767090e-01
-2.994295358657836914e-01,-2.216484695672988892e-01,9.280160665512084961e-01
-2.134661376476287842e-01,-2.503057122230529785e-01,9.443406462669372559e-01
1.498063951730728149e-01,-2.505165338516235352e-02,9.883978962898254395e-01
5.627449750900268555e-01,3.793780207633972168e-01,7.344321012496948242e-01
6.495718955993652344e-01,5.024680495262145996e-01,5.705981254577636719e-01
6.250180602073669434e-01,5.020802617073059082e-01,5.977189540863037109e-01
5.589106082916259766e-01,4.678752124309539795e-01,6.846252083778381348e-01
4.514807164669036865e-01,3.921860158443450928e-01,8.014706373214721680e-01
3.379814028739929199e-01,3.069560825824737549e-01,8.896889686584472656e-01
2.023138552904129028e-01,1.685144305229187012e-01,9.647133946418762207e-01
9.655112773180007935e-02,3.764164820313453674e-02,9.946160316467285156e-01
6.683950778096914291e-04,-1.318097412586212158e-01,9.912747740745544434e-01
-3.941773623228073120e-02,-2.764873802661895752e-01,9.602087736129760742e-01
-2.617898583412170410e-02,-3.917722105979919434e-01,9.196897149085998535e-01
7.343598455190658569e-02,-3.234349489212036133e-01,9.433964490890502930e-01
1.914310157299041748e-01,4.142811000347137451e-01,8.897894620895385742e-01
1.441562026739120483e-01,8.880877494812011719e-01,4.364850223064422607e-01
1.288752704858779907e-01,9.028589725494384766e-01,4.101668298244476318e-01
1.106038764119148254e-01,8.590739965438842773e-01,4.997586607933044434e-01
8.716684579849243164e-02,7.623633146286010742e-01,6.412520408630371094e-01
6.094603613018989563e-02,6.359961032867431641e-01,7.692818045616149902e-01
4.738734290003776550e-02,4.707608520984649658e-01,8.809872865676879883e-01
5.458356440067291260e-02,2.860049605369567871e-01,9.566721916198730469e-01
8.769706636667251587e-02,1.091948896646499634e-01,9.901443123817443848e-01
1.499730199575424194e-01,-4.545573517680168152e-02,9.876446723937988281e-01
2.182565033435821533e-01,-1.029045134782791138e-01,9.704507589340209961e-01
2.065013796091079712e-01,3.927613049745559692e-02,9.776576757431030273e-01
-1.604284942150115967e-01,5.428077578544616699e-01,8.243921399116516113e-01
-4.686097204685211182e-01,7.460681200027465820e-01,4.730616807937622070e-01
-5.259164571762084961e-01,7.413390874862670898e-01,4.169271886348724365e-01
-5.199725627899169922e-01,6.971267461776733398e-01,4.936018884181976318e-01
-4.864082336425781250e-01,6.214517354965209961e-01,6.141699552536010742e-01
-4.300345778465270996e-01,5.265204310417175293e-01,7.333801984786987305e-01
-3.468030095100402832e-01,4.154235720634460449e-01,8.409226536750793457e-01
-2.430587112903594971e-01,3.103799819946289062e-01,9.190140366554260254e-01
-1.220599189400672913e-01,2.134118229150772095e-01,9.693073630332946777e-01
1.340760383754968643e-03,1.458659917116165161e-01,9.893034696578979492e-01
1.021090373396873474e-01,1.141677200794219971e-01,9.882001280784606934e-01
1.290205866098403931e-01,1.334896087646484375e-01,9.826160073280334473e-01
-3.518385440111160278e-02,1.953545361757278442e-01,9.801014065742492676e-01
-4.579785466194152832e-01,2.255445420742034912e-01,8.598752021789550781e-01
-7.536940574645996094e-01,1.741873919963836670e-01,6.337223649024963379e-01
-8.154156804084777832e-01,1.286051124334335327e-01,5.644095540046691895e-01
-7.913187146186828613e-01,9.687024354934692383e-02,6.036810874938964844e-01
-7.204601168632507324e-01,6.843855977058410645e-02,6.901111602783203125e-01
-6.260936260223388672e-01,4.860549792647361755e-02,7.782315015792846680e-01
-5.079369544982910156e-01,4.049331322312355042e-02,8.604419231414794922e-01
-3.857162594795227051e-01,5.682631209492683411e-02,9.208657741546630859e-01
-2.726152241230010986e-01,9.127072244882583618e-02,9.577841758728027344e-01
-1.922091692686080933e-01,1.288529336452484131e-01,9.728578925132751465e-01
-1.623377799987792969e-01,1.264789849519729614e-01,9.785956740379333496e-01
-1.557111740112304688e-01,9.554022550582885742e-02,9.831714630126953125e-01
-1.644797176122665405e-01,6.584226340055465698e-02,9.841805100440979004e-01
-1.672402620315551758e-01,2.700716070830821991e-02,9.855461716651916504e-01
-1.733990758657455444e-01,4.144539684057235718e-02,9.839791655540466309e-01
-1.676526069641113281e-01,2.065072953701019287e-02,9.856297969818115234e-01
-1.658763587474822998e-01,-4.083169996738433838e-02,9.853008985519409180e-01
-1.540907025337219238e-01,-5.059332773089408875e-02,9.867604970932006836e-01
-1.307849735021591187e-01,-8.047869801521301270e-02,9.881389141082763672e-01
-8.491868525743484497e-02,-8.913435786962509155e-02,9.923930168151855469e-01
8.867347496561706066e-04,-6.222479417920112610e-02,9.980617761611938477e-01
1.063437536358833313e-01,2.577434061095118523e-03,9.943260550498962402e-01
2.198374718427658081e-01,9.478780627250671387e-02,9.709205627441406250e-01
2.871487438678741455e-01,1.774500310420989990e-01,9.413060545921325684e-01
2.811306416988372803e-01,2.531091272830963135e-01,9.256896972656250000e-01
7.424031943082809448e-02,1.847178936004638672e-01,9.799835085868835449e-01
-3.992706835269927979e-01,-2.004499584436416626e-01,8.946522474288940430e-01
-6.314767003059387207e-01,-4.695418775081634521e-01,6.170636415481567383e-01
-6.434406638145446777e-01,-5.079014897346496582e-01,5.727304816246032715e-01
-5.976862311363220215e-01,-4.899702966213226318e-01,6.345866918563842773e-01
-5.079068541526794434e-01,-4.330636858940124512e-01,7.446384429931640625e-01
-3.962316811084747314e-01,-3.525731265544891357e-01,8.477573990821838379e-01
-2.707695662975311279e-01,-2.433008998632431030e-01,9.313906431198120117e-01
-1.451410055160522461e-01,-1.008513644337654114e-01,9.842575788497924805e-01
-4.670230671763420105e-02,4.054043069481849670e-02,9.980858564376831055e-01
2.814846672117710114e-02,2.125301063060760498e-01,9.767490625381469727e-01
3.998130187392234802e-02,3.374546766281127930e-01,9.404923319816589355e-01
-1.152637135237455368e-02,4.046816825866699219e-01,9.143849611282348633e-01
-1.478264927864074707e-01,6.036563962697982788e-02,9.871693849563598633e-01
-1.704027652740478516e-01,-7.679938077926635742e-01,6.173720955848693848e-01
-1.337914913892745972e-01,-9.125680327415466309e-01,3.864187002182006836e-01
-1.213350519537925720e-01,-8.825092315673828125e-01,4.543734192848205566e-01
-9.902690351009368896e-02,-8.217694759368896484e-01,5.611493587493896484e-01
-7.419732213020324707e-02,-6.956686973571777344e-01,7.145207524299621582e-01
-5.092103406786918640e-02,-5.663615465164184570e-01,8.225823640823364258e-01
-4.934282600879669189e-02,-3.697331547737121582e-01,9.278268218040466309e-01
-6.589937955141067505e-02,-2.047335803508758545e-01,9.765968918800354004e-01
-1.175452470779418945e-01,-1.814765110611915588e-02,9.929016828536987305e-01
-1.841610521078109741e-01,8.475562930107116699e-02,9.792349934577941895e-01
-2.371711134910583496e-01,7.549507915973663330e-02,9.685299992561340332e-01
-7.396420091390609741e-02,-2.703340947628021240e-01,9.599211812019348145e-01
3.629552125930786133e-01,-6.990444064140319824e-01,6.161171793937683105e-01
5.122107267379760742e-01,-7.511646747589111328e-01,4.164033234119415283e-01
5.263031125068664551e-01,-7.230708003044128418e-01,4.474078416824340820e-01
5.069221258163452148e-01,-6.628672480583190918e-01,5.510327219963073730e-01
4.604751467704772949e-01,-5.758300423622131348e-01,6.755607724189758301e-01
3.924316763877868652e-01,-4.721919000148773193e-01,7.893239259719848633e-01
2.964455783367156982e-01,-3.613093495368957520e-01,8.840675950050354004e-01
1.848320513963699341e-01,-2.603459060192108154e-01,9.476587176322937012e-01
5.883559584617614746e-02,-1.747880727052688599e-01,9.828466773033142090e-01
-5.639475584030151367e-02,-1.252022385597229004e-01,9.905271530151367188e-01
-1.303509175777435303e-01,-1.165393516421318054e-01,9.845949411392211914e-01
-8.086455613374710083e-02,-1.619050353765487671e-01,9.834874868392944336e-01
2.280802726745605469e-01,-2.219489216804504395e-01,9.480073451995849609e-01
6.450612545013427734e-01,-2.040807753801345825e-01,7.363741993904113770e-01
8.020194768905639648e-01,-1.484500169754028320e-01,5.785563588142395020e-01
8.097066879272460938e-01,-1.121777668595314026e-01,5.760132670402526855e-01
7.609977722167968750e-01,-8.198942244052886963e-02,6.435526609420776367e-01
6.747798323631286621e-01,-5.732477083802223206e-02,7.357894182205200195e-01
5.707494020462036133e-01,-4.234403371810913086e-02,8.200317621231079102e-01
4.445200562477111816e-01,-4.540174081921577454e-02,8.946176171302795410e-01
3.288270831108093262e-01,-7.255936414003372192e-02,9.415985941886901855e-01
2.245903462171554565e-01,-1.116891503334045410e-01,9.680313467979431152e-01
1.736305356025695801e-01,-1.348293274641036987e-01,9.755374789237976074e-01
1.559293121099472046e-01,-1.102922186255455017e-01,9.815914034843444824e-01
1.602263897657394409e-01,-8.299499005079269409e-02,9.835850000381469727e-01
1.659431159496307373e-01,-4.322955384850502014e-02,9.851872920989990234e-01
1.706562638282775879e-01,-2.870365418493747711e-02,9.849124550819396973e-01
1.718277931213378906e-01,-4.324853420257568359e-02,9.841772317886352539e-01
6.544301658868789673e-02,-4.637749120593070984e-02,9.967779517173767090e-01
6.905348598957061768e-02,1.673017069697380066e-02,9.974726438522338867e-01
5.856085568666458130e-02,4.727728664875030518e-02,9.971637129783630371e-01
5.515227094292640686e-02,6.776337325572967529e-02,9.961758255958557129e-01
2.207073941826820374e-02,9.895957261323928833e-02,9.948467016220092773e-01
-2.270852774381637573e-02,1.027424260973930359e-01,9.944487810134887695e-01
-1.200225800275802612e-01,7.068142294883728027e-02,9.902518391609191895e-01
-2.303899526596069336e-01,-6.796737201511859894e-03,9.730746150016784668e-01
-3.470151424407958984e-01,-9.152220189571380615e-02,9.333832263946533203e-01
-4.348354637622833252e-01,-1.879009306430816650e-01,8.806880116462707520e-01
-4.679156243801116943e-01,-2.797713577747344971e-01,8.383214473724365234e-01
-4.110140204429626465e-01,-3.280739784240722656e-01,8.505496978759765625e-01
-1.363522261381149292e-01,-1.592861562967300415e-01,9.777709245681762695e-01
2.967132925987243652e-01,2.786931991577148438e-01,9.133954644203186035e-01
4.488326311111450195e-01,4.549119472503662109e-01,7.691582441329956055e-01
4.299156963825225830e-01,4.506486952304840088e-01,7.823607921600341797e-01
3.610187768936157227e-01,3.967850506305694580e-01,8.439354896545410156e-01
2.440653890371322632e-01,2.913350462913513184e-01,9.249626994132995605e-01
1.341322213411331177e-01,1.766431927680969238e-01,9.750927090644836426e-01
9.818042628467082977e-03,1.644923724234104156e-02,9.998165369033813477e-01
-8.088357746601104736e-02,-1.390111148357391357e-01,9.869821667671203613e-01
-1.467437148094177246e-01,-3.122058510780334473e-01,9.386126995086669922e-01
-1.626344025135040283e-01,-4.646255373954772949e-01,8.704442381858825684e-01
-1.221694275736808777e-01,-5.759949088096618652e-01,8.082725405693054199e-01
-3.314210474491119385e-02,-5.597400665283203125e-01,8.280052542686462402e-01
4.678736254572868347e-02,2.183798141777515411e-02,9.986661076545715332e-01
1.901356503367424011e-02,7.085815668106079102e-01,7.053726315498352051e-01
1.435585413128137589e-02,7.686046361923217773e-01,6.395629644393920898e-01
6.277302745729684830e-03,6.997475624084472656e-01,7.143625617027282715e-01
-6.530579645186662674e-03,5.674418807029724121e-01,8.233875632286071777e-01
-1.273095887154340744e-02,3.965710103511810303e-01,9.179157614707946777e-01
-1.741459360346198082e-03,2.008801847696304321e-01,9.796142578125000000e-01
3.721391782164573669e-02,-6.281436886638402939e-03,9.992876052856445312e-01
1.017330884933471680e-01,-1.882287710905075073e-01,9.768420457839965820e-01
1.960519999265670776e-01,-3.308100700378417969e-01,9.231080412864685059e-01
2.928791642189025879e-01,-3.843870460987091064e-01,8.754817843437194824e-01
3.108233213424682617e-01,-2.564300000667572021e-01,9.152226448059082031e-01
-1.052443534135818481e-01,2.863898873329162598e-01,9.523153305053710938e-01
-4.804628491401672363e-01,5.843002200126647949e-01,6.540250182151794434e-01
-5.285840034484863281e-01,5.912038087844848633e-01,6.091609001159667969e-01
-5.009992718696594238e-01,5.388934016227722168e-01,6.771954298019409180e-01
-4.356432557106018066e-01,4.484872817993164062e-01,7.804319262504577637e-01
-3.480315208435058594e-01,3.437838554382324219e-01,8.721734881401062012e-01
-2.300634086132049561e-01,2.321068048477172852e-01,9.450911879539489746e-01
-9.756637364625930786e-02,1.305106580257415771e-01,9.866345524787902832e-01
4.819714277982711792e-02,4.946789517998695374e-02,9.976121187210083008e-01
1.910211443901062012e-01,-2.789889927953481674e-03,9.815819263458251953e-01
2.970755994319915771e-01,-7.513284683227539062e-03,9.548243880271911621e-01
3.198159039020538330e-01,3.238225355744361877e-02,9.469262361526489258e-01
1.135450825095176697e-01,1.025856360793113708e-01,9.882224798202514648e-01
-3.596226871013641357e-01,1.161449402570724487e-01,9.258412122726440430e-01
-6.524077057838439941e-01,6.580231338739395142e-02,7.550061345100402832e-01
-6.982409954071044922e-01,3.233832120895385742e-02,7.151319384574890137e-01
-6.581190824508666992e-01,9.495545178651809692e-03,7.528539896011352539e-01
-5.661701560020446777e-01,-2.748025581240653992e-03,8.242838382720947266e-01
-4.551035165786743164e-01,-4.853342659771442413e-03,8.904253244400024414e-01
-3.272537589073181152e-01,1.765378937125205994e-02,9.447715878486633301e-01
-2.065117508172988892e-01,6.020266935229301453e-02,9.765902757644653320e-01
-1.195758730173110962e-01,1.060490086674690247e-01,9.871450066566467285e-01
-7.050983607769012451e-02,1.149964630603790283e-01,9.908603429794311523e-01
-6.445948034524917603e-02,8.836869150400161743e-02,9.940000176429748535e-01
-5.818197876214981079e-02,6.583356112241744995e-02,9.961329102516174316e-01
-6.806748360395431519e-02,2.474291063845157623e-02,9.973738789558410645e-01
-6.379257142543792725e-02,4.459678381681442261e-02,9.969661831855773926e-01
-6.975381076335906982e-02,2.047250047326087952e-02,9.973540902137756348e-01
-6.284616142511367798e-02,-4.060219600796699524e-02,9.971969723701477051e-01
-5.855916067957878113e-02,-5.264710634946823120e-02,9.968947172164916992e-01
-4.170533642172813416e-02,-8.665012568235397339e-02,9.953654408454895020e-01
-2.233603270724415779e-03,-1.033491417765617371e-01,9.946426749229431152e-01
6.371530145406723022e-02,-9.393208473920822144e-02,9.935376644134521484e-01
1.776782423257827759e-01,-3.434067219495773315e-02,9.834892749786376953e-01
2.861879467964172363e-01,4.806463047862052917e-02,9.569672346115112305e-01
3.996646404266357422e-01,1.389075815677642822e-01,9.060755968093872070e-01
4.566746950149536133e-01,2.354894578456878662e-01,8.579003214836120605e-01
4.582030773162841797e-01,3.155364096164703369e-01,8.309553265571594238e-01
3.097167909145355225e-01,2.889041900634765625e-01,9.058751463890075684e-01
-9.557158499956130981e-02,-6.298609077930450439e-02,9.934278130531311035e-01
-4.078577756881713867e-01,-4.048641026020050049e-01,8.183746933937072754e-01
-4.494098424911499023e-01,-4.626388549804687500e-01,7.641963958740234375e-01
-4.008875489234924316e-01,-4.291780889034271240e-01,8.093796372413635254e-01
-3.064034879207611084e-01,-3.491236865520477295e-01,8.855673074722290039e-01
-1.868985593318939209e-01,-2.345208823680877686e-01,9.539753794670104980e-01
-7.442381232976913452e-02,-1.037743762135505676e-01,9.918125271797180176e-01
4.333797469735145569e-02,6.622312963008880615e-02,9.968632459640502930e-01
1.145403608679771423e-01,2.192447334527969360e-01,9.689232110977172852e-01
1.647296249866485596e-01,3.977901935577392578e-01,9.025669693946838379e-01
1.471121162176132202e-01,5.229114294052124023e-01,8.395960927009582520e-01
8.403274416923522949e-02,6.012071371078491211e-01,7.946624159812927246e-01
-1.860831305384635925e-02,3.837211132049560547e-01,9.232615232467651367e-01
-3.555417433381080627e-02,-4.828433394432067871e-01,8.749846816062927246e-01
-1.429966930299997330e-02,-7.730886936187744141e-01,6.341367363929748535e-01
-1.230022404342889786e-02,-7.379261851310729980e-01,6.747693419456481934e-01
1.096042455174028873e-03,-6.463546156883239746e-01,7.630363702774047852e-01
9.934221394360065460e-03,-4.779666364192962646e-01,8.783217668533325195e-01
1.180231478065252304e-02,-3.097967803478240967e-01,9.507295489311218262e-01
-1.626957021653652191e-02,-8.811266720294952393e-02,9.959776997566223145e-01
-6.363890320062637329e-02,9.389550238847732544e-02,9.935460090637207031e-01
-1.484232544898986816e-01,2.728064656257629395e-01,9.505509734153747559e-01
-2.441222816705703735e-01,3.674858510494232178e-01,8.974176645278930664e-01
-3.275645971298217773e-01,3.594385385513305664e-01,8.737879991531372070e-01
-1.757245361804962158e-01,3.127619996666908264e-02,9.839423894882202148e-01
3.578671514987945557e-01,-5.043210387229919434e-01,7.858698368072509766e-01
5.230407714843750000e-01,-6.009531617164611816e-01,6.043870449066162109e-01
5.186684727668762207e-01,-5.690404772758483887e-01,6.381033658981323242e-01
4.736102223396301270e-01,-4.986748695373535156e-01,7.259591817855834961e-01
3.929095566272735596e-01,-3.953441381454467773e-01,8.302560448646545410e-01
2.946276366710662842e-01,-2.899203598499298096e-01,9.105716943740844727e-01
1.626289486885070801e-01,-1.772577017545700073e-01,9.706346392631530762e-01
2.855913527309894562e-02,-8.871450275182723999e-02,9.956476688385009766e-01
-1.243160068988800049e-01,-1.728780008852481842e-02,9.920920133590698242e-01
-2.485328465700149536e-01,1.055542659014463425e-02,9.685660004615783691e-01
-3.267412781715393066e-01,-6.599515210837125778e-03,9.450907707214355469e-01
-2.558096647262573242e-01,-6.728457659482955933e-02,9.643828272819519043e-01
1.102023571729660034e-01,-1.227968558669090271e-01,9.862942695617675781e-01
5.488905906677246094e-01,-9.130838513374328613e-02,8.308922648429870605e-01
6.933551430702209473e-01,-4.665741696953773499e-02,7.190839648246765137e-01
6.843889355659484863e-01,-2.007369697093963623e-02,7.288407087326049805e-01
6.182200312614440918e-01,-1.841611112467944622e-03,7.860028743743896484e-01
5.102444291114807129e-01,5.303873214870691299e-03,8.600130677223205566e-01
3.951695859432220459e-01,-2.242054091766476631e-03,9.186054468154907227e-01
2.609490156173706055e-01,-3.816608712077140808e-02,9.645978212356567383e-01
1.612389683723449707e-01,-8.360509574413299561e-02,9.833677411079406738e-01
8.673405647277832031e-02,-1.187320277094841003e-01,9.891308546066284180e-01
6.691495329141616821e-02,-1.007280722260475159e-01,9.926611781120300293e-01
5.950265377759933472e-02,-8.008450269699096680e-02,9.950104951858520508e-01
6.326627731323242188e-02,-4.238021746277809143e-02,9.970964789390563965e-01
6.687490642070770264e-02,-2.837404981255531311e-02,9.973578453063964844e-01
6.544374674558639526e-02,-4.637717828154563904e-02,9.967779517173767090e-01
-2.971450611948966980e-02,-4.644740745425224304e-02,9.984786510467529297e-01
-3.288831934332847595e-02,1.464803609997034073e-02,9.993517398834228516e-01
-2.969693019986152649e-02,4.994770139455795288e-02,9.983102083206176758e-01
-4.055889695882797241e-02,6.708084791898727417e-02,9.969227910041809082e-01
-5.163183063268661499e-02,1.079061776399612427e-01,9.928194880485534668e-01
-9.611552208662033081e-02,1.174211949110031128e-01,9.884199500083923340e-01
-1.701162308454513550e-01,1.010909676551818848e-01,9.802250266075134277e-01
-2.822988629341125488e-01,2.847299538552761078e-02,9.589038491249084473e-01
-4.042443335056304932e-01,-5.414505675435066223e-02,9.130469560623168945e-01
-5.057085156440734863e-01,-1.477618813514709473e-01,8.499561548233032227e-01
-5.826717019081115723e-01,-2.519116699695587158e-01,7.726798057556152344e-01
-5.998306274414062500e-01,-3.483656048774719238e-01,7.203087210655212402e-01
-5.506734251976013184e-01,-4.087339639663696289e-01,7.278016209602355957e-01
-3.525335788726806641e-01,-2.759559452533721924e-01,8.941857814788818359e-01
3.365064412355422974e-02,1.474032402038574219e-01,9.885039329528808594e-01
2.267609983682632446e-01,3.698508739471435547e-01,9.009937047958374023e-01
2.198800593614578247e-01,3.599303066730499268e-01,9.066988825798034668e-01
1.523142307996749878e-01,2.873724400997161865e-01,9.456307888031005859e-01
4.461855068802833557e-02,1.577544957399368286e-01,9.864698052406311035e-01
-5.866317451000213623e-02,1.595015451312065125e-02,9.981504082679748535e-01
-1.564577668905258179e-01,-1.540898382663726807e-01,9.755907058715820312e-01
-2.250982671976089478e-01,-3.275443613529205322e-01,9.176303148269653320e-01
-2.534189820289611816e-01,-4.884873032569885254e-01,8.349604606628417969e-01
-2.390254139900207520e-01,-6.386889815330505371e-01,7.313981056213378906e-01
-1.742879003286361694e-01,-7.344043850898742676e-01,6.559527516365051270e-01
-8.222696185111999512e-02,-7.423725128173828125e-01,6.649223566055297852e-01
-5.540030449628829956e-02,-3.347145020961761475e-01,9.406896233558654785e-01
-1.029769405722618103e-01,4.260738492012023926e-01,8.988085389137268066e-01
-9.845502674579620361e-02,5.463272929191589355e-01,8.317650556564331055e-01
-9.119389951229095459e-02,4.615235030651092529e-01,8.824283480644226074e-01
-8.055672049522399902e-02,3.037294745445251465e-01,9.493466019630432129e-01
-5.960915237665176392e-02,1.082874611020088196e-01,9.923308491706848145e-01
-1.402996573597192764e-02,-9.778521955013275146e-02,9.951086044311523438e-01
5.560871213674545288e-02,-2.950436174869537354e-01,9.538641571998596191e-01
1.526033580303192139e-01,-4.575124382972717285e-01,8.760105967521667480e-01
2.683833241462707520e-01,-5.684198141098022461e-01,7.777334451675415039e-01
3.874031603336334229e-01,-6.003264188766479492e-01,6.996619701385498047e-01
4.404733777046203613e-01,-5.043168663978576660e-01,7.427299022674560547e-01
2.409590780735015869e-02,-2.301771752536296844e-02,9.994446039199829102e-01
-4.495460689067840576e-01,3.755280673503875732e-01,8.104856610298156738e-01
-4.882694184780120850e-01,3.993078768253326416e-01,7.759807705879211426e-01
-4.384751319885253906e-01,3.469867706298828125e-01,8.290595412254333496e-01
-3.392657041549682617e-01,2.499963939189910889e-01,9.068630337715148926e-01
-2.183531522750854492e-01,1.483440548181533813e-01,9.645288586616516113e-01
-7.312794774770736694e-02,4.345169663429260254e-02,9.963755607604980469e-01
9.116808325052261353e-02,-4.409758001565933228e-02,9.948586821556091309e-01
2.475933581590652466e-01,-1.025592088699340820e-01,9.634205102920532227e-01
4.062655270099639893e-01,-1.275765895843505859e-01,9.048052430152893066e-01
5.083214044570922852e-01,-1.041616350412368774e-01,8.548448681831359863e-01
5.303248763084411621e-01,-4.224080964922904968e-02,8.467415571212768555e-01
2.916115522384643555e-01,2.608097903430461884e-02,9.561812281608581543e-01
-2.307966500520706177e-01,9.874572977423667908e-03,9.729518294334411621e-01
-5.154626369476318359e-01,-3.532595932483673096e-02,8.561836481094360352e-01
-5.451188087463378906e-01,-5.753774568438529968e-02,8.363820910453796387e-01
-4.877959489822387695e-01,-6.147059798240661621e-02,8.707907199859619141e-01
-3.833675384521484375e-01,-5.426571145653724670e-02,9.220002889633178711e-01
-2.605933845043182373e-01,-2.325173839926719666e-02,9.651685953140258789e-01
-1.417442113161087036e-01,2.752762287855148315e-02,9.895204305648803711e-01
-3.918278962373733521e-02,8.470988273620605469e-02,9.956349730491638184e-01
8.318782784044742584e-03,1.006098538637161255e-01,9.948911666870117188e-01
3.349823504686355591e-02,8.449777215719223022e-02,9.958603978157043457e-01
3.099830821156501770e-02,6.166259571909904480e-02,9.976155757904052734e-01
3.634651750326156616e-02,2.611196599900722504e-02,9.989979863166809082e-01
3.184882923960685730e-02,4.417528212070465088e-02,9.985159635543823242e-01
3.156835585832595825e-02,2.279115654528141022e-02,9.992417097091674805e-01
3.086897730827331543e-02,-4.168662056326866150e-02,9.986537694931030273e-01
3.374909609556198120e-02,-5.327300354838371277e-02,9.980094432830810547e-01
4.554425552487373352e-02,-8.959567546844482422e-02,9.949364066123962402e-01
6.752444058656692505e-02,-1.158498749136924744e-01,9.909688234329223633e-01
1.313589513301849365e-01,-1.146444901823997498e-01,9.846833944320678711e-01
2.192579656839370728e-01,-7.076583802700042725e-02,9.730971455574035645e-01
3.478562235832214355e-01,1.444524154067039490e-02,9.374366402626037598e-01
4.547079801559448242e-01,9.707041829824447632e-02,8.853349685668945312e-01
5.515874028205871582e-01,2.013507783412933350e-01,8.094499111175537109e-01
5.977322459220886230e-01,3.002867400646209717e-01,7.433331012725830078e-01
5.868740081787109375e-01,3.897840380668640137e-01,7.096812129020690918e-01
4.788317978382110596e-01,3.815612494945526123e-01,7.906523346900939941e-01
1.638013422489166260e-01,7.692177593708038330e-02,9.834897518157958984e-01
-1.666204482316970825e-01,-3.011874556541442871e-01,9.388949275016784668e-01
-2.371916174888610840e-01,-3.803451657295227051e-01,8.939114212989807129e-01
-1.901875138282775879e-01,-3.277808427810668945e-01,9.254125356674194336e-01
-1.029221117496490479e-01,-2.306436747312545776e-01,9.675797224044799805e-01
1.095174439251422882e-02,-8.381533622741699219e-02,9.964211583137512207e-01
1.061616167426109314e-01,6.024084985256195068e-02,9.925224184989929199e-01
1.985945403575897217e-01,2.484656423330307007e-01,9.480638504028320312e-01
2.418609112501144409e-01,4.028744399547576904e-01,8.827205300331115723e-01
2.539483010768890381e-01,5.725452303886413574e-01,7.795525789260864258e-01
2.114932388067245483e-01,6.901847124099731445e-01,6.920374035835266113e-01
1.288240551948547363e-01,7.607003450393676758e-01,6.361912488937377930e-01
5.105552822351455688e-02,6.315184831619262695e-01,7.736780643463134766e-01
8.641837537288665771e-02,-1.184134259819984436e-01,9.891966581344604492e-01
1.028171032667160034e-01,-5.383238792419433594e-01,8.364424705505371094e-01
9.461019188165664673e-02,-5.104871392250061035e-01,8.546646833419799805e-01
8.698846399784088135e-02,-3.961080908775329590e-01,9.140740633010864258e-01
7.145432382822036743e-02,-2.007705867290496826e-01,9.770289063453674316e-01
4.163362458348274231e-02,-1.399122085422277451e-02,9.990349411964416504e-01
-1.979793235659599304e-02,2.075246274471282959e-01,9.780294299125671387e-01
-9.825396537780761719e-02,3.743076324462890625e-01,9.220845699310302734e-01
-2.117365598678588867e-01,5.268245935440063477e-01,8.231788873672485352e-01
-3.261923789978027344e-01,5.913423299789428711e-01,7.375044226646423340e-01
-4.369158148765563965e-01,5.794965624809265137e-01,6.879595518112182617e-01
-3.286983966827392578e-01,3.316749036312103271e-01,8.842789530754089355e-01
2.962612211704254150e-01,-2.545110881328582764e-01,9.205723404884338379e-01
4.935174882411956787e-01,-4.070303440093994141e-01,7.686135172843933105e-01
4.661052227020263672e-01,-3.767117559909820557e-01,8.005211353302001953e-01
3.978421986103057861e-01,-3.048322796821594238e-01,8.653316497802734375e-01
2.757951021194458008e-01,-1.954278349876403809e-01,9.411402940750122070e-01
1.548860967159271240e-01,-9.932231158018112183e-02,9.829269647598266602e-01
-1.442154869437217712e-02,7.336050737649202347e-03,9.998691082000732422e-01
-1.643217355012893677e-01,7.389903068542480469e-02,9.836347103118896484e-01
-3.337981998920440674e-01,1.227993592619895935e-01,9.346116781234741211e-01
-4.625155329704284668e-01,1.199535876512527466e-01,8.784591555595397949e-01
-5.379120707511901855e-01,7.856906205415725708e-02,8.393315672874450684e-01
-4.575955569744110107e-01,2.483077580109238625e-03,8.891570568084716797e-01
-3.534767404198646545e-02,-2.952539548277854919e-02,9.989387392997741699e-01
4.181359410285949707e-01,1.536619290709495544e-02,9.082544445991516113e-01
5.492681860923767090e-01,4.910259693861007690e-02,8.342022299766540527e-01
5.217105746269226074e-01,6.113459914922714233e-02,8.509293198585510254e-01
4.420213401317596436e-01,5.976000428199768066e-02,8.950116038322448730e-01
3.199289739131927490e-01,4.209849610924720764e-02,9.465057253837585449e-01
2.030401825904846191e-01,-1.964588736882433295e-04,9.791703820228576660e-01
8.299174159765243530e-02,-5.766847357153892517e-02,9.948802590370178223e-01
1.164067536592483521e-02,-1.000394895672798157e-01,9.949153661727905273e-01
-2.470076270401477814e-02,-9.265998005867004395e-02,9.953913688659667969e-01
-3.336820006370544434e-02,-7.630427181720733643e-02,9.965260624885559082e-01
-3.273274749517440796e-02,-4.068360477685928345e-02,9.986357688903808594e-01
-3.596082702279090881e-02,-2.971925027668476105e-02,9.989112019538879395e-01
-2.971389703452587128e-02,-4.644728824496269226e-02,9.984786510467529297e-01
-1.342751979827880859e-01,-5.016081407666206360e-02,9.896736741065979004e-01
-1.260838359594345093e-01,1.615923643112182617e-02,9.918879270553588867e-01
-1.317962110042572021e-01,4.775555431842803955e-02,9.901258349418640137e-01
-1.258371472358703613e-01,6.959284096956253052e-02,9.896069169044494629e-01
-1.391260325908660889e-01,1.101346090435981750e-01,9.841312170028686523e-01
-1.584492772817611694e-01,1.317228227853775024e-01,9.785411953926086426e-01
-2.240562736988067627e-01,1.250574439764022827e-01,9.665192365646362305e-01
-3.253664672374725342e-01,6.119185313582420349e-02,9.436060190200805664e-01
-4.448572993278503418e-01,-1.915382593870162964e-02,8.953965902328491211e-01
-5.600763559341430664e-01,-1.144581586122512817e-01,8.204960823059082031e-01
-6.430874466896057129e-01,-2.146907001733779907e-01,7.350826263427734375e-01
-6.981070041656494141e-01,-3.252789378166198730e-01,6.378402709960937500e-01
-6.981081366539001465e-01,-4.254208803176879883e-01,5.759010910987854004e-01
-6.484771966934204102e-01,-4.884809255599975586e-01,5.838353633880615234e-01
-4.992263317108154297e-01,-3.827625513076782227e-01,7.773454189300537109e-01
-1.931512504816055298e-01,1.672142744064331055e-02,9.810265302658081055e-01
5.331508349627256393e-03,2.514201998710632324e-01,9.678633809089660645e-01
1.237450074404478073e-02,2.402800768613815308e-01,9.706246852874755859e-01
-4.741910845041275024e-02,1.449734866619110107e-01,9.882985949516296387e-01
-1.384201645851135254e-01,-6.234097963897511363e-05,9.903735518455505371e-01
-2.240190505981445312e-01,-1.627225279808044434e-01,9.609041213989257812e-01
-2.883515655994415283e-01,-3.339184820652008057e-01,8.974139094352722168e-01
-3.239372968673706055e-01,-5.055591464042663574e-01,7.996715903282165527e-01
-3.157068789005279541e-01,-6.527273654937744141e-01,6.886771917343139648e-01
-2.694230973720550537e-01,-7.821590900421142578e-01,5.618170499801635742e-01
-1.840734332799911499e-01,-8.604068756103515625e-01,4.752020537853240967e-01
-8.907022327184677124e-02,-8.709909915924072266e-01,4.831575155258178711e-01
-9.857650101184844971e-02,-5.962562561035156250e-01,7.967190146446228027e-01
-1.983435899019241333e-01,9.299756586551666260e-02,9.757105708122253418e-01
-1.869951486587524414e-01,2.630576193332672119e-01,9.464848041534423828e-01
-1.580476015806198120e-01,1.751486063003540039e-01,9.717736244201660156e-01
-1.201187148690223694e-01,6.551352795213460922e-03,9.927378892898559570e-01
-6.506799161434173584e-02,-1.881695687770843506e-01,9.799787998199462891e-01
1.078805699944496155e-02,-3.831130862236022949e-01,9.236384630203247070e-01
1.106868684291839600e-01,-5.488426685333251953e-01,8.285651206970214844e-01
2.265662550926208496e-01,-6.712490916252136230e-01,7.057565450668334961e-01
3.577575385570526123e-01,-7.378156781196594238e-01,5.723963975906372070e-01
4.830189347267150879e-01,-7.374315261840820312e-01,4.721097052097320557e-01
5.627205967903137207e-01,-6.574127078056335449e-01,5.011526942253112793e-01
2.157660275697708130e-01,-3.277241885662078857e-01,9.198053479194641113e-01
-3.622196614742279053e-01,1.267479360103607178e-01,9.234348535537719727e-01
-3.986606299877166748e-01,1.762107461690902710e-01,9.000108242034912109e-01
-3.254087865352630615e-01,1.299801915884017944e-01,9.365972280502319336e-01
-1.959537118673324585e-01,4.249062016606330872e-02,9.796921014785766602e-01
-4.503807798027992249e-02,-5.177774280309677124e-02,9.976424574851989746e-01
1.210485175251960754e-01,-1.335088759660720825e-01,9.836273193359375000e-01
3.048852980136871338e-01,-2.004452645778656006e-01,9.310567975044250488e-01
4.636969566345214844e-01,-2.252744585275650024e-01,8.568760156631469727e-01
6.216488480567932129e-01,-2.177902311086654663e-01,7.524095177650451660e-01
7.148965597152709961e-01,-1.632544547319412231e-01,6.799049973487854004e-01
7.370523214340209961e-01,-8.139032870531082153e-02,6.709169149398803711e-01
4.995398521423339844e-01,-2.863184548914432526e-02,8.658176064491271973e-01
-5.791300535202026367e-02,-7.988108694553375244e-02,9.951206445693969727e-01
-3.384256362915039062e-01,-1.278090327978134155e-01,9.322729706764221191e-01
-3.553183078765869141e-01,-1.263190507888793945e-01,9.261707663536071777e-01
-2.889855802059173584e-01,-1.110889241099357605e-01,9.508662223815917969e-01
-1.770528703927993774e-01,-6.862628459930419922e-02,9.818058013916015625e-01
-5.861911550164222717e-02,-7.316470611840486526e-03,9.982535839080810547e-01
4.072454199194908142e-02,5.883938819169998169e-02,9.974364638328552246e-01
1.040184944868087769e-01,8.851103484630584717e-02,9.906290769577026367e-01
1.224651634693145752e-01,7.588566094636917114e-02,9.895673990249633789e-01
1.364063620567321777e-01,6.153935566544532776e-02,9.887396693229675293e-01
1.331502348184585571e-01,2.311541326344013214e-02,9.908262491226196289e-01
1.375878006219863892e-01,4.723987728357315063e-02,9.893624782562255859e-01
1.279233396053314209e-01,2.326320484280586243e-02,9.915111660957336426e-01
1.297495663166046143e-01,-4.129235818982124329e-02,9.906865954399108887e-01
1.285402476787567139e-01,-5.293662101030349731e-02,9.902904033660888672e-01
1.301161050796508789e-01,-9.225185215473175049e-02,9.871978163719177246e-01
1.474990397691726685e-01,-1.220622658729553223e-01,9.815012812614440918e-01
1.825915724039077759e-01,-1.357090771198272705e-01,9.737778306007385254e-01
2.743701040744781494e-01,-9.760490059852600098e-02,9.566578865051269531e-01
3.807876110076904297e-01,-2.260427363216876984e-02,9.243862032890319824e-01
5.082947611808776855e-01,6.580127030611038208e-02,8.586655855178833008e-01
6.027252078056335449e-01,1.632863283157348633e-01,7.810633778572082520e-01
6.776280999183654785e-01,2.698197662830352783e-01,6.841179728507995605e-01
7.036510109901428223e-01,3.775315284729003906e-01,6.019511222839355469e-01
6.813851594924926758e-01,4.659320116043090820e-01,5.644657015800476074e-01
5.920395255088806152e-01,4.716824591159820557e-01,6.534560918807983398e-01
3.574652969837188721e-01,2.013510763645172119e-01,9.119628667831420898e-01
6.453141570091247559e-02,-1.760987788438796997e-01,9.822549819946289062e-01
-2.506119944155216217e-02,-2.644931375980377197e-01,9.640619158744812012e-01
1.459437981247901917e-02,-1.976531594991683960e-01,9.801633358001708984e-01
8.871458470821380615e-02,-7.953041046857833862e-02,9.928769469261169434e-01
1.861607879400253296e-01,8.383835852146148682e-02,9.789357185363769531e-01
2.565025091171264648e-01,2.432677000761032104e-01,9.354289174079895020e-01
3.131392002105712891e-01,4.256566464900970459e-01,8.489760160446166992e-01
3.234318196773529053e-01,5.779704451560974121e-01,7.492275834083557129e-01
2.985216379165649414e-01,7.244777083396911621e-01,6.213026046752929688e-01
2.303870916366577148e-01,8.259704709053039551e-01,5.144848227500915527e-01
1.337313055992126465e-01,8.805447816848754883e-01,4.547052383422851562e-01
6.972593069076538086e-02,8.003405928611755371e-01,5.954773426055908203e-01
1.616811156272888184e-01,2.276100069284439087e-01,9.602358341217041016e-01
1.999712884426116943e-01,-2.385430932044982910e-01,9.503203034400939941e-01
1.717272996902465820e-01,-2.295923680067062378e-01,9.580172896385192871e-01
1.424697637557983398e-01,-1.027054041624069214e-01,9.844561219215393066e-01
9.280263632535934448e-02,9.645122289657592773e-02,9.910019636154174805e-01
3.286827355623245239e-02,2.800095677375793457e-01,9.594343304634094238e-01
-6.137740239500999451e-02,4.779105186462402344e-01,8.762615919113159180e-01
-1.632073074579238892e-01,6.100818514823913574e-01,7.753473520278930664e-01
-2.944914400577545166e-01,7.168525457382202148e-01,6.319787502288818359e-01
-4.190531969070434570e-01,7.432398796081542969e-01,5.215255618095397949e-01
-5.397249460220336914e-01,7.116835713386535645e-01,4.496704041957855225e-01
-4.926254451274871826e-01,5.527182817459106445e-01,6.721775531768798828e-01
1.637117266654968262e-01,3.590906038880348206e-02,9.858544468879699707e-01
4.135884642601013184e-01,-1.785990297794342041e-01,8.927748203277587891e-01
3.636810481548309326e-01,-1.549413055181503296e-01,9.185473918914794922e-01
2.722599804401397705e-01,-9.419840574264526367e-02,9.576017260551452637e-01
1.144138053059577942e-01,1.067934092134237289e-02,9.933757781982421875e-01
-2.726458758115768433e-02,8.936658501625061035e-02,9.956256151199340820e-01
-2.213869541883468628e-01,1.746578514575958252e-01,9.594178199768066406e-01
-3.793075978755950928e-01,2.148222625255584717e-01,8.999872803688049316e-01
-5.511174201965332031e-01,2.282868921756744385e-01,8.025925159454345703e-01
-6.732593774795532227e-01,1.949436962604522705e-01,7.132451534271240234e-01
-7.428461313247680664e-01,1.242375373840332031e-01,6.578333377838134766e-01
-6.684301495552062988e-01,4.448732733726501465e-02,7.424432635307312012e-01
-2.247342169284820557e-01,4.440990835428237915e-02,9.734075665473937988e-01
2.469234168529510498e-01,1.112476363778114319e-01,9.626280665397644043e-01
3.651207089424133301e-01,1.307300180196762085e-01,9.217355847358703613e-01
3.275969624519348145e-01,1.200318560004234314e-01,9.371619820594787598e-01
2.383182942867279053e-01,9.443112462759017944e-02,9.665853381156921387e-01
1.145007684826850891e-01,3.832732513546943665e-02,9.926834702491760254e-01
7.754438091069459915e-03,-2.556934580206871033e-02,9.996429681777954102e-01
-8.050975948572158813e-02,-8.259595930576324463e-02,9.933257699012756348e-01
-1.145690307021141052e-01,-8.196984231472015381e-02,9.900277256965637207e-01
-1.313938349485397339e-01,-7.256388664245605469e-02,9.886709451675415039e-01
-1.351148933172225952e-01,-3.966083005070686340e-02,9.900358319282531738e-01
-1.353006660938262939e-01,-2.867957204580307007e-02,9.903894066810607910e-01
-1.342744827270507812e-01,-5.016060546040534973e-02,9.896738529205322266e-01
-2.386284172534942627e-01,-5.044306814670562744e-02,9.697999358177185059e-01
-2.345972359180450439e-01,1.418489776551723480e-02,9.719891548156738281e-01
-2.309677004814147949e-01,4.864981770515441895e-02,9.717443585395812988e-01
-2.285055369138717651e-01,6.716000288724899292e-02,9.712233543395996094e-01
-2.245105504989624023e-01,1.136137321591377258e-01,9.678258895874023438e-01
-2.355866581201553345e-01,1.403603106737136841e-01,9.616641998291015625e-01
-2.769871950149536133e-01,1.486109197139739990e-01,9.493117928504943848e-01
-3.672405779361724854e-01,9.275472909212112427e-02,9.254894852638244629e-01
-4.858999550342559814e-01,1.319121569395065308e-02,8.739148974418640137e-01
-5.962823033332824707e-01,-7.976498454809188843e-02,7.988021373748779297e-01
-6.929322481155395508e-01,-1.839389950037002563e-01,6.971451640129089355e-01
-7.516200542449951172e-01,-2.905312478542327881e-01,5.921645760536193848e-01
-7.782706618309020996e-01,-4.042216837406158447e-01,4.805200397968292236e-01
-7.595022916793823242e-01,-5.034980177879333496e-01,4.118811190128326416e-01
-7.077089548110961914e-01,-5.683268904685974121e-01,4.197053611278533936e-01
-6.036825180053710938e-01,-4.782360792160034180e-01,6.378538608551025391e-01
-3.672019839286804199e-01,-1.074338331818580627e-01,9.239159226417541504e-01
-1.921857595443725586e-01,1.207558140158653259e-01,9.739007949829101562e-01
-1.767110377550125122e-01,9.616810828447341919e-02,9.795534014701843262e-01
-2.247601151466369629e-01,-1.651977002620697021e-02,9.742740392684936523e-01
-2.934727370738983154e-01,-1.744643002748489380e-01,9.399127364158630371e-01
-3.489410281181335449e-01,-3.428863286972045898e-01,8.721634745597839355e-01
-3.792419135570526123e-01,-5.079119205474853516e-01,7.734345197677612305e-01
-3.763924539089202881e-01,-6.654130220413208008e-01,6.446349620819091797e-01
-3.356727361679077148e-01,-7.911019325256347656e-01,5.113527178764343262e-01
-2.596130967140197754e-01,-8.914377093315124512e-01,3.714025318622589111e-01
-1.577375233173370361e-01,-9.461949467658996582e-01,2.825491726398468018e-01
-6.579799205064773560e-02,-9.525672793388366699e-01,2.971297800540924072e-01
-1.091517508029937744e-01,-7.678262591361999512e-01,6.312912106513977051e-01
-2.454611808061599731e-01,-2.143818289041519165e-01,9.454042911529541016e-01
-2.361287325620651245e-01,-4.495286941528320312e-02,9.706814885139465332e-01
-1.850283294916152954e-01,-1.266834735870361328e-01,9.745336771011352539e-01
-1.160636991262435913e-01,-2.898948192596435547e-01,9.499948024749755859e-01
-3.315212950110435486e-02,-4.625557661056518555e-01,8.859701156616210938e-01
7.123194634914398193e-02,-6.209093332290649414e-01,7.806392312049865723e-01
1.877337396144866943e-01,-7.395207881927490234e-01,6.464247703552246094e-01
3.149064481258392334e-01,-8.104243278503417969e-01,4.940105378627777100e-01
4.453784525394439697e-01,-8.279966711997985840e-01,3.406750261783599854e-01
5.681359171867370605e-01,-7.904277443885803223e-01,2.290098518133163452e-01
6.566798090934753418e-01,-7.156987190246582031e-01,2.377959936857223511e-01
4.184419810771942139e-01,-5.644516348838806152e-01,7.115480899810791016e-01
-2.041626870632171631e-01,-1.463887393474578857e-01,9.679297208786010742e-01
-2.578232884407043457e-01,-6.253153830766677856e-02,9.641664624214172363e-01
-1.619838923215866089e-01,-9.253142029047012329e-02,9.824455380439758301e-01
-1.171500608325004578e-02,-1.635295003652572632e-01,9.864689111709594727e-01
1.628713756799697876e-01,-2.349546849727630615e-01,9.582636356353759766e-01
3.378723859786987305e-01,-2.897760272026062012e-01,8.954731822013854980e-01
5.240231156349182129e-01,-3.208181560039520264e-01,7.889711856842041016e-01
6.739670038223266602e-01,-3.113905489444732666e-01,6.699287295341491699e-01
8.093354105949401855e-01,-2.644631266593933105e-01,5.244381427764892578e-01
8.862081170082092285e-01,-1.802493035793304443e-01,4.267849028110504150e-01
9.066694378852844238e-01,-7.685355097055435181e-02,4.147818386554718018e-01
7.241934537887573242e-01,-4.586818441748619080e-02,6.880697011947631836e-01
1.712724119424819946e-01,-1.503806114196777344e-01,9.736793041229248047e-01
-1.148446872830390930e-01,-1.895144432783126831e-01,9.751384854316711426e-01
-1.339999735355377197e-01,-1.724528223276138306e-01,9.758606553077697754e-01
-6.316419690847396851e-02,-1.202803552150726318e-01,9.907284379005432129e-01
4.085411503911018372e-02,-4.764203727245330811e-02,9.980286359786987305e-01
1.424615830183029175e-01,3.175015002489089966e-02,9.892909526824951172e-01
2.003484517335891724e-01,7.245407253503799438e-02,9.770419597625732422e-01
2.297005802392959595e-01,7.052154093980789185e-02,9.707030653953552246e-01
2.376794815063476562e-01,5.701990053057670593e-02,9.696686267852783203e-01
2.441270202398300171e-01,2.396897226572036743e-02,9.694470167160034180e-01
2.430570423603057861e-01,4.695647954940795898e-02,9.688748121261596680e-01
2.358387708663940430e-01,2.529772557318210602e-02,9.714629054069519043e-01
2.330132275819778442e-01,-4.144458845257759094e-02,9.715900421142578125e-01
2.295396775007247925e-01,-5.184612050652503967e-02,9.719174504280090332e-01
2.265064269304275513e-01,-9.195198863744735718e-02,9.696595072746276855e-01
2.264821827411651611e-01,-1.280762702226638794e-01,9.655580520629882812e-01
2.521150410175323486e-01,-1.503591835498809814e-01,9.559446573257446289e-01
3.146188557147979736e-01,-1.279831379652023315e-01,9.405505061149597168e-01
4.277356266975402832e-01,-5.301258340477943420e-02,9.023479819297790527e-01
5.406910181045532227e-01,3.009543940424919128e-02,8.406827449798583984e-01
6.495684385299682617e-01,1.324772089719772339e-01,7.486726045608520508e-01
7.255755066871643066e-01,2.354176640510559082e-01,6.466209888458251953e-01
7.706239819526672363e-01,3.483073711395263672e-01,5.336860418319702148e-01
7.736416459083557129e-01,4.559624195098876953e-01,4.399736523628234863e-01
7.377020120620727539e-01,5.441452860832214355e-01,3.996268808841705322e-01
6.666561365127563477e-01,5.567082166671752930e-01,4.956264793872833252e-01
5.000280141830444336e-01,3.120743930339813232e-01,8.078252077102661133e-01
2.557928562164306641e-01,-4.690000414848327637e-02,9.655932784080505371e-01
1.706481128931045532e-01,-1.290872395038604736e-01,9.768396615982055664e-01
1.971781700849533081e-01,-4.418853297829627991e-02,9.793713092803955078e-01
2.577705979347229004e-01,8.898778259754180908e-02,9.620994925498962402e-01
3.252222239971160889e-01,2.621915340423583984e-01,9.085627198219299316e-01
3.665682971477508545e-01,4.222713410854339600e-01,8.290443420410156250e-01
3.833288550376892090e-01,5.925313234329223633e-01,7.084952592849731445e-01
3.601495921611785889e-01,7.292414903640747070e-01,5.818068385124206543e-01
3.019574284553527832e-01,8.475445508956909180e-01,4.364515244960784912e-01
2.108312398195266724e-01,9.232411980628967285e-01,3.212098479270935059e-01
1.053335741162300110e-01,9.584833979606628418e-01,2.649801671504974365e-01
5.978209897875785828e-02,9.080055356025695801e-01,4.146710038185119629e-01
1.939583420753479004e-01,4.892134070396423340e-01,8.503237366676330566e-01
2.516822814941406250e-01,7.346989959478378296e-02,9.650171399116516113e-01
2.124232351779937744e-01,7.440739870071411133e-02,9.743407368659973145e-01
1.534024178981781006e-01,1.979732811450958252e-01,9.681292772293090820e-01
7.519046962261199951e-02,3.833998143672943115e-01,9.205166697502136230e-01
-1.439407002180814743e-02,5.388185381889343262e-01,8.422988057136535645e-01
-1.309933215379714966e-01,6.915810704231262207e-01,7.103213071823120117e-01
-2.472883611917495728e-01,7.768560051918029785e-01,5.790882706642150879e-01
-3.831322193145751953e-01,8.289977312088012695e-01,4.073971211910247803e-01
-5.057955384254455566e-01,8.141764998435974121e-01,2.851095795631408691e-01
-6.243485212326049805e-01,7.557735443115234375e-01,1.974721401929855347e-01
-6.236408948898315430e-01,6.704535484313964844e-01,4.019503891468048096e-01
-4.031024128198623657e-02,3.331738710403442383e-01,9.420033693313598633e-01
2.747872471809387207e-01,7.214481383562088013e-02,9.587945342063903809e-01
2.115330100059509277e-01,7.538469135761260986e-02,9.744592905044555664e-01
9.928213059902191162e-02,1.206611096858978271e-01,9.877165555953979492e-01
-8.284761011600494385e-02,2.056412249803543091e-01,9.751143455505371094e-01
-2.411669790744781494e-01,2.604258060455322266e-01,9.348887205123901367e-01
-4.398739635944366455e-01,3.128630518913269043e-01,8.418002128601074219e-01
-5.964890122413635254e-01,3.188474774360656738e-01,7.365711927413940430e-01
-7.501319050788879395e-01,2.939871251583099365e-01,5.923459529876708984e-01
-8.521556258201599121e-01,2.260897159576416016e-01,4.719261229038238525e-01
-9.086049199104309082e-01,1.278812289237976074e-01,3.975971341133117676e-01
-8.595671653747558594e-01,4.284856840968132019e-02,5.092231631278991699e-01
-4.637855887413024902e-01,9.328870475292205811e-02,8.810221552848815918e-01
2.332443185150623322e-02,1.818563938140869141e-01,9.830483794212341309e-01
1.424465328454971313e-01,1.848852038383483887e-01,9.723818302154541016e-01
1.047242134809494019e-01,1.508065462112426758e-01,9.830006957054138184e-01
1.378512009978294373e-02,8.505572378635406494e-02,9.962808489799499512e-01
-9.566881507635116577e-02,7.523269858211278915e-03,9.953848123550415039e-01
-1.765579283237457275e-01,-6.049788370728492737e-02,9.824292659759521484e-01
-2.178562283515930176e-01,-7.256619632244110107e-02,9.732794165611267090e-01
-2.354412078857421875e-01,-6.772634387016296387e-02,9.695259332656860352e-01
-2.403993457555770874e-01,-3.770226240158081055e-02,9.699415564537048340e-01
-2.456814944744110107e-01,-2.962892502546310425e-02,9.688977003097534180e-01
-2.386273592710494995e-01,-5.044262856245040894e-02,9.698002338409423828e-01
-3.551853299140930176e-01,-5.241882801055908203e-02,9.333250522613525391e-01
-3.468127846717834473e-01,1.439973991364240646e-02,9.378238320350646973e-01
-3.448870778083801270e-01,4.630213230848312378e-02,9.375014901161193848e-01
-3.346378505229949951e-01,6.589633971452713013e-02,9.400400519371032715e-01
-3.270947635173797607e-01,1.124459952116012573e-01,9.382776618003845215e-01
-3.202801346778869629e-01,1.477645635604858398e-01,9.357276558876037598e-01
-3.430639803409576416e-01,1.699055731296539307e-01,9.238177537918090820e-01
-4.125618040561676025e-01,1.266572326421737671e-01,9.020813107490539551e-01
-5.216108560562133789e-01,4.842353612184524536e-02,8.518083095550537109e-01
-6.344970464706420898e-01,-4.747223481535911560e-02,7.714660167694091797e-01
-7.260122299194335938e-01,-1.496993899345397949e-01,6.711902618408203125e-01
-7.954713106155395508e-01,-2.607039809226989746e-01,5.470456480979919434e-01
-8.247227072715759277e-01,-3.709608614444732666e-01,4.268729686737060547e-01
-8.206968903541564941e-01,-4.824694693088531494e-01,3.060715794563293457e-01
-7.824107408523559570e-01,-5.770518183708190918e-01,2.341893464326858521e-01
-7.275840640068054199e-01,-6.401907205581665039e-01,2.465306669473648071e-01
-6.669368743896484375e-01,-5.669601559638977051e-01,4.834783375263214111e-01
-5.047899484634399414e-01,-2.209656685590744019e-01,8.344826102256774902e-01
-3.555593788623809814e-01,-1.698716543614864349e-02,9.344993233680725098e-01
-3.380112349987030029e-01,-5.999892204999923706e-02,9.392276406288146973e-01
-3.697766661643981934e-01,-1.879968792200088501e-01,9.099023938179016113e-01
-4.099081456661224365e-01,-3.515587747097015381e-01,8.416541218757629395e-01
-4.323784410953521729e-01,-5.131859183311462402e-01,7.414101958274841309e-01
-4.262256026268005371e-01,-6.663331389427185059e-01,6.118266582489013672e-01
-3.882350921630859375e-01,-7.978731393814086914e-01,4.611636698246002197e-01
-3.174075186252593994e-01,-8.957993984222412109e-01,3.111204802989959717e-01
-2.176015973091125488e-01,-9.615867137908935547e-01,1.673336178064346313e-01
-1.057551428675651550e-01,-9.908605813980102539e-01,8.373205363750457764e-02
-2.239392697811126709e-02,-9.922020435333251953e-01,1.226117387413978577e-01
-1.019401326775550842e-01,-8.723185062408447266e-01,4.781931638717651367e-01
-2.551539242267608643e-01,-4.611132442951202393e-01,8.498653769493103027e-01
-2.403166294097900391e-01,-3.265886604785919189e-01,9.141048789024353027e-01
-1.675700992345809937e-01,-4.061297774314880371e-01,8.983200192451477051e-01
-7.435602694749832153e-02,-5.457008481025695801e-01,8.346745967864990234e-01
3.268484771251678467e-02,-6.817136406898498535e-01,7.308886647224426270e-01
1.518836766481399536e-01,-7.919450402259826660e-01,5.914004445075988770e-01
2.768073379993438721e-01,-8.592293858528137207e-01,4.302355051040649414e-01
4.015137851238250732e-01,-8.772963285446166992e-01,2.629407346248626709e-01
5.218731760978698730e-01,-8.469520807266235352e-01,1.015902012586593628e-01
6.309631466865539551e-01,-7.757439613342285156e-01,-1.033229753375053406e-02
7.156514525413513184e-01,-6.984122991561889648e-01,-7.949098944664001465e-03
5.797798633575439453e-01,-6.880806684494018555e-01,4.363488852977752686e-01
1.105942018330097198e-02,-4.152666032314300537e-01,9.096325039863586426e-01
-5.939446389675140381e-02,-3.014269769191741943e-01,9.516375660896301270e-01
4.180885106325149536e-02,-3.086811900138854980e-01,9.502462744712829590e-01
2.081156671047210693e-01,-3.502224087715148926e-01,9.132536053657531738e-01
3.855876922607421875e-01,-3.908963203430175781e-01,8.357763290405273438e-01
5.552881956100463867e-01,-4.065629541873931885e-01,7.255078554153442383e-01
7.195969820022583008e-01,-3.947056531906127930e-01,5.713034868240356445e-01
8.380917310714721680e-01,-3.458366394042968750e-01,4.218994975090026855e-01
9.327920079231262207e-01,-2.612125277519226074e-01,2.483286559581756592e-01
9.791081547737121582e-01,-1.528053730726242065e-01,1.341552883386611938e-01
9.948170185089111328e-01,-3.175760060548782349e-02,9.659499675035476685e-02
9.210081100463867188e-01,-8.384772576391696930e-03,3.894531726837158203e-01
4.602788090705871582e-01,-1.680845767259597778e-01,8.717173337936401367e-01
1.555040031671524048e-01,-2.199814021587371826e-01,9.630299210548400879e-01
1.237500756978988647e-01,-1.709300577640533447e-01,9.774808287620544434e-01
1.804897785186767578e-01,-9.329865872859954834e-02,9.791418910026550293e-01
2.647341489791870117e-01,2.012910088524222374e-03,9.643193483352661133e-01
3.154010176658630371e-01,5.708661675453186035e-02,9.472398161888122559e-01
3.407078087329864502e-01,6.250795722007751465e-02,9.380890130996704102e-01
3.526886403560638428e-01,5.463669821619987488e-02,9.341443181037902832e-01
3.585015237331390381e-01,2.195752970874309540e-02,9.332709312438964844e-01
3.601764738559722900e-01,4.875597357749938965e-02,9.316092729568481445e-01
3.495824337005615234e-01,2.581935375928878784e-02,9.365498423576354980e-01
3.464492559432983398e-01,-4.042128846049308777e-02,9.371974468231201172e-01
3.401961922645568848e-01,-4.977909475564956665e-02,9.390359520912170410e-01
3.305796682834625244e-01,-9.061522781848907471e-02,9.394178390502929688e-01
3.227691352367401123e-01,-1.297172904014587402e-01,9.375465512275695801e-01
3.256552815437316895e-01,-1.647666692733764648e-01,9.310212731361389160e-01
3.724907636642456055e-01,-1.559340506792068481e-01,9.148415923118591309e-01
4.629841744899749756e-01,-8.989404886960983276e-02,8.817962408065795898e-01
5.811812281608581543e-01,-1.933779218234121799e-03,8.137719035148620605e-01
6.816145181655883789e-01,9.762454777956008911e-02,7.251697182655334473e-01
7.657803297042846680e-01,2.048158794641494751e-01,6.096154451370239258e-01
8.141732811927795410e-01,3.155716955661773682e-01,4.873771667480468750e-01
8.274881839752197266e-01,4.276203811168670654e-01,3.638738691806793213e-01
8.048722743988037109e-01,5.323584079742431641e-01,2.622502744197845459e-01
7.556325197219848633e-01,6.154680252075195312e-01,2.240950763225555420e-01
7.006649971008300781e-01,6.340541243553161621e-01,3.271757066249847412e-01
6.026989221572875977e-01,4.140680730342864990e-01,6.821301579475402832e-01
4.129835963249206543e-01,7.848196476697921753e-02,9.073505401611328125e-01
3.341965973377227783e-01,1.917867548763751984e-02,9.423082470893859863e-01
3.525646924972534180e-01,1.193122416734695435e-01,9.281501770019531250e-01
3.893712460994720459e-01,2.661622464656829834e-01,8.817865848541259766e-01
4.254102110862731934e-01,4.354478716850280762e-01,7.933545112609863281e-01
4.323720037937164307e-01,5.893106460571289062e-01,6.824715137481689453e-01
4.117892086505889893e-01,7.377086281776428223e-01,5.349912047386169434e-01
3.567228615283966064e-01,8.495064973831176758e-01,3.886996805667877197e-01
2.702884376049041748e-01,9.340917468070983887e-01,2.332740426063537598e-01
1.620982587337493896e-01,9.797459840774536133e-01,1.175669729709625244e-01
5.430779606103897095e-02,9.955639839172363281e-01,7.683220505714416504e-02
3.279143571853637695e-02,9.669364094734191895e-01,2.529003620147705078e-01
1.981360018253326416e-01,6.707993745803833008e-01,7.146819829940795898e-01
2.621431946754455566e-01,3.475656807422637939e-01,9.002660512924194336e-01
2.060550004243850708e-01,3.565551042556762695e-01,9.112682342529296875e-01
1.245590895414352417e-01,4.693475961685180664e-01,8.741841316223144531e-01
2.040769532322883606e-02,6.203333735466003418e-01,7.840727567672729492e-01
-8.863309770822525024e-02,7.372406721115112305e-01,6.697912812232971191e-01
-2.166699320077896118e-01,8.346555233001708984e-01,5.063637495040893555e-01
-3.368725776672363281e-01,8.725754022598266602e-01,3.537358343601226807e-01
-4.649032652378082275e-01,8.684380054473876953e-01,1.722802519798278809e-01
-5.761328339576721191e-01,8.161653876304626465e-01,4.410159587860107422e-02
-6.811481118202209473e-01,7.310009598731994629e-01,-4.092520102858543396e-02
-7.084115147590637207e-01,6.928008198738098145e-01,1.348340660333633423e-01
-2.686246633529663086e-01,5.773106813430786133e-01,7.710727453231811523e-01
7.396104931831359863e-02,3.266289532184600830e-01,9.422544240951538086e-01
1.180833764374256134e-02,3.022802174091339111e-01,9.531459808349609375e-01
-1.124736592173576355e-01,3.235525786876678467e-01,9.395017027854919434e-01
-3.059885799884796143e-01,3.762522041797637939e-01,8.745314478874206543e-01
-4.624936580657958984e-01,3.992782831192016602e-01,7.916290163993835449e-01
-6.480476856231689453e-01,4.065313339233398438e-01,6.440236568450927734e-01
-7.779612541198730469e-01,3.742068111896514893e-01,5.047231912612915039e-01
-8.934414386749267578e-01,3.074784874916076660e-01,3.274436295032501221e-01
-9.592745900154113770e-01,2.100635021924972534e-01,1.888534128665924072e-01
-9.917002320289611816e-01,9.015996754169464111e-02,9.166118502616882324e-02
-9.825059175491333008e-01,-4.104022402316331863e-03,1.861863434314727783e-01
-7.366314530372619629e-01,8.211682736873626709e-02,6.712904572486877441e-01
-2.543894052505493164e-01,2.130794525146484375e-01,9.433361291885375977e-01
-1.228300034999847412e-01,2.023239731788635254e-01,9.715852141380310059e-01
-1.445908993482589722e-01,1.340552717447280884e-01,9.803686738014221191e-01
-2.241980433464050293e-01,4.643319174647331238e-02,9.734367728233337402e-01
-2.949659526348114014e-01,-3.927547484636306763e-02,9.547002315521240234e-01
-3.298486471176147461e-01,-6.101403385400772095e-02,9.420600533485412598e-01
-3.482614457607269287e-01,-6.324420869350433350e-02,9.352615475654602051e-01
-3.555229902267456055e-01,-3.553461283445358276e-02,9.339918494224548340e-01
-3.610425293445587158e-01,-2.937167882919311523e-02,9.320867061614990234e-01
-3.551854789257049561e-01,-5.241898074746131897e-02,9.333249926567077637e-01
-4.865013062953948975e-01,-5.411979928612709045e-02,8.720019459724426270e-01
-4.769736528396606445e-01,1.399793289601802826e-02,8.788060545921325684e-01
-4.747962653636932373e-01,4.449133202433586121e-02,8.789704442024230957e-01
-4.621779620647430420e-01,6.173234432935714722e-02,8.846359252929687500e-01
-4.474547505378723145e-01,1.093640774488449097e-01,8.875943422317504883e-01
-4.283418953418731689e-01,1.499543786048889160e-01,8.910875320434570312e-01
-4.261876046657562256e-01,1.904567629098892212e-01,8.843587040901184082e-01
-4.690857827663421631e-01,1.642305850982666016e-01,8.677481412887573242e-01
-5.625784993171691895e-01,8.902897685766220093e-02,8.219361901283264160e-01
-6.675893068313598633e-01,-1.061289478093385696e-02,7.444540262222290039e-01
-7.598584890365600586e-01,-1.162516474723815918e-01,6.396096348762512207e-01
-8.267198204994201660e-01,-2.269366830587387085e-01,5.148146152496337891e-01
-8.620689511299133301e-01,-3.400801122188568115e-01,3.757428228855133057e-01
-8.600293397903442383e-01,-4.500567615032196045e-01,2.404130250215530396e-01
-8.252645730972290039e-01,-5.526423454284667969e-01,1.162957996129989624e-01
-7.660716772079467773e-01,-6.412248015403747559e-01,4.432743415236473083e-02
-7.117878794670104980e-01,-6.989402770996093750e-01,6.957360357046127319e-02
-6.955410838127136230e-01,-6.397804617881774902e-01,3.269612491130828857e-01
-6.073223352432250977e-01,-3.294648230075836182e-01,7.229194641113281250e-01
-4.897576272487640381e-01,-1.574432849884033203e-01,8.575249910354614258e-01
-4.676679074764251709e-01,-2.235319465398788452e-01,8.551726341247558594e-01
-4.763473272323608398e-01,-3.589496910572052002e-01,8.026507496833801270e-01
-4.867559671401977539e-01,-5.194314718246459961e-01,7.023244500160217285e-01
-4.732031226158142090e-01,-6.662191152572631836e-01,5.763948559761047363e-01
-4.335218966007232666e-01,-7.975246310234069824e-01,4.195395410060882568e-01
-3.638706803321838379e-01,-8.955131769180297852e-01,2.562309205532073975e-01
-2.675694525241851807e-01,-9.588493704795837402e-01,9.494491666555404663e-02
-1.526387631893157959e-01,-9.873353242874145508e-01,-4.324746504426002502e-02
-3.578861430287361145e-02,-9.926251173019409180e-01,-1.158215254545211792e-01
2.880686149001121521e-02,-9.987909197807312012e-01,-3.983609378337860107e-02
-9.033115953207015991e-02,-9.292818903923034668e-01,3.581554293632507324e-01
-2.367819249629974365e-01,-6.454452872276306152e-01,7.261781096458435059e-01
-2.063077092170715332e-01,-5.642060041427612305e-01,7.994427084922790527e-01
-1.156073063611984253e-01,-6.350341439247131348e-01,7.637844085693359375e-01
-2.901749918237328529e-03,-7.433720231056213379e-01,6.688718795776367188e-01
1.163837984204292297e-01,-8.349921107292175293e-01,5.378131866455078125e-01
2.421826720237731934e-01,-8.948026895523071289e-01,3.750675618648529053e-01
3.627814948558807373e-01,-9.093817472457885742e-01,2.035054117441177368e-01
4.762949049472808838e-01,-8.787908554077148438e-01,2.948955260217189789e-02
5.770946741104125977e-01,-8.069602251052856445e-01,-1.256063580513000488e-01
6.666312217712402344e-01,-7.082313299179077148e-01,-2.324030846357345581e-01
7.390240430831909180e-01,-6.361178159713745117e-01,-2.218051552772521973e-01
6.779622435569763184e-01,-7.156696915626525879e-01,1.678811162710189819e-01
2.492869943380355835e-01,-6.244375705718994141e-01,7.402254939079284668e-01
1.669892072677612305e-01,-5.106811523437500000e-01,8.433974385261535645e-01
2.727260589599609375e-01,-4.899350702762603760e-01,8.280000686645507812e-01
4.283162355422973633e-01,-4.953338205814361572e-01,7.557709217071533203e-01
5.923493504524230957e-01,-4.928717911243438721e-01,6.373379826545715332e-01
7.334915399551391602e-01,-4.663512408733367920e-01,4.944760501384735107e-01
8.572584390640258789e-01,-4.117457270622253418e-01,3.091494441032409668e-01
9.323729872703552246e-01,-3.310768604278564453e-01,1.451507061719894409e-01
9.750712513923645020e-01,-2.184880375862121582e-01,-3.871658816933631897e-02
9.824602007865905762e-01,-9.844559431076049805e-02,-1.583683490753173828e-01
9.746165871620178223e-01,3.775871917605400085e-02,-2.206735014915466309e-01
9.966911673545837402e-01,8.101551979780197144e-02,-6.581604946404695511e-03
7.904818058013916016e-01,-9.954469650983810425e-02,6.043420433998107910e-01
4.675844907760620117e-01,-1.837654113769531250e-01,8.646357655525207520e-01
4.070569872856140137e-01,-1.239143535494804382e-01,9.049584865570068359e-01
4.260369539260864258e-01,-2.378780767321586609e-02,9.043929576873779297e-01
4.573792815208435059e-01,4.546814411878585815e-02,8.881085515022277832e-01
4.718491137027740479e-01,5.385757237672805786e-02,8.800328373908996582e-01
4.849679470062255859e-01,5.183633416891098022e-02,8.729943037033081055e-01
4.898379445075988770e-01,2.054405957460403442e-02,8.715714812278747559e-01
4.919531345367431641e-01,4.949114471673965454e-02,8.692138195037841797e-01
4.801701009273529053e-01,2.718187868595123291e-02,8.767541050910949707e-01
4.765020012855529785e-01,-3.999181464314460754e-02,8.782632946968078613e-01
4.694143533706665039e-01,-4.631896317005157471e-02,8.817622661590576172e-01
4.551207125186920166e-01,-8.681314438581466675e-02,8.861876726150512695e-01
4.379450678825378418e-01,-1.279943287372589111e-01,8.898436427116394043e-01
4.230339825153350830e-01,-1.748056709766387939e-01,8.890924453735351562e-01
4.407807290554046631e-01,-1.865678578615188599e-01,8.780118823051452637e-01
5.111956596374511719e-01,-1.304230690002441406e-01,8.495109677314758301e-01
6.161493659019470215e-01,-4.115737602114677429e-02,7.865532636642456055e-01
7.159416079521179199e-01,6.325245648622512817e-02,6.952889561653137207e-01
7.970640659332275391e-01,1.707588583230972290e-01,5.792499184608459473e-01
8.487830758094787598e-01,2.837002873420715332e-01,4.461855292320251465e-01
8.655543327331542969e-01,3.956688642501831055e-01,3.070211112499237061e-01
8.465421199798583984e-01,5.026094317436218262e-01,1.753572821617126465e-01
7.973350286483764648e-01,5.993413925170898438e-01,7.104140520095825195e-02
7.358266711235046387e-01,6.760029196739196777e-01,3.973950073122978210e-02
6.996411681175231934e-01,6.967169642448425293e-01,1.583907008171081543e-01
6.709579825401306152e-01,5.023645758628845215e-01,5.453854799270629883e-01
5.366343259811401367e-01,2.053508609533309937e-01,8.184464573860168457e-01
4.702370762825012207e-01,1.717658340930938721e-01,8.656636476516723633e-01
4.710460007190704346e-01,2.890305221080780029e-01,8.334129452705383301e-01
4.829121828079223633e-01,4.365201294422149658e-01,7.591087222099304199e-01
4.834767282009124756e-01,5.970244407653808594e-01,6.401657462120056152e-01
4.570603668689727783e-01,7.330326437950134277e-01,5.037450194358825684e-01
4.019269645214080811e-01,8.523480296134948730e-01,3.346005976200103760e-01
3.193611204624176025e-01,9.308212995529174805e-01,1.777085810899734497e-01
2.108431309461593628e-01,9.773553013801574707e-01,1.793993450701236725e-02
9.361476451158523560e-02,9.916604757308959961e-01,-8.857642859220504761e-02
-1.093086320906877518e-02,9.940310716629028320e-01,-1.085484176874160767e-01
2.971242880448698997e-03,9.930419921875000000e-01,1.177235022187232971e-01
1.875504106283187866e-01,7.861441373825073242e-01,5.888991951942443848e-01
2.357958406209945679e-01,5.729513168334960938e-01,7.849375605583190918e-01
1.641075015068054199e-01,5.917409062385559082e-01,7.892473936080932617e-01
6.153013557195663452e-02,6.871745586395263672e-01,7.238819599151611328e-01
-5.686412751674652100e-02,7.942235469818115234e-01,6.049591302871704102e-01
-1.780858188867568970e-01,8.685646057128906250e-01,4.624726772308349609e-01
-3.043913543224334717e-01,9.086639285087585449e-01,2.857898175716400146e-01
-4.199138581752777100e-01,8.995606899261474609e-01,1.202618181705474854e-01
-5.288567543029785156e-01,8.468307256698608398e-01,-5.646502226591110229e-02
-6.229782700538635254e-01,7.604954242706298828e-01,-1.831525564193725586e-01
-7.064622044563293457e-01,6.601740717887878418e-01,-2.551105916500091553e-01
-7.477830648422241211e-01,6.568753719329833984e-01,-9.661972522735595703e-02
-4.674176871776580811e-01,7.167062759399414062e-01,5.175449252128601074e-01
-1.591338664293289185e-01,5.459480285644531250e-01,8.225674033164978027e-01
-2.153958529233932495e-01,4.972828030586242676e-01,8.404252529144287109e-01
-3.413612842559814453e-01,4.891905784606933594e-01,8.025989532470703125e-01
-5.179548263549804688e-01,4.986307621002197266e-01,6.950468420982360840e-01
-6.596071720123291016e-01,4.815951883792877197e-01,5.770480036735534668e-01
-8.043401837348937988e-01,4.429031312465667725e-01,3.960729241371154785e-01
-8.968810439109802246e-01,3.755634427070617676e-01,2.335732579231262207e-01
-9.599713683128356934e-01,2.764121294021606445e-01,4.529150202870368958e-02
-9.817280769348144531e-01,1.612455099821090698e-01,-1.010437756776809692e-01
-9.776676297187805176e-01,2.797053568065166473e-02,-2.082875967025756836e-01
-9.830911159515380859e-01,-8.068618923425674438e-02,-1.643827408552169800e-01
-9.596393108367919922e-01,-1.457706186920404434e-02,2.808559536933898926e-01
-5.856094360351562500e-01,1.732729226350784302e-01,7.918574213981628418e-01
-4.209229946136474609e-01,1.606710553169250488e-01,8.927534222602844238e-01
-4.104670584201812744e-01,7.717432081699371338e-02,9.086037874221801758e-01
-4.445172250270843506e-01,-2.168847620487213135e-02,8.955076932907104492e-01
-4.648385643959045410e-01,-5.126808583736419678e-02,8.839098811149597168e-01
-4.795146286487579346e-01,-5.740095302462577820e-02,8.756545782089233398e-01
-4.875377714633941650e-01,-3.402314335107803345e-02,8.724387288093566895e-01
-4.925357699394226074e-01,-2.866570092737674713e-02,8.698199391365051270e-01
-4.865019917488098145e-01,-5.412034690380096436e-02,8.720016479492187500e-01
-6.835709810256958008e-01,-4.911695048213005066e-02,7.282295227050781250e-01
-6.760790944099426270e-01,1.370242238044738770e-02,7.367016077041625977e-01
-6.707756519317626953e-01,4.374115914106369019e-02,7.403693795204162598e-01
-6.572255492210388184e-01,5.604470521211624146e-02,7.516072988510131836e-01
-6.322171688079833984e-01,1.027114763855934143e-01,7.679529786109924316e-01
-5.945104360580444336e-01,1.459345221519470215e-01,7.907340526580810547e-01
-5.550572276115417480e-01,2.052598595619201660e-01,8.060892224311828613e-01
-5.516766309738159180e-01,2.066987156867980957e-01,8.080399632453918457e-01
-6.144974231719970703e-01,1.401364654302597046e-01,7.763727903366088867e-01
-7.061092853546142578e-01,3.327730298042297363e-02,7.073204517364501953e-01
-7.922724485397338867e-01,-7.710030674934387207e-02,6.052766442298889160e-01
-8.578432202339172363e-01,-1.919740736484527588e-01,4.767085611820220947e-01
-8.921464085578918457e-01,-3.052681088447570801e-01,3.329958319664001465e-01
-8.917208313941955566e-01,-4.169356822967529297e-01,1.760644763708114624e-01
-8.555691242218017578e-01,-5.167928934097290039e-01,3.043773956596851349e-02
-7.874580621719360352e-01,-6.084272861480712891e-01,-9.862020611763000488e-02
-7.102682590484619141e-01,-6.842581629753112793e-01,-1.652568727731704712e-01
-6.593588590621948242e-01,-7.419762015342712402e-01,-1.213145554065704346e-01
-6.975021958351135254e-01,-6.949231624603271484e-01,1.748501956462860107e-01
-6.806432604789733887e-01,-4.256094396114349365e-01,5.963065028190612793e-01
-5.937730669975280762e-01,-3.007303178310394287e-01,7.463208436965942383e-01
-5.613566040992736816e-01,-3.852122724056243896e-01,7.324550151824951172e-01
-5.458950996398925781e-01,-5.208659172058105469e-01,6.562751531600952148e-01
-5.220754742622375488e-01,-6.692765355110168457e-01,5.286834239959716797e-01
-4.762038290500640869e-01,-7.927203774452209473e-01,3.805578351020812988e-01
-4.044757187366485596e-01,-8.906543254852294922e-01,2.076881080865859985e-01
-3.088225424289703369e-01,-9.504035115242004395e-01,3.690295666456222534e-02
-1.955490410327911377e-01,-9.727504849433898926e-01,-1.245676428079605103e-01
-7.128726691007614136e-02,-9.653545022010803223e-01,-2.510154843330383301e-01
4.161088168621063232e-02,-9.510896205902099609e-01,-3.060995936393737793e-01
7.983220368623733521e-02,-9.782462120056152344e-01,-1.914707273244857788e-01
-7.776202261447906494e-02,-9.640055894851684570e-01,2.542565762996673584e-01
-1.977854073047637939e-01,-7.778881192207336426e-01,5.964654088020324707e-01
-1.461170017719268799e-01,-7.458993792533874512e-01,6.498337388038635254e-01
-3.976260125637054443e-02,-8.034594655036926270e-01,5.940302014350891113e-01
8.385343104600906372e-02,-8.767719864845275879e-01,4.735392630100250244e-01
2.065575718879699707e-01,-9.218019247055053711e-01,3.280474841594696045e-01
3.287448287010192871e-01,-9.325904250144958496e-01,1.490031182765960693e-01
4.354386627674102783e-01,-8.999658226966857910e-01,-2.132609300315380096e-02
5.292811989784240723e-01,-8.254152536392211914e-01,-1.963440477848052979e-01
6.059087514877319336e-01,-7.213709354400634766e-01,-3.354080319404602051e-01
6.711726784706115723e-01,-6.052185893058776855e-01,-4.280628561973571777e-01
7.333459258079528809e-01,-5.485957264900207520e-01,-4.015550315380096436e-01
7.195479273796081543e-01,-6.920865178108215332e-01,-5.715702846646308899e-02
4.527653753757476807e-01,-7.403290271759033203e-01,4.969068467617034912e-01
3.914235532283782959e-01,-6.546384692192077637e-01,6.467117667198181152e-01
4.838460981845855713e-01,-6.105611324310302734e-01,6.269833445549011230e-01
6.186100840568542480e-01,-5.767246484756469727e-01,5.335823297500610352e-01
7.509331107139587402e-01,-5.341451168060302734e-01,3.883149325847625732e-01
8.516314625740051270e-01,-4.700118899345397949e-01,2.319755405187606812e-01
9.235169291496276855e-01,-3.815905153751373291e-01,3.879523649811744690e-02
9.530366659164428711e-01,-2.788803577423095703e-01,-1.180967390537261963e-01
9.433946013450622559e-01,-1.563244909048080444e-01,-2.925223410129547119e-01
9.142134785652160645e-01,-2.972247451543807983e-02,-4.041415750980377197e-01
8.699335455894470215e-01,1.009592041373252869e-01,-4.827243983745574951e-01
9.058901071548461914e-01,1.809240132570266724e-01,-3.829226493835449219e-01
9.928534626960754395e-01,7.507138699293136597e-02,9.276910871267318726e-02
8.113662004470825195e-01,-5.232319235801696777e-02,5.821916460990905762e-01
7.058423161506652832e-01,-1.334164990112185478e-03,7.083677053451538086e-01
6.726250052452087402e-01,4.279586672782897949e-02,7.387449741363525391e-01
6.790919899940490723e-01,5.294037982821464539e-02,7.321416735649108887e-01
6.829745769500732422e-01,4.692166671156883240e-02,7.289335727691650391e-01
6.909461021423339844e-01,2.266403473913669586e-02,7.225509881973266602e-01
6.901615262031555176e-01,4.712127149105072021e-02,7.221195697784423828e-01
6.785967350006103516e-01,2.418101951479911804e-02,7.341129779815673828e-01
6.740531325340270996e-01,-3.887774050235748291e-02,7.376590967178344727e-01
6.652350425720214844e-01,-4.385331273078918457e-02,7.453450560569763184e-01
6.463678479194641113e-01,-7.954495400190353394e-02,7.588683962821960449e-01
6.147727966308593750e-01,-1.222012862563133240e-01,7.791798710823059082e-01
5.732416510581970215e-01,-1.772171258926391602e-01,7.999925613403320312e-01
5.459120273590087891e-01,-2.163002789020538330e-01,8.094407916069030762e-01
5.754793882369995117e-01,-1.803146451711654663e-01,7.976904511451721191e-01
6.604094505310058594e-01,-8.902728557586669922e-02,7.456094026565551758e-01
7.501478791236877441e-01,2.195785753428936005e-02,6.609054803848266602e-01
8.291856646537780762e-01,1.341497600078582764e-01,5.426370501518249512e-01
8.785991668701171875e-01,2.487904429435729980e-01,4.076355993747711182e-01
8.968997597694396973e-01,3.620066344738006592e-01,2.540119588375091553e-01
8.777164816856384277e-01,4.681786596775054932e-01,1.020910367369651794e-01
8.248578906059265137e-01,5.640206933021545410e-01,-3.860241174697875977e-02
7.480363249778747559e-01,6.482636928558349609e-01,-1.421124190092086792e-01
6.776749491691589355e-01,7.170349359512329102e-01,-1.631488651037216187e-01
6.675607562065124512e-01,7.444112300872802734e-01,-1.464984007179737091e-02
7.105235457420349121e-01,5.725836753845214844e-01,4.090285301208496094e-01
6.327967047691345215e-01,3.281507790088653564e-01,7.013453841209411621e-01
5.714316368103027344e-01,3.279065489768981934e-01,7.522919774055480957e-01
5.544396638870239258e-01,4.518367946147918701e-01,6.988849043846130371e-01
5.356122255325317383e-01,5.945826172828674316e-01,5.996590852737426758e-01
5.024116635322570801e-01,7.358170151710510254e-01,4.540439546108245850e-01
4.437957406044006348e-01,8.446427583694458008e-01,2.993727624416351318e-01
3.588278889656066895e-01,9.259341955184936523e-01,1.178495362401008606e-01
2.546061873435974121e-01,9.660919904708862305e-01,-4.291863739490509033e-02
1.334297209978103638e-01,9.713227748870849609e-01,-1.967956125736236572e-01
1.154992543160915375e-02,9.573488235473632812e-01,-2.887036204338073730e-01
-7.816784828901290894e-02,9.557523727416992188e-01,-2.835966348648071289e-01
-2.504750713706016541e-02,9.996803402900695801e-01,-3.443388268351554871e-03
1.656680405139923096e-01,8.648898601531982422e-01,4.738350510597229004e-01
1.846915632486343384e-01,7.416839003562927246e-01,6.448208689689636230e-01
9.570663422346115112e-02,7.702235579490661621e-01,6.305520534515380859e-01
-2.067024819552898407e-02,8.412265777587890625e-01,5.402873754501342773e-01
-1.460034549236297607e-01,9.036269187927246094e-01,4.026678204536437988e-01
-2.678887546062469482e-01,9.324399828910827637e-01,2.424693256616592407e-01
-3.847696483135223389e-01,9.210200905799865723e-01,6.061570346355438232e-02
-4.836001396179199219e-01,8.686865568161010742e-01,-1.073057204484939575e-01
-5.700808763504028320e-01,7.745381593704223633e-01,-2.740408182144165039e-01
-6.389763951301574707e-01,6.645476818084716797e-01,-3.874084949493408203e-01
-7.032414078712463379e-01,5.585835576057434082e-01,-4.398136138916015625e-01
-7.506296038627624512e-01,5.954419374465942383e-01,-2.863634824752807617e-01
-5.974546670913696289e-01,7.601733207702636719e-01,2.553127110004425049e-01
-3.850987553596496582e-01,6.911764144897460938e-01,6.115342974662780762e-01
-4.322019815444946289e-01,6.303539276123046875e-01,6.448684930801391602e-01
-5.455957651138305664e-01,5.929484963417053223e-01,5.922307968139648438e-01
-6.908689141273498535e-01,5.581079721450805664e-01,4.595821499824523926e-01
-8.023014664649963379e-01,5.049481391906738281e-01,3.183389902114868164e-01
-8.941422700881958008e-01,4.282469749450683594e-01,1.308209747076034546e-01
-9.423798918724060059e-01,3.324294090270996094e-01,-3.756186366081237793e-02
-9.528293609619140625e-01,2.191217690706253052e-01,-2.100045680999755859e-01
-9.309013485908508301e-01,9.362807869911193848e-02,-3.530672788619995117e-01
-8.904401659965515137e-01,-3.659139946103096008e-02,-4.536269903182983398e-01
-8.712990283966064453e-01,-1.543861031532287598e-01,-4.658357501029968262e-01
-9.663246870040893555e-01,-1.577154844999313354e-01,-2.033280581235885620e-01
-9.173051714897155762e-01,1.644130237400531769e-02,3.978451788425445557e-01
-7.434959411621093750e-01,3.675121068954467773e-02,6.677297949790954590e-01
-6.829807162284851074e-01,-2.824446372687816620e-02,7.298901081085205078e-01
-6.736881136894226074e-01,-4.839045554399490356e-02,7.374297380447387695e-01
-6.820475459098815918e-01,-5.468655750155448914e-02,7.292602062225341797e-01
-6.859022974967956543e-01,-3.151503577828407288e-02,7.270109057426452637e-01
-6.934914588928222656e-01,-3.083338588476181030e-02,7.198047637939453125e-01
-6.835712790489196777e-01,-4.911750927567481995e-02,7.282292246818542480e-01
-1.000000000000000000e+00,6.759865556205113535e-08,-8.630619845462206285e-07
-9.994091391563415527e-01,2.630791626870632172e-02,2.212026529014110565e-02
-9.988765716552734375e-01,4.217278584837913513e-02,2.161070704460144043e-02
-9.976376295089721680e-01,5.800706148147583008e-02,3.680019453167915344e-02
-9.931409955024719238e-01,8.372568339109420776e-02,8.161516487598419189e-02
-9.741204380989074707e-01,1.170328035950660706e-01,1.933719813823699951e-01
-8.958325386047363281e-01,1.747862398624420166e-01,4.085753262042999268e-01
-7.604364752769470215e-01,2.315658777952194214e-01,6.067236065864562988e-01
-7.096439003944396973e-01,2.031526565551757812e-01,6.746366024017333984e-01
-7.620967030525207520e-01,9.237652271986007690e-02,6.408394575119018555e-01
-8.302992582321166992e-01,-2.690571546554565430e-02,5.566679835319519043e-01
-8.924747109413146973e-01,-1.489277482032775879e-01,4.258042573928833008e-01
-9.220923781394958496e-01,-2.668421864509582520e-01,2.802515327930450439e-01
-9.193818569183349609e-01,-3.766610324382781982e-01,1.134171262383460999e-01
-8.771240711212158203e-01,-4.769076406955718994e-01,-5.667909607291221619e-02
-8.022502064704895020e-01,-5.595385432243347168e-01,-2.081137299537658691e-01
-6.989573836326599121e-01,-6.285665035247802734e-01,-3.411197960376739502e-01
-6.017743349075317383e-01,-6.899369359016418457e-01,-4.023115634918212891e-01
-5.565963983535766602e-01,-7.501713633537292480e-01,-3.569920063018798828e-01
-6.708789467811584473e-01,-7.414944767951965332e-01,-1.036080066114664078e-02
-7.278116941452026367e-01,-5.155794024467468262e-01,4.521813094615936279e-01
-6.660071611404418945e-01,-4.383455812931060791e-01,6.035623550415039062e-01
-6.202796101570129395e-01,-5.354201793670654297e-01,5.732176899909973145e-01
-5.761032104492187500e-01,-6.638191938400268555e-01,4.769163429737091064e-01
-5.209439396858215332e-01,-7.888678312301635742e-01,3.260444700717926025e-01
-4.443923532962799072e-01,-8.805670142173767090e-01,1.646729409694671631e-01
-3.465946614742279053e-01,-9.378709197044372559e-01,-1.644126512110233307e-02
-2.334887087345123291e-01,-9.542237520217895508e-01,-1.869227290153503418e-01
-1.097174659371376038e-01,-9.347610473632812500e-01,-3.379112184047698975e-01
1.429049205034971237e-02,-8.930822610855102539e-01,-4.496663808822631836e-01
1.172736883163452148e-01,-8.673694729804992676e-01,-4.836497306823730469e-01
1.286905854940414429e-01,-9.316486716270446777e-01,-3.398080468177795410e-01
-5.400485917925834656e-02,-9.897318482398986816e-01,1.323415935039520264e-01
-1.442498713731765747e-01,-8.823526501655578613e-01,4.479350447654724121e-01
-6.951638311147689819e-02,-8.756711483001708984e-01,4.778781235218048096e-01
4.550164565443992615e-02,-9.139544367790222168e-01,4.032577276229858398e-01
1.738108694553375244e-01,-9.492273330688476562e-01,2.622163593769073486e-01
2.904029786586761475e-01,-9.508017301559448242e-01,1.078994199633598328e-01
3.988595008850097656e-01,-9.135816097259521484e-01,-7.924497872591018677e-02
4.847927093505859375e-01,-8.401504158973693848e-01,-2.431526482105255127e-01
5.511446595191955566e-01,-7.275530099868774414e-01,-4.085415303707122803e-01
5.988460779190063477e-01,-6.005557775497436523e-01,-5.298265814781188965e-01
6.412330865859985352e-01,-4.750196337699890137e-01,-6.026412248611450195e-01
6.976337432861328125e-01,-4.464987218379974365e-01,-5.603089332580566406e-01
7.281443476676940918e-01,-6.367720365524291992e-01,-2.536281645298004150e-01
5.941152572631835938e-01,-7.699013352394104004e-01,2.329784780740737915e-01
5.654510259628295898e-01,-7.200064063072204590e-01,4.023131728172302246e-01
6.485325098037719727e-01,-6.596485376358032227e-01,3.798280060291290283e-01
7.516840696334838867e-01,-5.958271026611328125e-01,2.827739715576171875e-01
8.443666696548461914e-01,-5.195953845977783203e-01,1.306350678205490112e-01
9.026387929916381836e-01,-4.297934472560882568e-01,-2.282240055501461029e-02
9.250398278236389160e-01,-3.210169076919555664e-01,-2.030993551015853882e-01
9.122303128242492676e-01,-2.108927816152572632e-01,-3.512265384197235107e-01
8.629787564277648926e-01,-8.540214598178863525e-02,-4.979701042175292969e-01
7.974960803985595703e-01,3.007628023624420166e-02,-6.025739312171936035e-01
7.281674742698669434e-01,1.547726690769195557e-01,-6.676956415176391602e-01
7.191168069839477539e-01,2.290998697280883789e-01,-6.560368537902832031e-01
8.261877894401550293e-01,2.111963182687759399e-01,-5.223119854927062988e-01
9.467656612396240234e-01,1.398156434297561646e-01,-2.899764478206634521e-01
9.869381189346313477e-01,1.004941612482070923e-01,-1.259125769138336182e-01
9.961887001991271973e-01,6.865860521793365479e-02,-5.379695072770118713e-02
9.984029531478881836e-01,4.994070157408714294e-02,-2.641025371849536896e-02
9.991571903228759766e-01,3.474240377545356750e-02,-2.186117507517337799e-02
9.997824430465698242e-01,1.437365822494029999e-02,-1.511596515774726868e-02
9.997824430465698242e-01,-1.437399256974458694e-02,1.511412113904953003e-02
9.991571903228759766e-01,-3.474274650216102600e-02,2.185970358550548553e-02
9.984030723571777344e-01,-4.994023591279983521e-02,2.640809677541255951e-02
9.961887598037719727e-01,-6.865838170051574707e-02,5.379515886306762695e-02
9.869385361671447754e-01,-1.004936546087265015e-01,1.259101629257202148e-01
9.467657804489135742e-01,-1.398157924413681030e-01,2.899759709835052490e-01
8.261885643005371094e-01,-2.111958116292953491e-01,5.223109722137451172e-01
7.191173434257507324e-01,-2.291000038385391235e-01,6.560361981391906738e-01
7.281674146652221680e-01,-1.547727137804031372e-01,6.676957011222839355e-01
7.974955439567565918e-01,-3.007664345204830170e-02,6.025747060775756836e-01
8.629787564277648926e-01,8.540218323469161987e-02,4.979700148105621338e-01
9.122301340103149414e-01,2.108925431966781616e-01,3.512271940708160400e-01
9.250398278236389160e-01,3.210164606571197510e-01,2.031002342700958252e-01
9.026387333869934082e-01,4.297936856746673584e-01,2.282054722309112549e-02
8.443668484687805176e-01,5.195952057838439941e-01,-1.306352615356445312e-01
7.516838312149047852e-01,5.958274602890014648e-01,-2.827740907669067383e-01
6.485323905944824219e-01,6.596482992172241211e-01,-3.798288106918334961e-01
5.654507875442504883e-01,7.200062274932861328e-01,-4.023140072822570801e-01
5.941157341003417969e-01,7.699012160301208496e-01,-2.329775243997573853e-01
7.281444072723388672e-01,6.367722749710083008e-01,2.536274790763854980e-01
6.976339221000671387e-01,4.464990794658660889e-01,5.603084564208984375e-01
6.412328481674194336e-01,4.750202298164367676e-01,6.026410460472106934e-01
5.988458991050720215e-01,6.005558371543884277e-01,5.298267006874084473e-01
5.511447787284851074e-01,7.275534272193908691e-01,4.085406959056854248e-01
4.847929775714874268e-01,8.401501178741455078e-01,2.431531846523284912e-01
3.988589942455291748e-01,9.135819077491760254e-01,7.924405485391616821e-02
2.904025912284851074e-01,9.508016109466552734e-01,-1.079007163643836975e-01
1.738112866878509521e-01,9.492275118827819824e-01,-2.622154057025909424e-01
4.550133645534515381e-02,9.139541983604431152e-01,-4.032584428787231445e-01
-6.951650977134704590e-02,8.756708502769470215e-01,-4.778787195682525635e-01
-1.442496776580810547e-01,8.823529481887817383e-01,-4.479344189167022705e-01
-5.400633066892623901e-02,9.897312521934509277e-01,-1.323453933000564575e-01
1.286907345056533813e-01,9.316484332084655762e-01,3.398086428642272949e-01
1.172736808657646179e-01,8.673694133758544922e-01,4.836498200893402100e-01
1.429064851254224777e-02,8.930823802947998047e-01,4.496662616729736328e-01
-1.097182258963584900e-01,9.347617030143737793e-01,3.379089534282684326e-01
-2.334886938333511353e-01,9.542236924171447754e-01,1.869229972362518311e-01
-3.465947508811950684e-01,9.378708600997924805e-01,1.643988862633705139e-02
-4.443922340869903564e-01,8.805670142173767090e-01,-1.646731942892074585e-01
-5.209442973136901855e-01,7.888670563697814941e-01,-3.260456025600433350e-01
-5.761032104492187500e-01,6.638182997703552246e-01,-4.769176244735717773e-01
-6.202795505523681641e-01,5.354205965995788574e-01,-5.732173323631286621e-01
-6.660076379776000977e-01,4.383456408977508545e-01,-6.035618185997009277e-01
-7.278115153312683105e-01,5.155793428421020508e-01,-4.521815776824951172e-01
-6.708790063858032227e-01,7.414945363998413086e-01,1.036083512008190155e-02
-5.565969944000244141e-01,7.501709461212158203e-01,3.569921255111694336e-01
-6.017742156982421875e-01,6.899367570877075195e-01,4.023120701313018799e-01
-6.989579200744628906e-01,6.285667419433593750e-01,3.411182463169097900e-01
-8.022500872611999512e-01,5.595388412475585938e-01,2.081131488084793091e-01
-8.771244883537292480e-01,4.769068956375122070e-01,5.667759478092193604e-02
-9.193818569183349609e-01,3.766606748104095459e-01,-1.134183108806610107e-01
-9.220923185348510742e-01,2.668420672416687012e-01,-2.802518606185913086e-01
-8.924742341041564941e-01,1.489270031452178955e-01,-4.258057773113250732e-01
-8.302996754646301270e-01,2.690586261451244354e-02,-5.566672682762145996e-01
-7.620971798896789551e-01,-9.237606823444366455e-02,-6.408389210700988770e-01
-7.096439003944396973e-01,-2.031524777412414551e-01,-6.746365427970886230e-01
-7.604367136955261230e-01,-2.315653860569000244e-01,-6.067235469818115234e-01
-8.958319425582885742e-01,-1.747869402170181274e-01,-4.085763096809387207e-01
-9.741199612617492676e-01,-1.170327216386795044e-01,-1.933742612600326538e-01
-9.931409358978271484e-01,-8.372540026903152466e-02,-8.161613345146179199e-02
-9.976375699043273926e-01,-5.800690874457359314e-02,-3.680171817541122437e-02
-9.988765120506286621e-01,-4.217350482940673828e-02,-2.161273919045925140e-02
-9.994090795516967773e-01,-2.630838565528392792e-02,-2.212235331535339355e-02
-1.000000000000000000e+00,-4.154623240992805222e-07,-5.510887604032177478e-07
