x,y,z
2.535722494125366211e+00,0.000000000000000000e+00,0.000000000000000000e+00
2.537574529647827148e+00,1.256462335586547852e-01,8.460664190351963043e-03
2.541933774948120117e+00,2.523428201675415039e-01,7.255525793880224228e-03
2.548420906066894531e+00,3.810431063175201416e-01,8.739278651773929596e-03
2.557666778564453125e+00,5.128636360168457031e-01,9.679630398750305176e-03
2.571817398071289062e+00,6.494913101196289062e-01,1.114979945123195648e-02
2.593817949295043945e+00,7.933996319770812988e-01,1.198355201631784439e-02
2.632962942123413086e+00,9.501327276229858398e-01,1.079931575804948807e-02
2.684112548828125000e+00,1.121531963348388672e+00,8.486622944474220276e-03
2.717360019683837891e+00,1.296802043914794922e+00,4.628066904842853546e-03
2.722055196762084961e+00,1.468523979187011719e+00,1.688335090875625610e-03
2.704027652740478516e+00,1.636398553848266602e+00,-7.278989651240408421e-04
2.666379451751708984e+00,1.799562215805053711e+00,-1.050964114256203175e-03
2.611696004867553711e+00,1.957383155822753906e+00,-2.562889130786061287e-04
2.540186643600463867e+00,2.107783317565917969e+00,1.843965845182538033e-03
2.452742338180541992e+00,2.249075174331665039e+00,4.319635685533285141e-03
2.349261999130249023e+00,2.378500223159790039e+00,6.613370962440967560e-03
2.230769872665405273e+00,2.494014263153076172e+00,8.473020978271961212e-03
2.100858688354492188e+00,2.596532821655273438e+00,9.092869237065315247e-03
1.971038222312927246e+00,2.698836803436279297e+00,8.864452131092548370e-03
1.857741594314575195e+00,2.827378988265991211e+00,7.146763615310192108e-03
1.754757761955261230e+00,2.982266426086425781e+00,5.027844104915857315e-03
1.640299916267395020e+00,3.132569313049316406e+00,2.426092280074954033e-03
1.507984638214111328e+00,3.263107061386108398e+00,5.278888274915516376e-04
1.361005544662475586e+00,3.373946189880371094e+00,-4.918267950415611267e-04
1.202389359474182129e+00,3.465668916702270508e+00,-2.755073364824056625e-04
1.034786462783813477e+00,3.538874387741088867e+00,9.182399953715503216e-04
8.600460886955261230e-01,3.592134475708007812e+00,2.261709887534379959e-03
6.802764534950256348e-01,3.624554872512817383e+00,3.469013376161456108e-03
4.974438250064849854e-01,3.633658647537231445e+00,3.580156248062849045e-03
3.141710460186004639e-01,3.619638204574584961e+00,3.021160373464226723e-03
1.333630084991455078e-01,3.592517614364624023e+00,1.373670762404799461e-03
-4.432862624526023865e-02,3.583815574645996094e+00,-4.435170558281242847e-04
-2.232968658208847046e-01,3.606138467788696289e+00,-2.302886685356497765e-03
-4.056825935840606689e-01,3.629349470138549805e+00,-3.412503050640225410e-03
-5.890926122665405273e-01,3.632108211517333984e+00,-3.628468140959739685e-03
-7.706760764122009277e-01,3.611101150512695312e+00,-2.981041790917515755e-03
-9.481710195541381836e-01,3.568026304244995117e+00,-1.545093371532857418e-03
-1.119603872299194336e+00,3.504690170288085938e+00,-3.027073107659816742e-04
-1.282953739166259766e+00,3.422093868255615234e+00,5.936781526543200016e-04
-1.436146259307861328e+00,3.320991992950439453e+00,6.511581887025386095e-05
-1.576181292533874512e+00,3.200335502624511719e+00,-1.320229144766926765e-03
-1.699826359748840332e+00,3.059623241424560547e+00,-3.752129385247826576e-03
-1.806441545486450195e+00,2.903325557708740234e+00,-6.125697400420904160e-03
-1.911940574645996094e+00,2.758681535720825195e+00,-8.128080517053604126e-03
-2.034727811813354492e+00,2.646057128906250000e+00,-9.158189408481121063e-03
-2.166836023330688477e+00,2.546590328216552734e+00,-8.870298974215984344e-03
-2.291729688644409180e+00,2.438025951385498047e+00,-7.716971915215253830e-03
-2.403016328811645508e+00,2.315465211868286133e+00,-5.427913740277290344e-03
-2.498425483703613281e+00,2.179697275161743164e+00,-3.158475738018751144e-03
-2.578004360198974609e+00,2.033627510070800781e+00,-6.020747241564095020e-04
-2.641129732131958008e+00,1.879249095916748047e+00,7.373143453150987625e-04
-2.687446594238281250e+00,1.718589663505554199e+00,1.154026133008301258e-03
-2.715672731399536133e+00,1.553001046180725098e+00,-3.267951251473277807e-04
-2.722882032394409180e+00,1.383138298988342285e+00,-3.075971733778715134e-03
-2.704435825347900391e+00,1.209440112113952637e+00,-6.531882099807262421e-03
-2.658806324005126953e+00,1.034479379653930664e+00,-9.940674528479576111e-03
-2.610729455947875977e+00,8.697493672370910645e-01,-1.144576910883188248e-02
-2.581404924392700195e+00,7.202820181846618652e-01,-1.196060422807931900e-02
-2.564009189605712891e+00,5.804538726806640625e-01,-1.015346404165029526e-02
-2.552588224411010742e+00,4.464738070964813232e-01,-9.477368555963039398e-03
-2.544894695281982422e+00,3.163797557353973389e-01,-7.589950226247310638e-03
-2.539506673812866211e+00,1.888055354356765747e-01,-8.150214329361915588e-03
-2.536221981048583984e+00,6.275141239166259766e-02,-5.741862580180168152e-03
-2.536221981048583984e+00,-6.275124847888946533e-02,5.741843953728675842e-03
-2.539506673812866211e+00,-1.888059973716735840e-01,8.150203153491020203e-03
-2.544894933700561523e+00,-3.163796067237854004e-01,7.589937653392553329e-03
-2.552588224411010742e+00,-4.464742541313171387e-01,9.477376937866210938e-03
-2.564008951187133789e+00,-5.804536938667297363e-01,1.015345193445682526e-02
-2.581404685974121094e+00,-7.202824354171752930e-01,1.196061354130506516e-02
-2.610729217529296875e+00,-8.697491288185119629e-01,1.144576910883188248e-02
-2.658806085586547852e+00,-1.034479141235351562e+00,9.940679185092449188e-03
-2.704435110092163086e+00,-1.209440469741821289e+00,6.531880237162113190e-03
-2.722882032394409180e+00,-1.383138298988342285e+00,3.075978485867381096e-03
-2.715672492980957031e+00,-1.553001523017883301e+00,3.267955617047846317e-04
-2.687446594238281250e+00,-1.718589425086975098e+00,-1.154027529992163181e-03
-2.641130208969116211e+00,-1.879248976707458496e+00,-7.373101543635129929e-04
-2.578004360198974609e+00,-2.033627986907958984e+00,6.020859000273048878e-04
-2.498425722122192383e+00,-2.179697275161743164e+00,3.158469684422016144e-03
-2.403016090393066406e+00,-2.315465927124023438e+00,5.427927710115909576e-03
-2.291729211807250977e+00,-2.438025236129760742e+00,7.716963533312082291e-03
-2.166835784912109375e+00,-2.546589851379394531e+00,8.870298974215984344e-03
-2.034727096557617188e+00,-2.646057605743408203e+00,9.158185683190822601e-03
-1.911940813064575195e+00,-2.758681297302246094e+00,8.128088898956775665e-03
-1.806441783905029297e+00,-2.903325319290161133e+00,6.125700194388628006e-03
-1.699826002120971680e+00,-3.059623718261718750e+00,3.752122400328516960e-03
-1.576180934906005859e+00,-3.200336456298828125e+00,1.320202485658228397e-03
-1.436146497726440430e+00,-3.320991992950439453e+00,-6.510231469292193651e-05
-1.282954335212707520e+00,-3.422093391418457031e+00,-5.936772213317453861e-04
-1.119603276252746582e+00,-3.504690170288085938e+00,3.027175553143024445e-04
-9.481708407402038574e-01,-3.568026542663574219e+00,1.545100822113454342e-03
-7.706763148307800293e-01,-3.611100912094116211e+00,2.981043886393308640e-03
-5.890919566154479980e-01,-3.632108211517333984e+00,3.628473496064543724e-03
-4.056823849678039551e-01,-3.629349470138549805e+00,3.412505844607949257e-03
-2.232970893383026123e-01,-3.606138467788696289e+00,2.302900888025760651e-03
-4.432928562164306641e-02,-3.583815574645996094e+00,4.435234586708247662e-04
1.333636343479156494e-01,-3.592517614364624023e+00,-1.373678445816040039e-03
3.141712546348571777e-01,-3.619637966156005859e+00,-3.021165961399674416e-03
4.974435865879058838e-01,-3.633658647537231445e+00,-3.580157179385423660e-03
6.802771091461181641e-01,-3.624555110931396484e+00,-3.469009185209870338e-03
8.600463867187500000e-01,-3.592134714126586914e+00,-2.261709421873092651e-03
1.034786343574523926e+00,-3.538874864578247070e+00,-9.182390058413147926e-04
1.202388763427734375e+00,-3.465668916702270508e+00,2.755036111921072006e-04
1.361006259918212891e+00,-3.373945713043212891e+00,4.918225458823144436e-04
1.507984876632690430e+00,-3.263107061386108398e+00,-5.278944154269993305e-04
1.640299558639526367e+00,-3.132570028305053711e+00,-2.426079940050840378e-03
1.754758000373840332e+00,-2.982266187667846680e+00,-5.027844104915857315e-03
1.857741594314575195e+00,-2.827378749847412109e+00,-7.146761752665042877e-03
1.971038222312927246e+00,-2.698837041854858398e+00,-8.864455856382846832e-03
2.100859403610229492e+00,-2.596532106399536133e+00,-9.092850610613822937e-03
2.230769872665405273e+00,-2.494014024734497070e+00,-8.473017252981662750e-03
2.349261999130249023e+00,-2.378500223159790039e+00,-6.613384466618299484e-03
2.452742338180541992e+00,-2.249075651168823242e+00,-4.319644533097743988e-03
2.540186643600463867e+00,-2.107782602310180664e+00,-1.843948382884263992e-03
2.611696004867553711e+00,-1.957382917404174805e+00,2.562837908044457436e-04
2.666379451751708984e+00,-1.799562335014343262e+00,1.050975755788385868e-03
2.704027891159057617e+00,-1.636397838592529297e+00,7.278826669789850712e-04
2.722055196762084961e+00,-1.468523502349853516e+00,-1.688353950157761574e-03
2.717360019683837891e+00,-1.296802043914794922e+00,-4.628064576536417007e-03
2.684112787246704102e+00,-1.121532440185546875e+00,-8.486613631248474121e-03
2.632962703704833984e+00,-9.501321911811828613e-01,-1.079932879656553268e-02
2.593817472457885742e+00,-7.933993339538574219e-01,-1.198354270309209824e-02
2.571817636489868164e+00,-6.494916677474975586e-01,-1.114980690181255341e-02
2.557666540145874023e+00,-5.128629207611083984e-01,-9.679610840976238251e-03
2.548421144485473633e+00,-3.810428082942962646e-01,-8.739277720451354980e-03
2.541934013366699219e+00,-2.523429095745086670e-01,-7.255525328218936920e-03
2.537574529647827148e+00,-1.256466507911682129e-01,-8.460672572255134583e-03
2.535722494125366211e+00,4.433597950992407277e-07,5.607139641483627202e-08
2.591881752014160156e+00,0.000000000000000000e+00,-1.042164936661720276e-01
2.591552019119262695e+00,1.283188909292221069e-01,-9.598689526319503784e-02
2.596548318862915039e+00,2.577645182609558105e-01,-9.616651386022567749e-02
2.602418661117553711e+00,3.891169428825378418e-01,-9.345472604036331177e-02
2.609931230545043945e+00,5.233436822891235352e-01,-9.079080075025558472e-02
2.615243673324584961e+00,6.604583263397216797e-01,-8.797342330217361450e-02
2.613988637924194336e+00,7.995694279670715332e-01,-8.717322349548339844e-02
2.607730388641357422e+00,9.410273432731628418e-01,-8.904093503952026367e-02
2.619607686996459961e+00,1.094579100608825684e+00,-8.570284396409988403e-02
2.657303333282470703e+00,1.268141150474548340e+00,-7.441893219947814941e-02
2.684319019317626953e+00,1.448165535926818848e+00,-6.250394880771636963e-02
2.681935548782348633e+00,1.623028993606567383e+00,-5.567638948559761047e-02
2.655517101287841797e+00,1.792231202125549316e+00,-5.073483660817146301e-02
2.608456134796142578e+00,1.954954981803894043e+00,-4.762840643525123596e-02
2.543874979019165039e+00,2.110843896865844727e+00,-4.522320628166198730e-02
2.462500095367431641e+00,2.258022546768188477e+00,-4.442540183663368225e-02
2.365586519241333008e+00,2.395027637481689453e+00,-4.571100324392318726e-02
2.253257751464843750e+00,2.519155740737915039e+00,-4.979405924677848816e-02
2.126388072967529297e+00,2.628085374832153320e+00,-5.782151594758033752e-02
1.988236069679260254e+00,2.722384929656982422e+00,-6.883477419614791870e-02
1.850339055061340332e+00,2.816112756729125977e+00,-7.882229238748550415e-02
1.730235457420349121e+00,2.940590143203735352e+00,-7.735542953014373779e-02
1.619738340377807617e+00,3.093301773071289062e+00,-6.617073714733123779e-02
1.496201634407043457e+00,3.237609863281250000e+00,-5.527722463011741638e-02
1.355216741561889648e+00,3.359595775604248047e+00,-4.802120849490165710e-02
1.200460791587829590e+00,3.460110187530517578e+00,-4.312695190310478210e-02
1.035194635391235352e+00,3.540270090103149414e+00,-4.001506790518760681e-02
8.621757626533508301e-01,3.601029396057128906e+00,-3.886450827121734619e-02
6.834589242935180664e-01,3.641511440277099609e+00,-4.003193601965904236e-02
5.012229084968566895e-01,3.661263465881347656e+00,-4.456419125199317932e-02
3.175144791603088379e-01,3.658158540725708008e+00,-5.264752730727195740e-02
1.348736435174942017e-01,3.633211135864257812e+00,-6.453330814838409424e-02
-4.451043903827667236e-02,3.598514556884765625e+00,-7.622443139553070068e-02
-2.220161706209182739e-01,3.585455894470214844e+00,-7.939803600311279297e-02
-4.024117588996887207e-01,3.600087642669677734e+00,-7.155079394578933716e-02
-5.856672525405883789e-01,3.610988616943359375e+00,-6.066865473985671997e-02
-7.682754397392272949e-01,3.599852323532104492e+00,-5.150143057107925415e-02
-9.473288655281066895e-01,3.564857482910156250e+00,-4.456788301467895508e-02
-1.120784997940063477e+00,3.508387327194213867e+00,-4.031321033835411072e-02
-1.286879897117614746e+00,3.432566165924072266e+00,-3.853587806224822998e-02
-1.443956613540649414e+00,3.339052915573120117e+00,-4.023965448141098022e-02
-1.590138912200927734e+00,3.228675603866577148e+00,-4.512126371264457703e-02
-1.722754001617431641e+00,3.100892305374145508e+00,-5.405557155609130859e-02
-1.838859558105468750e+00,2.955427885055541992e+00,-6.656159460544586182e-02
-1.938968062400817871e+00,2.797678709030151367e+00,-8.115455508232116699e-02
-2.039182186126708984e+00,2.651849746704101562e+00,-8.960893005132675171e-02
-2.155201435089111328e+00,2.532916784286499023e+00,-8.592002838850021362e-02
-2.278361558914184570e+00,2.423804521560668945e+00,-7.539603859186172485e-02
-2.393744945526123047e+00,2.306531429290771484e+00,-6.385456025600433350e-02
-2.495094299316406250e+00,2.176791191101074219e+00,-5.436922982335090637e-02
-2.580325126647949219e+00,2.035458087921142578e+00,-4.689405113458633423e-02
-2.649669885635375977e+00,1.885325670242309570e+00,-4.252662882208824158e-02
-2.702807426452636719e+00,1.728412747383117676e+00,-4.092135280370712280e-02
-2.740051746368408203e+00,1.566942691802978516e+00,-4.299136996269226074e-02
-2.760293006896972656e+00,1.402141928672790527e+00,-4.857743531465530396e-02
-2.761505365371704102e+00,1.234961986541748047e+00,-5.788851529359817505e-02
-2.740232467651367188e+00,1.066160321235656738e+00,-7.132855802774429321e-02
-2.700530052185058594e+00,8.996658921241760254e-01,-8.612908422946929932e-02
-2.661110639572143555e+00,7.425220608711242676e-01,-9.843483567237854004e-02
-2.632775545120239258e+00,5.960215330123901367e-01,-1.045263633131980896e-01
-2.615078926086425781e+00,4.574040472507476807e-01,-1.084415391087532043e-01
-2.604092121124267578e+00,3.237391412258148193e-01,-1.091733425855636597e-01
-2.597820758819580078e+00,1.931410282850265503e-01,-1.110815778374671936e-01
-2.593878269195556641e+00,6.417794525623321533e-02,-1.094718128442764282e-01
-2.590837478637695312e+00,-6.410254538059234619e-02,-9.878987073898315430e-02
-2.593776702880859375e+00,-1.928408294916152954e-01,-9.585063904523849487e-02
-2.599341869354248047e+00,-3.231483995914459229e-01,-9.525483101606369019e-02
-2.606081485748291016e+00,-4.558307826519012451e-01,-9.189873933792114258e-02
-2.613188028335571289e+00,-5.915870666503906250e-01,-8.951678127050399780e-02
-2.615657567977905273e+00,-7.298399209976196289e-01,-8.696310222148895264e-02
-2.610561132431030273e+00,-8.696931004524230957e-01,-8.824948221445083618e-02
-2.609647274017333984e+00,-1.015352487564086914e+00,-8.841555565595626831e-02
-2.637062072753906250e+00,-1.179310679435729980e+00,-8.081327378749847412e-02
-2.674342393875122070e+00,-1.358481645584106445e+00,-6.788319349288940430e-02
-2.686517238616943359e+00,-1.536328673362731934e+00,-5.862822383642196655e-02
-2.671479225158691406e+00,-1.708378314971923828e+00,-5.304804816842079163e-02
-2.634340286254882812e+00,-1.874417662620544434e+00,-4.896602779626846313e-02
-2.578275918960571289e+00,-2.033842325210571289e+00,-4.638559371232986450e-02
-2.505236625671386719e+00,-2.185639142990112305e+00,-4.449703544378280640e-02
-2.415924549102783203e+00,-2.327903985977172852e+00,-4.486486688256263733e-02
-2.311370611190795898e+00,-2.458920717239379883e+00,-4.723465815186500549e-02
-2.191481113433837891e+00,-2.575554370880126953e+00,-5.339885875582695007e-02
-2.058356761932373047e+00,-2.676786661148071289e+00,-6.298902630805969238e-02
-1.917951464653015137e+00,-2.767354011535644531e+00,-7.463368773460388184e-02
-1.787720561027526855e+00,-2.873236417770385742e+00,-7.986181974411010742e-02
-1.675443887710571289e+00,-3.015736818313598633e+00,-7.227290421724319458e-02
-1.560329198837280273e+00,-3.168150424957275391e+00,-6.029796227812767029e-02
-1.427635192871093750e+00,-3.301310062408447266e+00,-5.123750865459442139e-02
-1.279371500015258789e+00,-3.412536621093750000e+00,-4.537032172083854675e-02
-1.118929624557495117e+00,-3.502581357955932617e+00,-4.131595790386199951e-02
-9.495379924774169922e-01,-3.573171377182006836e+00,-3.921090811491012573e-02
-7.733820080757141113e-01,-3.623778581619262695e+00,-3.907087817788124084e-02
-5.926647186279296875e-01,-3.654136419296264648e+00,-4.186849296092987061e-02
-4.093991219997406006e-01,-3.662600517272949219e+00,-4.811925813555717468e-02
-2.258987575769424438e-01,-3.648154020309448242e+00,-5.820862203836441040e-02
-4.471907764673233032e-02,-3.615328550338745117e+00,-7.090010493993759155e-02
1.331810355186462402e-01,-3.587598562240600586e+00,-7.932832837104797363e-02
3.116893768310546875e-01,-3.591043710708618164e+00,-7.647693157196044922e-02
4.939019381999969482e-01,-3.607788085937500000e+00,-6.597381830215454102e-02
6.772522330284118652e-01,-3.608438253402709961e+00,-5.586349591612815857e-02
8.583958745002746582e-01,-3.585241317749023438e+00,-4.767587780952453613e-02
1.034857511520385742e+00,-3.539118051528930664e+00,-4.216520860791206360e-02
1.204871535301208496e+00,-3.472825288772583008e+00,-3.902771323919296265e-02
1.366633772850036621e+00,-3.387896537780761719e+00,-3.897428140044212341e-02
1.518579125404357910e+00,-3.286031961441040039e+00,-4.224093258380889893e-02
1.658301353454589844e+00,-3.166949033737182617e+00,-4.907245561480522156e-02
1.783074975013732910e+00,-3.030391693115234375e+00,-5.990153923630714417e-02
1.890313863754272461e+00,-2.876951694488525391e+00,-7.390364259481430054e-02
1.987614631652832031e+00,-2.721534252166748047e+00,-8.684341609477996826e-02
2.095227003097534180e+00,-2.589570760726928711e+00,-8.908436447381973267e-02
2.217022657394409180e+00,-2.478644371032714844e+00,-8.109199255704879761e-02
2.337568521499633789e+00,-2.366661071777343750e+00,-6.946669518947601318e-02
2.446381568908691406e+00,-2.243242979049682617e+00,-5.884315446019172668e-02
2.539726734161376953e+00,-2.107400894165039062e+00,-5.033304914832115173e-02
2.616991043090820312e+00,-1.961351513862609863e+00,-4.429691657423973083e-02
2.678262233734130859e+00,-1.807582139968872070e+00,-4.139098897576332092e-02
2.723422765731811523e+00,-1.648135066032409668e+00,-4.141102731227874756e-02
2.752431631088256836e+00,-1.484911322593688965e+00,-4.543988779187202454e-02
2.763440608978271484e+00,-1.318793058395385742e+00,-5.262180045247077942e-02
2.753855228424072266e+00,-1.150673747062683105e+00,-6.427577883005142212e-02
2.721642971038818359e+00,-9.821333885192871094e-01,-7.869643718004226685e-02
2.679705619812011719e+00,-8.196708559989929199e-01,-9.301265329122543335e-02
2.645467519760131836e+00,-6.680913567543029785e-01,-1.020499169826507568e-01
2.622799873352050781e+00,-5.259234309196472168e-01,-1.066873073577880859e-01
2.608984231948852539e+00,-3.900982737541198730e-01,-1.091822087764739990e-01
2.600382328033447266e+00,-2.581451833248138428e-01,-1.096626445651054382e-01
2.595877885818481445e+00,-1.285335123538970947e-01,-1.117663979530334473e-01
2.591881513595581055e+00,4.531789556949661346e-07,-1.042164489626884460e-01
2.683357477188110352e+00,0.000000000000000000e+00,-1.693455874919891357e-01
2.682384490966796875e+00,1.328164041042327881e-01,-1.616707593202590942e-01
2.687182903289794922e+00,2.667620182037353516e-01,-1.606297045946121216e-01
2.693128347396850586e+00,4.026799499988555908e-01,-1.561948657035827637e-01
2.700168371200561523e+00,5.414380431175231934e-01,-1.514359861612319946e-01
2.704668760299682617e+00,6.830418705940246582e-01,-1.470086276531219482e-01
2.698799371719360352e+00,8.255113959312438965e-01,-1.482237279415130615e-01
2.678733825683593750e+00,9.666496515274047852e-01,-1.582008302211761475e-01
2.650718927383422852e+00,1.107578635215759277e+00,-1.718405485153198242e-01
2.636192321777343750e+00,1.258066415786743164e+00,-1.755691617727279663e-01
2.648752450942993164e+00,1.428977727890014648e+00,-1.566098183393478394e-01
2.660556316375732422e+00,1.610090970993041992e+00,-1.308787018060684204e-01
2.646292448043823242e+00,1.786005258560180664e+00,-1.123374700546264648e-01
2.608821153640747070e+00,1.955228447914123535e+00,-1.001749634742736816e-01
2.550675868988037109e+00,2.116487026214599609e+00,-9.275297820568084717e-02
2.475497245788574219e+00,2.269940614700317383e+00,-8.892009407281875610e-02
2.384241342544555664e+00,2.413914680480957031e+00,-8.921567350625991821e-02
2.278229475021362305e+00,2.547074556350708008e+00,-9.383281320333480835e-02
2.157932519912719727e+00,2.667072534561157227e+00,-1.044181883335113525e-01
2.023806810379028320e+00,2.771090030670166016e+00,-1.217846050858497620e-01
1.878705859184265137e+00,2.859285354614257812e+00,-1.458081305027008057e-01
1.733028054237365723e+00,2.945336341857910156e+00,-1.660968810319900513e-01
1.604756593704223633e+00,3.064690351486206055e+00,-1.606636196374893188e-01
1.484080553054809570e+00,3.211381435394287109e+00,-1.336082816123962402e-01
1.349614262580871582e+00,3.345706939697265625e+00,-1.093626692891120911e-01
1.199059724807739258e+00,3.456071615219116211e+00,-9.328821301460266113e-02
1.036316871643066406e+00,3.544108390808105469e+00,-8.340613543987274170e-02
8.647053837776184082e-01,3.611594915390014648e+00,-7.864441722631454468e-02
6.868485808372497559e-01,3.659571409225463867e+00,-7.826446741819381714e-02
5.048922896385192871e-01,3.688066959381103516e+00,-8.312291651964187622e-02
3.208290934562683105e-01,3.696346759796142578e+00,-9.329962730407714844e-02
1.367260515689849854e-01,3.683110952377319336e+00,-1.101281642913818359e-01
-4.513604193925857544e-02,3.649092197418212891e+00,-1.324622482061386108e-01
-2.234555184841156006e-01,3.608700513839721680e+00,-1.523236632347106934e-01
-4.014384448528289795e-01,3.591380119323730469e+00,-1.523951441049575806e-01
-5.832063555717468262e-01,3.595815896987915039e+00,-1.328295618295669556e-01
-7.664667963981628418e-01,3.591377973556518555e+00,-1.104219406843185425e-01
-9.471614956855773926e-01,3.564227581024169922e+00,-9.289541095495223999e-02
-1.122653603553771973e+00,3.514236450195312500e+00,-8.148331940174102783e-02
-1.291196823120117188e+00,3.444080829620361328e+00,-7.528665661811828613e-02
-1.451525926589965820e+00,3.356556415557861328e+00,-7.452434301376342773e-02
-1.602198600769042969e+00,3.253162145614624023e+00,-7.870043069124221802e-02
-1.741770982742309570e+00,3.135122060775756836e+00,-8.826404809951782227e-02
-1.867707371711730957e+00,3.001792430877685547e+00,-1.034475415945053101e-01
-1.977601885795593262e+00,2.853422164916992188e+00,-1.246993541717529297e-01
-2.072652101516723633e+00,2.695375919342041016e+00,-1.486316472291946411e-01
-2.168250560760498047e+00,2.548252820968627930e+00,-1.605601608753204346e-01
-2.277588129043579102e+00,2.422981739044189453e+00,-1.514634639024734497e-01
-2.391156911849975586e+00,2.304038047790527344e+00,-1.309880018234252930e-01
-2.495734214782714844e+00,2.177349328994750977e+00,-1.109840050339698792e-01
-2.585652351379394531e+00,2.039660453796386719e+00,-9.471059590578079224e-02
-2.659715890884399414e+00,1.892473578453063965e+00,-8.386194705963134766e-02
-2.717999458312988281e+00,1.738127827644348145e+00,-7.775255292654037476e-02
-2.761209964752197266e+00,1.579042315483093262e+00,-7.694245129823684692e-02
-2.789439916610717773e+00,1.416947603225708008e+00,-8.104071021080017090e-02
-2.802193164825439453e+00,1.253157854080200195e+00,-9.024532139301300049e-02
-2.797990798950195312e+00,1.088632822036743164e+00,-1.051629930734634399e-01
-2.776965379714965820e+00,9.251298904418945312e-01,-1.244258508086204529e-01
-2.748569726943969727e+00,7.669255137443542480e-01,-1.441745012998580933e-01
-2.723766326904296875e+00,6.166205406188964844e-01,-1.576766073703765869e-01
-2.706912040710449219e+00,4.734665751457214355e-01,-1.667419672012329102e-01
-2.695777654647827148e+00,3.351374268531799316e-01,-1.708576083183288574e-01
-2.689738750457763672e+00,1.999748796224594116e-01,-1.743831336498260498e-01
-2.685639858245849609e+00,6.644831597805023193e-02,-1.738781780004501343e-01
-2.681987047195434570e+00,-6.635776907205581665e-02,-1.644375920295715332e-01
-2.684402704238891602e+00,-1.995786428451538086e-01,-1.610714793205261230e-01
-2.690092563629150391e+00,-3.344304859638214111e-01,-1.588730514049530029e-01
-2.696545362472534180e+00,-4.716538786888122559e-01,-1.536571830511093140e-01
-2.703229904174804688e+00,-6.119712591171264648e-01,-1.491110771894454956e-01
-2.703438282012939453e+00,-7.543331384658813477e-01,-1.463885307312011719e-01
-2.690458297729492188e+00,-8.963103890419006348e-01,-1.523893624544143677e-01
-2.664727926254272461e+00,-1.036783099174499512e+00,-1.650427728891372681e-01
-2.640104532241821289e+00,-1.180671334266662598e+00,-1.762832403182983398e-01
-2.639978170394897461e+00,-1.341025590896606445e+00,-1.684867441654205322e-01
-2.657220125198364258e+00,-1.519574642181396484e+00,-1.431815326213836670e-01
-2.656749248504638672e+00,-1.698958754539489746e+00,-1.206634566187858582e-01
-2.630210876464843750e+00,-1.871479511260986328e+00,-1.055608093738555908e-01
-2.582161188125610352e+00,-2.036907196044921875e+00,-9.599130600690841675e-02
-2.515037059783935547e+00,-2.194189310073852539e+00,-9.035798907279968262e-02
-2.431888103485107422e+00,-2.343285799026489258e+00,-8.854894340038299561e-02
-2.332934617996215820e+00,-2.481861114501953125e+00,-9.091142565011978149e-02
-2.219953775405883789e+00,-2.609017133712768555e+00,-9.828174114227294922e-02
-2.092405080795288086e+00,-2.721064805984497070e+00,-1.122368127107620239e-01
-1.952385425567626953e+00,-2.817037582397460938e+00,-1.331438571214675903e-01
-1.804587602615356445e+00,-2.900345325469970703e+00,-1.578762233257293701e-01
-1.666450858116149902e+00,-2.999549865722656250e+00,-1.673429459333419800e-01
-1.545166492462158203e+00,-3.137363433837890625e+00,-1.481404304504394531e-01
-1.419096827507019043e+00,-3.281565904617309570e+00,-1.202826574444770813e-01
-1.276077628135681152e+00,-3.403750658035278320e+00,-1.005303412675857544e-01
-1.119002580642700195e+00,-3.502809524536132812e+00,-8.757414668798446655e-02
-9.514288902282714844e-01,-3.580286979675292969e+00,-8.052507787942886353e-02
-7.764261960983276367e-01,-3.638042688369750977e+00,-7.780947536230087280e-02
-5.962508320808410645e-01,-3.676247358322143555e+00,-8.007468283176422119e-02
-4.130037128925323486e-01,-3.694848060607910156e+00,-8.744347095489501953e-02
-2.286417782306671143e-01,-3.692452430725097656e+00,-1.008838862180709839e-01
-4.537531360983848572e-02,-3.668382167816162109e+00,-1.208131685853004456e-01
1.346729397773742676e-01,-3.627787113189697266e+00,-1.437662541866302490e-01
3.121207356452941895e-01,-3.596013307571411133e+00,-1.555638611316680908e-01
4.918480217456817627e-01,-3.592784881591796875e+00,-1.439779698848724365e-01
6.749497056007385254e-01,-3.596170186996459961e+00,-1.212295293807983398e-01
8.573144674301147461e-01,-3.580724477767944336e+00,-1.008984446525573730e-01
1.035697102546691895e+00,-3.541989803314208984e+00,-8.647537231445312500e-02
1.207857251167297363e+00,-3.481431007385253906e+00,-7.774543762207031250e-02
1.372490406036376953e+00,-3.402415037155151367e+00,-7.422627508640289307e-02
1.528133630752563477e+00,-3.306706905364990234e+00,-7.601998001337051392e-02
1.673522591590881348e+00,-3.196017980575561523e+00,-8.274430036544799805e-02
1.806595921516418457e+00,-3.070366144180297852e+00,-9.517809748649597168e-02
1.924799919128417969e+00,-2.929437875747680664e+00,-1.132621169090270996e-01
2.026386022567749023e+00,-2.774621725082397461e+00,-1.370683759450912476e-01
2.119059801101684570e+00,-2.619026660919189453e+00,-1.570928990840911865e-01
2.221370458602905273e+00,-2.483505249023437500e+00,-1.583923846483230591e-01
2.334860801696777344e+00,-2.363919734954833984e+00,-1.416756510734558105e-01
2.445064544677734375e+00,-2.242035388946533203e+00,-1.206172183156013489e-01
2.542670488357543945e+00,-2.109843492507934570e+00,-1.022519394755363464e-01
2.624662160873413086e+00,-1.967100739479064941e+00,-8.860592544078826904e-02
2.690810203552246094e+00,-1.816051006317138672e+00,-8.024340867996215820e-02
2.741433382034301758e+00,-1.659034609794616699e+00,-7.662741839885711670e-02
2.777245998382568359e+00,-1.498298525810241699e+00,-7.846634835004806519e-02
2.797776699066162109e+00,-1.335179209709167480e+00,-8.487253636121749878e-02
2.802380561828613281e+00,-1.170949578285217285e+00,-9.710159897804260254e-02
2.789185047149658203e+00,-1.006506681442260742e+00,-1.143112778663635254e-01
2.762898206710815430e+00,-8.451178669929504395e-01,-1.347980648279190063e-01
2.735239505767822266e+00,-6.907625794410705566e-01,-1.517211496829986572e-01
2.714418411254882812e+00,-5.442947745323181152e-01,-1.626859605312347412e-01
2.700752019882202148e+00,-4.038195013999938965e-01,-1.693765372037887573e-01
2.692147970199584961e+00,-2.672549486160278320e-01,-1.723581850528717041e-01
2.687819957733154297e+00,-1.330859810113906860e-01,-1.755514442920684814e-01
2.683357954025268555e+00,4.691732158335071290e-07,-1.693454831838607788e-01
2.767260551452636719e+00,0.000000000000000000e+00,-2.085894346237182617e-01
2.766219139099121094e+00,1.369674205780029297e-01,-2.014255821704864502e-01
2.770306825637817383e+00,2.750138640403747559e-01,-1.992039233446121216e-01
2.775264263153076172e+00,4.149610400199890137e-01,-1.931618452072143555e-01
2.781417608261108398e+00,5.577301383018493652e-01,-1.858903169631958008e-01
2.785550355911254883e+00,7.034679055213928223e-01,-1.788618564605712891e-01
2.782138347625732422e+00,8.510032296180725098e-01,-1.779656261205673218e-01
2.765884637832641602e+00,9.980989098548889160e-01,-1.888934373855590820e-01
2.736310005187988281e+00,1.143342137336730957e+00,-2.103497236967086792e-01
2.698723316192626953e+00,1.287907958030700684e+00,-2.362702786922454834e-01
2.667554855346679688e+00,1.439121484756469727e+00,-2.474884688854217529e-01
2.656098365783691406e+00,1.607393145561218262e+00,-2.272448837757110596e-01
2.645718336105346680e+00,1.785617828369140625e+00,-1.911686211824417114e-01
2.614885568618774414e+00,1.959773659706115723e+00,-1.631697714328765869e-01
2.563014507293701172e+00,2.126725196838378906e+00,-1.439674943685531616e-01
2.492244720458984375e+00,2.285297393798828125e+00,-1.328127980232238770e-01
2.405614614486694336e+00,2.435553789138793945e+00,-1.276206225156784058e-01
2.304182052612304688e+00,2.576089382171630859e+00,-1.286957561969757080e-01
2.189417362213134766e+00,2.705986022949218750e+00,-1.365784704685211182e-01
2.061676263809204102e+00,2.822942733764648438e+00,-1.525448411703109741e-01
1.921480417251586914e+00,2.924385786056518555e+00,-1.792303621768951416e-01
1.770915269851684570e+00,3.009726762771606445e+00,-2.152874916791915894e-01
1.618344902992248535e+00,3.090640544891357422e+00,-2.473683953285217285e-01
1.479364991188049316e+00,3.201177358627319336e+00,-2.385133206844329834e-01
1.345577120780944824e+00,3.335699081420898438e+00,-1.960970759391784668e-01
1.198864340782165527e+00,3.455508470535278320e+00,-1.591977775096893311e-01
1.038506984710693359e+00,3.551598072052001953e+00,-1.352359056472778320e-01
8.680921792984008789e-01,3.625740528106689453e+00,-1.216526776552200317e-01
6.906963586807250977e-01,3.680072784423828125e+00,-1.158545389771461487e-01
5.087183117866516113e-01,3.716014862060546875e+00,-1.172094494104385376e-01
3.240636587142944336e-01,3.733613014221191406e+00,-1.254069060087203979e-01
1.385630965232849121e-01,3.732597112655639648e+00,-1.413881629705429077e-01
-4.590456932783126831e-02,3.711225271224975586e+00,-1.661506742238998413e-01
-2.272939383983612061e-01,3.670689105987548828e+00,-1.986814290285110474e-01
-4.051866829395294189e-01,3.624912738800048828e+00,-2.249702066183090210e-01
-5.839417576789855957e-01,3.600349903106689453e+00,-2.192243188619613647e-01
-7.663009762763977051e-01,3.590600967407226562e+00,-1.866391748189926147e-01
-9.481869935989379883e-01,3.568086624145507812e+00,-1.532727181911468506e-01
-1.125681161880493164e+00,3.523713827133178711e+00,-1.290589869022369385e-01
-1.296499490737915039e+00,3.458225011825561523e+00,-1.142226085066795349e-01
-1.459572792053222656e+00,3.375164031982421875e+00,-1.076434403657913208e-01
-1.613860607147216797e+00,3.276840925216674805e+00,-1.079718694090843201e-01
-1.758456826210021973e+00,3.165155887603759766e+00,-1.149633824825286865e-01
-1.891964912414550781e+00,3.040779113769531250e+00,-1.281661987304687500e-01
-2.012284517288208008e+00,2.903464555740356445e+00,-1.487280428409576416e-01
-2.117388963699340820e+00,2.753553628921508789e+00,-1.768604964017868042e-01
-2.208813190460205078e+00,2.595924615859985352e+00,-2.076107263565063477e-01
-2.299650669097900391e+00,2.446452617645263672e+00,-2.218173593282699585e-01
-2.400527715682983398e+00,2.313067197799682617e+00,-2.068188935518264771e-01
-2.503094434738159180e+00,2.183770656585693359e+00,-1.774400621652603149e-01
-2.595204353332519531e+00,2.047195672988891602e+00,-1.492608487606048584e-01
-2.672763347625732422e+00,1.901757359504699707e+00,-1.280769556760787964e-01
-2.734643220901489258e+00,1.748771309852600098e+00,-1.144006922841072083e-01
-2.782008171081542969e+00,1.590936183929443359e+00,-1.079853028059005737e-01
-2.815380811691284180e+00,1.430124759674072266e+00,-1.081443801522254944e-01
-2.835286140441894531e+00,1.267957210540771484e+00,-1.145766898989677429e-01
-2.841545343399047852e+00,1.105578780174255371e+00,-1.276264339685440063e-01
-2.833966493606567383e+00,9.441194534301757812e-01,-1.466975361108779907e-01
-2.817488431930541992e+00,7.861557006835937500e-01,-1.690649688243865967e-01
-2.799944400787353516e+00,6.338661313056945801e-01,-1.870988458395004272e-01
-2.786961793899536133e+00,4.874681234359741211e-01,-2.000144124031066895e-01
-2.777853488922119141e+00,3.453410565853118896e-01,-2.069737613201141357e-01
-2.772875070571899414e+00,2.061558365821838379e-01,-2.119659930467605591e-01
-2.769372224807739258e+00,6.852003186941146851e-02,-2.124191224575042725e-01
-2.765933513641357422e+00,-6.843476742506027222e-02,-2.041936814785003662e-01
-2.767961263656616211e+00,-2.057910114526748657e-01,-2.003379017114639282e-01
-2.772700548171997070e+00,-3.447002768516540527e-01,-1.967162191867828369e-01
-2.778240919113159180e+00,-4.859432876110076904e-01,-1.894652247428894043e-01
-2.784098863601684570e+00,-6.302787661552429199e-01,-1.822240501642227173e-01
-2.785135984420776367e+00,-7.771289944648742676e-01,-1.770480722188949585e-01
-2.775840520858764648e+00,-9.247549772262573242e-01,-1.819852590560913086e-01
-2.752521753311157227e+00,-1.070941567420959473e+00,-1.984501779079437256e-01
-2.717952013015747070e+00,-1.215485334396362305e+00,-2.236374914646148682e-01
-2.680991888046264648e+00,-1.361859321594238281e+00,-2.452559173107147217e-01
-2.659770250320434570e+00,-1.521032929420471191e+00,-2.411878257989883423e-01
-2.652699470520019531e+00,-1.696369051933288574e+00,-2.091708630323410034e-01
-2.633152484893798828e+00,-1.873572587966918945e+00,-1.757653206586837769e-01
-2.591423034667968750e+00,-2.044213294982910156e+00,-1.526429355144500732e-01
-2.529820203781127930e+00,-2.207086563110351562e+00,-1.374003291130065918e-01
-2.450776338577270508e+00,-2.361485958099365234e+00,-1.296274960041046143e-01
-2.356710433959960938e+00,-2.507154703140258789e+00,-1.271982640027999878e-01
-2.248355388641357422e+00,-2.642396450042724609e+00,-1.318916529417037964e-01
-2.127229690551757812e+00,-2.766352415084838867e+00,-1.432224512100219727e-01
-1.992982625961303711e+00,-2.875614166259765625e+00,-1.646648049354553223e-01
-1.847327470779418945e+00,-2.969037055969238281e+00,-1.961861699819564819e-01
-1.693727731704711914e+00,-3.048647165298461914e+00,-2.341284155845642090e-01
-1.546904683113098145e+00,-3.140892744064331055e+00,-2.493822723627090454e-01
-1.413304686546325684e+00,-3.268171787261962891e+00,-2.185999006032943726e-01
-1.274203538894653320e+00,-3.398751735687255859e+00,-1.758067607879638672e-01
-1.120119094848632812e+00,-3.506304502487182617e+00,-1.458320915699005127e-01
-9.543758630752563477e-01,-3.591376543045043945e+00,-1.272739768028259277e-01
-7.800820469856262207e-01,-3.655172586441040039e+00,-1.179092600941658020e-01
-6.001681685447692871e-01,-3.700399875640869141e+00,-1.156120970845222473e-01
-4.166011810302734375e-01,-3.727032184600830078e+00,-1.204785183072090149e-01
-2.313126772642135620e-01,-3.735586166381835938e+00,-1.322893053293228149e-01
-4.606900364160537720e-02,-3.724463701248168945e+00,-1.526916921138763428e-01
1.370951980352401733e-01,-3.693037509918212891e+00,-1.817419379949569702e-01
3.165138065814971924e-01,-3.646626949310302734e+00,-2.144266217947006226e-01
4.940981864929199219e-01,-3.609221696853637695e+00,-2.268308550119400024e-01
6.748397946357727051e-01,-3.595584392547607422e+00,-2.045152187347412109e-01
8.576092720031738281e-01,-3.581955671310424805e+00,-1.689741909503936768e-01
1.037649035453796387e+00,-3.548664808273315430e+00,-1.399768143892288208e-01
1.212016820907592773e+00,-3.493420362472534180e+00,-1.204943433403968811e-01
1.379055023193359375e+00,-3.418688774108886719e+00,-1.100277304649353027e-01
1.537887692451477051e+00,-3.327813625335693359e+00,-1.069505438208580017e-01
1.687418222427368164e+00,-3.222555160522460938e+00,-1.106860935688018799e-01
1.826740145683288574e+00,-3.104601860046386719e+00,-1.207416206598281860e-01
1.953890681266784668e+00,-2.973712205886840820e+00,-1.374634057283401489e-01
2.066856622695922852e+00,-2.830035924911499023e+00,-1.619220376014709473e-01
2.164253473281860352e+00,-2.674883127212524414e+00,-1.927658766508102417e-01
2.253253698348999023e+00,-2.519150733947753906e+00,-2.182460576295852661e-01
2.348961353302001953e+00,-2.378195524215698242e+00,-2.174783200025558472e-01
2.452551841735839844e+00,-2.248901128768920898e+00,-1.926519721746444702e-01
2.550842523574829102e+00,-2.116624593734741211e+00,-1.626906096935272217e-01
2.635917901992797852e+00,-1.975536465644836426e+00,-1.376684904098510742e-01
2.705630064010620117e+00,-1.826053023338317871e+00,-1.203572899103164673e-01
2.760060787200927734e+00,-1.670307278633117676e+00,-1.102716848254203796e-01
2.800444602966308594e+00,-1.510813832283020020e+00,-1.073388308286666870e-01
2.826956987380981445e+00,-1.349104881286621094e+00,-1.104926764965057373e-01
2.840227842330932617e+00,-1.186763763427734375e+00,-1.203523129224777222e-01
2.839291572570800781e+00,-1.024588108062744141e+00,-1.363958716392517090e-01
2.826382398605346680e+00,-8.645365238189697266e-01,-1.579947918653488159e-01
2.808346271514892578e+00,-7.092249989509582520e-01,-1.788297295570373535e-01
2.792842388153076172e+00,-5.600203275680541992e-01,-1.941849142313003540e-01
2.781980514526367188e+00,-4.159648716449737549e-01,-2.041944712400436401e-01
2.774837255477905273e+00,-2.754637002944946289e-01,-2.093992084264755249e-01
2.771291971206665039e+00,-1.372190564870834351e-01,-2.135374695062637329e-01
2.767260313034057617e+00,4.838431664211384486e-07,-2.085892558097839355e-01
2.841308832168579102e+00,0.000000000000000000e+00,-2.319504320621490479e-01
2.840437412261962891e+00,1.406422853469848633e-01,-2.252670824527740479e-01
2.843441724777221680e+00,2.822741270065307617e-01,-2.220242768526077271e-01
2.846842765808105469e+00,4.256635308265686035e-01,-2.146499752998352051e-01
2.851174116134643555e+00,5.717176795005798340e-01,-2.050684839487075806e-01
2.854131460189819336e+00,7.207874655723571777e-01,-1.949400454759597778e-01
2.852120637893676758e+00,8.724094629287719727e-01,-1.901079863309860229e-01
2.841004133224487305e+00,1.025206565856933594e+00,-1.969814151525497437e-01
2.818391561508178711e+00,1.177639126777648926e+00,-2.168871611356735229e-01
2.784554481506347656e+00,1.328869104385375977e+00,-2.479196935892105103e-01
2.742095232009887695e+00,1.479335308074951172e+00,-2.813233733177185059e-01
2.701125144958496094e+00,1.634642124176025391e+00,-2.968741357326507568e-01
2.668842792510986328e+00,1.801224827766418457e+00,-2.755690515041351318e-01
2.634279489517211914e+00,1.974308848381042480e+00,-2.349690794944763184e-01
2.583369016647338867e+00,2.143615007400512695e+00,-2.006556242704391479e-01
2.514858961105346680e+00,2.306033611297607422e+00,-1.768598854541778564e-01
2.430109500885009766e+00,2.460353851318359375e+00,-1.630335450172424316e-01
2.331282138824462891e+00,2.606387615203857422e+00,-1.568608433008193970e-01
2.219554424285888672e+00,2.743233442306518555e+00,-1.589273959398269653e-01
2.096015453338623047e+00,2.869961500167846680e+00,-1.691407710313796997e-01
1.961316108703613281e+00,2.985013723373413086e+00,-1.899335831403732300e-01
1.815813064575195312e+00,3.086032152175903320e+00,-2.234796136617660522e-01
1.660998106002807617e+00,3.172097682952880859e+00,-2.700662314891815186e-01
1.502482891082763672e+00,3.251201868057250977e+00,-3.126811385154724121e-01
1.351528048515319824e+00,3.350451231002807617e+00,-3.033550679683685303e-01
1.202499866485595703e+00,3.465986967086791992e+00,-2.492684572935104370e-01
1.042992949485778809e+00,3.566939830780029297e+00,-2.020569294691085815e-01
8.729950785636901855e-01,3.646218061447143555e+00,-1.720905601978302002e-01
6.954531073570251465e-01,3.705417156219482422e+00,-1.556223630905151367e-01
5.129198431968688965e-01,3.746705770492553711e+00,-1.496977806091308594e-01
3.273279666900634766e-01,3.771221876144409180e+00,-1.522670686244964600e-01
1.402996480464935303e-01,3.779376029968261719e+00,-1.635218262672424316e-01
-4.663881286978721619e-02,3.770586013793945312e+00,-1.838476061820983887e-01
-2.318031936883926392e-01,3.743511438369750977e+00,-2.154729366302490234e-01
-4.134252667427062988e-01,3.698617458343505859e+00,-2.569045722484588623e-01
-5.915849804878234863e-01,3.647475004196166992e+00,-2.892488241195678711e-01
-7.707236409187316895e-01,3.611323833465576172e+00,-2.773799598217010498e-01
-9.521085023880004883e-01,3.582843542098999023e+00,-2.318000197410583496e-01
-1.130901455879211426e+00,3.540054798126220703e+00,-1.889995485544204712e-01
-1.303701758384704590e+00,3.477436065673828125e+00,-1.593653410673141479e-01
-1.468979716300964355e+00,3.396917104721069336e+00,-1.428680866956710815e-01
-1.626075148582458496e+00,3.301641702651977539e+00,-1.361690461635589600e-01
-1.774403333663940430e+00,3.193859100341796875e+00,-1.379931718111038208e-01
-1.913199543952941895e+00,3.074907779693603516e+00,-1.467944085597991943e-01
-2.041301250457763672e+00,2.945332050323486328e+00,-1.628215014934539795e-01
-2.156927347183227539e+00,2.804971456527709961e+00,-1.871484071016311646e-01
-2.258474111557006836e+00,2.654288768768310547e+00,-2.201532423496246338e-01
-2.347307920455932617e+00,2.497152328491210938e+00,-2.559915482997894287e-01
-2.433044433593750000e+00,2.344399213790893555e+00,-2.713449001312255859e-01
-2.523766756057739258e+00,2.201805591583251953e+00,-2.518542706966400146e-01
-2.612935066223144531e+00,2.061182022094726562e+00,-2.140325009822845459e-01
-2.691093206405639648e+00,1.914799690246582031e+00,-1.795338541269302368e-01
-2.754966735839843750e+00,1.761767983436584473e+00,-1.542761474847793579e-01
-2.804576635360717773e+00,1.603842258453369141e+00,-1.395039558410644531e-01
-2.841094255447387695e+00,1.443186402320861816e+00,-1.333714723587036133e-01
-2.865357637405395508e+00,1.281405329704284668e+00,-1.352734416723251343e-01
-2.878123521804809570e+00,1.119810461997985840e+00,-1.447830349206924438e-01
-2.879730463027954102e+00,9.593654274940490723e-01,-1.614707559347152710e-01
-2.873009920120239258e+00,8.016476631164550781e-01,-1.836810410022735596e-01
-2.863215923309326172e+00,6.481898427009582520e-01,-2.036376297473907471e-01
-2.855024099349975586e+00,4.993729293346405029e-01,-2.190228700637817383e-01
-2.848958730697631836e+00,3.541808128356933594e-01,-2.278965711593627930e-01
-2.845450878143310547e+00,2.115516513586044312e-01,-2.341067343950271606e-01
-2.842907905578613281e+00,7.033945620059967041e-02,-2.352470755577087402e-01
-2.840258598327636719e+00,-7.027372717857360840e-02,-2.280016690492630005e-01
-2.841733217239379883e+00,-2.112757712602615356e-01,-2.237649112939834595e-01
-2.845100641250610352e+00,-3.537009656429290771e-01,-2.189222276210784912e-01
-2.848921060562133789e+00,-4.983059763908386230e-01,-2.099477648735046387e-01
-2.853074789047241211e+00,-6.458938717842102051e-01,-1.999204009771347046e-01
-2.853969335556030273e+00,-7.963354587554931641e-01,-1.912848651409149170e-01
-2.847960948944091797e+00,-9.487814307212829590e-01,-1.919614970684051514e-01
-2.831123590469360352e+00,-1.101523756980895996e+00,-2.052837759256362915e-01
-2.802851438522338867e+00,-1.253452777862548828e+00,-2.313876450061798096e-01
-2.763939619064331055e+00,-1.403994202613830566e+00,-2.652287781238555908e-01
-2.720644950866699219e+00,-1.555845141410827637e+00,-2.930706739425659180e-01
-2.684156179428100586e+00,-1.716485142707824707e+00,-2.906584739685058594e-01
-2.653016567230224609e+00,-1.887706518173217773e+00,-2.555502355098724365e-01
-2.611157655715942383e+00,-2.059780597686767578e+00,-2.164520472288131714e-01
-2.551199674606323242e+00,-2.225738525390625000e+00,-1.874596029520034790e-01
-2.474420309066772461e+00,-2.384268522262573242e+00,-1.688369661569595337e-01
-2.382317781448364258e+00,-2.534396886825561523e+00,-1.590383052825927734e-01
-2.277010679244995117e+00,-2.676073551177978516e+00,-1.568034142255783081e-01
-2.159154891967773438e+00,-2.807869434356689453e+00,-1.630139797925949097e-01
-2.030098438262939453e+00,-2.929167270660400391e+00,-1.779245585203170776e-01
-1.889802217483520508e+00,-3.037302732467651367e+00,-2.051617801189422607e-01
-1.739466786384582520e+00,-3.130975723266601562e+00,-2.452053725719451904e-01
-1.581394672393798828e+00,-3.210922479629516602e+00,-2.948433458805084229e-01
-1.425851941108703613e+00,-3.297186613082885742e+00,-3.163394927978515625e-01
-1.277808666229248047e+00,-3.408368110656738281e+00,-2.782287001609802246e-01
-1.124274849891662598e+00,-3.519313335418701172e+00,-2.231315225362777710e-01
-9.590932726860046387e-01,-3.609128475189208984e+00,-1.853348463773727417e-01
-7.850087881088256836e-01,-3.678257226943969727e+00,-1.622284054756164551e-01
-6.046676039695739746e-01,-3.728141546249389648e+00,-1.516329497098922729e-01
-4.204071164131164551e-01,-3.761080980300903320e+00,-1.498366296291351318e-01
-2.338954359292984009e-01,-3.777296543121337891e+00,-1.568921506404876709e-01
-4.672180488705635071e-02,-3.777239799499511719e+00,-1.723535060882568359e-01
1.395564824342727661e-01,-3.759339094161987305e+00,-1.982336491346359253e-01
3.231486976146697998e-01,-3.723069190979003906e+00,-2.353882342576980591e-01
5.027304887771606445e-01,-3.672277927398681641e+00,-2.766847312450408936e-01
6.807473897933959961e-01,-3.627060651779174805e+00,-2.897462844848632812e-01
8.613936305046081543e-01,-3.597761631011962891e+00,-2.560980916023254395e-01
1.042117953300476074e+00,-3.563948392868041992e+00,-2.088601738214492798e-01
1.218163132667541504e+00,-3.511135816574096680e+00,-1.724772155284881592e-01
1.387341856956481934e+00,-3.439232110977172852e+00,-1.496414393186569214e-01
1.548576354980468750e+00,-3.350942611694335938e+00,-1.384567171335220337e-01
1.701385140419006348e+00,-3.249228477478027344e+00,-1.360561698675155640e-01
1.845043778419494629e+00,-3.135709524154663086e+00,-1.416221261024475098e-01
1.978696942329406738e+00,-3.011466026306152344e+00,-1.537636965513229370e-01
2.100785255432128906e+00,-2.876492738723754883e+00,-1.739696711301803589e-01
2.209521532058715820e+00,-2.730831861495971680e+00,-2.025377601385116577e-01
2.304077863693237305e+00,-2.575972557067871094e+00,-2.388824224472045898e-01
2.389767885208129883e+00,-2.419510126113891602e+00,-2.678251564502716064e-01
2.477882623672485352e+00,-2.272128582000732422e+00,-2.655331790447235107e-01
2.569283008575439453e+00,-2.131926059722900391e+00,-2.335300147533416748e-01
2.653704881668090820e+00,-1.988867282867431641e+00,-1.957233548164367676e-01
2.724869251251220703e+00,-1.839037775993347168e+00,-1.656547784805297852e-01
2.781471967697143555e+00,-1.683264732360839844e+00,-1.456084251403808594e-01
2.824423313140869141e+00,-1.523750185966491699e+00,-1.355080455541610718e-01
2.854691743850708008e+00,-1.362340569496154785e+00,-1.332484781742095947e-01
2.873178958892822266e+00,-1.200532078742980957e+00,-1.392112225294113159e-01
2.880228996276855469e+00,-1.039360880851745605e+00,-1.521219164133071899e-01
2.877111434936523438e+00,-8.800535202026367188e-01,-1.723950803279876709e-01
2.868133306503295898e+00,-7.243237495422363281e-01,-1.942081749439239502e-01
2.858801841735839844e+00,-5.732465386390686035e-01,-2.120125442743301392e-01
2.851749897003173828e+00,-4.263968765735626221e-01,-2.242202758789062500e-01
2.846846580505371094e+00,-2.826122045516967773e-01,-2.310558408498764038e-01
2.844316005706787109e+00,-1.408347934484481812e-01,-2.359896153211593628e-01
2.841309070587158203e+00,4.967902782482269686e-07,-2.319503724575042725e-01
2.908428907394409180e+00,0.000000000000000000e+00,-2.451003938913345337e-01
2.907970666885375977e+00,1.439861506223678589e-01,-2.385571599006652832e-01
2.909517049789428711e+00,2.888335585594177246e-01,-2.348205149173736572e-01
2.911130428314208984e+00,4.352759122848510742e-01,-2.262103259563446045e-01
2.912822723388671875e+00,5.840795040130615234e-01,-2.149233818054199219e-01
2.913447618484497070e+00,7.357673048973083496e-01,-2.017711251974105835e-01
2.910719394683837891e+00,8.903337121009826660e-01,-1.928327679634094238e-01
2.901856899261474609e+00,1.047165989875793457e+00,-1.945424377918243408e-01
2.884761095046997070e+00,1.205371022224426270e+00,-2.086994051933288574e-01
2.858337879180908203e+00,1.364080667495727539e+00,-2.350921928882598877e-01
2.821697473526000977e+00,1.522279977798461914e+00,-2.705698013305664062e-01
2.776065111160278320e+00,1.679993510246276855e+00,-3.076654970645904541e-01
2.726341485977172852e+00,1.840031027793884277e+00,-3.225817978382110596e-01
2.675436019897460938e+00,2.005154132843017578e+00,-2.998069822788238525e-01
2.617249965667724609e+00,2.171728610992431641e+00,-2.576828300952911377e-01
2.545464754104614258e+00,2.334098100662231445e+00,-2.212204188108444214e-01
2.459487915039062500e+00,2.490097761154174805e+00,-1.954012215137481689e-01
2.360130786895751953e+00,2.638640642166137695e+00,-1.804934293031692505e-01
2.248923301696777344e+00,2.779531478881835938e+00,-1.744508296251296997e-01
2.126734256744384766e+00,2.912023067474365234e+00,-1.774067431688308716e-01
1.994611859321594238e+00,3.035687923431396484e+00,-1.898351907730102539e-01
1.853074669837951660e+00,3.149359226226806641e+00,-2.134256511926651001e-01
1.702616810798645020e+00,3.251579284667968750e+00,-2.514639794826507568e-01
1.544046521186828613e+00,3.341140985488891602e+00,-3.039169311523437500e-01
1.380268692970275879e+00,3.421699762344360352e+00,-3.542578518390655518e-01
1.217318177223205566e+00,3.508698463439941406e+00,-3.473305106163024902e-01
1.052803397178649902e+00,3.600490331649780273e+00,-2.879285514354705811e-01
8.808238506317138672e-01,3.678916454315185547e+00,-2.346081286668777466e-01
7.018299698829650879e-01,3.739393234252929688e+00,-2.005150765180587769e-01
5.178867578506469727e-01,3.782987356185913086e+00,-1.825596243143081665e-01
3.307948708534240723e-01,3.811165094375610352e+00,-1.761773824691772461e-01
1.419895291328430176e-01,3.824898004531860352e+00,-1.796081513166427612e-01
-4.730345308780670166e-02,3.824320077896118164e+00,-1.921407580375671387e-01
-2.358598560094833374e-01,3.809024810791015625e+00,-2.151819467544555664e-01
-4.222865700721740723e-01,3.777893304824829102e+00,-2.511612772941589355e-01
-6.051073670387268066e-01,3.730848789215087891e+00,-2.997078895568847656e-01
-7.842242717742919922e-01,3.674582719802856445e+00,-3.389244377613067627e-01
-9.627684354782104492e-01,3.622957468032836914e+00,-3.234232962131500244e-01
-1.140945553779602051e+00,3.571496009826660156e+00,-2.672418653964996338e-01
-1.314531445503234863e+00,3.506322622299194336e+00,-2.167208492755889893e-01
-1.481243371963500977e+00,3.425276041030883789e+00,-1.836951971054077148e-01
-1.640158653259277344e+00,3.330237388610839844e+00,-1.661269217729568481e-01
-1.791046977043151855e+00,3.223816871643066406e+00,-1.598566174507141113e-01
-1.933433413505554199e+00,3.107427597045898438e+00,-1.622383743524551392e-01
-2.066707372665405273e+00,2.981989860534667969e+00,-1.720698028802871704e-01
-2.189854145050048828e+00,2.847790956497192383e+00,-1.893682181835174561e-01
-2.301491737365722656e+00,2.704845666885375977e+00,-2.157308161258697510e-01
-2.400523185729980469e+00,2.553764343261718750e+00,-2.517251968383789062e-01
-2.487401008605957031e+00,2.396775484085083008e+00,-2.909369766712188721e-01
-2.567771911621093750e+00,2.240197181701660156e+00,-3.083384335041046143e-01
-2.646592140197753906e+00,2.087732076644897461e+00,-2.852065861225128174e-01
-2.720179319381713867e+00,1.935495257377624512e+00,-2.412311583757400513e-01
-2.782465934753417969e+00,1.779353499412536621e+00,-2.016341984272003174e-01
-2.832049131393432617e+00,1.619552850723266602e+00,-1.743604093790054321e-01
-2.869358301162719727e+00,1.457543611526489258e+00,-1.594715863466262817e-01
-2.895779132843017578e+00,1.295010089874267578e+00,-1.547998040914535522e-01
-2.912371873855590820e+00,1.133135795593261719e+00,-1.594860106706619263e-01
-2.920120477676391602e+00,9.728211760520935059e-01,-1.725574284791946411e-01
-2.921075820922851562e+00,8.150593638420104980e-01,-1.927625983953475952e-01
-2.918338060379028320e+00,6.606687307357788086e-01,-2.129716724157333374e-01
-2.915277481079101562e+00,5.099118351936340332e-01,-2.292619943618774414e-01
-2.912518739700317383e+00,3.620825409889221191e-01,-2.394712120294570923e-01
-2.910867691040039062e+00,2.164152413606643677e-01,-2.462536841630935669e-01
-2.909376859664916992e+00,7.198403775691986084e-02,-2.480521947145462036e-01
-2.907860755920410156e+00,-7.194633781909942627e-02,-2.413079738616943359e-01
-2.908645629882812500e+00,-2.162505537271499634e-01,-2.369021177291870117e-01
-2.910335302352905273e+00,-3.618109226226806641e-01,-2.311644405126571655e-01
-2.911989450454711914e+00,-5.093373060226440430e-01,-2.207528352737426758e-01
-2.913405656814575195e+00,-6.595519185066223145e-01,-2.084549367427825928e-01
-2.912664413452148438e+00,-8.127129673957824707e-01,-1.961601525545120239e-01
-2.907228469848632812e+00,-9.685260653495788574e-01,-1.922603398561477661e-01
-2.894408464431762695e+00,-1.126146435737609863e+00,-1.999412477016448975e-01
-2.872785806655883789e+00,-1.284727931022644043e+00,-2.205949127674102783e-01
-2.841298341751098633e+00,-1.443289875984191895e+00,-2.518476247787475586e-01
-2.799771308898925781e+00,-1.601094841957092285e+00,-2.900839149951934814e-01
-2.751346826553344727e+00,-1.759452819824218750e+00,-3.195761144161224365e-01
-2.701233625411987305e+00,-1.922014594078063965e+00,-3.154860138893127441e-01
-2.647804260253906250e+00,-2.088688850402832031e+00,-2.791804671287536621e-01
-2.583169221878051758e+00,-2.253629684448242188e+00,-2.380715161561965942e-01
-2.504211902618408203e+00,-2.412974596023559570e+00,-2.070031613111495972e-01
-2.411391735076904297e+00,-2.565326690673828125e+00,-1.866139322519302368e-01
-2.305932044982910156e+00,-2.710063457489013672e+00,-1.765146553516387939e-01
-2.189153671264648438e+00,-2.846881151199340820e+00,-1.746464073657989502e-01
-2.061849117279052734e+00,-2.974979400634765625e+00,-1.825278252363204956e-01
-1.925021529197692871e+00,-3.093907594680786133e+00,-1.998606026172637939e-01
-1.778890252113342285e+00,-3.201936483383178711e+00,-2.307171970605850220e-01
-1.624299526214599609e+00,-3.298038005828857422e+00,-2.758689224720001221e-01
-1.462385296821594238e+00,-3.381667375564575195e+00,-3.325621485710144043e-01
-1.298558950424194336e+00,-3.463716268539428711e+00,-3.603333234786987305e-01
-1.135753870010375977e+00,-3.555245876312255859e+00,-3.200445175170898438e-01
-9.678352475166320801e-01,-3.642024993896484375e+00,-2.585822343826293945e-01
-7.920585870742797852e-01,-3.711290121078491211e+00,-2.154683470726013184e-01
-6.103623509407043457e-01,-3.763253211975097656e+00,-1.896866858005523682e-01
-4.246320724487304688e-01,-3.798878669738769531e+00,-1.782226115465164185e-01
-2.365304827690124512e-01,-3.819851160049438477e+00,-1.766056418418884277e-01
-4.732947424054145813e-02,-3.826367139816284180e+00,-1.848347634077072144e-01
1.417567431926727295e-01,-3.818609237670898438e+00,-2.020546495914459229e-01
3.294322788715362549e-01,-3.795463800430297852e+00,-2.315749078989028931e-01
5.142279863357543945e-01,-3.756263017654418945e+00,-2.741565406322479248e-01
6.949808597564697266e-01,-3.702897310256958008e+00,-3.236895203590393066e-01
8.733859062194824219e-01,-3.647849798202514648e+00,-3.391325771808624268e-01
1.052157163619995117e+00,-3.598281383514404297e+00,-2.969570159912109375e-01
1.228520393371582031e+00,-3.540988922119140625e+00,-2.397930175065994263e-01
1.398814320564270020e+00,-3.467672348022460938e+00,-1.981165111064910889e-01
1.561705589294433594e+00,-3.379352569580078125e+00,-1.731963008642196655e-01
1.716615438461303711e+00,-3.278314828872680664e+00,-1.618322432041168213e-01
1.863351225852966309e+00,-3.166823625564575195e+00,-1.600306183099746704e-01
2.001245975494384766e+00,-3.045784235000610352e+00,-1.662903577089309692e-01
2.129650592803955078e+00,-2.916016340255737305e+00,-1.796799004077911377e-01
2.247176170349121094e+00,-2.777370452880859375e+00,-2.013450711965560913e-01
2.352648973464965820e+00,-2.630275487899780273e+00,-2.325885593891143799e-01
2.445247173309326172e+00,-2.475679874420166016e+00,-2.720573842525482178e-01
2.527931213378906250e+00,-2.318021059036254883e+00,-3.043250143527984619e-01
2.607406139373779297e+00,-2.163559675216674805e+00,-3.013873696327209473e-01
2.684506893157958984e+00,-2.011952400207519531e+00,-2.638011872768402100e-01
2.752921342849731445e+00,-1.857970237731933594e+00,-2.201088070869445801e-01
2.808826923370361328e+00,-1.699819207191467285e+00,-1.863248348236083984e-01
2.852174997329711914e+00,-1.538721919059753418e+00,-1.655453741550445557e-01
2.883827447891235352e+00,-1.376245021820068359e+00,-1.558978557586669922e-01
2.905274152755737305e+00,-1.213942885398864746e+00,-1.560765653848648071e-01
2.917234182357788086e+00,-1.052714467048645020e+00,-1.649400889873504639e-01
2.921295166015625000e+00,-8.935685157775878906e-01,-1.821355819702148438e-01
2.919905900955200195e+00,-7.373985052108764648e-01,-2.032660990953445435e-01
2.916767358779907227e+00,-5.848697423934936523e-01,-2.217207401990890503e-01
2.913825273513793945e+00,-4.356784820556640625e-01,-2.351560741662979126e-01
2.911532878875732422e+00,-2.890337407588958740e-01,-2.430045902729034424e-01
2.910232067108154297e+00,-1.440985947847366333e-01,-2.484027594327926636e-01
2.908428907394409180e+00,5.085258862891350873e-07,-2.451003044843673706e-01
2.972057342529296875e+00,0.000000000000000000e+00,-2.506745457649230957e-01
2.972004413604736328e+00,1.471567302942276001e-01,-2.444715797901153564e-01
2.972066402435302734e+00,2.950429618358612061e-01,-2.401399910449981689e-01
2.971475601196289062e+00,4.442987740039825439e-01,-2.310605347156524658e-01
2.970110177993774414e+00,5.955668091773986816e-01,-2.181734293699264526e-01
2.967272996902465820e+00,7.493604421615600586e-01,-2.028250098228454590e-01
2.961996555328369141e+00,9.060184359550476074e-01,-1.900576800107955933e-01
2.952692270278930664e+00,1.065510511398315430e+00,-1.869520097970962524e-01
2.937818765640258789e+00,1.227540612220764160e+00,-1.948580443859100342e-01
2.915936231613159180e+00,1.391568303108215332e+00,-2.135368436574935913e-01
2.885684490203857422e+00,1.556800365447998047e+00,-2.421021759510040283e-01
2.846010684967041016e+00,1.722322463989257812e+00,-2.789866328239440918e-01
2.796255588531494141e+00,1.887216687202453613e+00,-3.146820664405822754e-01
2.736719846725463867e+00,2.051084518432617188e+00,-3.264529109001159668e-01
2.667354583740234375e+00,2.213304042816162109e+00,-3.019204437732696533e-01
2.587124586105346680e+00,2.372298479080200195e+00,-2.606718242168426514e-01
2.495306968688964844e+00,2.526362657546997070e+00,-2.249109894037246704e-01
2.392245054244995117e+00,2.674544572830200195e+00,-1.995907276868820190e-01
2.278638601303100586e+00,2.816257953643798828e+00,-1.853212416172027588e-01
2.155307769775390625e+00,2.951147079467773438e+00,-1.800589561462402344e-01
2.023022890090942383e+00,3.078927993774414062e+00,-1.841634213924407959e-01
1.882454514503479004e+00,3.199291229248046875e+00,-1.975579112768173218e-01
1.734144091606140137e+00,3.311788558959960938e+00,-2.221922278404235840e-01
1.578421592712402344e+00,3.415524482727050781e+00,-2.611329555511474609e-01
1.415659308433532715e+00,3.509433269500732422e+00,-3.148683905601501465e-01
1.246615409851074219e+00,3.593142271041870117e+00,-3.670310378074645996e-01
1.072692036628723145e+00,3.668507814407348633e+00,-3.645013868808746338e-01
8.942230343818664551e-01,3.734880447387695312e+00,-3.070597350597381592e-01
7.110859751701354980e-01,3.788709878921508789e+00,-2.521939575672149658e-01
5.241981148719787598e-01,3.829089403152465820e+00,-2.170204073190689087e-01
3.347255289554595947e-01,3.856450796127319336e+00,-1.980950236320495605e-01
1.437150537967681885e-01,3.871379852294921875e+00,-1.914553791284561157e-01
-4.792042449116706848e-02,3.874200105667114258e+00,-1.944500207901000977e-01
-2.393226474523544312e-01,3.864947080612182617e+00,-2.069767564535140991e-01
-4.296038150787353516e-01,3.843355417251586914e+00,-2.302241176366806030e-01
-6.177743673324584961e-01,3.808948040008544922e+00,-2.677248120307922363e-01
-8.027449250221252441e-01,3.761363506317138672e+00,-3.202768564224243164e-01
-9.836876988410949707e-01,3.701678037643432617e+00,-3.663904070854187012e-01
-1.160606622695922852e+00,3.633040666580200195e+00,-3.529952466487884521e-01
-1.332906484603881836e+00,3.555335521697998047e+00,-2.906962335109710693e-01
-1.499065399169921875e+00,3.466488122940063477e+00,-2.354965060949325562e-01
-1.658265113830566406e+00,3.367001533508300781e+00,-2.005135267972946167e-01
-1.810170054435729980e+00,3.258237838745117188e+00,-1.826522350311279297e-01
-1.954513311386108398e+00,3.141307592391967773e+00,-1.762310117483139038e-01
-2.090859889984130859e+00,3.016838788986206055e+00,-1.783927083015441895e-01
-2.218571186065673828e+00,2.885135889053344727e+00,-1.879790425300598145e-01
-2.336880207061767578e+00,2.746436357498168945e+00,-2.049631476402282715e-01
-2.444931745529174805e+00,2.601007938385009766e+00,-2.317135781049728394e-01
-2.541995286941528320e+00,2.449380636215209961e+00,-2.683430910110473633e-01
-2.627695322036743164e+00,2.292476177215576172e+00,-3.099609613418579102e-01
-2.702817201614379883e+00,2.132084608078002930e+00,-3.301655352115631104e-01
-2.768472909927368164e+00,1.969857811927795410e+00,-3.069535493850708008e-01
-2.824214458465576172e+00,1.806051015853881836e+00,-2.587005794048309326e-01
-2.869308710098266602e+00,1.640860319137573242e+00,-2.165047228336334229e-01
-2.904201984405517578e+00,1.475243091583251953e+00,-1.887710988521575928e-01
-2.929979801177978516e+00,1.310304880142211914e+00,-1.752649247646331787e-01
-2.947944164276123047e+00,1.146976113319396973e+00,-1.734229475259780884e-01
-2.959480285644531250e+00,9.859336614608764648e-01,-1.816189736127853394e-01
-2.966170787811279297e+00,8.276420831680297852e-01,-1.986745595932006836e-01
-2.969700574874877930e+00,6.722964048385620117e-01,-2.173883765935897827e-01
-2.971507310867309570e+00,5.197470188140869141e-01,-2.337978929281234741e-01
-2.972288846969604492e+00,3.695131242275238037e-01,-2.441785335540771484e-01
-2.972514867782592773e+00,2.209985256195068359e-01,-2.514936029911041260e-01
-2.972265243530273438e+00,7.354002445936203003e-02,-2.533803880214691162e-01
-2.971957921981811523e+00,-7.353223115205764771e-02,-2.471914887428283691e-01
-2.972093582153320312e+00,-2.209677398204803467e-01,-2.425284683704376221e-01
-2.971854686737060547e+00,-3.694589734077453613e-01,-2.363064140081405640e-01
-2.970921039581298828e+00,-5.196450352668762207e-01,-2.249406725168228149e-01
-2.968928098678588867e+00,-6.721213459968566895e-01,-2.106960564851760864e-01
-2.965024948120117188e+00,-8.273229598999023438e-01,-1.955493688583374023e-01
-2.957958698272705078e+00,-9.854265451431274414e-01,-1.871185898780822754e-01
-2.946035861968994141e+00,-1.146233439445495605e+00,-1.895360499620437622e-01
-2.927846908569335938e+00,-1.309351682662963867e+00,-2.028954476118087769e-01
-2.901920557022094727e+00,-1.474084258079528809e+00,-2.266381829977035522e-01
-2.867090463638305664e+00,-1.639592289924621582e+00,-2.597621083259582520e-01
-2.822389841079711914e+00,-1.804883837699890137e+00,-2.982001006603240967e-01
-2.767681598663330078e+00,-1.969294548034667969e+00,-3.250405788421630859e-01
-2.703318595886230469e+00,-2.132480859756469727e+00,-3.181222081184387207e-01
-2.628667831420898438e+00,-2.293323993682861328e+00,-2.815416753292083740e-01
-2.542663335800170898e+00,-2.450025081634521484e+00,-2.415511310100555420e-01
-2.445139408111572266e+00,-2.601228713989257812e+00,-2.108694761991500854e-01
-2.336711406707763672e+00,-2.746237277984619141e+00,-1.911666244268417358e-01
-2.218133449554443359e+00,-2.884567975997924805e+00,-1.816392540931701660e-01
-2.090243816375732422e+00,-3.015949249267578125e+00,-1.808609813451766968e-01
-1.953733801841735840e+00,-3.140053987503051758e+00,-1.897437274456024170e-01
-1.809246778488159180e+00,-3.256577014923095703e+00,-2.081445008516311646e-01
-1.657184243202209473e+00,-3.364808320999145508e+00,-2.398863583803176880e-01
-1.497892856597900391e+00,-3.463776350021362305e+00,-2.861840426921844482e-01
-1.331834793090820312e+00,-3.552474737167358398e+00,-3.441775441169738770e-01
-1.160201430320739746e+00,-3.631774187088012695e+00,-3.751157820224761963e-01
-9.840548634529113770e-01,-3.703060388565063477e+00,-3.388852477073669434e-01
-8.031992316246032715e-01,-3.763491153717041016e+00,-2.770099043846130371e-01
-6.180345416069030762e-01,-3.810556888580322266e+00,-2.324697375297546387e-01
-4.297170639038085938e-01,-3.844370603561401367e+00,-2.056452929973602295e-01
-2.393531352281570435e-01,-3.865435600280761719e+00,-1.935885697603225708e-01
-4.792241752147674561e-02,-3.874303579330444336e+00,-1.916795223951339722e-01
1.437047123908996582e-01,-3.871082782745361328e+00,-1.996059268712997437e-01
3.346630930900573730e-01,-3.855729103088378906e+00,-2.169541418552398682e-01
5.240178108215332031e-01,-3.827774524688720703e+00,-2.471148222684860229e-01
7.107298374176025391e-01,-3.786808729171752930e+00,-2.923305630683898926e-01
8.937327265739440918e-01,-3.732831716537475586e+00,-3.475682437419891357e-01
1.072648406028747559e+00,-3.668359518051147461e+00,-3.689358234405517578e-01
1.247430801391601562e+00,-3.595494747161865234e+00,-3.238993585109710693e-01
1.416829109191894531e+00,-3.512331008911132812e+00,-2.603952586650848389e-01
1.579557538032531738e+00,-3.417982339859008789e+00,-2.157130688428878784e-01
1.735146999359130859e+00,-3.313705444335937500e+00,-1.896914541721343994e-01
1.883308053016662598e+00,-3.200740814208984375e+00,-1.783799976110458374e-01
2.023723125457763672e+00,-3.079993486404418945e+00,-1.762171983718872070e-01
2.155839681625366211e+00,-2.951875686645507812e+00,-1.824164390563964844e-01
2.278953552246093750e+00,-2.816645383834838867e+00,-1.953179240226745605e-01
2.392238855361938477e+00,-2.674537181854248047e+00,-2.171320021152496338e-01
2.494876384735107422e+00,-2.525926828384399414e+00,-2.487464696168899536e-01
2.586249589920043945e+00,-2.371496915817260742e+00,-2.896665930747985840e-01
2.666485786437988281e+00,-2.212582349777221680e+00,-3.248706161975860596e-01
2.736816883087158203e+00,-2.051156997680664062e+00,-3.237886726856231689e-01
2.797650814056396484e+00,-1.888158559799194336e+00,-2.836367189884185791e-01
2.848090887069702148e+00,-1.723580479621887207e+00,-2.358090579509735107e-01
2.887969493865966797e+00,-1.558032751083374023e+00,-2.008732110261917114e-01
2.918148517608642578e+00,-1.392624020576477051e+00,-1.802776753902435303e-01
2.939856290817260742e+00,-1.228392601013183594e+00,-1.731515526771545410e-01
2.954419136047363281e+00,-1.066133141517639160e+00,-1.761503219604492188e-01
2.963326930999755859e+00,-9.064251780509948730e-01,-1.894870549440383911e-01
2.968223333358764648e+00,-7.496007084846496582e-01,-2.081322818994522095e-01
2.970764398574829102e+00,-5.956972241401672363e-01,-2.261523604393005371e-01
2.971993684768676758e+00,-4.443758726119995117e-01,-2.397332787513732910e-01
2.972457885742187500e+00,-2.950818836688995361e-01,-2.480014562606811523e-01
2.972450494766235352e+00,-1.471793055534362793e-01,-2.536931037902832031e-01
2.972058057785034180e+00,5.196511096983158495e-07,-2.506745457649230957e-01
3.035369157791137695e+00,0.000000000000000000e+00,-2.499027699232101440e-01
3.035776615142822266e+00,1.503143757581710815e-01,-2.435300201177597046e-01
3.034233093261718750e+00,3.012143671512603760e-01,-2.393276691436767578e-01
3.031253099441528320e+00,4.532368183135986328e-01,-2.297050505876541138e-01
3.026296615600585938e+00,6.068333387374877930e-01,-2.162482142448425293e-01
3.019077062606811523e+00,7.624431252479553223e-01,-1.989998817443847656e-01
3.009698867797851562e+00,9.206096529960632324e-01,-1.834421008825302124e-01
2.997818470001220703e+00,1.081794738769531250e+00,-1.760404556989669800e-01
2.982367277145385742e+00,1.246154904365539551e+00,-1.782849729061126709e-01
2.961612224578857422e+00,1.413366079330444336e+00,-1.896873414516448975e-01
2.934354305267333984e+00,1.583057403564453125e+00,-2.090417444705963135e-01
2.899350881576538086e+00,1.754602432250976562e+00,-2.373147606849670410e-01
2.855220556259155273e+00,1.927012681961059570e+00,-2.722119092941284180e-01
2.799341201782226562e+00,2.098017454147338867e+00,-3.042532801628112793e-01
2.727874755859375000e+00,2.263522386550903320e+00,-3.108874857425689697e-01
2.640114545822143555e+00,2.420888423919677734e+00,-2.854377925395965576e-01
2.539520740509033203e+00,2.571126461029052734e+00,-2.470935285091400146e-01
2.429240226745605469e+00,2.715905427932739258e+00,-2.140559703111648560e-01
2.310318946838378906e+00,2.855412721633911133e+00,-1.912733912467956543e-01
2.183332681655883789e+00,2.989520311355590820e+00,-1.784592717885971069e-01
2.048624515533447266e+00,3.117892026901245117e+00,-1.747419238090515137e-01
1.906668663024902344e+00,3.240443944931030273e+00,-1.792600899934768677e-01
1.757863759994506836e+00,3.357087373733520508e+00,-1.926672756671905518e-01
1.602528929710388184e+00,3.467690229415893555e+00,-2.160057425498962402e-01
1.440900921821594238e+00,3.572007417678833008e+00,-2.526003718376159668e-01
1.272991538047790527e+00,3.669166564941406250e+00,-3.034161031246185303e-01
1.097986936569213867e+00,3.755014181137084961e+00,-3.522797822952270508e-01
9.145308136940002441e-01,3.819699525833129883e+00,-3.528954088687896729e-01
7.248431444168090820e-01,3.862009048461914062e+00,-3.028732538223266602e-01
5.326893329620361328e-01,3.891114950180053711e+00,-2.517874836921691895e-01
3.394590318202972412e-01,3.910986661911010742e+00,-2.177971154451370239e-01
1.455833464860916138e-01,3.921707630157470703e+00,-1.994251310825347900e-01
-4.852246493101119995e-02,3.922873020172119141e+00,-1.921656131744384766e-01
-2.423726767301559448e-01,3.914203643798828125e+00,-1.942440569400787354e-01
-4.354394078254699707e-01,3.895562171936035156e+00,-2.050487697124481201e-01
-6.271937489509582520e-01,3.867024421691894531e+00,-2.264469712972640991e-01
-8.171552419662475586e-01,3.828885078430175781e+00,-2.622417807579040527e-01
-1.004832625389099121e+00,3.781247615814208984e+00,-3.148272931575775146e-01
-1.188601493835449219e+00,3.720673084259033203e+00,-3.669202327728271484e-01
-1.363576412200927734e+00,3.637142896652221680e+00,-3.607290089130401611e-01
-1.527669668197631836e+00,3.532633543014526367e+00,-2.994470894336700439e-01
-1.684179425239562988e+00,3.419618844985961914e+00,-2.428630143404006958e-01
-1.834554195404052734e+00,3.302128314971923828e+00,-2.079859822988510132e-01
-1.978638529777526855e+00,3.180081844329833984e+00,-1.897102594375610352e-01
-2.115909576416015625e+00,3.052982330322265625e+00,-1.828911453485488892e-01
-2.245678424835205078e+00,2.920387506484985352e+00,-1.838139444589614868e-01
-2.367424249649047852e+00,2.782333374023437500e+00,-1.920336335897445679e-01
-2.480550289154052734e+00,2.638900518417358398e+00,-2.075110226869583130e-01
-2.584917545318603516e+00,2.490739107131958008e+00,-2.325433194637298584e-01
-2.680081844329833984e+00,2.338179349899291992e+00,-2.680645287036895752e-01
-2.765233993530273438e+00,2.181321382522583008e+00,-3.099883496761322021e-01
-2.836381912231445312e+00,2.018177270889282227e+00,-3.350048661231994629e-01
-2.888914823532104492e+00,1.847426176071166992e+00,-3.153424859046936035e-01
-2.925350189208984375e+00,1.672908544540405273e+00,-2.670902013778686523e-01
-2.952297925949096680e+00,1.499674439430236816e+00,-2.245277315378189087e-01
-2.973073482513427734e+00,1.329576611518859863e+00,-1.984231621026992798e-01
-2.989110708236694336e+00,1.162993073463439941e+00,-1.878461241722106934e-01
-3.001824140548706055e+00,1.000040173530578613e+00,-1.897051483392715454e-01
-3.012319326400756836e+00,8.405187726020812988e-01,-2.020057290792465210e-01
-3.021020889282226562e+00,6.839146018028259277e-01,-2.182081043720245361e-01
-3.027341604232788086e+00,5.295130014419555664e-01,-2.332275360822677612e-01
-3.031599760055541992e+00,3.768866360187530518e-01,-2.434892207384109497e-01
-3.033771991729736328e+00,2.255528271198272705e-01,-2.505093216896057129e-01
-3.034796476364135742e+00,7.508718222379684448e-02,-2.526106238365173340e-01
-3.035799264907836914e+00,-7.511179894208908081e-02,-2.462813109159469604e-01
-3.035217285156250000e+00,-2.256608307361602783e-01,-2.417026758193969727e-01
-3.032929658889770508e+00,-3.770517706871032715e-01,-2.352602034807205200e-01
-3.029072999954223633e+00,-5.298163890838623047e-01,-2.233556509017944336e-01
-3.022951126098632812e+00,-6.843513846397399902e-01,-2.080214321613311768e-01
-3.014671087265014648e+00,-8.411756157875061035e-01,-1.904046833515167236e-01
-3.004108905792236328e+00,-1.000801205635070801e+00,-1.786208599805831909e-01
-2.990651369094848633e+00,-1.163592338562011719e+00,-1.758820712566375732e-01
-2.972740173339843750e+00,-1.329428195953369141e+00,-1.830157339572906494e-01
-2.948868751525878906e+00,-1.497932314872741699e+00,-1.982641220092773438e-01
-2.917903661727905273e+00,-1.668650746345520020e+00,-2.221432477235794067e-01
-2.878533363342285156e+00,-1.840787172317504883e+00,-2.541910409927368164e-01
-2.829007625579833984e+00,-2.012929916381835938e+00,-2.898675501346588135e-01
-2.765726327896118164e+00,-2.181710243225097656e+00,-3.119669258594512939e-01
-2.685869932174682617e+00,-2.343228578567504883e+00,-3.012818098068237305e-01
-2.591163873672485352e+00,-2.496758699417114258e+00,-2.664417922496795654e-01
-2.485495090484619141e+00,-2.644160509109497070e+00,-2.293277084827423096e-01
-2.370823144912719727e+00,-2.786327362060546875e+00,-2.014111727476119995e-01
-2.247808933258056641e+00,-2.923159360885620117e+00,-1.836242526769638062e-01
-2.116922140121459961e+00,-3.054442644119262695e+00,-1.755833625793457031e-01
-1.978517413139343262e+00,-3.179886579513549805e+00,-1.759113371372222900e-01
-1.833104252815246582e+00,-3.299519538879394531e+00,-1.848574578762054443e-01
-1.680987834930419922e+00,-3.413140058517456055e+00,-2.028828859329223633e-01
-1.522500634193420410e+00,-3.520680189132690430e+00,-2.324998974800109863e-01
-1.357741594314575195e+00,-3.621577501296997070e+00,-2.764226198196411133e-01
-1.186494946479797363e+00,-3.714080810546875000e+00,-3.307302892208099365e-01
-1.007287144660949707e+00,-3.790484905242919922e+00,-3.608898520469665527e-01
-8.201891183853149414e-01,-3.843099355697631836e+00,-3.310910165309906006e-01
-6.289361119270324707e-01,-3.877771615982055664e+00,-2.752983272075653076e-01
-4.361808896064758301e-01,-3.902197837829589844e+00,-2.327342182397842407e-01
-2.425768226385116577e-01,-3.917496442794799805e+00,-2.068405896425247192e-01
-4.853124544024467468e-02,-3.923524618148803711e+00,-1.947001963853836060e-01
1.455118507146835327e-01,-3.919763565063476562e+00,-1.919714808464050293e-01
3.390394449234008789e-01,-3.906150102615356445e+00,-1.986553370952606201e-01
5.315080881118774414e-01,-3.882488250732421875e+00,-2.140377610921859741e-01
7.224326729774475098e-01,-3.849161863327026367e+00,-2.425031512975692749e-01
9.113127589225769043e-01,-3.806257963180541992e+00,-2.863114774227142334e-01
1.097454547882080078e+00,-3.753194570541381836e+00,-3.443744480609893799e-01
1.277496337890625000e+00,-3.682152986526489258e+00,-3.735653758049011230e-01
1.446812510490417480e+00,-3.586660146713256836e+00,-3.329289853572845459e-01
1.606695652008056641e+00,-3.476706027984619141e+00,-2.682857811450958252e-01
1.760147571563720703e+00,-3.361450433731079102e+00,-2.230793386697769165e-01
1.907394766807556152e+00,-3.241677045822143555e+00,-1.970301419496536255e-01
2.048184633255004883e+00,-3.117222309112548828e+00,-1.852378100156784058e-01
2.181753635406494141e+00,-2.987358331680297852e+00,-1.824062019586563110e-01
2.307605028152465820e+00,-2.852056741714477539e+00,-1.870698183774948120e-01
2.425072908401489258e+00,-2.711245775222778320e+00,-1.987425684928894043e-01
2.533852100372314453e+00,-2.565387487411499023e+00,-2.187143564224243164e-01
2.633670806884765625e+00,-2.414980649948120117e+00,-2.490234076976776123e-01
2.724052906036376953e+00,-2.260350227355957031e+00,-2.890589833259582520e-01
2.802944183349609375e+00,-2.100717544555664062e+00,-3.269174993038177490e-01
2.865019321441650391e+00,-1.933626294136047363e+00,-3.309820592403411865e-01
2.908701896667480469e+00,-1.760260581970214844e+00,-2.922433614730834961e-01
2.939705133438110352e+00,-1.585943579673767090e+00,-2.439122349023818970e-01
2.963375329971313477e+00,-1.414207458496093750e+00,-2.093707025051116943e-01
2.981585025787353516e+00,-1.245828628540039062e+00,-1.914163529872894287e-01
2.995815753936767578e+00,-1.081071496009826660e+00,-1.873071044683456421e-01
3.007277488708496094e+00,-9.198688864707946777e-01,-1.948558092117309570e-01
3.016933917999267578e+00,-7.619021534919738770e-01,-2.100552469491958618e-01
3.024482250213623047e+00,-6.064686775207519531e-01,-2.260820567607879639e-01
3.029704570770263672e+00,-4.530048668384552002e-01,-2.390592694282531738e-01
3.032950162887573242e+00,-3.010870814323425293e-01,-2.471620887517929077e-01
3.034290075302124023e+00,-1.502412557601928711e-01,-2.527690231800079346e-01
3.035369157791137695e+00,5.307207970872696023e-07,-2.499027550220489502e-01
3.101601123809814453e+00,0.000000000000000000e+00,-2.421795725822448730e-01
3.102526426315307617e+00,1.536194384098052979e-01,-2.358405739068984985e-01
3.099258422851562500e+00,3.076695501804351807e-01,-2.316862344741821289e-01
3.093790531158447266e+00,4.625874459743499756e-01,-2.223854064941406250e-01
3.084709882736206055e+00,6.185463666915893555e-01,-2.086011618375778198e-01
3.072199821472167969e+00,7.758588194847106934e-01,-1.905664205551147461e-01
3.057163953781127930e+00,9.351283311843872070e-01,-1.727982014417648315e-01
3.040742158889770508e+00,1.097284317016601562e+00,-1.620193570852279663e-01
3.022348165512084961e+00,1.262860536575317383e+00,-1.594597101211547852e-01
2.999950170516967773e+00,1.431662082672119141e+00,-1.646220982074737549e-01
2.972443103790283203e+00,1.603605985641479492e+00,-1.760007292032241821e-01
2.938460350036621094e+00,1.778270363807678223e+00,-1.941603869199752808e-01
2.897357463836669922e+00,1.955451369285583496e+00,-2.194777131080627441e-01
2.847083568572998047e+00,2.133798599243164062e+00,-2.507709264755249023e-01
2.782926082611083984e+00,2.309202432632446289e+00,-2.773018777370452881e-01
2.697722196578979492e+00,2.473712682723999023e+00,-2.793616950511932373e-01
2.591746568679809570e+00,2.624002456665039062e+00,-2.542060315608978271e-01
2.472635269165039062e+00,2.764421224594116211e+00,-2.201064825057983398e-01
2.345644235610961914e+00,2.899072885513305664e+00,-1.915268748998641968e-01
2.212466955184936523e+00,3.029412269592285156e+00,-1.721298098564147949e-01
2.073210954666137695e+00,3.155311346054077148e+00,-1.618618369102478027e-01
1.928008437156677246e+00,3.276711463928222656e+00,-1.592593640089035034e-01
1.776864409446716309e+00,3.393373727798461914e+00,-1.639413833618164062e-01
1.619915366172790527e+00,3.505312442779541016e+00,-1.756762415170669556e-01
1.457263112068176270e+00,3.612569570541381836e+00,-1.961219012737274170e-01
1.289062380790710449e+00,3.715487957000732422e+00,-2.280209958553314209e-01
1.115069627761840820e+00,3.813435316085815430e+00,-2.723340392112731934e-01
9.334065914154052734e-01,3.898537635803222656e+00,-3.143795430660247803e-01
7.417998909950256348e-01,3.952355623245239258e+00,-3.160577714443206787e-01
5.439030528068542480e-01,3.973027467727661133e+00,-2.755492925643920898e-01
3.453820943832397461e-01,3.979227781295776367e+00,-2.320374846458435059e-01
1.477112025022506714e-01,3.979027748107910156e+00,-2.019685059785842896e-01
-4.914364591240882874e-02,3.973093509674072266e+00,-1.849973201751708984e-01
-2.452056705951690674e-01,3.959955215454101562e+00,-1.776744872331619263e-01
-4.402996003627777100e-01,3.939042806625366211e+00,-1.783600002527236938e-01
-6.341742277145385742e-01,3.910063028335571289e+00,-1.869657039642333984e-01
-8.266218900680541992e-01,3.873242139816284180e+00,-2.049722075462341309e-01
-1.017825126647949219e+00,3.830139160156250000e+00,-2.367367893457412720e-01
-1.207935690879821777e+00,3.781194925308227539e+00,-2.846895754337310791e-01
-1.395288586616516113e+00,3.721730709075927734e+00,-3.381408452987670898e-01
-1.569172024726867676e+00,3.628605127334594727e+00,-3.433044552803039551e-01
-1.723919272422790527e+00,3.500308275222778320e+00,-2.901009917259216309e-01
-1.868863105773925781e+00,3.363883018493652344e+00,-2.365441769361495972e-01
-2.009141445159912109e+00,3.229106187820434570e+00,-2.032259851694107056e-01
-2.144324779510498047e+00,3.093981742858886719e+00,-1.850193738937377930e-01
-2.273617506027221680e+00,2.956720829010009766e+00,-1.774322688579559326e-01
-2.395864963531494141e+00,2.815758466720581055e+00,-1.765171438455581665e-01
-2.510760068893432617e+00,2.671038627624511719e+00,-1.826702356338500977e-01
-2.617916345596313477e+00,2.522535562515258789e+00,-1.952299773693084717e-01
-2.717756509780883789e+00,2.371047735214233398e+00,-2.172499746084213257e-01
-2.810628414154052734e+00,2.217130184173583984e+00,-2.494339346885681152e-01
-2.895431756973266602e+00,2.060193061828613281e+00,-2.898187339305877686e-01
-2.964991569519042969e+00,1.896076321601867676e+00,-3.191254734992980957e-01
-3.007197141647338867e+00,1.719714045524597168e+00,-3.086117804050445557e-01
-3.024863481521606445e+00,1.536535382270812988e+00,-2.655956447124481201e-01
-3.033959627151489258e+00,1.356805205345153809e+00,-2.259621173143386841e-01
-3.042443037033081055e+00,1.183743357658386230e+00,-2.036618888378143311e-01
-3.052295446395874023e+00,1.016854524612426758e+00,-1.967908143997192383e-01
-3.063942909240722656e+00,8.549231886863708496e-01,-2.029711157083511353e-01
-3.076167821884155273e+00,6.963990330696105957e-01,-2.147247195243835449e-01
-3.086411476135253906e+00,5.398449301719665527e-01,-2.277100235223770142e-01
-3.093834638595581055e+00,3.846236169338226318e-01,-2.366044372320175171e-01
-3.097980499267578125e+00,2.303265780210494995e-01,-2.433520555496215820e-01
-3.100237131118774414e+00,7.670632004737854004e-02,-2.450551688671112061e-01
-3.102599382400512695e+00,-7.676456868648529053e-02,-2.385601103305816650e-01
-3.101265668869018555e+00,-2.305713742971420288e-01,-2.340020537376403809e-01
-3.096828222274780273e+00,-3.849955797195434570e-01,-2.278017997741699219e-01
-3.089775085449218750e+00,-5.404338240623474121e-01,-2.159565687179565430e-01
-3.078796386718750000e+00,-6.969938874244689941e-01,-2.000664770603179932e-01
-3.064952135086059570e+00,-8.552053570747375488e-01,-1.810862421989440918e-01
-3.049067497253417969e+00,-1.015778899192810059e+00,-1.663886904716491699e-01
-3.031957149505615234e+00,-1.179663419723510742e+00,-1.597013324499130249e-01
-3.011704921722412109e+00,-1.346853375434875488e+00,-1.611903607845306396e-01
-2.986943721771240234e+00,-1.517273306846618652e+00,-1.695441901683807373e-01
-2.956294775009155273e+00,-1.690605282783508301e+00,-1.841756850481033325e-01
-2.918882846832275391e+00,-1.866590023040771484e+00,-2.059315592050552368e-01
-2.873566389083862305e+00,-2.044634819030761719e+00,-2.346747666597366333e-01
-2.817213535308837891e+00,-2.222325563430786133e+00,-2.659074366092681885e-01
-2.743229389190673828e+00,-2.393270730972290039e+00,-2.822471857070922852e-01
-2.646879673004150391e+00,-2.550444602966308594e+00,-2.692591249942779541e-01
-2.533401012420654297e+00,-2.695124626159667969e+00,-2.370432913303375244e-01
-2.409954071044921875e+00,-2.832316160202026367e+00,-2.047487795352935791e-01
-2.279815435409545898e+00,-2.964781999588012695e+00,-1.806325614452362061e-01
-2.143588542938232422e+00,-3.092918872833251953e+00,-1.659453809261322021e-01
-2.001351833343505859e+00,-3.216586351394653320e+00,-1.596572101116180420e-01
-1.853169798851013184e+00,-3.335637092590332031e+00,-1.606977581977844238e-01
-1.699107885360717773e+00,-3.449931859970092773e+00,-1.689075380563735962e-01
-1.539294242858886719e+00,-3.559514284133911133e+00,-1.846027672290802002e-01
-1.373856306076049805e+00,-3.664561033248901367e+00,-2.105214595794677734e-01
-1.202846288681030273e+00,-3.765264987945556641e+00,-2.488131523132324219e-01
-1.025407314300537109e+00,-3.858672380447387695e+00,-2.959143221378326416e-01
-8.387923240661621094e-01,-3.930266857147216797e+00,-3.220208585262298584e-01
-6.431980729103088379e-01,-3.965705156326293945e+00,-2.986667454242706299e-01
-4.445484876632690430e-01,-3.977056741714477539e+00,-2.523330152034759521e-01
-2.464390993118286133e-01,-3.979870319366455078e+00,-2.152959555387496948e-01
-4.919021949172019958e-02,-3.976799488067626953e+00,-1.919706910848617554e-01
1.472858935594558716e-01,-3.967552185058593750e+00,-1.803881525993347168e-01
3.428811430931091309e-01,-3.950411081314086914e+00,-1.769368201494216919e-01
5.374171137809753418e-01,-3.925651788711547852e+00,-1.817628592252731323e-01
7.305599451065063477e-01,-3.892464637756347656e+00,-1.944199055433273315e-01
9.223865270614624023e-01,-3.852509260177612305e+00,-2.190620750188827515e-01
1.112979292869567871e+00,-3.806287527084350586e+00,-2.584544122219085693e-01
1.302418112754821777e+00,-3.753985643386840820e+00,-3.134247660636901855e-01
1.484712243080139160e+00,-3.680613994598388672e+00,-3.499287366867065430e-01
1.648503184318542480e+00,-3.567172527313232422e+00,-3.205413222312927246e-01
1.797035932540893555e+00,-3.431898117065429688e+00,-2.606724798679351807e-01
1.939609289169311523e+00,-3.296426773071289062e+00,-2.177789807319641113e-01
2.077391862869262695e+00,-3.161674261093139648e+00,-1.923910528421401978e-01
2.209800243377685547e+00,-3.025761127471923828e+00,-1.803330034017562866e-01
2.335643529891967773e+00,-2.886710643768310547e+00,-1.760703176259994507e-01
2.454264640808105469e+00,-2.743882179260253906e+00,-1.788206994533538818e-01
2.565302610397338867e+00,-2.597229480743408203e+00,-1.879867315292358398e-01
2.668706655502319336e+00,-2.447107076644897461e+00,-2.049402892589569092e-01
2.765079021453857422e+00,-2.294392585754394531e+00,-2.320651859045028687e-01
2.854254722595214844e+00,-2.139173030853271484e+00,-2.691761553287506104e-01
2.932949781417846680e+00,-1.979472994804382324e+00,-3.079749345779418945e-01
2.989897012710571289e+00,-1.809397459030151367e+00,-3.196060359477996826e-01
3.018090486526489258e+00,-1.628231883049011230e+00,-2.889017760753631592e-01
3.029715538024902344e+00,-1.445866942405700684e+00,-2.436849772930145264e-01
3.038122415542602539e+00,-1.269452214241027832e+00,-2.128145992755889893e-01
3.047125101089477539e+00,-1.099586963653564453e+00,-1.982891559600830078e-01
3.057931900024414062e+00,-9.353630542755126953e-01,-1.987293809652328491e-01
3.070136070251464844e+00,-7.753379344940185547e-01,-2.084587067365646362e-01
3.081658363342285156e+00,-6.179336309432983398e-01,-2.214139699935913086e-01
3.090462923049926758e+00,-4.620895385742187500e-01,-2.327617555856704712e-01
3.096357583999633789e+00,-3.073816597461700439e-01,-2.400441467761993408e-01
3.099069833755493164e+00,-1.534487903118133545e-01,-2.454727590084075928e-01
3.101601362228393555e+00,5.423012225946877152e-07,-2.421795725822448730e-01
3.174356937408447266e+00,0.000000000000000000e+00,-2.256872951984405518e-01
3.175595760345458984e+00,1.572374105453491211e-01,-2.189266979694366455e-01
3.170771837234497070e+00,3.147688508033752441e-01,-2.155160903930664062e-01
3.162549018859863281e+00,4.728683233261108398e-01,-2.067529410123825073e-01
3.149010896682739258e+00,6.314399838447570801e-01,-1.937370300292968750e-01
3.130104780197143555e+00,7.904822826385498047e-01,-1.757717877626419067e-01
3.107747793197631836e+00,9.506009817123413086e-01,-1.570352464914321899e-01
3.084602594375610352e+00,1.113111734390258789e+00,-1.438262164592742920e-01
3.060873985290527344e+00,1.278958201408386230e+00,-1.375012248754501343e-01
3.034477949142456055e+00,1.448139786720275879e+00,-1.379176229238510132e-01
3.004058837890625000e+00,1.620662212371826172e+00,-1.428849548101425171e-01
2.968167781829833984e+00,1.796248435974121094e+00,-1.528437286615371704e-01
2.926247596740722656e+00,1.974949479103088379e+00,-1.675832718610763550e-01
2.877423524856567383e+00,2.156537532806396484e+00,-1.887871921062469482e-01
2.819597482681274414e+00,2.339631319046020508e+00,-2.147399038076400757e-01
2.745425701141357422e+00,2.517455101013183594e+00,-2.354049086570739746e-01
2.645536899566650391e+00,2.678462266921997070e+00,-2.342885136604309082e-01
2.522083282470703125e+00,2.819704294204711914e+00,-2.111882269382476807e-01
2.386117696762084961e+00,2.949095487594604492e+00,-1.827961951494216919e-01
2.244386434555053711e+00,3.073117971420288086e+00,-1.594919562339782715e-01
2.098431110382080078e+00,3.193695068359375000e+00,-1.445044875144958496e-01
1.948230385780334473e+00,3.311079263687133789e+00,-1.366406977176666260e-01
1.793326497077941895e+00,3.424812555313110352e+00,-1.351558268070220947e-01
1.633485078811645508e+00,3.534675598144531250e+00,-1.389003396034240723e-01
1.468482851982116699e+00,3.640383481979370117e+00,-1.481754779815673828e-01
1.298404335975646973e+00,3.742414236068725586e+00,-1.644850224256515503e-01
1.123274445533752441e+00,3.841495037078857422e+00,-1.901536583900451660e-01
9.426112771034240723e-01,3.936982631683349609e+00,-2.259598970413208008e-01
7.540343999862670898e-01,4.017541885375976562e+00,-2.586302459239959717e-01
5.556957721710205078e-01,4.059169292449951172e+00,-2.602850496768951416e-01
3.524324893951416016e-01,4.060457229614257812e+00,-2.291961908340454102e-01
1.501965224742889404e-01,4.045977115631103516e+00,-1.952494382858276367e-01
-4.981402680277824402e-02,4.027291297912597656e+00,-1.709280908107757568e-01
-2.479975670576095581e-01,4.005043029785156250e+00,-1.566810607910156250e-01
-4.446263909339904785e-01,3.977751493453979492e+00,-1.500605493783950806e-01
-6.396772265434265137e-01,3.943992614746093750e+00,-1.495667248964309692e-01
-8.331625461578369141e-01,3.903889179229736328e+00,-1.559198945760726929e-01
-1.025107741355895996e+00,3.857544183731079102e+00,-1.698368638753890991e-01
-1.216410040855407715e+00,3.807721853256225586e+00,-1.960580796003341675e-01
-1.407801628112792969e+00,3.755107402801513672e+00,-2.355540841817855835e-01
-1.598029375076293945e+00,3.695335865020751953e+00,-2.833094000816345215e-01
-1.772403955459594727e+00,3.598753213882446289e+00,-2.981208562850952148e-01
-1.918662071228027344e+00,3.453519344329833984e+00,-2.599657475948333740e-01
-2.050873279571533203e+00,3.296177625656127930e+00,-2.136444449424743652e-01
-2.179832696914672852e+00,3.145215034484863281e+00,-1.840501725673675537e-01
-2.304748535156250000e+00,2.997205018997192383e+00,-1.665920913219451904e-01
-2.424811601638793945e+00,2.849778175354003906e+00,-1.582361906766891479e-01
-2.538175821304321289e+00,2.700204372406005859e+00,-1.556666493415832520e-01
-2.644967317581176758e+00,2.548601150512695312e+00,-1.589047610759735107e-01
-2.744757175445556641e+00,2.394603967666625977e+00,-1.684122830629348755e-01
-2.838847637176513672e+00,2.239390611648559570e+00,-1.857991814613342285e-01
-2.928092241287231445e+00,2.083432197570800781e+00,-2.132551223039627075e-01
-3.012082099914550781e+00,1.926190257072448730e+00,-2.488308846950531006e-01
-3.082420349121093750e+00,1.762731671333312988e+00,-2.804723381996154785e-01
-3.120474100112915039e+00,1.585102558135986328e+00,-2.819001376628875732e-01
-3.124697208404541016e+00,1.397383570671081543e+00,-2.513554692268371582e-01
-3.118814468383789062e+00,1.213457703590393066e+00,-2.191127985715866089e-01
-3.119092941284179688e+00,1.039107680320739746e+00,-2.019552290439605713e-01
-3.126823663711547852e+00,8.724685907363891602e-01,-1.994994878768920898e-01
-3.139960050582885742e+00,7.108406424522399902e-01,-2.055666446685791016e-01
-3.152602195739746094e+00,5.514223575592041016e-01,-2.148280590772628784e-01
-3.162885427474975586e+00,3.932079970836639404e-01,-2.219595313072204590e-01
-3.168696403503417969e+00,2.355840951204299927e-01,-2.276379466056823730e-01
-3.172212600708007812e+00,7.848713546991348267e-02,-2.288771569728851318e-01
-3.175796985626220703e+00,-7.857562601566314697e-02,-2.217187285423278809e-01
-3.173717021942138672e+00,-2.359579354524612427e-01,-2.173976600170135498e-01
-3.167137861251831055e+00,-3.937364220619201660e-01,-2.119342833757400513e-01
-3.156551122665405273e+00,-5.521136522293090820e-01,-2.006798535585403442e-01
-3.140113353729248047e+00,-7.108751535415649414e-01,-1.854044348001480103e-01
-3.119201421737670898e+00,-8.703424334526062012e-01,-1.659151464700698853e-01
-3.096143722534179688e+00,-1.031462073326110840e+00,-1.496536731719970703e-01
-3.072959661483764648e+00,-1.195616483688354492e+00,-1.397062987089157104e-01
-3.048093795776367188e+00,-1.363126754760742188e+00,-1.370592564344406128e-01
-3.019879579544067383e+00,-1.534003615379333496e+00,-1.398176401853561401e-01
-2.986847877502441406e+00,-1.708077669143676758e+00,-1.472619473934173584e-01
-2.947997570037841797e+00,-1.885208606719970703e+00,-1.595419943332672119e-01
-2.902776956558227539e+00,-2.065419197082519531e+00,-1.773181110620498657e-01
-2.849918127059936523e+00,-2.248124122619628906e+00,-2.015588581562042236e-01
-2.785262823104858398e+00,-2.429941892623901367e+00,-2.267857491970062256e-01
-2.698927164077758789e+00,-2.600595712661743164e+00,-2.382571399211883545e-01
-2.586085796356201172e+00,-2.751172542572021484e+00,-2.244797199964523315e-01
-2.455062389373779297e+00,-2.885330200195312500e+00,-1.967715620994567871e-01
-2.315814733505249023e+00,-3.011597394943237305e+00,-1.701752692461013794e-01
-2.171917676925659180e+00,-3.133794069290161133e+00,-1.509864479303359985e-01
-2.023895025253295898e+00,-3.252817630767822266e+00,-1.397603005170822144e-01
-1.871381640434265137e+00,-3.368417739868164062e+00,-1.351483911275863647e-01
-1.714038729667663574e+00,-3.480247974395751953e+00,-1.364307701587677002e-01
-1.551631093025207520e+00,-3.588042497634887695e+00,-1.427397727966308594e-01
-1.384070038795471191e+00,-3.691804647445678711e+00,-1.553558111190795898e-01
-1.211480855941772461e+00,-3.792293787002563477e+00,-1.759493052959442139e-01
-1.033721566200256348e+00,-3.889959335327148438e+00,-2.071168869733810425e-01
-8.495373725891113281e-01,-3.980614423751831055e+00,-2.443848997354507446e-01
-6.559446454048156738e-01,-4.044295787811279297e+00,-2.646348476409912109e-01
-4.542002975940704346e-01,-4.063404560089111328e+00,-2.470424473285675049e-01
-2.510258555412292480e-01,-4.053944587707519531e+00,-2.111514806747436523e-01
-4.993600398302078247e-02,-4.037093162536621094e+00,-1.818753778934478760e-01
1.491073966026306152e-01,-4.016619205474853516e+00,-1.625542044639587402e-01
3.465094268321990967e-01,-3.992213487625122070e+00,-1.526970714330673218e-01
5.423418283462524414e-01,-3.961625337600708008e+00,-1.488912701606750488e-01
7.366328835487365723e-01,-3.924821615219116211e+00,-1.520138829946517944e-01
9.292789697647094727e-01,-3.881296634674072266e+00,-1.615600585937500000e-01
1.120796084403991699e+00,-3.833020210266113281e+00,-1.813612133264541626e-01
1.312023639678955078e+00,-3.781672000885009766e+00,-2.139592766761779785e-01
1.503573060035705566e+00,-3.727370262145996094e+00,-2.600932717323303223e-01
1.688550114631652832e+00,-3.653829813003540039e+00,-2.979671061038970947e-01
1.848605513572692871e+00,-3.530383348464965820e+00,-2.835386991500854492e-01
1.985369563102722168e+00,-3.374197483062744141e+00,-2.350096255540847778e-01
2.115785598754882812e+00,-3.220107316970825195e+00,-1.969695538282394409e-01
2.242810249328613281e+00,-3.070959806442260742e+00,-1.740189641714096069e-01
2.365532875061035156e+00,-2.923651933670043945e+00,-1.615082621574401855e-01
2.482342481613159180e+00,-2.775273561477661133e+00,-1.563113182783126831e-01
2.592414855957031250e+00,-2.624679088592529297e+00,-1.564940065145492554e-01
2.695713758468627930e+00,-2.471871614456176758e+00,-1.628574877977371216e-01
2.792406558990478516e+00,-2.317068338394165039e+00,-1.759112030267715454e-01
2.884072303771972656e+00,-2.161520242691040039e+00,-1.982868015766143799e-01
2.970910072326660156e+00,-2.005092620849609375e+00,-2.303644269704818726e-01
3.050100803375244141e+00,-1.845830917358398438e+00,-2.666982114315032959e-01
3.106351137161254883e+00,-1.675847649574279785e+00,-2.862263917922973633e-01
3.125609636306762695e+00,-1.491630434989929199e+00,-2.688934206962585449e-01
3.121473073959350586e+00,-1.304279565811157227e+00,-2.337887585163116455e-01
3.117984533309936523e+00,-1.125157475471496582e+00,-2.084597647190093994e-01
3.122043132781982422e+00,-9.549734592437744141e-01,-1.992268115282058716e-01
3.133085012435913086e+00,-7.912351489067077637e-01,-2.018452882766723633e-01
3.146574020385742188e+00,-6.309505105018615723e-01,-2.101387977600097656e-01
3.158102750778198242e+00,-4.722031056880950928e-01,-2.188278585672378540e-01
3.166454553604125977e+00,-3.143403530120849609e-01,-2.248027771711349487e-01
3.170325040817260742e+00,-1.569769531488418579e-01,-2.294892221689224243e-01
3.174356937408447266e+00,5.550222113015479408e-07,-2.256873548030853271e-01
3.256962299346923828e+00,0.000000000000000000e+00,-1.956217437982559204e-01
3.258558511734008789e+00,1.613452583551406860e-01,-1.885134130716323853e-01
3.252185583114624023e+00,3.228509426116943359e-01,-1.860348582267761230e-01
3.241431474685668945e+00,4.846629202365875244e-01,-1.786845028400421143e-01
3.223119974136352539e+00,6.463003754615783691e-01,-1.674525141716003418e-01
3.196823596954345703e+00,8.073315620422363281e-01,-1.511408090591430664e-01
3.165169715881347656e+00,9.681652784347534180e-01,-1.331696063280105591e-01
3.132461547851562500e+00,1.130382180213928223e+00,-1.190361976623535156e-01
3.100739479064941406e+00,1.295615553855895996e+00,-1.105972528457641602e-01
3.067776203155517578e+00,1.464030623435974121e+00,-1.078279390931129456e-01
3.032263994216918945e+00,1.635878682136535645e+00,-1.084901243448257446e-01
2.992092370986938477e+00,1.810726881027221680e+00,-1.125019490718841553e-01
2.946647167205810547e+00,1.988717436790466309e+00,-1.190791577100753784e-01
2.895198106765747070e+00,2.169859170913696289e+00,-1.297894269227981567e-01
2.837548494338989258e+00,2.354526758193969727e+00,-1.453842073678970337e-01
2.771098375320434570e+00,2.540995836257934570e+00,-1.651672720909118652e-01
2.685983180999755859e+00,2.719411849975585938e+00,-1.800418496131896973e-01
2.571326255798339844e+00,2.874758243560791016e+00,-1.772115975618362427e-01
2.431489706039428711e+00,3.005172491073608398e+00,-1.586285829544067383e-01
2.280626296997070312e+00,3.122739315032958984e+00,-1.369458884000778198e-01
2.125839948654174805e+00,3.235409736633300781e+00,-1.202171742916107178e-01
1.968803882598876953e+00,3.346044778823852539e+00,-1.095629110932350159e-01
1.808748364448547363e+00,3.454264402389526367e+00,-1.044155210256576538e-01
1.644988656044006348e+00,3.559568166732788086e+00,-1.032161489129066467e-01
1.476921439170837402e+00,3.661302804946899414e+00,-1.056940332055091858e-01
1.304184317588806152e+00,3.759074211120605469e+00,-1.118586137890815735e-01
1.126894474029541016e+00,3.853875160217285156e+00,-1.233973205089569092e-01
9.449319243431091309e-01,3.946675062179565430e+00,-1.422977596521377563e-01
7.576500773429870605e-01,4.036806106567382812e+00,-1.684606969356536865e-01
5.624883770942687988e-01,4.108787059783935547e+00,-1.914826780557632446e-01
3.590108752250671387e-01,4.136248111724853516e+00,-1.918266713619232178e-01
1.529354155063629150e-01,4.119757175445556641e+00,-1.704236716032028198e-01
-5.055519565939903259e-02,4.087212085723876953e+00,-1.464148461818695068e-01
-2.508920133113861084e-01,4.051786899566650391e+00,-1.290881484746932983e-01
-4.487165510654449463e-01,4.014343261718750000e+00,-1.183051168918609619e-01
-6.444082856178283691e-01,3.973162412643432617e+00,-1.128321066498756409e-01
-8.379734754562377930e-01,3.926431655883789062e+00,-1.116999164223670959e-01
-1.029653549194335938e+00,3.874650239944458008e+00,-1.156358942389488220e-01
-1.219626426696777344e+00,3.817790031433105469e+00,-1.257552653551101685e-01
-1.409485220909118652e+00,3.759598255157470703e+00,-1.449946016073226929e-01
-1.600338101387023926e+00,3.700674533843994141e+00,-1.746937483549118042e-01
-1.791244626045227051e+00,3.637007951736450195e+00,-2.108226418495178223e-01
-1.966037034988403320e+00,3.538792371749877930e+00,-2.285981625318527222e-01
-2.106430768966674805e+00,3.385470390319824219e+00,-2.071872055530548096e-01
-2.226170778274536133e+00,3.212074995040893555e+00,-1.729089915752410889e-01
-2.342695713043212891e+00,3.046553373336791992e+00,-1.489576548337936401e-01
-2.456138372421264648e+00,2.886595249176025391e+00,-1.337404698133468628e-01
-2.565336227416992188e+00,2.729098796844482422e+00,-1.254484206438064575e-01
-2.668531894683837891e+00,2.571307182312011719e+00,-1.214633807539939880e-01
-2.765383243560791016e+00,2.412598848342895508e+00,-1.224185228347778320e-01
-2.856402873992919922e+00,2.253238677978515625e+00,-1.282454133033752441e-01
-2.942574977874755859e+00,2.093736886978149414e+00,-1.409174054861068726e-01
-3.026482105255126953e+00,1.935398817062377930e+00,-1.616679579019546509e-01
-3.107852697372436523e+00,1.777275562286376953e+00,-1.901444792747497559e-01
-3.179963588714599609e+00,1.615321397781372070e+00,-2.192015051841735840e-01
-3.221663475036621094e+00,1.440747499465942383e+00,-2.308149635791778564e-01
-3.223840475082397461e+00,1.254320859909057617e+00,-2.174676805734634399e-01
-3.211932897567749023e+00,1.070036768913269043e+00,-1.969902515411376953e-01
-3.209140300750732422e+00,8.954371809959411621e-01,-1.867222636938095093e-01
-3.217779159545898438e+00,7.284578084945678711e-01,-1.855287253856658936e-01
-3.230756759643554688e+00,5.650923848152160645e-01,-1.905068904161453247e-01
-3.242609977722167969e+00,4.031192958354949951e-01,-1.947615295648574829e-01
-3.249795675277709961e+00,2.416136115789413452e-01,-1.991174221038818359e-01
-3.254319429397583008e+00,8.051862567663192749e-02,-1.994878500699996948e-01
-3.258790493011474609e+00,-8.062905073165893555e-02,-1.912444531917572021e-01
-3.256087779998779297e+00,-2.420819997787475586e-01,-1.873816847801208496e-01
-3.247423410415649414e+00,-4.037174880504608154e-01,-1.830880045890808105e-01
-3.233432531356811523e+00,-5.655610561370849609e-01,-1.734956651926040649e-01
-3.210791349411010742e+00,-7.268756031990051270e-01,-1.599856019020080566e-01
-3.181476354598999023e+00,-8.877188563346862793e-01,-1.418617516756057739e-01
-3.148642301559448242e+00,-1.048951745033264160e+00,-1.255165338516235352e-01
-3.116628408432006836e+00,-1.212607026100158691e+00,-1.139854490756988525e-01
-3.084480762481689453e+00,-1.379399180412292480e+00,-1.086979433894157410e-01
-3.050478219985961914e+00,-1.549546718597412109e+00,-1.077327951788902283e-01
-3.012832403182983398e+00,-1.722937226295471191e+00,-1.101437509059906006e-01
-2.970056056976318359e+00,-1.899314641952514648e+00,-1.154185384511947632e-01
-2.921710729598999023e+00,-2.078891038894653320e+00,-1.238204836845397949e-01
-2.867168426513671875e+00,-2.261731624603271484e+00,-1.369630396366119385e-01
-2.805860519409179688e+00,-2.447911977767944336e+00,-1.550153195858001709e-01
-2.731729745864868164e+00,-2.632203102111816406e+00,-1.742025613784790039e-01
-2.632552385330200195e+00,-2.800605297088623047e+00,-1.811489015817642212e-01
-2.503618717193603516e+00,-2.942396402359008789e+00,-1.691476404666900635e-01
-2.356787919998168945e+00,-3.064880847930908203e+00,-1.474427729845046997e-01
-2.203550338745117188e+00,-3.179435729980468750e+00,-1.278174221515655518e-01
-2.047618389129638672e+00,-3.290946006774902344e+00,-1.141360476613044739e-01
-1.889220356941223145e+00,-3.400526523590087891e+00,-1.064025908708572388e-01
-1.727350950241088867e+00,-3.507277488708496094e+00,-1.033718585968017578e-01
-1.561543345451354980e+00,-3.610963821411132812e+00,-1.039954274892807007e-01
-1.391121029853820801e+00,-3.710612058639526367e+00,-1.082714647054672241e-01
-1.216118812561035156e+00,-3.806812047958374023e+00,-1.167912334203720093e-01
-1.036500453948974609e+00,-3.900416374206542969e+00,-1.318597644567489624e-01
-8.520798683166503906e-01,-3.992527484893798828e+00,-1.547109782695770264e-01
-6.612210273742675781e-01,-4.076827526092529297e+00,-1.816831827163696289e-01
-4.615430533885955811e-01,-4.129095077514648438e+00,-1.951873302459716797e-01
-2.558488547801971436e-01,-4.131833553314208984e+00,-1.826706975698471069e-01
-5.076465383172035217e-02,-4.104085445404052734e+00,-1.577823907136917114e-01
1.510808616876602173e-01,-4.069779872894287109e+00,-1.368661224842071533e-01
3.500763773918151855e-01,-4.033308982849121094e+00,-1.229388043284416199e-01
5.468367934226989746e-01,-3.994459629058837891e+00,-1.150082945823669434e-01
7.414338588714599609e-01,-3.950401544570922852e+00,-1.116932407021522522e-01
9.340606927871704102e-01,-3.901268482208251953e+00,-1.129929795861244202e-01
1.124773383140563965e+00,-3.846622228622436523e+00,-1.197644844651222229e-01
1.314481377601623535e+00,-3.788756132125854492e+00,-1.340785622596740723e-01
1.504714131355285645e+00,-3.730199098587036133e+00,-1.585450470447540283e-01
1.696271419525146484e+00,-3.670537948608398438e+00,-1.928668618202209473e-01
1.882336139678955078e+00,-3.594800710678100586e+00,-2.242631018161773682e-01
2.040407657623291016e+00,-3.467736482620239258e+00,-2.220388352870941162e-01
2.167292356491088867e+00,-3.298497676849365234e+00,-1.893208473920822144e-01
2.284634113311767578e+00,-3.128226995468139648e+00,-1.595926731824874878e-01
2.399921417236328125e+00,-2.966154098510742188e+00,-1.403786540031433105e-01
2.511344671249389648e+00,-2.807698011398315430e+00,-1.289205402135848999e-01
2.617785453796386719e+00,-2.650365352630615234e+00,-1.229346916079521179e-01
2.717679262161254883e+00,-2.492012977600097656e+00,-1.212950050830841064e-01
2.811634063720703125e+00,-2.333022832870483398e+00,-1.246839538216590881e-01
2.899906396865844727e+00,-2.173387527465820312e+00,-1.335551440715789795e-01
2.984748125076293945e+00,-2.014432191848754883e+00,-1.503068506717681885e-01
3.067628622055053711e+00,-1.856438279151916504e+00,-1.750527918338775635e-01
3.146093845367431641e+00,-1.697288393974304199e+00,-2.056335359811782837e-01
3.206056833267211914e+00,-1.530022144317626953e+00,-2.282325029373168945e-01
3.226638793945312500e+00,-1.348222136497497559e+00,-2.266470044851303101e-01
3.217654228210449219e+00,-1.161124229431152344e+00,-2.065226733684539795e-01
3.208866357803344727e+00,-9.815310239791870117e-01,-1.904430687427520752e-01
3.212409496307373047e+00,-8.112679123878479004e-01,-1.851610839366912842e-01
3.224169731140136719e+00,-6.465100049972534180e-01,-1.876222193241119385e-01
3.237051486968994141e+00,-4.840075969696044922e-01,-1.929685473442077637e-01
3.246901035308837891e+00,-3.223264217376708984e-01,-1.967062801122665405e-01
3.251956939697265625e+00,-1.610189080238342285e-01,-2.006504833698272705e-01
3.256962537765502930e+00,5.694654419130529277e-07,-1.956217736005783081e-01
3.349967002868652344e+00,0.000000000000000000e+00,-1.433808952569961548e-01
3.351188898086547852e+00,1.659317761659622192e-01,-1.355541497468948364e-01
3.344110727310180664e+00,3.319765329360961914e-01,-1.346070468425750732e-01
3.331617593765258789e+00,4.981476664543151855e-01,-1.294547766447067261e-01
3.309252738952636719e+00,6.635716557502746582e-01,-1.215789988636970520e-01
3.275683641433715820e+00,8.272469639778137207e-01,-1.094377860426902771e-01
3.232987403869628906e+00,9.889093637466430664e-01,-9.511730074882507324e-02
3.187845706939697266e+00,1.150368094444274902e+00,-8.317095041275024414e-02
3.144531726837158203e+00,1.313913822174072266e+00,-7.512100040912628174e-02
3.102198123931884766e+00,1.480457782745361328e+00,-7.170716673135757446e-02
3.059060573577880859e+00,1.650335192680358887e+00,-7.038238644599914551e-02
3.012648820877075195e+00,1.823167085647583008e+00,-7.114195823669433594e-02
2.961750507354736328e+00,1.998910665512084961e+00,-7.258817553520202637e-02
2.905119419097900391e+00,2.177294731140136719e+00,-7.577841728925704956e-02
2.843219518661499023e+00,2.359232425689697266e+00,-8.134347945451736450e-02
2.775727748870849609e+00,2.545240879058837891e+00,-9.058085829019546509e-02
2.700094938278198242e+00,2.733699083328247070e+00,-1.031027659773826599e-01
2.604161262512207031e+00,2.911468029022216797e+00,-1.122353151440620422e-01
2.475281953811645508e+00,3.059297084808349609e+00,-1.098627448081970215e-01
2.320782184600830078e+00,3.177722692489624023e+00,-9.751972556114196777e-02
2.156831979751586914e+00,3.282577753067016602e+00,-8.455299586057662964e-02
1.991025567054748535e+00,3.383810997009277344e+00,-7.471015304327011108e-02
1.824266910552978516e+00,3.483901023864746094e+00,-6.900802254676818848e-02
1.655591130256652832e+00,3.582510709762573242e+00,-6.600465625524520874e-02
1.483764171600341797e+00,3.678266048431396484e+00,-6.506389379501342773e-02
1.308138966560363770e+00,3.770472764968872070e+00,-6.587654352188110352e-02
1.128296256065368652e+00,3.858669281005859375e+00,-6.884305924177169800e-02
9.443982243537902832e-01,3.944446086883544922e+00,-7.565870136022567749e-02
7.562000751495361328e-01,4.029080390930175781e+00,-8.718823641538619995e-02
5.627696514129638672e-01,4.110841751098632812e+00,-1.036227047443389893e-01
3.620660603046417236e-01,4.171447753906250000e+00,-1.171947419643402100e-01
1.552698612213134766e-01,4.182641983032226562e+00,-1.171652078628540039e-01
-5.132636800408363342e-02,4.149558544158935547e+00,-1.046441197395324707e-01
-2.539530396461486816e-01,4.101221084594726562e+00,-9.096024930477142334e-02
-4.528179168701171875e-01,4.051035404205322266e+00,-8.060929179191589355e-02
-6.486876606941223145e-01,3.999547243118286133e+00,-7.370970398187637329e-02
-8.419383764266967773e-01,3.945009469985961914e+00,-6.975289434194564819e-02
-1.032567977905273438e+00,3.885617256164550781e+00,-6.823156028985977173e-02
-1.220875620841979980e+00,3.821700334548950195e+00,-7.033490389585494995e-02
-1.407460451126098633e+00,3.754197359085083008e+00,-7.651588320732116699e-02
-1.594062209129333496e+00,3.686161994934082031e+00,-8.899274468421936035e-02
-1.782162666320800781e+00,3.618567466735839844e+00,-1.074624881148338318e-01
-1.970392465591430664e+00,3.546632051467895508e+00,-1.299252212047576904e-01
-2.143319606781005859e+00,3.444758415222167969e+00,-1.433616280555725098e-01
-2.279413461685180664e+00,3.288897037506103516e+00,-1.348929852247238159e-01
-2.388773679733276367e+00,3.106475353240966797e+00,-1.152139157056808472e-01
-2.492513179779052734e+00,2.929344892501831055e+00,-9.909266233444213867e-02
-2.593424797058105469e+00,2.758980274200439453e+00,-8.808391541242599487e-02
-2.690478563308715820e+00,2.592453956604003906e+00,-8.071920275688171387e-02
-2.781801939010620117e+00,2.426923036575317383e+00,-7.678330689668655396e-02
-2.867306947708129883e+00,2.261840343475341797e+00,-7.568549364805221558e-02
-2.947416782379150391e+00,2.097182273864746094e+00,-7.885602861642837524e-02
-3.024117946624755859e+00,1.933886885643005371e+00,-8.653240650892257690e-02
-3.099966049194335938e+00,1.772765517234802246e+00,-1.002589240670204163e-01
-3.176088809967041016e+00,1.613353013992309570e+00,-1.192407682538032532e-01
-3.248066186904907227e+00,1.452554941177368164e+00,-1.402936130762100220e-01
-3.298196077346801758e+00,1.283250927925109863e+00,-1.546593308448791504e-01
-3.313363313674926758e+00,1.103827714920043945e+00,-1.548825353384017944e-01
-3.309482574462890625e+00,9.234353899955749512e-01,-1.484064161777496338e-01
-3.312108039855957031e+00,7.498124241828918457e-01,-1.439724862575531006e-01
-3.322747230529785156e+00,5.811824798583984375e-01,-1.450580209493637085e-01
-3.334663867950439453e+00,4.145633578300476074e-01,-1.462687104940414429e-01
-3.342345714569091797e+00,2.484944611787796021e-01,-1.489168256521224976e-01
-3.347181797027587891e+00,8.281624317169189453e-02,-1.480557769536972046e-01
-3.351711750030517578e+00,-8.292810618877410889e-02,-1.383623629808425903e-01
-3.348376750946044922e+00,-2.489434480667114258e-01,-1.349994987249374390e-01
-3.338732004165649414e+00,-4.150689244270324707e-01,-1.327048689126968384e-01
-3.321903467178344727e+00,-5.810354948043823242e-01,-1.257444471120834351e-01
-3.293799877166748047e+00,-7.456675171852111816e-01,-1.162070557475090027e-01
-3.255171060562133789e+00,-9.082816839218139648e-01,-1.020933762192726135e-01
-3.210254192352294922e+00,-1.069477319717407227e+00,-8.881270885467529297e-02
-3.165991067886352539e+00,-1.231812834739685059e+00,-7.847490161657333374e-02
-3.123304128646850586e+00,-1.396761298179626465e+00,-7.303676754236221313e-02
-3.080921173095703125e+00,-1.565010786056518555e+00,-7.079225778579711914e-02
-3.036335945129394531e+00,-1.736378192901611328e+00,-7.057722657918930054e-02
-2.987865924835205078e+00,-1.910703897476196289e+00,-7.178747653961181641e-02
-2.934143066406250000e+00,-2.087737083435058594e+00,-7.386771589517593384e-02
-2.874818563461303711e+00,-2.267766475677490234e+00,-7.825071364641189575e-02
-2.810224056243896484e+00,-2.451718807220458984e+00,-8.537526428699493408e-02
-2.739390373229980469e+00,-2.639584779739379883e+00,-9.672940522432327271e-02
-2.655778646469116211e+00,-2.825314283370971680e+00,-1.086693853139877319e-01
-2.543884754180908203e+00,-2.989719152450561523e+00,-1.127479001879692078e-01
-2.400128126144409180e+00,-3.121242523193359375e+00,-1.043117716908454895e-01
-2.239265203475952148e+00,-3.230967760086059570e+00,-9.073640406131744385e-02
-2.074037075042724609e+00,-3.333406448364257812e+00,-7.915154099464416504e-02
-1.907796382904052734e+00,-3.433962821960449219e+00,-7.137345522642135620e-02
-1.740259885787963867e+00,-3.533488273620605469e+00,-6.727936118841171265e-02
-1.570116639137268066e+00,-3.630788803100585938e+00,-6.525041908025741577e-02
-1.396465420722961426e+00,-3.724867582321166992e+00,-6.530736386775970459e-02
-1.218741416931152344e+00,-3.815021514892578125e+00,-6.694708764553070068e-02
-1.036852478981018066e+00,-3.901741266250610352e+00,-7.173950970172882080e-02
-8.508717417716979980e-01,-3.986866474151611328e+00,-8.072398602962493896e-02
-6.602532267570495605e-01,-4.070860862731933594e+00,-9.504719078540802002e-02
-4.634155929088592529e-01,-4.145847320556640625e+00,-1.115528941154479980e-01
-2.590789496898651123e-01,-4.183997631072998047e+00,-1.192162334918975830e-01
-5.157706886529922485e-02,-4.169764995574951172e+00,-1.117713972926139832e-01
1.531653404235839844e-01,-4.125931262969970703e+00,-9.741408377885818481e-02
3.538022339344024658e-01,-4.076235771179199219e+00,-8.538987487554550171e-02
5.510888695716857910e-01,-4.025519371032714844e+00,-7.669331133365631104e-02
7.456430196762084961e-01,-3.972828149795532227e+00,-7.147663086652755737e-02
9.375679492950439453e-01,-3.915917158126831055e+00,-6.858069449663162231e-02
1.126990079879760742e+00,-3.854202985763549805e+00,-6.884110718965530396e-02
1.314298748970031738e+00,-3.788229465484619141e+00,-7.277072221040725708e-02
1.500635743141174316e+00,-3.720088720321655273e+00,-8.192484080791473389e-02
1.687880277633666992e+00,-3.652380228042602539e+00,-9.752290695905685425e-02
1.876716971397399902e+00,-3.584069252014160156e+00,-1.186333000659942627e-01
2.060478448867797852e+00,-3.501847743988037109e+00,-1.390203535556793213e-01
2.216251850128173828e+00,-3.373011112213134766e+00,-1.417061835527420044e-01
2.335711002349853516e+00,-3.198163747787475586e+00,-1.252421885728836060e-01
2.440876245498657227e+00,-3.016772031784057617e+00,-1.063610091805458069e-01
2.543412685394287109e+00,-2.843550205230712891e+00,-9.311717003583908081e-02
2.642526626586914062e+00,-2.675414323806762695e+00,-8.392389863729476929e-02
2.736936807632446289e+00,-2.509671688079833984e+00,-7.840771973133087158e-02
2.825228214263916016e+00,-2.344302892684936523e+00,-7.579699903726577759e-02
2.907997131347656250e+00,-2.179451227188110352e+00,-7.670258730649948120e-02
2.985978126525878906e+00,-2.015262365341186523e+00,-8.207377791404724121e-02
3.062076807022094727e+00,-1.853078484535217285e+00,-9.257046133279800415e-02
3.137976646423339844e+00,-1.692909240722656250e+00,-1.092764884233474731e-01
3.213452100753784180e+00,-1.533551335334777832e+00,-1.298282295465469360e-01
3.277171373367309570e+00,-1.369336724281311035e+00,-1.491205096244812012e-01
3.309908151626586914e+00,-1.194415092468261719e+00,-1.563065499067306519e-01
3.311829328536987305e+00,-1.013025403022766113e+00,-1.518413871526718140e-01
3.309329509735107422e+00,-8.357443213462829590e-01,-1.455111801624298096e-01
3.316940069198608398e+00,-6.651123166084289551e-01,-1.440658420324325562e-01
3.328876018524169922e+00,-4.977373182773590088e-01,-1.458465158939361572e-01
3.339268445968627930e+00,-3.314959108829498291e-01,-1.471993029117584229e-01
3.344636440277099609e+00,-1.656078994274139404e-01,-1.498887091875076294e-01
3.349966526031494141e+00,5.857267524334019981e-07,-1.433808058500289917e-01
3.431031703948974609e+00,0.000000000000000000e+00,-5.597392842173576355e-02
3.430579900741577148e+00,1.698627769947052002e-01,-4.751534014940261841e-02
3.424340963363647461e+00,3.399411439895629883e-01,-4.817706346511840820e-02
3.412756919860839844e+00,5.102797150611877441e-01,-4.570062085986137390e-02
3.391513347625732422e+00,6.800665855407714844e-01,-4.277234524488449097e-02
3.357264280319213867e+00,8.478494882583618164e-01,-3.791237622499465942e-02
3.309096336364746094e+00,1.012189626693725586e+00,-3.215762600302696228e-02
3.251950502395629883e+00,1.173501014709472656e+00,-2.768099494278430939e-02
3.194626569747924805e+00,1.334845423698425293e+00,-2.494662255048751831e-02
3.139547348022460938e+00,1.498281836509704590e+00,-2.487998083233833313e-02
3.085927963256835938e+00,1.664829850196838379e+00,-2.512077987194061279e-02
3.031222343444824219e+00,1.834407210350036621e+00,-2.590864337980747223e-02
2.973076581954956055e+00,2.006554841995239258e+00,-2.558588050305843353e-02
2.910050630569458008e+00,2.180990457534790039e+00,-2.512986399233341217e-02
2.841402053833007812e+00,2.357724428176879883e+00,-2.440883032977581024e-02
2.767760992050170898e+00,2.537935733795166016e+00,-2.461701259016990662e-02
2.689573049545288086e+00,2.723046541213989258e+00,-2.653710357844829559e-02
2.604789495468139648e+00,2.912170410156250000e+00,-3.019977174699306488e-02
2.499047994613647461e+00,3.088670253753662109e+00,-3.366196900606155396e-02
2.357911109924316406e+00,3.228561162948608398e+00,-3.301783278584480286e-02
2.190676450729370117e+00,3.334087371826171875e+00,-2.983629330992698669e-02
2.015874385833740234e+00,3.426042556762695312e+00,-2.653304487466812134e-02
1.840855002403259277e+00,3.515580177307128906e+00,-2.483016625046730042e-02
1.666004061698913574e+00,3.605043172836303711e+00,-2.380502596497535706e-02
1.489837527275085449e+00,3.693321943283081055e+00,-2.312894351780414581e-02
1.310922622680664062e+00,3.778496026992797852e+00,-2.227191627025604248e-02
1.128637909889221191e+00,3.859837770462036133e+00,-2.150049991905689240e-02
9.426611661911010742e-01,3.937191009521484375e+00,-2.167461067438125610e-02
7.530847787857055664e-01,4.012482166290283203e+00,-2.335350029170513153e-02
5.595290660858154297e-01,4.087170124053955078e+00,-2.765447460114955902e-02
3.609236478805541992e-01,4.158285617828369141e+00,-3.372118249535560608e-02
1.560909748077392578e-01,4.204761028289794922e+00,-3.927699476480484009e-02
-5.194204673171043396e-02,4.199334144592285156e+00,-3.996012732386589050e-02
-2.570041716098785400e-01,4.150495529174804688e+00,-3.677731007337570190e-02
-4.569931328296661377e-01,4.088387966156005859e+00,-3.274917975068092346e-02
-6.528311967849731445e-01,4.025094509124755859e+00,-2.923225425183773041e-02
-8.453053832054138184e-01,3.960786104202270508e+00,-2.631219662725925446e-02
-1.034688830375671387e+00,3.893598318099975586e+00,-2.386235073208808899e-02
-1.220900774002075195e+00,3.821779489517211914e+00,-2.266792766749858856e-02
-1.404475569725036621e+00,3.746235609054565430e+00,-2.295703068375587463e-02
-1.586091637611389160e+00,3.667730808258056641e+00,-2.584603242576122284e-02
-1.767716526985168457e+00,3.589235782623291016e+00,-3.111359663307666779e-02
-1.950595259666442871e+00,3.510997772216796875e+00,-3.893984481692314148e-02
-2.132541656494140625e+00,3.427435874938964844e+00,-4.741375520825386047e-02
-2.299460649490356445e+00,3.317822456359863281e+00,-5.304576829075813293e-02
-2.430505752563476562e+00,3.160745859146118164e+00,-5.161272734403610229e-02
-2.531267642974853516e+00,2.974891424179077148e+00,-4.516648873686790466e-02
-2.622904777526855469e+00,2.790342330932617188e+00,-3.876233845949172974e-02
-2.711087226867675781e+00,2.612311840057373047e+00,-3.304575011134147644e-02
-2.795075416564941406e+00,2.438503026962280273e+00,-2.886858209967613220e-02
-2.873791694641113281e+00,2.266955614089965820e+00,-2.560665085911750793e-02
-2.946654081344604492e+00,2.096639633178710938e+00,-2.455802261829376221e-02
-3.015142440795898438e+00,1.928147196769714355e+00,-2.551081776618957520e-02
-3.080630064010620117e+00,1.761707901954650879e+00,-2.944211848080158234e-02
-3.146261692047119141e+00,1.598201870918273926e+00,-3.598568588495254517e-02
-3.213680505752563477e+00,1.437177538871765137e+00,-4.455590620636940002e-02
-3.280818462371826172e+00,1.276489734649658203e+00,-5.387512966990470886e-02
-3.337436914443969727e+00,1.111847639083862305e+00,-6.050969287753105164e-02
-3.372248888015747070e+00,9.409489035606384277e-01,-6.376142799854278564e-02
-3.391247272491455078e+00,7.677283883094787598e-01,-6.310020387172698975e-02
-3.406041145324707031e+00,5.957514047622680664e-01,-6.340833008289337158e-02
-3.417943716049194336e+00,4.249166846275329590e-01,-6.242334097623825073e-02
-3.425154447555541992e+00,2.546510696411132812e-01,-6.353895366191864014e-02
-3.429511070251464844e+00,8.485323190689086914e-02,-6.153783202171325684e-02
-3.431551456451416016e+00,-8.490350097417831421e-02,-5.031075701117515564e-02
-3.428078413009643555e+00,-2.548690736293792725e-01,-4.760377109050750732e-02
-3.419400930404663086e+00,-4.250976145267486572e-01,-4.742713645100593567e-02
-3.403644561767578125e+00,-5.953328609466552734e-01,-4.412878677248954773e-02
-3.376109361648559570e+00,-7.643011808395385742e-01,-4.079355672001838684e-02
-3.334830760955810547e+00,-9.305088520050048828e-01,-3.481673449277877808e-02
-3.281013965606689453e+00,-1.093050479888916016e+00,-2.986084483563899994e-02
-3.223003387451171875e+00,-1.253995060920715332e+00,-2.588813751935958862e-02
-3.166835546493530273e+00,-1.416228771209716797e+00,-2.478857897222042084e-02
-3.112667322158813477e+00,-1.581136822700500488e+00,-2.493287809193134308e-02
-3.058913230895996094e+00,-1.749289274215698242e+00,-2.554747089743614197e-02
-3.002660751342773438e+00,-1.920165061950683594e+00,-2.588532865047454834e-02
-2.942269563674926758e+00,-2.093519210815429688e+00,-2.532238885760307312e-02
-2.876390457153320312e+00,-2.269006490707397461e+00,-2.481419779360294342e-02
-2.805184125900268555e+00,-2.447321653366088867e+00,-2.426027692854404449e-02
-2.729194879531860352e+00,-2.629760742187500000e+00,-2.540767192840576172e-02
-2.648555278778076172e+00,-2.817629814147949219e+00,-2.812473662197589874e-02
-2.555835723876953125e+00,-3.003764629364013672e+00,-3.229933604598045349e-02
-2.432917594909667969e+00,-3.163883447647094727e+00,-3.385087847709655762e-02
-2.276232481002807617e+00,-3.284306526184082031e+00,-3.157478570938110352e-02
-2.103479862213134766e+00,-3.380727052688598633e+00,-2.805311605334281921e-02
-1.928301572799682617e+00,-3.470871210098266602e+00,-2.548855356872081757e-02
-1.753472447395324707e+00,-3.560315608978271484e+00,-2.430289797484874725e-02
-1.578204751014709473e+00,-3.649492263793945312e+00,-2.341486327350139618e-02
-1.400768160820007324e+00,-3.736344575881958008e+00,-2.277715317904949188e-02
-1.220235943794250488e+00,-3.819700002670288086e+00,-2.177481353282928467e-02
-1.036103010177612305e+00,-3.898921012878417969e+00,-2.148150838911533356e-02
-8.483322262763977051e-01,-3.974967479705810547e+00,-2.221131697297096252e-02
-6.568489670753479004e-01,-4.049871444702148438e+00,-2.520891837775707245e-02
-4.609643518924713135e-01,-4.123917579650878906e+00,-3.053510189056396484e-02
-2.592473924160003662e-01,-4.186717987060546875e+00,-3.686213865876197815e-02
-5.206353217363357544e-02,-4.209093570709228516e+00,-4.033756628632545471e-02
1.551099419593811035e-01,-4.178314208984375000e+00,-3.859878703951835632e-02
3.575839996337890625e-01,-4.119805812835693359e+00,-3.477794677019119263e-02
5.553755164146423340e-01,-4.056831836700439453e+00,-3.086586110293865204e-02
7.494513988494873047e-01,-3.993119478225708008e+00,-2.775812149047851562e-02
9.403994083404541016e-01,-3.927743196487426758e+00,-2.495098859071731567e-02
1.128164887428283691e+00,-3.858221054077148438e+00,-2.312099374830722809e-02
1.312986969947814941e+00,-3.784448385238647461e+00,-2.254203520715236664e-02
1.495436072349548340e+00,-3.707198381423950195e+00,-2.407490089535713196e-02
1.676769256591796875e+00,-3.628337144851684570e+00,-2.817332744598388672e-02
1.859014511108398438e+00,-3.550261735916137695e+00,-3.475220128893852234e-02
2.042141199111938477e+00,-3.470682859420776367e+00,-4.329603910446166992e-02
2.219413757324218750e+00,-3.377823591232299805e+00,-5.086610838770866394e-02
2.369979619979858398e+00,-3.245086193084716797e+00,-5.332804098725318909e-02
2.483159542083740234e+00,-3.069031476974487305e+00,-4.857577756047248840e-02
2.577488422393798828e+00,-2.881647109985351562e+00,-4.189600795507431030e-02
2.667505502700805664e+00,-2.700704336166381836e+00,-3.574368357658386230e-02
2.753626823425292969e+00,-2.524975776672363281e+00,-3.080571815371513367e-02
2.835203647613525391e+00,-2.352580070495605469e+00,-2.707752585411071777e-02
2.910859346389770508e+00,-2.181596517562866211e+00,-2.476086094975471497e-02
2.981385946273803711e+00,-2.012162923812866211e+00,-2.479804120957851410e-02
3.048091650009155273e+00,-1.844615101814270020e+00,-2.701387740671634674e-02
3.113244771957397461e+00,-1.679566740989685059e+00,-3.252112865447998047e-02
3.179762363433837891e+00,-1.517473578453063965e+00,-3.994975239038467407e-02
3.247676610946655273e+00,-1.357012510299682617e+00,-4.943164438009262085e-02
3.311403274536132812e+00,-1.194954633712768555e+00,-5.753612518310546875e-02
3.357643127441406250e+00,-1.027039051055908203e+00,-6.272362917661666870e-02
3.382812738418579102e+00,-8.543018698692321777e-01,-6.360518932342529297e-02
3.398866891860961914e+00,-6.815403103828430176e-01,-6.310708820819854736e-02
3.412533044815063477e+00,-5.102458000183105469e-01,-6.315670907497406006e-02
3.422098875045776367e+00,-3.397186398506164551e-01,-6.240692362189292908e-02
3.427518844604492188e+00,-1.697117835283279419e-01,-6.405311822891235352e-02
3.431032180786132812e+00,5.999007157697633374e-07,-5.597375333309173584e-02
3.431031465530395508e+00,0.000000000000000000e+00,5.597408860921859741e-02
3.427518606185913086e+00,1.697112023830413818e-01,6.405334174633026123e-02
3.422098875045776367e+00,3.397185802459716797e-01,6.240717321634292603e-02
3.412533044815063477e+00,5.102462768554687500e-01,6.315690279006958008e-02
3.398866653442382812e+00,6.815410852432250977e-01,6.310722231864929199e-02
3.382812500000000000e+00,8.543015122413635254e-01,6.360536068677902222e-02
3.357643127441406250e+00,1.027039170265197754e+00,6.272365152835845947e-02
3.311403036117553711e+00,1.194955110549926758e+00,5.753616988658905029e-02
3.247676849365234375e+00,1.357012033462524414e+00,4.943177476525306702e-02
3.179762601852416992e+00,1.517473816871643066e+00,3.994983434677124023e-02
3.113244533538818359e+00,1.679566979408264160e+00,3.252124786376953125e-02
3.048091650009155273e+00,1.844615936279296875e+00,2.701397240161895752e-02
2.981385707855224609e+00,2.012162685394287109e+00,2.479814365506172180e-02
2.910859346389770508e+00,2.181596755981445312e+00,2.476095035672187805e-02
2.835203409194946289e+00,2.352580785751342773e+00,2.707763388752937317e-02
2.753627061843872070e+00,2.524975299835205078e+00,3.080587275326251984e-02
2.667505502700805664e+00,2.700704336166381836e+00,3.574381396174430847e-02
2.577488183975219727e+00,2.881647348403930664e+00,4.189618676900863647e-02
2.483158588409423828e+00,3.069032192230224609e+00,4.857587441802024841e-02
2.369979619979858398e+00,3.245085954666137695e+00,5.332805216312408447e-02
2.219413757324218750e+00,3.377823829650878906e+00,5.086614564061164856e-02
2.042140722274780273e+00,3.470683097839355469e+00,4.329602792859077454e-02
1.859015226364135742e+00,3.550261497497558594e+00,3.475229069590568542e-02
1.676769018173217773e+00,3.628337144851684570e+00,2.817344665527343750e-02
1.495434999465942383e+00,3.707197904586791992e+00,2.407506108283996582e-02
1.312987446784973145e+00,3.784447669982910156e+00,2.254217118024826050e-02
1.128165245056152344e+00,3.858221292495727539e+00,2.312110923230648041e-02
9.403991699218750000e-01,3.927743196487426758e+00,2.495108917355537415e-02
7.494507431983947754e-01,3.993119716644287109e+00,2.775824069976806641e-02
5.553757548332214355e-01,4.056831359863281250e+00,3.086601942777633667e-02
3.575837612152099609e-01,4.119806289672851562e+00,3.477805107831954956e-02
1.551092118024826050e-01,4.178314208984375000e+00,3.859883919358253479e-02
-5.206276103854179382e-02,4.209093570709228516e+00,4.033750668168067932e-02
-2.592471241950988770e-01,4.186717987060546875e+00,3.686215728521347046e-02
-4.609645903110504150e-01,4.123917579650878906e+00,3.053517080843448639e-02
-6.568497419357299805e-01,4.049870967864990234e+00,2.520903199911117554e-02
-8.483319282531738281e-01,3.974967241287231445e+00,2.221151813864707947e-02
-1.036103367805480957e+00,3.898921489715576172e+00,2.148168720304965973e-02
-1.220236420631408691e+00,3.819699525833129883e+00,2.177492156624794006e-02
-1.400767207145690918e+00,3.736344337463378906e+00,2.277720533311367035e-02
-1.578204751014709473e+00,3.649492740631103516e+00,2.341498062014579773e-02
-1.753472805023193359e+00,3.560314655303955078e+00,2.430304139852523804e-02
-1.928302288055419922e+00,3.470871448516845703e+00,2.548866719007492065e-02
-2.103479623794555664e+00,3.380727052688598633e+00,2.805317379534244537e-02
-2.276232004165649414e+00,3.284306764602661133e+00,3.157484158873558044e-02
-2.432918310165405273e+00,3.163882970809936523e+00,3.385094180703163147e-02
-2.555835485458374023e+00,3.003764867782592773e+00,3.229945152997970581e-02
-2.648555278778076172e+00,2.817630290985107422e+00,2.812485769391059875e-02
-2.729195117950439453e+00,2.629760026931762695e+00,2.540778741240501404e-02
-2.805184125900268555e+00,2.447322368621826172e+00,2.426040172576904297e-02
-2.876390457153320312e+00,2.269005775451660156e+00,2.481433004140853882e-02
-2.942269802093505859e+00,2.093519926071166992e+00,2.532252669334411621e-02
-3.002660512924194336e+00,1.920165181159973145e+00,2.588541060686111450e-02
-3.058912992477416992e+00,1.749288558959960938e+00,2.554761245846748352e-02
-3.112667560577392578e+00,1.581137061119079590e+00,2.493295446038246155e-02
-3.166836023330688477e+00,1.416228294372558594e+00,2.478857710957527161e-02
-3.223003149032592773e+00,1.253995180130004883e+00,2.588818594813346863e-02
-3.281013965606689453e+00,1.093050718307495117e+00,2.986091561615467072e-02
-3.334830760955810547e+00,9.305082559585571289e-01,3.481690585613250732e-02
-3.376109361648559570e+00,7.643013596534729004e-01,4.079370573163032532e-02
-3.403645038604736328e+00,5.953323245048522949e-01,4.412896558642387390e-02
-3.419400691986083984e+00,4.250977933406829834e-01,4.742724820971488953e-02
-3.428078174591064453e+00,2.548684477806091309e-01,4.760391637682914734e-02
-3.431551456451416016e+00,8.490372449159622192e-02,5.031089857220649719e-02
-3.429511070251464844e+00,-8.485301584005355835e-02,6.153797730803489685e-02
-3.425154209136962891e+00,-2.546516656875610352e-01,6.353896856307983398e-02
-3.417944192886352539e+00,-4.249165058135986328e-01,6.242345646023750305e-02
-3.406040906906127930e+00,-5.957520604133605957e-01,6.340852379798889160e-02
-3.391247034072875977e+00,-7.677281498908996582e-01,6.310036778450012207e-02
-3.372248888015747070e+00,-9.409495592117309570e-01,6.376157701015472412e-02
-3.337436914443969727e+00,-1.111847519874572754e+00,6.050989031791687012e-02
-3.280818462371826172e+00,-1.276489496231079102e+00,5.387526750564575195e-02
-3.213680028915405273e+00,-1.437177896499633789e+00,4.455601051449775696e-02
-3.146261930465698242e+00,-1.598201870918273926e+00,3.598575294017791748e-02
-3.080630302429199219e+00,-1.761708617210388184e+00,2.944217063486576080e-02
-3.015142440795898438e+00,-1.928146958351135254e+00,2.551102638244628906e-02
-2.946654558181762695e+00,-2.096639394760131836e+00,2.455808222293853760e-02
-2.873790979385375977e+00,-2.266955852508544922e+00,2.560686133801937103e-02
-2.795075416564941406e+00,-2.438502788543701172e+00,2.886872924864292145e-02
-2.711086750030517578e+00,-2.612312555313110352e+00,3.304592147469520569e-02
-2.622904777526855469e+00,-2.790341854095458984e+00,3.876241296529769897e-02
-2.531267404556274414e+00,-2.974890708923339844e+00,4.516655951738357544e-02
-2.430505037307739258e+00,-3.160746097564697266e+00,5.161284655332565308e-02
-2.299460649490356445e+00,-3.317821979522705078e+00,5.304587259888648987e-02
-2.132541894912719727e+00,-3.427435636520385742e+00,4.741382598876953125e-02
-1.950594663619995117e+00,-3.510998010635375977e+00,3.893988206982612610e-02
-1.767716169357299805e+00,-3.589236736297607422e+00,3.111368976533412933e-02
-1.586091876029968262e+00,-3.667730808258056641e+00,2.584608085453510284e-02
-1.404476404190063477e+00,-3.746235847473144531e+00,2.295713499188423157e-02
-1.220900416374206543e+00,-3.821779966354370117e+00,2.266804873943328857e-02
-1.034688591957092285e+00,-3.893598318099975586e+00,2.386248111724853516e-02
-8.453055024147033691e-01,-3.960785388946533203e+00,2.631231583654880524e-02
-6.528304815292358398e-01,-4.025094985961914062e+00,2.923237532377243042e-02
-4.569929838180541992e-01,-4.088388442993164062e+00,3.274929150938987732e-02
-2.570044100284576416e-01,-4.150495052337646484e+00,3.677738085389137268e-02
-5.194281786680221558e-02,-4.199334144592285156e+00,3.996023163199424744e-02
1.560916900634765625e-01,-4.204760551452636719e+00,3.927704691886901855e-02
3.609238862991333008e-01,-4.158285617828369141e+00,3.372124210000038147e-02
5.595288276672363281e-01,-4.087170124053955078e+00,2.765464782714843750e-02
7.530854344367980957e-01,-4.012481689453125000e+00,2.335361577570438385e-02
9.426614046096801758e-01,-3.937191009521484375e+00,2.167476713657379150e-02
1.128637671470642090e+00,-3.859838008880615234e+00,2.150066755712032318e-02
1.310921907424926758e+00,-3.778496265411376953e+00,2.227200381457805634e-02
1.489838123321533203e+00,-3.693321228027343750e+00,2.312905900180339813e-02
1.666004419326782227e+00,-3.605043411254882812e+00,2.380512468516826630e-02
1.840854048728942871e+00,-3.515579938888549805e+00,2.483027614653110504e-02
2.015874862670898438e+00,-3.426042318344116211e+00,2.653314173221588135e-02
2.190676450729370117e+00,-3.334087133407592773e+00,2.983637340366840363e-02
2.357911109924316406e+00,-3.228561401367187500e+00,3.301796317100524902e-02
2.499048471450805664e+00,-3.088669300079345703e+00,3.366202116012573242e-02
2.604789495468139648e+00,-2.912169933319091797e+00,3.019990585744380951e-02
2.689572811126708984e+00,-2.723046302795410156e+00,2.653724141418933868e-02
2.767760753631591797e+00,-2.537935972213745117e+00,2.461715973913669586e-02
2.841402053833007812e+00,-2.357723474502563477e+00,2.440894395112991333e-02
2.910050153732299805e+00,-2.180989980697631836e+00,2.512994781136512756e-02
2.973076581954956055e+00,-2.006554841995239258e+00,2.558604814112186432e-02
3.031222581863403320e+00,-1.834406495094299316e+00,2.590873092412948608e-02
3.085928201675415039e+00,-1.664829611778259277e+00,2.512085810303688049e-02
3.139547348022460938e+00,-1.498281836509704590e+00,2.488010004162788391e-02
3.194626092910766602e+00,-1.334845900535583496e+00,2.494670264422893524e-02
3.251950502395629883e+00,-1.173500418663024902e+00,2.768104337155818939e-02
3.309096336364746094e+00,-1.012189388275146484e+00,3.215768188238143921e-02
3.357264518737792969e+00,-8.478499054908752441e-01,3.791246563196182251e-02
3.391513347625732422e+00,-6.800657510757446289e-01,4.277251288294792175e-02
3.412757158279418945e+00,-5.102793574333190918e-01,4.570075124502182007e-02
3.424340724945068359e+00,-3.399412035942077637e-01,4.817723110318183899e-02
3.430579423904418945e+00,-1.698633134365081787e-01,4.751556739211082458e-02
3.431031227111816406e+00,5.999005452395067550e-07,5.597418919205665588e-02
3.349966764450073242e+00,0.000000000000000000e+00,1.433809995651245117e-01
3.344636201858520508e+00,1.656073331832885742e-01,1.498888581991195679e-01
3.339268445968627930e+00,3.314958214759826660e-01,1.471995264291763306e-01
3.328875064849853516e+00,4.977376163005828857e-01,1.458466500043869019e-01
3.316939115524291992e+00,6.651129722595214844e-01,1.440659165382385254e-01
3.309329032897949219e+00,8.357439041137695312e-01,1.455112993717193604e-01
3.311829090118408203e+00,1.013025641441345215e+00,1.518413871526718140e-01
3.309908151626586914e+00,1.194415688514709473e+00,1.563066095113754272e-01
3.277171611785888672e+00,1.369336247444152832e+00,1.491206437349319458e-01
3.213452100753784180e+00,1.533551335334777832e+00,1.298283338546752930e-01
3.137976646423339844e+00,1.692909717559814453e+00,1.092765256762504578e-01
3.062076807022094727e+00,1.853079438209533691e+00,9.257049113512039185e-02
2.985977888107299805e+00,2.015261888504028320e+00,8.207391947507858276e-02
2.907996892929077148e+00,2.179451227188110352e+00,7.670267671346664429e-02
2.825227499008178711e+00,2.344303131103515625e+00,7.579711824655532837e-02
2.736936569213867188e+00,2.509670734405517578e+00,7.840781658887863159e-02
2.642526388168334961e+00,2.675414323806762695e+00,8.392400294542312622e-02
2.543412446975708008e+00,2.843550682067871094e+00,9.311734884977340698e-02
2.440875291824340820e+00,3.016772508621215820e+00,1.063612326979637146e-01
2.335711002349853516e+00,3.198163509368896484e+00,1.252422183752059937e-01
2.216251611709594727e+00,3.373011112213134766e+00,1.417061984539031982e-01
2.060477972030639648e+00,3.501847982406616211e+00,1.390203237533569336e-01
1.876717686653137207e+00,3.584069013595581055e+00,1.186334714293479919e-01
1.687880039215087891e+00,3.652380228042602539e+00,9.752295166254043579e-02
1.500634908676147461e+00,3.720088720321655273e+00,8.192492276430130005e-02
1.314299464225769043e+00,3.788229227066040039e+00,7.277084887027740479e-02
1.126990318298339844e+00,3.854202747344970703e+00,6.884123384952545166e-02
9.375677108764648438e-01,3.915917158126831055e+00,6.858076900243759155e-02
7.456422448158264160e-01,3.972827911376953125e+00,7.147673517465591431e-02
5.510890483856201172e-01,4.025518894195556641e+00,7.669346034526824951e-02
3.538020253181457520e-01,4.076235771179199219e+00,8.539005368947982788e-02
1.531646251678466797e-01,4.125931262969970703e+00,9.741426259279251099e-02
-5.157630145549774170e-02,4.169764995574951172e+00,1.117713078856468201e-01
-2.590786516666412354e-01,4.183997154235839844e+00,1.192162632942199707e-01
-4.634158909320831299e-01,4.145847320556640625e+00,1.115529239177703857e-01
-6.602540016174316406e-01,4.070860385894775391e+00,9.504716098308563232e-02
-8.508715629577636719e-01,3.986867189407348633e+00,8.072414249181747437e-02
-1.036852717399597168e+00,3.901741266250610352e+00,7.173962891101837158e-02
-1.218742012977600098e+00,3.815021514892578125e+00,6.694722920656204224e-02
-1.396464705467224121e+00,3.724867582321166992e+00,6.530752778053283691e-02
-1.570116400718688965e+00,3.630788803100585938e+00,6.525050848722457886e-02
-1.740260243415832520e+00,3.533487319946289062e+00,6.727948784828186035e-02
-1.907796859741210938e+00,3.433962345123291016e+00,7.137361913919448853e-02
-2.074036836624145508e+00,3.333406448364257812e+00,7.915160059928894043e-02
-2.239264965057373047e+00,3.230967998504638672e+00,9.073645621538162231e-02
-2.400128841400146484e+00,3.121242046356201172e+00,1.043118312954902649e-01
-2.543884515762329102e+00,2.989719629287719727e+00,1.127479374408721924e-01
-2.655778169631958008e+00,2.825314283370971680e+00,1.086694598197937012e-01
-2.739390134811401367e+00,2.639583826065063477e+00,9.672952443361282349e-02
-2.810223817825317383e+00,2.451719045639038086e+00,8.537544310092926025e-02
-2.874818563461303711e+00,2.267765760421752930e+00,7.825081050395965576e-02
-2.934142827987670898e+00,2.087737321853637695e+00,7.386782765388488770e-02
-2.987865209579467773e+00,1.910703778266906738e+00,7.178759574890136719e-02
-3.036335706710815430e+00,1.736377477645874023e+00,7.057736068964004517e-02
-3.080920934677124023e+00,1.565010786056518555e+00,7.079240679740905762e-02
-3.123304843902587891e+00,1.396760940551757812e+00,7.303684204816818237e-02
-3.165991067886352539e+00,1.231813073158264160e+00,7.847487181425094604e-02
-3.210254669189453125e+00,1.069477677345275879e+00,8.881272375583648682e-02
-3.255171060562133789e+00,9.082810282707214355e-01,1.020934581756591797e-01
-3.293799400329589844e+00,7.456676363945007324e-01,1.162070930004119873e-01
-3.321903228759765625e+00,5.810348391532897949e-01,1.257444918155670166e-01
-3.338731527328491211e+00,4.150690734386444092e-01,1.327048689126968384e-01
-3.348376512527465820e+00,2.489428371191024780e-01,1.349996328353881836e-01
-3.351711511611938477e+00,8.292831480503082275e-02,1.383624076843261719e-01
-3.347181558609008789e+00,-8.281602710485458374e-02,1.480558961629867554e-01
-3.342345476150512695e+00,-2.484950423240661621e-01,1.489167958498001099e-01
-3.334663867950439453e+00,-4.145631492137908936e-01,1.462687402963638306e-01
-3.322746992111206055e+00,-5.811830759048461914e-01,1.450581699609756470e-01
-3.312107801437377930e+00,-7.498121857643127441e-01,1.439726203680038452e-01
-3.309482574462890625e+00,-9.234360456466674805e-01,1.484065651893615723e-01
-3.313363313674926758e+00,-1.103827476501464844e+00,1.548826247453689575e-01
-3.298195838928222656e+00,-1.283250570297241211e+00,1.546594649553298950e-01
-3.248065948486328125e+00,-1.452555656433105469e+00,1.402937322854995728e-01
-3.176088809967041016e+00,-1.613353013992309570e+00,1.192409843206405640e-01
-3.099966287612915039e+00,-1.772766232490539551e+00,1.002589166164398193e-01
-3.024118423461914062e+00,-1.933887004852294922e+00,8.653256297111511230e-02
-2.947416782379150391e+00,-2.097181797027587891e+00,7.885609567165374756e-02
-2.867306470870971680e+00,-2.261840820312500000e+00,7.568569481372833252e-02
-2.781801939010620117e+00,-2.426922559738159180e+00,7.678347080945968628e-02
-2.690477848052978516e+00,-2.592454195022583008e+00,8.071932941675186157e-02
-2.593424558639526367e+00,-2.758979797363281250e+00,8.808393776416778564e-02
-2.492513179779052734e+00,-2.929344415664672852e+00,9.909266233444213867e-02
-2.388772726058959961e+00,-3.106475353240966797e+00,1.152140051126480103e-01
-2.279413461685180664e+00,-3.288896322250366211e+00,1.348930895328521729e-01
-2.143319845199584961e+00,-3.444758176803588867e+00,1.433616876602172852e-01
-1.970391631126403809e+00,-3.546631813049316406e+00,1.299252212047576904e-01
-1.782162308692932129e+00,-3.618568420410156250e+00,1.074625775218009949e-01
-1.594062566757202148e+00,-3.686162471771240234e+00,8.899284154176712036e-02
-1.407461166381835938e+00,-3.754197120666503906e+00,7.651598006486892700e-02
-1.220875024795532227e+00,-3.821700334548950195e+00,7.033504545688629150e-02
-1.032567858695983887e+00,-3.885617733001708984e+00,6.823167949914932251e-02
-8.419386744499206543e-01,-3.945009708404541016e+00,6.975299865007400513e-02
-6.486868858337402344e-01,-3.999547004699707031e+00,7.370979338884353638e-02
-4.528176188468933105e-01,-4.051034450531005859e+00,8.060936629772186279e-02
-2.539533078670501709e-01,-4.101221084594726562e+00,9.096030890941619873e-02
-5.132712796330451965e-02,-4.149558544158935547e+00,1.046440377831459045e-01
1.552705913782119751e-01,-4.182641983032226562e+00,1.171652525663375854e-01
3.620662987232208252e-01,-4.171447753906250000e+00,1.171948313713073730e-01
5.627694725990295410e-01,-4.110842227935791016e+00,1.036228686571121216e-01
7.562006115913391113e-01,-4.029079914093017578e+00,8.718832582235336304e-02
9.443984627723693848e-01,-3.944446086883544922e+00,7.565890252590179443e-02
1.128296017646789551e+00,-3.858669519424438477e+00,6.884319335222244263e-02
1.308138251304626465e+00,-3.770473003387451172e+00,6.587675213813781738e-02
1.483765125274658203e+00,-3.678266048431396484e+00,6.506399065256118774e-02
1.655591249465942383e+00,-3.582510471343994141e+00,6.600470840930938721e-02
1.824266314506530762e+00,-3.483901500701904297e+00,6.900814175605773926e-02
1.991026043891906738e+00,-3.383810997009277344e+00,7.471029460430145264e-02
2.156831741333007812e+00,-3.282577276229858398e+00,8.455303311347961426e-02
2.320781946182250977e+00,-3.177722454071044922e+00,9.751980006694793701e-02
2.475282192230224609e+00,-3.059295415878295898e+00,1.098627597093582153e-01
2.604161262512207031e+00,-2.911467552185058594e+00,1.122353747487068176e-01
2.700094938278198242e+00,-2.733699083328247070e+00,1.031028777360916138e-01
2.775727748870849609e+00,-2.545241594314575195e+00,9.058102965354919434e-02
2.843219518661499023e+00,-2.359231710433959961e+00,8.134360611438751221e-02
2.905118942260742188e+00,-2.177294015884399414e+00,7.577856630086898804e-02
2.961750745773315430e+00,-1.998911023139953613e+00,7.258833199739456177e-02
3.012649536132812500e+00,-1.823166489601135254e+00,7.114206999540328979e-02
3.059060573577880859e+00,-1.650334835052490234e+00,7.038246840238571167e-02
3.102197885513305664e+00,-1.480457663536071777e+00,7.170729339122772217e-02
3.144531726837158203e+00,-1.313914418220520020e+00,7.512103021144866943e-02
3.187845945358276367e+00,-1.150367617607116699e+00,8.317096531391143799e-02
3.232987642288208008e+00,-9.889092445373535156e-01,9.511732310056686401e-02
3.275683403015136719e+00,-8.272472023963928223e-01,1.094378456473350525e-01
3.309252738952636719e+00,-6.635708212852478027e-01,1.215791404247283936e-01
3.331617116928100586e+00,-4.981471896171569824e-01,1.294548213481903076e-01
3.344110250473022461e+00,-3.319765627384185791e-01,1.346070468425750732e-01
3.351188659667968750e+00,-1.659323275089263916e-01,1.355542391538619995e-01
3.349967002868652344e+00,5.857268092768208589e-07,1.433810889720916748e-01
3.256962060928344727e+00,0.000000000000000000e+00,1.956218183040618896e-01
3.251956701278686523e+00,1.610183715820312500e-01,2.006506025791168213e-01
3.246900558471679688e+00,3.223263025283813477e-01,1.967063993215560913e-01
3.237051248550415039e+00,4.840079843997955322e-01,1.929685324430465698e-01
3.224169969558715820e+00,6.465108990669250488e-01,1.876221448183059692e-01
3.212409496307373047e+00,8.112676143646240234e-01,1.851610839366912842e-01
3.208866596221923828e+00,9.815312623977661133e-01,1.904430538415908813e-01
3.217654466629028320e+00,1.161124944686889648e+00,2.065227776765823364e-01
3.226639032363891602e+00,1.348221540451049805e+00,2.266469597816467285e-01
3.206056833267211914e+00,1.530022144317626953e+00,2.282325029373168945e-01
3.146093130111694336e+00,1.697288513183593750e+00,2.056335359811782837e-01
3.067628622055053711e+00,1.856439232826232910e+00,1.750528663396835327e-01
2.984748125076293945e+00,2.014431953430175781e+00,1.503069549798965454e-01
2.899906396865844727e+00,2.173387765884399414e+00,1.335552483797073364e-01
2.811633586883544922e+00,2.333023309707641602e+00,1.246840208768844604e-01
2.717679500579833984e+00,2.492012739181518555e+00,1.212949454784393311e-01
2.617784976959228516e+00,2.650364875793457031e+00,1.229346096515655518e-01
2.511344432830810547e+00,2.807698249816894531e+00,1.289205998182296753e-01
2.399920463562011719e+00,2.966154813766479492e+00,1.403788477182388306e-01
2.284633874893188477e+00,3.128226518630981445e+00,1.595927178859710693e-01
2.167292118072509766e+00,3.298497676849365234e+00,1.893209069967269897e-01
2.040407180786132812e+00,3.467736721038818359e+00,2.220388799905776978e-01
1.882336974143981934e+00,3.594800472259521484e+00,2.242631465196609497e-01
1.696271181106567383e+00,3.670537948608398438e+00,1.928667277097702026e-01
1.504713296890258789e+00,3.730199098587036133e+00,1.585449725389480591e-01
1.314482092857360840e+00,3.788755893707275391e+00,1.340787708759307861e-01
1.124773621559143066e+00,3.846621990203857422e+00,1.197645440697669983e-01
9.340604543685913086e-01,3.901268482208251953e+00,1.129930391907691956e-01
7.414333224296569824e-01,3.950402259826660156e+00,1.116932407021522522e-01
5.468370318412780762e-01,3.994459390640258789e+00,1.150083318352699280e-01
3.500761687755584717e-01,4.033309459686279297e+00,1.229389309883117676e-01
1.510801464319229126e-01,4.069779872894287109e+00,1.368662714958190918e-01
-5.076390132308006287e-02,4.104085445404052734e+00,1.577823460102081299e-01
-2.558485865592956543e-01,4.131833553314208984e+00,1.826707869768142700e-01
-4.615432620048522949e-01,4.129094600677490234e+00,1.951872110366821289e-01
-6.612217426300048828e-01,4.076827526092529297e+00,1.816830188035964966e-01
-8.520796298980712891e-01,3.992527723312377930e+00,1.547110527753829956e-01
-1.036500692367553711e+00,3.900416374206542969e+00,1.318597197532653809e-01
-1.216119408607482910e+00,3.806812047958374023e+00,1.167912855744361877e-01
-1.391120314598083496e+00,3.710612297058105469e+00,1.082715317606925964e-01
-1.561543107032775879e+00,3.610963821411132812e+00,1.039953604340553284e-01
-1.727351069450378418e+00,3.507276058197021484e+00,1.033718958497047424e-01
-1.889220833778381348e+00,3.400526285171508789e+00,1.064026206731796265e-01
-2.047618389129638672e+00,3.290946483612060547e+00,1.141361221671104431e-01
-2.203550100326538086e+00,3.179435968399047852e+00,1.278174817562103271e-01
-2.356788635253906250e+00,3.064880609512329102e+00,1.474428623914718628e-01
-2.503618240356445312e+00,2.942396402359008789e+00,1.691476255655288696e-01
-2.632552385330200195e+00,2.800605773925781250e+00,1.811489164829254150e-01
-2.731729984283447266e+00,2.632202625274658203e+00,1.742025613784790039e-01
-2.805860280990600586e+00,2.447912216186523438e+00,1.550154238939285278e-01
-2.867168188095092773e+00,2.261730909347534180e+00,1.369630247354507446e-01
-2.921710491180419922e+00,2.078891277313232422e+00,1.238204985857009888e-01
-2.970055818557739258e+00,1.899314880371093750e+00,1.154185831546783447e-01
-3.012832641601562500e+00,1.722936868667602539e+00,1.101437732577323914e-01
-3.050478219985961914e+00,1.549546837806701660e+00,1.077329143881797791e-01
-3.084481239318847656e+00,1.379398822784423828e+00,1.086979284882545471e-01
-3.116628408432006836e+00,1.212607264518737793e+00,1.139853671193122864e-01
-3.148642301559448242e+00,1.048951864242553711e+00,1.255164146423339844e-01
-3.181477069854736328e+00,8.877183794975280762e-01,1.418618410825729370e-01
-3.210791587829589844e+00,7.268759012222290039e-01,1.599855124950408936e-01
-3.233432769775390625e+00,5.655604600906372070e-01,1.734956055879592896e-01
-3.247423171997070312e+00,4.037176668643951416e-01,1.830878704786300659e-01
-3.256088018417358398e+00,2.420814335346221924e-01,1.873817890882492065e-01
-3.258790493011474609e+00,8.062925189733505249e-02,1.912444978952407837e-01
-3.254319667816162109e+00,-8.051843196153640747e-02,1.994878500699996948e-01
-3.249795436859130859e+00,-2.416141778230667114e-01,1.991173177957534790e-01
-3.242609977722167969e+00,-4.031190872192382812e-01,1.947614699602127075e-01
-3.230756282806396484e+00,-5.650929212570190430e-01,1.905069798231124878e-01
-3.217778921127319336e+00,-7.284575104713439941e-01,1.855287700891494751e-01
-3.209140777587890625e+00,-8.954379558563232422e-01,1.867223829030990601e-01
-3.211932897567749023e+00,-1.070036530494689941e+00,1.969902515411376953e-01
-3.223839998245239258e+00,-1.254320502281188965e+00,2.174676656723022461e-01
-3.221662998199462891e+00,-1.440747976303100586e+00,2.308150380849838257e-01
-3.179963350296020508e+00,-1.615321159362792969e+00,2.192015945911407471e-01
-3.107852697372436523e+00,-1.777276277542114258e+00,1.901443004608154297e-01
-3.026482343673706055e+00,-1.935398697853088379e+00,1.616680324077606201e-01
-2.942574977874755859e+00,-2.093736648559570312e+00,1.409173756837844849e-01
-2.856402158737182617e+00,-2.253238916397094727e+00,1.282455325126647949e-01
-2.765383481979370117e+00,-2.412598609924316406e+00,1.224186643958091736e-01
-2.668531656265258789e+00,-2.571307659149169922e+00,1.214633658528327942e-01
-2.565336227416992188e+00,-2.729098558425903320e+00,1.254484206438064575e-01
-2.456138372421264648e+00,-2.886594772338867188e+00,1.337404251098632812e-01
-2.342694759368896484e+00,-3.046553611755371094e+00,1.489576995372772217e-01
-2.226171016693115234e+00,-3.212074518203735352e+00,1.729090362787246704e-01
-2.106431007385253906e+00,-3.385469913482666016e+00,2.071871310472488403e-01
-1.966036438941955566e+00,-3.538792610168457031e+00,2.285981029272079468e-01
-1.791244029998779297e+00,-3.637008428573608398e+00,2.108226418495178223e-01
-1.600338459014892578e+00,-3.700675010681152344e+00,1.746937334537506104e-01
-1.409485936164855957e+00,-3.759598016738891602e+00,1.449947804212570190e-01
-1.219625592231750488e+00,-3.817789554595947266e+00,1.257552802562713623e-01
-1.029653310775756836e+00,-3.874650239944458008e+00,1.156359761953353882e-01
-8.379737138748168945e-01,-3.926431417465209961e+00,1.116999983787536621e-01
-6.444075703620910645e-01,-3.973162651062011719e+00,1.128321290016174316e-01
-4.487162828445434570e-01,-4.014342784881591797e+00,1.183051466941833496e-01
-2.508922517299652100e-01,-4.051786422729492188e+00,1.290881186723709106e-01
-5.055594071745872498e-02,-4.087211608886718750e+00,1.464146375656127930e-01
1.529361456632614136e-01,-4.119757175445556641e+00,1.704237610101699829e-01
3.590111434459686279e-01,-4.136248588562011719e+00,1.918268203735351562e-01
5.624881386756896973e-01,-4.108787536621093750e+00,1.914826780557632446e-01
7.576506733894348145e-01,-4.036805629730224609e+00,1.684606373310089111e-01
9.449321627616882324e-01,-3.946675062179565430e+00,1.422978192567825317e-01
1.126894235610961914e+00,-3.853875398635864258e+00,1.233973726630210876e-01
1.304183602333068848e+00,-3.759074449539184570e+00,1.118587180972099304e-01
1.476921916007995605e+00,-3.661301851272583008e+00,1.056941002607345581e-01
1.644988894462585449e+00,-3.559568166732788086e+00,1.032162085175514221e-01
1.808747887611389160e+00,-3.454265117645263672e+00,1.044155657291412354e-01
1.968804240226745605e+00,-3.346044301986694336e+00,1.095629036426544189e-01
2.125840187072753906e+00,-3.235409498214721680e+00,1.202171891927719116e-01
2.280626296997070312e+00,-3.122739553451538086e+00,1.369459331035614014e-01
2.431490421295166016e+00,-3.005171537399291992e+00,1.586285233497619629e-01
2.571326017379760742e+00,-2.874757766723632812e+00,1.772116124629974365e-01
2.685983180999755859e+00,-2.719411849975585938e+00,1.800418198108673096e-01
2.771098136901855469e+00,-2.540996313095092773e+00,1.651673614978790283e-01
2.837548494338989258e+00,-2.354525804519653320e+00,1.453841179609298706e-01
2.895198106765747070e+00,-2.169858932495117188e+00,1.297895908355712891e-01
2.946647167205810547e+00,-1.988717555999755859e+00,1.190792322158813477e-01
2.992092132568359375e+00,-1.810725927352905273e+00,1.125019490718841553e-01
3.032264232635498047e+00,-1.635878443717956543e+00,1.084901839494705200e-01
3.067776203155517578e+00,-1.464030623435974121e+00,1.078278645873069763e-01
3.100738763809204102e+00,-1.295615911483764648e+00,1.105972602963447571e-01
3.132461786270141602e+00,-1.130381703376770020e+00,1.190362498164176941e-01
3.165169239044189453e+00,-9.681649208068847656e-01,1.331695169210433960e-01
3.196823596954345703e+00,-8.073318600654602051e-01,1.511408835649490356e-01
3.223120212554931641e+00,-6.462995409965515137e-01,1.674525737762451172e-01
3.241431951522827148e+00,-4.846625924110412598e-01,1.786845177412033081e-01
3.252185344696044922e+00,-3.228510022163391113e-01,1.860347837209701538e-01
3.258558273315429688e+00,-1.613457798957824707e-01,1.885134428739547729e-01
3.256962299346923828e+00,5.694653850696340669e-07,1.956217736005783081e-01
3.174356698989868164e+00,0.000000000000000000e+00,2.256873399019241333e-01
3.170325040817260742e+00,1.569764316082000732e-01,2.294892221689224243e-01
3.166454315185546875e+00,3.143402338027954102e-01,2.248028069734573364e-01
3.158102273941040039e+00,4.722034335136413574e-01,2.188279032707214355e-01
3.146573543548583984e+00,6.309512257575988770e-01,2.101387232542037964e-01
3.133084774017333984e+00,7.912347912788391113e-01,2.018454372882843018e-01
3.122042894363403320e+00,9.549735784530639648e-01,1.992267817258834839e-01
3.117984533309936523e+00,1.125157952308654785e+00,2.084597796201705933e-01
3.121473073959350586e+00,1.304278969764709473e+00,2.337885797023773193e-01
3.125609397888183594e+00,1.491630315780639648e+00,2.688934206962585449e-01
3.106351375579833984e+00,1.675848126411437988e+00,2.862263619899749756e-01
3.050100803375244141e+00,1.845831871032714844e+00,2.666985094547271729e-01
2.970910072326660156e+00,2.005092620849609375e+00,2.303644120693206787e-01
2.884072303771972656e+00,2.161520481109619141e+00,1.982870697975158691e-01
2.792406082153320312e+00,2.317068815231323242e+00,1.759112924337387085e-01
2.695713996887207031e+00,2.471871376037597656e+00,1.628575623035430908e-01
2.592414617538452148e+00,2.624678850173950195e+00,1.564940959215164185e-01
2.482342481613159180e+00,2.775273799896240234e+00,1.563113927841186523e-01
2.365532159805297852e+00,2.923652887344360352e+00,1.615082472562789917e-01
2.242810010910034180e+00,3.070959568023681641e+00,1.740189939737319946e-01
2.115785360336303711e+00,3.220107316970825195e+00,1.969695091247558594e-01
1.985369205474853516e+00,3.374197959899902344e+00,2.350096851587295532e-01
1.848605990409851074e+00,3.530382633209228516e+00,2.835384905338287354e-01
1.688549876213073730e+00,3.653829813003540039e+00,2.979672849178314209e-01
1.503572106361389160e+00,3.727370262145996094e+00,2.600933015346527100e-01
1.312024354934692383e+00,3.781671762466430664e+00,2.139596492052078247e-01
1.120796322822570801e+00,3.833020210266113281e+00,1.813613176345825195e-01
9.292787909507751465e-01,3.881297111511230469e+00,1.615602374076843262e-01
7.366322278976440430e-01,3.924821853637695312e+00,1.520139425992965698e-01
5.423420667648315430e-01,3.961625099182128906e+00,1.488913744688034058e-01
3.465092182159423828e-01,3.992213726043701172e+00,1.526971310377120972e-01
1.491066962480545044e-01,4.016619205474853516e+00,1.625542491674423218e-01
-4.993525892496109009e-02,4.037092685699462891e+00,1.818753480911254883e-01
-2.510256171226501465e-01,4.053944587707519531e+00,2.111515849828720093e-01
-4.542004466056823730e-01,4.063403606414794922e+00,2.470424026250839233e-01
-6.559453010559082031e-01,4.044294834136962891e+00,2.646350264549255371e-01
-8.495372533798217773e-01,3.980615139007568359e+00,2.443852126598358154e-01
-1.033721804618835449e+00,3.889959335327148438e+00,2.071169912815093994e-01
-1.211481213569641113e+00,3.792293310165405273e+00,1.759493052959442139e-01
-1.384069204330444336e+00,3.691804647445678711e+00,1.553559154272079468e-01
-1.551630854606628418e+00,3.588042497634887695e+00,1.427397727966308594e-01
-1.714039087295532227e+00,3.480247020721435547e+00,1.364307850599288940e-01
-1.871381878852844238e+00,3.368416786193847656e+00,1.351483166217803955e-01
-2.023894309997558594e+00,3.252817153930664062e+00,1.397602409124374390e-01
-2.171917676925659180e+00,3.133794546127319336e+00,1.509864777326583862e-01
-2.315815448760986328e+00,3.011596918106079102e+00,1.701754629611968994e-01
-2.455061912536621094e+00,2.885330200195312500e+00,1.967715322971343994e-01
-2.586085557937622070e+00,2.751172780990600586e+00,2.244797945022583008e-01
-2.698927402496337891e+00,2.600595235824584961e+00,2.382572591304779053e-01
-2.785262346267700195e+00,2.429941892623901367e+00,2.267859578132629395e-01
-2.849918127059936523e+00,2.248123168945312500e+00,2.015589922666549683e-01
-2.902776718139648438e+00,2.065419435501098633e+00,1.773182451725006104e-01
-2.947997331619262695e+00,1.885208725929260254e+00,1.595420837402343750e-01
-2.986847877502441406e+00,1.708076953887939453e+00,1.472619026899337769e-01
-3.019880056381225586e+00,1.534003973007202148e+00,1.398176103830337524e-01
-3.048094034194946289e+00,1.363126158714294434e+00,1.370591968297958374e-01
-3.072959661483764648e+00,1.195616722106933594e+00,1.397062391042709351e-01
-3.096143722534179688e+00,1.031462311744689941e+00,1.496536880731582642e-01
-3.119201660156250000e+00,8.703418374061584473e-01,1.659151613712310791e-01
-3.140113353729248047e+00,7.108753323554992676e-01,1.854044198989868164e-01
-3.156551122665405273e+00,5.521130561828613281e-01,2.006799727678298950e-01
-3.167137622833251953e+00,3.937366008758544922e-01,2.119342684745788574e-01
-3.173716783523559570e+00,2.359573543071746826e-01,2.173977792263031006e-01
-3.175796508789062500e+00,7.857581228017807007e-02,2.217187285423278809e-01
-3.172212123870849609e+00,-7.848692685365676880e-02,2.288772016763687134e-01
-3.168696403503417969e+00,-2.355846613645553589e-01,2.276379466056823730e-01
-3.162885427474975586e+00,-3.932077884674072266e-01,2.219595760107040405e-01
-3.152601957321166992e+00,-5.514229536056518555e-01,2.148280888795852661e-01
-3.139959573745727539e+00,-7.108403444290161133e-01,2.055667489767074585e-01
-3.126823425292968750e+00,-8.724691271781921387e-01,1.994994431734085083e-01
-3.119092464447021484e+00,-1.039107322692871094e+00,2.019552290439605713e-01
-3.118814468383789062e+00,-1.213457465171813965e+00,2.191127091646194458e-01
-3.124696016311645508e+00,-1.397383809089660645e+00,2.513555586338043213e-01
-3.120474100112915039e+00,-1.585102438926696777e+00,2.819001972675323486e-01
-3.082420110702514648e+00,-1.762732148170471191e+00,2.804723381996154785e-01
-3.012082815170288086e+00,-1.926190257072448730e+00,2.488311678171157837e-01
-2.928092956542968750e+00,-2.083432197570800781e+00,2.132552415132522583e-01
-2.838847398757934570e+00,-2.239391088485717773e+00,1.857992410659790039e-01
-2.744757175445556641e+00,-2.394603729248046875e+00,1.684124171733856201e-01
-2.644967079162597656e+00,-2.548601627349853516e+00,1.589048206806182861e-01
-2.538176059722900391e+00,-2.700204610824584961e+00,1.556668132543563843e-01
-2.424811840057373047e+00,-2.849778175354003906e+00,1.582361906766891479e-01
-2.304747819900512695e+00,-2.997205257415771484e+00,1.665921509265899658e-01
-2.179832696914672852e+00,-3.145214319229125977e+00,1.840502172708511353e-01
-2.050873279571533203e+00,-3.296177387237548828e+00,2.136442214250564575e-01
-1.918661475181579590e+00,-3.453519582748413086e+00,2.599658370018005371e-01
-1.772403597831726074e+00,-3.598754167556762695e+00,2.981209158897399902e-01
-1.598029494285583496e+00,-3.695335388183593750e+00,2.833095192909240723e-01
-1.407802343368530273e+00,-3.755107164382934570e+00,2.355545312166213989e-01
-1.216409444808959961e+00,-3.807721853256225586e+00,1.960580945014953613e-01
-1.025107502937316895e+00,-3.857543945312500000e+00,1.698369681835174561e-01
-8.331627845764160156e-01,-3.903888940811157227e+00,1.559200137853622437e-01
-6.396765112876892090e-01,-3.943992614746093750e+00,1.495668590068817139e-01
-4.446261823177337646e-01,-3.977751731872558594e+00,1.500605791807174683e-01
-2.479978203773498535e-01,-4.005043029785156250e+00,1.566810756921768188e-01
-4.981476813554763794e-02,-4.027291297912597656e+00,1.709279119968414307e-01
1.501972228288650513e-01,-4.045977115631103516e+00,1.952495425939559937e-01
3.524326980113983154e-01,-4.060456752777099609e+00,2.291963100433349609e-01
5.556955933570861816e-01,-4.059169769287109375e+00,2.602850198745727539e-01
7.540350556373596191e-01,-4.017541408538818359e+00,2.586302459239959717e-01
9.426115751266479492e-01,-3.936982631683349609e+00,2.259599268436431885e-01
1.123274087905883789e+00,-3.841494798660278320e+00,1.901537925004959106e-01
1.298403620719909668e+00,-3.742414474487304688e+00,1.644851863384246826e-01
1.468483567237854004e+00,-3.640383005142211914e+00,1.481755524873733521e-01
1.633485198020935059e+00,-3.534675359725952148e+00,1.389004290103912354e-01
1.793325781822204590e+00,-3.424812555313110352e+00,1.351560056209564209e-01
1.948230743408203125e+00,-3.311079025268554688e+00,1.366406381130218506e-01
2.098431110382080078e+00,-3.193694591522216797e+00,1.445044875144958496e-01
2.244386434555053711e+00,-3.073118209838867188e+00,1.594919860363006592e-01
2.386118173599243164e+00,-2.949094295501708984e+00,1.827962547540664673e-01
2.522083520889282227e+00,-2.819704294204711914e+00,2.111883312463760376e-01
2.645537376403808594e+00,-2.678462505340576172e+00,2.342886477708816528e-01
2.745425701141357422e+00,-2.517455577850341797e+00,2.354049384593963623e-01
2.819597005844116211e+00,-2.339630365371704102e+00,2.147399634122848511e-01
2.877423524856567383e+00,-2.156537294387817383e+00,1.887874305248260498e-01
2.926247596740722656e+00,-1.974949717521667480e+00,1.675834059715270996e-01
2.968167781829833984e+00,-1.796247601509094238e+00,1.528438627719879150e-01
3.004058361053466797e+00,-1.620661616325378418e+00,1.428849250078201294e-01
3.034478187561035156e+00,-1.448139905929565430e+00,1.379175037145614624e-01
3.060873746871948242e+00,-1.278958678245544434e+00,1.375011950731277466e-01
3.084602832794189453e+00,-1.113111257553100586e+00,1.438262760639190674e-01
3.107747554779052734e+00,-9.506007432937622070e-01,1.570351421833038330e-01
3.130104541778564453e+00,-7.904824614524841309e-01,1.757717579603195190e-01
3.149010658264160156e+00,-6.314391493797302246e-01,1.937370449304580688e-01
3.162549018859863281e+00,-4.728679358959197998e-01,2.067530155181884766e-01
3.170771360397338867e+00,-3.147688508033752441e-01,2.155160009860992432e-01
3.175595760345458984e+00,-1.572379320859909058e-01,2.189267575740814209e-01
3.174356698989868164e+00,5.550221544581290800e-07,2.256873250007629395e-01
3.101600885391235352e+00,0.000000000000000000e+00,2.421796172857284546e-01
3.099070310592651367e+00,1.534483134746551514e-01,2.454727888107299805e-01
3.096357583999633789e+00,3.073815703392028809e-01,2.400441020727157593e-01
3.090462684631347656e+00,4.620898663997650146e-01,2.327617406845092773e-01
3.081658124923706055e+00,6.179344058036804199e-01,2.214138954877853394e-01
3.070136070251464844e+00,7.753376364707946777e-01,2.084587961435317993e-01
3.057932138442993164e+00,9.353633522987365723e-01,1.987292617559432983e-01
3.047124862670898438e+00,1.099587440490722656e+00,1.982892155647277832e-01
3.038121938705444336e+00,1.269451498985290527e+00,2.128143459558486938e-01
3.029716014862060547e+00,1.445867180824279785e+00,2.436849176883697510e-01
3.018090248107910156e+00,1.628232121467590332e+00,2.889017164707183838e-01
2.989897012710571289e+00,1.809398293495178223e+00,3.196061849594116211e-01
2.932949542999267578e+00,1.979472637176513672e+00,3.079749047756195068e-01
2.854254961013793945e+00,2.139173269271850586e+00,2.691763937473297119e-01
2.765078783035278320e+00,2.294393301010131836e+00,2.320651859045028687e-01
2.668707132339477539e+00,2.447107076644897461e+00,2.049404084682464600e-01
2.565302610397338867e+00,2.597229480743408203e+00,1.879869103431701660e-01
2.454264640808105469e+00,2.743882656097412109e+00,1.788207143545150757e-01
2.335642576217651367e+00,2.886711359024047852e+00,1.760703325271606445e-01
2.209800243377685547e+00,3.025760889053344727e+00,1.803329885005950928e-01
2.077391624450683594e+00,3.161674022674560547e+00,1.923910528421401978e-01
1.939608931541442871e+00,3.296426773071289062e+00,2.177790850400924683e-01
1.797036647796630859e+00,3.431897878646850586e+00,2.606720626354217529e-01
1.648502469062805176e+00,3.567171812057495117e+00,3.205413818359375000e-01
1.484711289405822754e+00,3.680613994598388672e+00,3.499286770820617676e-01
1.302418947219848633e+00,3.753985643386840820e+00,3.134252130985260010e-01
1.112979412078857422e+00,3.806287050247192383e+00,2.584545016288757324e-01
9.223862886428833008e-01,3.852509260177612305e+00,2.190622687339782715e-01
7.305592298507690430e-01,3.892464637756347656e+00,1.944200247526168823e-01
5.374174118041992188e-01,3.925652027130126953e+00,1.817628890275955200e-01
3.428808748722076416e-01,3.950410842895507812e+00,1.769368201494216919e-01
1.472851932048797607e-01,3.967551946640014648e+00,1.803881227970123291e-01
-4.918948188424110413e-02,3.976799011230468750e+00,1.919706463813781738e-01
-2.464388161897659302e-01,3.979869842529296875e+00,2.152959555387496948e-01
-4.445486962795257568e-01,3.977056503295898438e+00,2.523328661918640137e-01
-6.431986689567565918e-01,3.965704441070556641e+00,2.986668944358825684e-01
-8.387920856475830078e-01,3.930267095565795898e+00,3.220209181308746338e-01
-1.025407433509826660e+00,3.858672142028808594e+00,2.959144115447998047e-01
-1.202846646308898926e+00,3.765264272689819336e+00,2.488130778074264526e-01
-1.373855471611022949e+00,3.664561033248901367e+00,2.105216681957244873e-01
-1.539293766021728516e+00,3.559513807296752930e+00,1.846028268337249756e-01
-1.699108481407165527e+00,3.449931383132934570e+00,1.689076423645019531e-01
-1.853170156478881836e+00,3.335636377334594727e+00,1.606976091861724854e-01
-2.001351833343505859e+00,3.216586589813232422e+00,1.596571803092956543e-01
-2.143588542938232422e+00,3.092919111251831055e+00,1.659454256296157837e-01
-2.279815912246704102e+00,2.964781522750854492e+00,1.806326508522033691e-01
-2.409953832626342773e+00,2.832316398620605469e+00,2.047487646341323853e-01
-2.533400535583496094e+00,2.695124387741088867e+00,2.370434999465942383e-01
-2.646879911422729492e+00,2.550443887710571289e+00,2.692591249942779541e-01
-2.743229389190673828e+00,2.393271207809448242e+00,2.822472751140594482e-01
-2.817214250564575195e+00,2.222325325012207031e+00,2.659073770046234131e-01
-2.873566150665283203e+00,2.044635057449340820e+00,2.346749454736709595e-01
-2.918882131576538086e+00,1.866590023040771484e+00,2.059317231178283691e-01
-2.956294775009155273e+00,1.690604686737060547e+00,1.841756254434585571e-01
-2.986943960189819336e+00,1.517273426055908203e+00,1.695441305637359619e-01
-3.011705398559570312e+00,1.346852898597717285e+00,1.611904203891754150e-01
-3.031956672668457031e+00,1.179663419723510742e+00,1.597013324499130249e-01
-3.049067497253417969e+00,1.015779137611389160e+00,1.663886308670043945e-01
-3.064952135086059570e+00,8.552047610282897949e-01,1.810863167047500610e-01
-3.078796625137329102e+00,6.969941258430480957e-01,2.000664174556732178e-01
-3.089775323867797852e+00,5.404332876205444336e-01,2.159567922353744507e-01
-3.096827745437622070e+00,3.849957287311553955e-01,2.278018593788146973e-01
-3.101265668869018555e+00,2.305708080530166626e-01,2.340022027492523193e-01
-3.102598905563354492e+00,7.676475495100021362e-02,2.385600507259368896e-01
-3.100236892700195312e+00,-7.670611143112182617e-02,2.450551390647888184e-01
-3.097980499267578125e+00,-2.303271293640136719e-01,2.433521300554275513e-01
-3.093834161758422852e+00,-3.846233487129211426e-01,2.366043180227279663e-01
-3.086411476135253906e+00,-5.398455262184143066e-01,2.277098447084426880e-01
-3.076167345046997070e+00,-6.963987350463867188e-01,2.147248685359954834e-01
-3.063942193984985352e+00,-8.549236059188842773e-01,2.029710114002227783e-01
-3.052294731140136719e+00,-1.016854047775268555e+00,1.967907994985580444e-01
-3.042442560195922852e+00,-1.183743000030517578e+00,2.036618292331695557e-01
-3.033959150314331055e+00,-1.356805682182312012e+00,2.259620279073715210e-01
-3.024863004684448242e+00,-1.536535024642944336e+00,2.655955851078033447e-01
-3.007197141647338867e+00,-1.719714760780334473e+00,3.086118698120117188e-01
-2.964991331100463867e+00,-1.896075844764709473e+00,3.191255927085876465e-01
-2.895431995391845703e+00,-2.060192823410034180e+00,2.898188829421997070e-01
-2.810627937316894531e+00,-2.217130661010742188e+00,2.494339644908905029e-01
-2.717756748199462891e+00,-2.371047735214233398e+00,2.172502279281616211e-01
-2.617915868759155273e+00,-2.522536039352416992e+00,1.952300369739532471e-01
-2.510760068893432617e+00,-2.671038389205932617e+00,1.826704293489456177e-01
-2.395865201950073242e+00,-2.815758228302001953e+00,1.765172481536865234e-01
-2.273616790771484375e+00,-2.956721067428588867e+00,1.774322241544723511e-01
-2.144325256347656250e+00,-3.093981742858886719e+00,1.850193589925765991e-01
-2.009141683578491211e+00,-3.229105949401855469e+00,2.032258808612823486e-01
-1.868862628936767578e+00,-3.363883495330810547e+00,2.365441769361495972e-01
-1.723918795585632324e+00,-3.500308752059936523e+00,2.901009619235992432e-01
-1.569172143936157227e+00,-3.628604888916015625e+00,3.433043658733367920e-01
-1.395289659500122070e+00,-3.721731185913085938e+00,3.381412625312805176e-01
-1.207935333251953125e+00,-3.781195402145385742e+00,2.846895754337310791e-01
-1.017824769020080566e+00,-3.830138683319091797e+00,2.367368042469024658e-01
-8.266220688819885254e-01,-3.873241662979125977e+00,2.049724161624908447e-01
-6.341734528541564941e-01,-3.910063028335571289e+00,1.869658082723617554e-01
-4.402993619441986084e-01,-3.939042806625366211e+00,1.783600598573684692e-01
-2.452059090137481689e-01,-3.959954977035522461e+00,1.776744872331619263e-01
-4.914437979459762573e-02,-3.973093748092651367e+00,1.849972158670425415e-01
1.477118879556655884e-01,-3.979027509689331055e+00,2.019684761762619019e-01
3.453822731971740723e-01,-3.979227304458618164e+00,2.320375740528106689e-01
5.439028143882751465e-01,-3.973027706146240234e+00,2.755490541458129883e-01
7.418006658554077148e-01,-3.952355861663818359e+00,3.160580098628997803e-01
9.334067106246948242e-01,-3.898537158966064453e+00,3.143795728683471680e-01
1.115069389343261719e+00,-3.813435554504394531e+00,2.723342180252075195e-01
1.289061784744262695e+00,-3.715488433837890625e+00,2.280214577913284302e-01
1.457263946533203125e+00,-3.612569570541381836e+00,1.961220353841781616e-01
1.619915485382080078e+00,-3.505312204360961914e+00,1.756761670112609863e-01
1.776863574981689453e+00,-3.393373727798461914e+00,1.639415621757507324e-01
1.928008675575256348e+00,-3.276710987091064453e+00,1.592593342065811157e-01
2.073211193084716797e+00,-3.155311346054077148e+00,1.618618965148925781e-01
2.212466955184936523e+00,-3.029412508010864258e+00,1.721297502517700195e-01
2.345644950866699219e+00,-2.899071693420410156e+00,1.915268748998641968e-01
2.472635269165039062e+00,-2.764420986175537109e+00,2.201063930988311768e-01
2.591746330261230469e+00,-2.624002218246459961e+00,2.542061805725097656e-01
2.697721958160400391e+00,-2.473713159561157227e+00,2.793617844581604004e-01
2.782926082611083984e+00,-2.309201478958129883e+00,2.773018479347229004e-01
2.847083330154418945e+00,-2.133798360824584961e+00,2.507710456848144531e-01
2.897357463836669922e+00,-1.955451369285583496e+00,2.194777727127075195e-01
2.938460350036621094e+00,-1.778269410133361816e+00,1.941605657339096069e-01
2.972443103790283203e+00,-1.603605508804321289e+00,1.760007441043853760e-01
2.999949932098388672e+00,-1.431661963462829590e+00,1.646219342947006226e-01
3.022348165512084961e+00,-1.262861132621765137e+00,1.594597548246383667e-01
3.040741920471191406e+00,-1.097283601760864258e+00,1.620194613933563232e-01
3.057164430618286133e+00,-9.351282715797424316e-01,1.727981418371200562e-01
3.072199583053588867e+00,-7.758590579032897949e-01,1.905664205551147461e-01
3.084709882736206055e+00,-6.185455322265625000e-01,2.086010724306106567e-01
3.093790531158447266e+00,-4.625870883464813232e-01,2.223854959011077881e-01
3.099258661270141602e+00,-3.076696395874023438e-01,2.316862791776657104e-01
3.102526426315307617e+00,-1.536199450492858887e-01,2.358406037092208862e-01
3.101601123809814453e+00,5.423011657512688544e-07,2.421796768903732300e-01
3.035370111465454102e+00,0.000000000000000000e+00,2.499027997255325317e-01
3.034290313720703125e+00,1.502407789230346680e-01,2.527690529823303223e-01
3.032950162887573242e+00,3.010870218276977539e-01,2.471618503332138062e-01
3.029704570770263672e+00,4.530052542686462402e-01,2.390592247247695923e-01
3.024481534957885742e+00,6.064693331718444824e-01,2.260820567607879639e-01
3.016933679580688477e+00,7.619017958641052246e-01,2.100552022457122803e-01
3.007277011871337891e+00,9.198688268661499023e-01,1.948556751012802124e-01
2.995815753936767578e+00,1.081072092056274414e+00,1.873071044683456421e-01
2.981585025787353516e+00,1.245828032493591309e+00,1.914162337779998779e-01
2.963375568389892578e+00,1.414207577705383301e+00,2.093706279993057251e-01
2.939704418182373047e+00,1.585943698883056641e+00,2.439121305942535400e-01
2.908701419830322266e+00,1.760261178016662598e+00,2.922432720661163330e-01
2.865019321441650391e+00,1.933626055717468262e+00,3.309818506240844727e-01
2.802944183349609375e+00,2.100717544555664062e+00,3.269176781177520752e-01
2.724052667617797852e+00,2.260350942611694336e+00,2.890588641166687012e-01
2.633671045303344727e+00,2.414979934692382812e+00,2.490237057209014893e-01
2.533852577209472656e+00,2.565387964248657227e+00,2.187145054340362549e-01
2.425072431564331055e+00,2.711245775222778320e+00,1.987425535917282104e-01
2.307604312896728516e+00,2.852057695388793945e+00,1.870697289705276489e-01
2.181753635406494141e+00,2.987358093261718750e+00,1.824063658714294434e-01
2.048184156417846680e+00,3.117221832275390625e+00,1.852378100156784058e-01
1.907394409179687500e+00,3.241677522659301758e+00,1.970301419496536255e-01
1.760147929191589355e+00,3.361449480056762695e+00,2.230791598558425903e-01
1.606695294380187988e+00,3.476705551147460938e+00,2.682857513427734375e-01
1.446811437606811523e+00,3.586659669876098633e+00,3.329289853572845459e-01
1.277496695518493652e+00,3.682152032852172852e+00,3.735654950141906738e-01
1.097454667091369629e+00,3.753193855285644531e+00,3.443745672702789307e-01
9.113125205039978027e-01,3.806257963180541992e+00,2.863117456436157227e-01
7.224318981170654297e-01,3.849161863327026367e+00,2.425031214952468872e-01
5.315083265304565430e-01,3.882488012313842773e+00,2.140379548072814941e-01
3.390392363071441650e-01,3.906150341033935547e+00,1.986553370952606201e-01
1.455111503601074219e-01,3.919763088226318359e+00,1.919715106487274170e-01
-4.853052645921707153e-02,3.923524618148803711e+00,1.947003304958343506e-01
-2.425765693187713623e-01,3.917496442794799805e+00,2.068405300378799438e-01
-4.361810684204101562e-01,3.902197360992431641e+00,2.327340394258499146e-01
-6.289367675781250000e-01,3.877771139144897461e+00,2.752983570098876953e-01
-8.201888203620910645e-01,3.843099117279052734e+00,3.310908377170562744e-01
-1.007287263870239258e+00,3.790484666824340820e+00,3.608900308609008789e-01
-1.186495423316955566e+00,3.714080333709716797e+00,3.307303488254547119e-01
-1.357740879058837891e+00,3.621577739715576172e+00,2.764229774475097656e-01
-1.522500514984130859e+00,3.520680427551269531e+00,2.325000017881393433e-01
-1.680988192558288574e+00,3.413139104843139648e+00,2.028829902410507202e-01
-1.833104729652404785e+00,3.299519300460815430e+00,1.848574578762054443e-01
-1.978517174720764160e+00,3.179886579513549805e+00,1.759113669395446777e-01
-2.116921901702880859e+00,3.054442882537841797e+00,1.755834817886352539e-01
-2.247809410095214844e+00,2.923158884048461914e+00,1.836243718862533569e-01
-2.370822906494140625e+00,2.786327600479125977e+00,2.014111280441284180e-01
-2.485494852066040039e+00,2.644160509109497070e+00,2.293277680873870850e-01
-2.591164112091064453e+00,2.496757984161376953e+00,2.664417326450347900e-01
-2.685869216918945312e+00,2.343228578567504883e+00,3.012817203998565674e-01
-2.765726327896118164e+00,2.181709766387939453e+00,3.119670152664184570e-01
-2.829007387161254883e+00,2.012930154800415039e+00,2.898676991462707520e-01
-2.878533363342285156e+00,1.840787410736083984e+00,2.541913092136383057e-01
-2.917903423309326172e+00,1.668650031089782715e+00,2.221431136131286621e-01
-2.948868513107299805e+00,1.497932314872741699e+00,1.982640773057937622e-01
-2.972740411758422852e+00,1.329427599906921387e+00,1.830158233642578125e-01
-2.990651130676269531e+00,1.163592338562011719e+00,1.758821457624435425e-01
-3.004108667373657227e+00,1.000801324844360352e+00,1.786208599805831909e-01
-3.014671087265014648e+00,8.411750197410583496e-01,1.904045939445495605e-01
-3.022951126098632812e+00,6.843515634536743164e-01,2.080214619636535645e-01
-3.029073238372802734e+00,5.298158526420593262e-01,2.233557999134063721e-01
-3.032929420471191406e+00,3.770519495010375977e-01,2.352603077888488770e-01
-3.035217046737670898e+00,2.256602644920349121e-01,2.417026013135910034e-01
-3.035799026489257812e+00,7.511198520660400391e-02,2.462812811136245728e-01
-3.034796476364135742e+00,-7.508698850870132446e-02,2.526106238365173340e-01
-3.033771991729736328e+00,-2.255533784627914429e-01,2.505093514919281006e-01
-3.031600236892700195e+00,-3.768864870071411133e-01,2.434891015291213989e-01
-3.027341365814208984e+00,-5.295135378837585449e-01,2.332274317741394043e-01
-3.021021127700805664e+00,-6.839144229888916016e-01,2.182081043720245361e-01
-3.012318849563598633e+00,-8.405192494392395020e-01,2.020056992769241333e-01
-3.001823902130126953e+00,-1.000039935111999512e+00,1.897050887346267700e-01
-2.989110708236694336e+00,-1.162992835044860840e+00,1.878460049629211426e-01
-2.973073482513427734e+00,-1.329577207565307617e+00,1.984231323003768921e-01
-2.952298164367675781e+00,-1.499674439430236816e+00,2.245276719331741333e-01
-2.925349950790405273e+00,-1.672909021377563477e+00,2.670902907848358154e-01
-2.888914823532104492e+00,-1.847425818443298340e+00,3.153422176837921143e-01
-2.836382150650024414e+00,-2.018177032470703125e+00,3.350049257278442383e-01
-2.765233278274536133e+00,-2.181321620941162109e+00,3.099883794784545898e-01
-2.680081844329833984e+00,-2.338179111480712891e+00,2.680647969245910645e-01
-2.584917068481445312e+00,-2.490739583969116211e+00,2.325434088706970215e-01
-2.480550289154052734e+00,-2.638900279998779297e+00,2.075113505125045776e-01
-2.367424488067626953e+00,-2.782332897186279297e+00,1.920337677001953125e-01
-2.245677709579467773e+00,-2.920387983322143555e+00,1.838138550519943237e-01
-2.115910053253173828e+00,-3.052982568740844727e+00,1.828910708427429199e-01
-1.978638648986816406e+00,-3.180081367492675781e+00,1.897100955247879028e-01
-1.834553718566894531e+00,-3.302128553390502930e+00,2.079859375953674316e-01
-1.684178948402404785e+00,-3.419619560241699219e+00,2.428629398345947266e-01
-1.527669668197631836e+00,-3.532633304595947266e+00,2.994469702243804932e-01
-1.363577127456665039e+00,-3.637142658233642578e+00,3.607288300991058350e-01
-1.188601136207580566e+00,-3.720673561096191406e+00,3.669202029705047607e-01
-1.004832267761230469e+00,-3.781247138977050781e+00,3.148273825645446777e-01
-8.171555399894714355e-01,-3.828885078430175781e+00,2.622420787811279297e-01
-6.271929740905761719e-01,-3.867024183273315430e+00,2.264470010995864868e-01
-4.354391992092132568e-01,-3.895562171936035156e+00,2.050488591194152832e-01
-2.423729002475738525e-01,-3.914203405380249023e+00,1.942441463470458984e-01
-4.852318391203880310e-02,-3.922873020172119141e+00,1.921656280755996704e-01
1.455840468406677246e-01,-3.921708106994628906e+00,1.994251161813735962e-01
3.394592106342315674e-01,-3.910986185073852539e+00,2.177971750497817993e-01
5.326890349388122559e-01,-3.891114950180053711e+00,2.517873048782348633e-01
7.248438000679016113e-01,-3.862008810043334961e+00,3.028733432292938232e-01
9.145309925079345703e-01,-3.819699287414550781e+00,3.528954088687896729e-01
1.097986817359924316e+00,-3.755014896392822266e+00,3.522799015045166016e-01
1.272990942001342773e+00,-3.669167041778564453e+00,3.034164309501647949e-01
1.440901517868041992e+00,-3.572006940841674805e+00,2.526003718376159668e-01
1.602529168128967285e+00,-3.467690229415893555e+00,2.160057276487350464e-01
1.757863044738769531e+00,-3.357087373733520508e+00,1.926674693822860718e-01
1.906669020652770996e+00,-3.240443468093872070e+00,1.792601048946380615e-01
2.048624277114868164e+00,-3.117891550064086914e+00,1.747420430183410645e-01
2.183332681655883789e+00,-2.989520311355590820e+00,1.784591078758239746e-01
2.310319662094116211e+00,-2.855412006378173828e+00,1.912734955549240112e-01
2.429240226745605469e+00,-2.715904951095581055e+00,2.140558809041976929e-01
2.539520502090454102e+00,-2.571126461029052734e+00,2.470934689044952393e-01
2.640114307403564453e+00,-2.420888900756835938e+00,2.854376435279846191e-01
2.727874517440795898e+00,-2.263521194458007812e+00,3.108875453472137451e-01
2.799341201782226562e+00,-2.098017215728759766e+00,3.042533695697784424e-01
2.855220556259155273e+00,-1.927012920379638672e+00,2.722120285034179688e-01
2.899350881576538086e+00,-1.754601597785949707e+00,2.373148351907730103e-01
2.934354305267333984e+00,-1.583056926727294922e+00,2.090417891740798950e-01
2.961612224578857422e+00,-1.413366079330444336e+00,1.896872222423553467e-01
2.982367038726806641e+00,-1.246155381202697754e+00,1.782849878072738647e-01
2.997818946838378906e+00,-1.081794381141662598e+00,1.760404556989669800e-01
3.009698629379272461e+00,-9.206094145774841309e-01,1.834421157836914062e-01
3.019077062606811523e+00,-7.624433636665344238e-01,1.989998519420623779e-01
3.026296615600585938e+00,-6.068325638771057129e-01,2.162480354309082031e-01
3.031253337860107422e+00,-4.532364308834075928e-01,2.297051995992660522e-01
3.034232854843139648e+00,-3.012144267559051514e-01,2.393277883529663086e-01
3.035776615142822266e+00,-1.503148674964904785e-01,2.435299605131149292e-01
3.035369873046875000e+00,5.307209107741073240e-07,2.499028742313385010e-01
2.972057342529296875e+00,0.000000000000000000e+00,2.506745457649230957e-01
2.972450494766235352e+00,1.471788138151168823e-01,2.536931335926055908e-01
2.972458124160766602e+00,2.950818538665771484e-01,2.480011582374572754e-01
2.971992969512939453e+00,4.443761706352233887e-01,2.397332787513732910e-01
2.970763921737670898e+00,5.956978797912597656e-01,2.261525392532348633e-01
2.968223333358764648e+00,7.496004104614257812e-01,2.081323564052581787e-01
2.963326930999755859e+00,9.064253568649291992e-01,1.894871294498443604e-01
2.954419374465942383e+00,1.066133737564086914e+00,1.761504113674163818e-01
2.939856290817260742e+00,1.228392004966735840e+00,1.731515973806381226e-01
2.918148517608642578e+00,1.392624020576477051e+00,1.802777349948883057e-01
2.887969493865966797e+00,1.558033108711242676e+00,2.008731216192245483e-01
2.848090648651123047e+00,1.723581194877624512e+00,2.358089685440063477e-01
2.797650814056396484e+00,1.888158440589904785e+00,2.836365997791290283e-01
2.736816644668579102e+00,2.051156997680664062e+00,3.237886130809783936e-01
2.666485786437988281e+00,2.212583065032958984e+00,3.248706161975860596e-01
2.586249828338623047e+00,2.371496438980102539e+00,2.896668612957000732e-01
2.494876384735107422e+00,2.525926828384399414e+00,2.487465739250183105e-01
2.392238855361938477e+00,2.674537420272827148e+00,2.171320021152496338e-01
2.278952836990356445e+00,2.816646099090576172e+00,1.953177005052566528e-01
2.155839920043945312e+00,2.951875925064086914e+00,1.824165582656860352e-01
2.023723125457763672e+00,3.079993486404418945e+00,1.762171238660812378e-01
1.883307814598083496e+00,3.200741529464721680e+00,1.783801168203353882e-01
1.735147714614868164e+00,3.313705205917358398e+00,1.896913349628448486e-01
1.579557299613952637e+00,3.417982339859008789e+00,2.157131433486938477e-01
1.416828393936157227e+00,3.512331485748291016e+00,2.603953778743743896e-01
1.247431397438049316e+00,3.595494270324707031e+00,3.238988816738128662e-01
1.072648644447326660e+00,3.668359279632568359e+00,3.689359128475189209e-01
8.937324881553649902e-01,3.732831716537475586e+00,3.475682437419891357e-01
7.107291221618652344e-01,3.786808490753173828e+00,2.923304438591003418e-01
5.240180492401123047e-01,3.827774286270141602e+00,2.471149563789367676e-01
3.346629142761230469e-01,3.855729579925537109e+00,2.169541269540786743e-01
1.437040120363235474e-01,3.871082544326782227e+00,1.996058523654937744e-01
-4.792170599102973938e-02,3.874303579330444336e+00,1.916795074939727783e-01
-2.393528819084167480e-01,3.865435600280761719e+00,1.935884803533554077e-01
-4.297172427177429199e-01,3.844370126724243164e+00,2.056452929973602295e-01
-6.180352568626403809e-01,3.810556650161743164e+00,2.324698716402053833e-01
-8.031989932060241699e-01,3.763491153717041016e+00,2.770097255706787109e-01
-9.840550422668457031e-01,3.703060150146484375e+00,3.388852477073669434e-01
-1.160201907157897949e+00,3.631773948669433594e+00,3.751158416271209717e-01
-1.331833958625793457e+00,3.552474737167358398e+00,3.441779017448425293e-01
-1.497892737388610840e+00,3.463776350021362305e+00,2.861841619014739990e-01
-1.657184481620788574e+00,3.364807605743408203e+00,2.398863285779953003e-01
-1.809247493743896484e+00,3.256577014923095703e+00,2.081444412469863892e-01
-1.953733444213867188e+00,3.140053987503051758e+00,1.897437870502471924e-01
-2.090243577957153320e+00,3.015949726104736328e+00,1.808610558509826660e-01
-2.218134403228759766e+00,2.884567737579345703e+00,1.816393733024597168e-01
-2.336711168289184570e+00,2.746237516403198242e+00,1.911665797233581543e-01
-2.445139408111572266e+00,2.601228713989257812e+00,2.108694314956665039e-01
-2.542663335800170898e+00,2.450024366378784180e+00,2.415511012077331543e-01
-2.628667593002319336e+00,2.293324232101440430e+00,2.815415263175964355e-01
-2.703318834304809570e+00,2.132480382919311523e+00,3.181222379207611084e-01
-2.767681360244750977e+00,1.969294548034667969e+00,3.250406086444854736e-01
-2.822389602661132812e+00,1.804884076118469238e+00,2.982002198696136475e-01
-2.867090940475463867e+00,1.639592051506042480e+00,2.597619593143463135e-01
-2.901920557022094727e+00,1.474084258079528809e+00,2.266381829977035522e-01
-2.927847862243652344e+00,1.309351325035095215e+00,2.028954476118087769e-01
-2.946035861968994141e+00,1.146233677864074707e+00,1.895361691713333130e-01
-2.957958698272705078e+00,9.854267239570617676e-01,1.871185451745986938e-01
-2.965025186538696289e+00,8.273224830627441406e-01,1.955493986606597900e-01
-2.968927860260009766e+00,6.721214652061462402e-01,2.106960564851760864e-01
-2.970921277999877930e+00,5.196444988250732422e-01,2.249407619237899780e-01
-2.971854686737060547e+00,3.694591522216796875e-01,2.363065481185913086e-01
-2.972093105316162109e+00,2.209671735763549805e-01,2.425283938646316528e-01
-2.971957921981811523e+00,7.353241741657257080e-02,2.471914738416671753e-01
-2.972265243530273438e+00,-7.353983074426651001e-02,2.533803582191467285e-01
-2.972514867782592773e+00,-2.209990620613098145e-01,2.514936625957489014e-01
-2.972288608551025391e+00,-3.695129156112670898e-01,2.441782802343368530e-01
-2.971507787704467773e+00,-5.197476148605346680e-01,2.337977588176727295e-01
-2.969699859619140625e+00,-6.722960472106933594e-01,2.173883914947509766e-01
-2.966170549392700195e+00,-8.276426196098327637e-01,1.986744552850723267e-01
-2.959480285644531250e+00,-9.859334826469421387e-01,1.816190630197525024e-01
-2.947944164276123047e+00,-1.146975874900817871e+00,1.734229326248168945e-01
-2.929979562759399414e+00,-1.310305356979370117e+00,1.752648204565048218e-01
-2.904201745986938477e+00,-1.475242853164672852e+00,1.887711435556411743e-01
-2.869308948516845703e+00,-1.640861034393310547e+00,2.165049165487289429e-01
-2.824214458465576172e+00,-1.806050777435302734e+00,2.587004303932189941e-01
-2.768472909927368164e+00,-1.969857454299926758e+00,3.069534599781036377e-01
-2.702816963195800781e+00,-2.132085084915161133e+00,3.301655352115631104e-01
-2.627695560455322266e+00,-2.292475938796997070e+00,3.099611103534698486e-01
-2.541995048522949219e+00,-2.449381351470947266e+00,2.683431804180145264e-01
-2.444931745529174805e+00,-2.601007699966430664e+00,2.317134737968444824e-01
-2.336880445480346680e+00,-2.746436119079589844e+00,2.049630433320999146e-01
-2.218570470809936523e+00,-2.885136365890502930e+00,1.879789829254150391e-01
-2.090860128402709961e+00,-3.016838550567626953e+00,1.783926784992218018e-01
-1.954513311386108398e+00,-3.141306877136230469e+00,1.762309372425079346e-01
-1.810169458389282227e+00,-3.258238077163696289e+00,1.826522201299667358e-01
-1.658264756202697754e+00,-3.367002487182617188e+00,2.005135864019393921e-01
-1.499065518379211426e+00,-3.466488122940063477e+00,2.354964911937713623e-01
-1.332907080650329590e+00,-3.555334806442260742e+00,2.906959056854248047e-01
-1.160605907440185547e+00,-3.633040428161621094e+00,3.529954254627227783e-01
-9.836874008178710938e-01,-3.701677799224853516e+00,3.663902282714843750e-01
-8.027452230453491211e-01,-3.761363506317138672e+00,3.202770054340362549e-01
-6.177736520767211914e-01,-3.808948278427124023e+00,2.677246928215026855e-01
-4.296036362648010254e-01,-3.843355655670166016e+00,2.302241921424865723e-01
-2.393229007720947266e-01,-3.864947080612182617e+00,2.069767862558364868e-01
-4.792113602161407471e-02,-3.874200105667114258e+00,1.944499462842941284e-01
1.437157243490219116e-01,-3.871379852294921875e+00,1.914553940296173096e-01
3.347257077693939209e-01,-3.856450557708740234e+00,1.980951130390167236e-01
5.241978764533996582e-01,-3.829089641571044922e+00,2.170203328132629395e-01
7.110866308212280273e-01,-3.788709878921508789e+00,2.521941661834716797e-01
8.942232131958007812e-01,-3.734880208969116211e+00,3.070597946643829346e-01
1.072691798210144043e+00,-3.668508052825927734e+00,3.645014464855194092e-01
1.246614694595336914e+00,-3.593142271041870117e+00,3.670312166213989258e-01
1.415659904479980469e+00,-3.509432792663574219e+00,3.148680925369262695e-01
1.578421711921691895e+00,-3.415524482727050781e+00,2.611328363418579102e-01
1.734143376350402832e+00,-3.311788558959960938e+00,2.221923321485519409e-01
1.882454752922058105e+00,-3.199290752410888672e+00,1.975577771663665771e-01
2.023023128509521484e+00,-3.078927993774414062e+00,1.841634511947631836e-01
2.155308008193969727e+00,-2.951147794723510742e+00,1.800588518381118774e-01
2.278639078140258789e+00,-2.816256761550903320e+00,1.853215098381042480e-01
2.392245531082153320e+00,-2.674544572830200195e+00,1.995907425880432129e-01
2.495306968688964844e+00,-2.526362657546997070e+00,2.249109596014022827e-01
2.587124347686767578e+00,-2.372298955917358398e+00,2.606716454029083252e-01
2.667354583740234375e+00,-2.213303327560424805e+00,3.019207417964935303e-01
2.736719846725463867e+00,-2.051084280014038086e+00,3.264529109001159668e-01
2.796255588531494141e+00,-1.887216925621032715e+00,3.146820962429046631e-01
2.846010446548461914e+00,-1.722321510314941406e+00,2.789866030216217041e-01
2.885684490203857422e+00,-1.556800127029418945e+00,2.421021163463592529e-01
2.915936470031738281e+00,-1.391568422317504883e+00,2.135367989540100098e-01
2.937819004058837891e+00,-1.227541327476501465e+00,1.948580443859100342e-01
2.952692508697509766e+00,-1.065510034561157227e+00,1.869520694017410278e-01
2.961996316909790039e+00,-9.060181379318237305e-01,1.900576800107955933e-01
2.967273235321044922e+00,-7.493607997894287109e-01,2.028250247240066528e-01
2.970110416412353516e+00,-5.955660939216613770e-01,2.181733101606369019e-01
2.971475362777709961e+00,-4.442983865737915039e-01,2.310605645179748535e-01
2.972066164016723633e+00,-2.950429916381835938e-01,2.401402592658996582e-01
2.972004175186157227e+00,-1.471572071313858032e-01,2.444716989994049072e-01
2.972057580947875977e+00,5.196510528548969887e-07,2.506745457649230957e-01
2.908428668975830078e+00,0.000000000000000000e+00,2.451003789901733398e-01
2.910231590270996094e+00,1.440981030464172363e-01,2.484027445316314697e-01
2.911532878875732422e+00,2.890336811542510986e-01,2.430044412612915039e-01
2.913825273513793945e+00,4.356788396835327148e-01,2.351559698581695557e-01
2.916767120361328125e+00,5.848704576492309570e-01,2.217208445072174072e-01
2.919905900955200195e+00,7.373982667922973633e-01,2.032660394906997681e-01
2.921294689178466797e+00,8.935685157775878906e-01,1.821355968713760376e-01
2.917233943939208984e+00,1.052714943885803223e+00,1.649400442838668823e-01
2.905274391174316406e+00,1.213942408561706543e+00,1.560766547918319702e-01
2.883827447891235352e+00,1.376245021820068359e+00,1.558979153633117676e-01
2.852174520492553711e+00,1.538722038269042969e+00,1.655453592538833618e-01
2.808826684951782227e+00,1.699819922447204590e+00,1.863248050212860107e-01
2.752921342849731445e+00,1.857969999313354492e+00,2.201086729764938354e-01
2.684506893157958984e+00,2.011952638626098633e+00,2.638011574745178223e-01
2.607405900955200195e+00,2.163560152053833008e+00,3.013873398303985596e-01
2.527931690216064453e+00,2.318020820617675781e+00,3.043250739574432373e-01
2.445247411727905273e+00,2.475679874420166016e+00,2.720572948455810547e-01
2.352648735046386719e+00,2.630275726318359375e+00,2.325886189937591553e-01
2.247175693511962891e+00,2.777371644973754883e+00,2.013449370861053467e-01
2.129650354385375977e+00,2.916015863418579102e+00,1.796800345182418823e-01
2.001245737075805664e+00,3.045784473419189453e+00,1.662902534008026123e-01
1.863350629806518555e+00,3.166823625564575195e+00,1.600307375192642212e-01
1.716615915298461914e+00,3.278314113616943359e+00,1.618321239948272705e-01
1.561705589294433594e+00,3.379353046417236328e+00,1.731964349746704102e-01
1.398813605308532715e+00,3.467672586441040039e+00,1.981164813041687012e-01
1.228521108627319336e+00,3.540988683700561523e+00,2.397925406694412231e-01
1.052157282829284668e+00,3.598280906677246094e+00,2.969568967819213867e-01
8.733857870101928711e-01,3.647850036621093750e+00,3.391325771808624268e-01
6.949802041053771973e-01,3.702897310256958008e+00,3.236893415451049805e-01
5.142282247543334961e-01,3.756262779235839844e+00,2.741568088531494141e-01
3.294321000576019287e-01,3.795464038848876953e+00,2.315748631954193115e-01
1.417560875415802002e-01,3.818609476089477539e+00,2.020545750856399536e-01
-4.732877388596534729e-02,3.826367378234863281e+00,1.848347187042236328e-01
-2.365302443504333496e-01,3.819851160049438477e+00,1.766056269407272339e-01
-4.246322214603424072e-01,3.798878192901611328e+00,1.782226264476776123e-01
-6.103630065917968750e-01,3.763252973556518555e+00,1.896867156028747559e-01
-7.920583486557006836e-01,3.711290359497070312e+00,2.154682129621505737e-01
-9.678354263305664062e-01,3.642024755477905273e+00,2.585823833942413330e-01
-1.135754346847534180e+00,3.555245876312255859e+00,3.200446665287017822e-01
-1.298558115959167480e+00,3.463716030120849609e+00,3.603331744670867920e-01
-1.462384939193725586e+00,3.381667137145996094e+00,3.325622081756591797e-01
-1.624299764633178711e+00,3.298037052154541016e+00,2.758687734603881836e-01
-1.778890609741210938e+00,3.201936006546020508e+00,2.307171076536178589e-01
-1.925021171569824219e+00,3.093907594680786133e+00,1.998605728149414062e-01
-2.061848878860473633e+00,2.974979639053344727e+00,1.825278699398040771e-01
-2.189154624938964844e+00,2.846881151199340820e+00,1.746463924646377563e-01
-2.305931806564331055e+00,2.710063695907592773e+00,1.765146553516387939e-01
-2.411391735076904297e+00,2.565326929092407227e+00,1.866138428449630737e-01
-2.504212141036987305e+00,2.412974119186401367e+00,2.070032060146331787e-01
-2.583168983459472656e+00,2.253629922866821289e+00,2.380713224411010742e-01
-2.647804260253906250e+00,2.088688373565673828e+00,2.791805863380432129e-01
-2.701233386993408203e+00,1.922014713287353516e+00,3.154859840869903564e-01
-2.751346588134765625e+00,1.759452939033508301e+00,3.195761144161224365e-01
-2.799771308898925781e+00,1.601094245910644531e+00,2.900837361812591553e-01
-2.841298341751098633e+00,1.443289995193481445e+00,2.518477439880371094e-01
-2.872786283493041992e+00,1.284727454185485840e+00,2.205948978662490845e-01
-2.894408464431762695e+00,1.126146554946899414e+00,1.999412328004837036e-01
-2.907228708267211914e+00,9.685263037681579590e-01,1.922603547573089600e-01
-2.912664413452148438e+00,8.127123713493347168e-01,1.961602121591567993e-01
-2.913405895233154297e+00,6.595520973205566406e-01,2.084549665451049805e-01
-2.911990165710449219e+00,5.093368291854858398e-01,2.207528948783874512e-01
-2.910335302352905273e+00,3.618111312389373779e-01,2.311645299196243286e-01
-2.908645391464233398e+00,2.162500023841857910e-01,2.369019985198974609e-01
-2.907860755920410156e+00,7.194652408361434937e-02,2.413079291582107544e-01
-2.909376621246337891e+00,-7.198384404182434082e-02,2.480522096157073975e-01
-2.910867691040039062e+00,-2.164157629013061523e-01,2.462535947561264038e-01
-2.912518978118896484e+00,-3.620823919773101807e-01,2.394710779190063477e-01
-2.915277242660522461e+00,-5.099123716354370117e-01,2.292618155479431152e-01
-2.918337821960449219e+00,-6.606684923171997070e-01,2.129716128110885620e-01
-2.921076059341430664e+00,-8.150600194931030273e-01,1.927625238895416260e-01
-2.920120477676391602e+00,-9.728209972381591797e-01,1.725573837757110596e-01
-2.912372112274169922e+00,-1.133135676383972168e+00,1.594859808683395386e-01
-2.895779132843017578e+00,-1.295010685920715332e+00,1.547998189926147461e-01
-2.869358062744140625e+00,-1.457543373107910156e+00,1.594717055559158325e-01
-2.832048892974853516e+00,-1.619553327560424805e+00,1.743605881929397583e-01
-2.782465934753417969e+00,-1.779353141784667969e+00,2.016339898109436035e-01
-2.720179557800292969e+00,-1.935495138168334961e+00,2.412310838699340820e-01
-2.646591901779174805e+00,-2.087732791900634766e+00,2.852068245410919189e-01
-2.567772388458251953e+00,-2.240196943283081055e+00,3.083383440971374512e-01
-2.487400770187377930e+00,-2.396776199340820312e+00,2.909370362758636475e-01
-2.400522708892822266e+00,-2.553763866424560547e+00,2.517251074314117432e-01
-2.301491975784301758e+00,-2.704845428466796875e+00,2.157309055328369141e-01
-2.189853906631469727e+00,-2.847791671752929688e+00,1.893679648637771606e-01
-2.066707372665405273e+00,-2.981989383697509766e+00,1.720698177814483643e-01
-1.933433651924133301e+00,-3.107427358627319336e+00,1.622383147478103638e-01
-1.791046500205993652e+00,-3.223817348480224609e+00,1.598566472530364990e-01
-1.640158057212829590e+00,-3.330237865447998047e+00,1.661268025636672974e-01
-1.481243729591369629e+00,-3.425276279449462891e+00,1.836952120065689087e-01
-1.314531922340393066e+00,-3.506322145462036133e+00,2.167207002639770508e-01
-1.140945315361022949e+00,-3.571496725082397461e+00,2.672421634197235107e-01
-9.627681970596313477e-01,-3.622957468032836914e+00,3.234232366085052490e-01
-7.842245101928710938e-01,-3.674582481384277344e+00,3.389244675636291504e-01
-6.051068305969238281e-01,-3.730849742889404297e+00,2.997077703475952148e-01
-4.222863912582397461e-01,-3.777893543243408203e+00,2.511614263057708740e-01
-2.358601242303848267e-01,-3.809025287628173828e+00,2.151819318532943726e-01
-4.730415344238281250e-02,-3.824319839477539062e+00,1.921407133340835571e-01
1.419901996850967407e-01,-3.824898004531860352e+00,1.796081364154815674e-01
3.307950496673583984e-01,-3.811164617538452148e+00,1.761773824691772461e-01
5.178865194320678711e-01,-3.782987594604492188e+00,1.825595349073410034e-01
7.018305659294128418e-01,-3.739392995834350586e+00,2.005151510238647461e-01
8.808239698410034180e-01,-3.678915977478027344e+00,2.346081286668777466e-01
1.052803158760070801e+00,-3.600490570068359375e+00,2.879285514354705811e-01
1.217317342758178711e+00,-3.508697986602783203e+00,3.473301529884338379e-01
1.380269527435302734e+00,-3.421699523925781250e+00,3.542576432228088379e-01
1.544046998023986816e+00,-3.341141462326049805e+00,3.039168417453765869e-01
1.702616214752197266e+00,-3.251579523086547852e+00,2.514642179012298584e-01
1.853075027465820312e+00,-3.149358987808227539e+00,2.134255319833755493e-01
1.994611859321594238e+00,-3.035687446594238281e+00,1.898351758718490601e-01
2.126734256744384766e+00,-2.912023305892944336e+00,1.774067282676696777e-01
2.248923778533935547e+00,-2.779530525207519531e+00,1.744509041309356689e-01
2.360131025314331055e+00,-2.638640403747558594e+00,1.804935336112976074e-01
2.459487915039062500e+00,-2.490097761154174805e+00,1.954011321067810059e-01
2.545464754104614258e+00,-2.334098815917968750e+00,2.212203145027160645e-01
2.617250442504882812e+00,-2.171728134155273438e+00,2.576830685138702393e-01
2.675436019897460938e+00,-2.005154132843017578e+00,2.998070418834686279e-01
2.726341247558593750e+00,-1.840031147003173828e+00,3.225817084312438965e-01
2.776065111160278320e+00,-1.679992675781250000e+00,3.076653182506561279e-01
2.821697473526000977e+00,-1.522279620170593262e+00,2.705697119235992432e-01
2.858337879180908203e+00,-1.364080667495727539e+00,2.350921481847763062e-01
2.884761095046997070e+00,-1.205371618270874023e+00,2.086996138095855713e-01
2.901856899261474609e+00,-1.047165513038635254e+00,1.945423185825347900e-01
2.910718917846679688e+00,-8.903334140777587891e-01,1.928327679634094238e-01
2.913447380065917969e+00,-7.357674837112426758e-01,2.017710506916046143e-01
2.912822961807250977e+00,-5.840788483619689941e-01,2.149234563112258911e-01
2.911131143569946289e+00,-4.352756440639495850e-01,2.262103706598281860e-01
2.909517049789428711e+00,-2.888336181640625000e-01,2.348207086324691772e-01
2.907970190048217773e+00,-1.439865976572036743e-01,2.385571599006652832e-01
2.908429622650146484e+00,5.085259999759728089e-07,2.451004385948181152e-01
2.841308593750000000e+00,0.000000000000000000e+00,2.319504022598266602e-01
2.844316005706787109e+00,1.408343315124511719e-01,2.359896153211593628e-01
2.846846103668212891e+00,2.826120853424072266e-01,2.310559302568435669e-01
2.851750373840332031e+00,4.263973236083984375e-01,2.242202460765838623e-01
2.858801841735839844e+00,5.732471942901611328e-01,2.120125740766525269e-01
2.868133068084716797e+00,7.243234515190124512e-01,1.942080855369567871e-01
2.877111673355102539e+00,8.800537586212158203e-01,1.723950654268264771e-01
2.880228757858276367e+00,1.039361357688903809e+00,1.521217525005340576e-01
2.873179197311401367e+00,1.200531721115112305e+00,1.392112076282501221e-01
2.854691743850708008e+00,1.362340569496154785e+00,1.332485526800155640e-01
2.824422836303710938e+00,1.523750305175781250e+00,1.355080306529998779e-01
2.781472206115722656e+00,1.683265686035156250e+00,1.456083208322525024e-01
2.724869251251220703e+00,1.839037537574768066e+00,1.656546592712402344e-01
2.653704881668090820e+00,1.988867521286010742e+00,1.957232505083084106e-01
2.569283008575439453e+00,2.131926774978637695e+00,2.335300147533416748e-01
2.477883100509643555e+00,2.272128343582153320e+00,2.655329704284667969e-01
2.389768123626708984e+00,2.419510364532470703e+00,2.678249776363372803e-01
2.304077625274658203e+00,2.575972795486450195e+00,2.388823330402374268e-01
2.209521293640136719e+00,2.730833053588867188e+00,2.025377303361892700e-01
2.100785255432128906e+00,2.876492500305175781e+00,1.739697307348251343e-01
1.978696942329406738e+00,3.011466264724731445e+00,1.537637114524841309e-01
1.845043182373046875e+00,3.135709524154663086e+00,1.416221857070922852e-01
1.701385855674743652e+00,3.249228477478027344e+00,1.360560804605484009e-01
1.548576116561889648e+00,3.350942611694335938e+00,1.384566873311996460e-01
1.387341141700744629e+00,3.439232349395751953e+00,1.496413648128509521e-01
1.218163728713989258e+00,3.511135578155517578e+00,1.724768728017807007e-01
1.042118191719055176e+00,3.563948154449462891e+00,2.088600397109985352e-01
8.613933920860290527e-01,3.597761631011962891e+00,2.560979723930358887e-01
6.807469129562377930e-01,3.627061605453491211e+00,2.897462248802185059e-01
5.027307271957397461e-01,3.672277450561523438e+00,2.766848504543304443e-01
3.231485188007354736e-01,3.723069667816162109e+00,2.353881597518920898e-01
1.395558267831802368e-01,3.759339094161987305e+00,1.982335150241851807e-01
-4.672111570835113525e-02,3.777240037918090820e+00,1.723535507917404175e-01
-2.338951826095581055e-01,3.777296304702758789e+00,1.568922251462936401e-01
-4.204072654247283936e-01,3.761080503463745117e+00,1.498366743326187134e-01
-6.046682596206665039e-01,3.728141307830810547e+00,1.516329199075698853e-01
-7.850084900856018066e-01,3.678257226943969727e+00,1.622283011674880981e-01
-9.590935111045837402e-01,3.609128475189208984e+00,1.853348910808563232e-01
-1.124275207519531250e+00,3.519312858581542969e+00,2.231316715478897095e-01
-1.277808189392089844e+00,3.408368587493896484e+00,2.782281935214996338e-01
-1.425851821899414062e+00,3.297186613082885742e+00,3.163395226001739502e-01
-1.581395030021667480e+00,3.210921525955200195e+00,2.948432266712188721e-01
-1.739467263221740723e+00,3.130975484848022461e+00,2.452053427696228027e-01
-1.889802098274230957e+00,3.037303209304809570e+00,2.051618844270706177e-01
-2.030098199844360352e+00,2.929167747497558594e+00,1.779244989156723022e-01
-2.159155845642089844e+00,2.807869195938110352e+00,1.630139499902725220e-01
-2.277010440826416016e+00,2.676073789596557617e+00,1.568033844232559204e-01
-2.382318019866943359e+00,2.534397125244140625e+00,1.590381264686584473e-01
-2.474420309066772461e+00,2.384267807006835938e+00,1.688369363546371460e-01
-2.551199436187744141e+00,2.225738763809204102e+00,1.874594688415527344e-01
-2.611157655715942383e+00,2.059779882431030273e+00,2.164521813392639160e-01
-2.653016090393066406e+00,1.887706518173217773e+00,2.555501461029052734e-01
-2.684155702590942383e+00,1.716485261917114258e+00,2.906583547592163086e-01
-2.720644712448120117e+00,1.555844426155090332e+00,2.930706441402435303e-01
-2.763938903808593750e+00,1.403993844985961914e+00,2.652288079261779785e-01
-2.802851438522338867e+00,1.253452301025390625e+00,2.313876152038574219e-01
-2.831123590469360352e+00,1.101523995399475098e+00,2.052838802337646484e-01
-2.847960948944091797e+00,9.487816691398620605e-01,1.919616311788558960e-01
-2.853969335556030273e+00,7.963348627090454102e-01,1.912849545478820801e-01
-2.853074789047241211e+00,6.458940505981445312e-01,1.999203413724899292e-01
-2.848921060562133789e+00,4.983054101467132568e-01,2.099477648735046387e-01
-2.845100641250610352e+00,3.537011742591857910e-01,2.189222276210784912e-01
-2.841733217239379883e+00,2.112752646207809448e-01,2.237648665904998779e-01
-2.840258598327636719e+00,7.027390599250793457e-02,2.280015945434570312e-01
-2.842907428741455078e+00,-7.033926248550415039e-02,2.352470159530639648e-01
-2.845450878143310547e+00,-2.115521728992462158e-01,2.341067045927047729e-01
-2.848958730697631836e+00,-3.541806340217590332e-01,2.278965860605239868e-01
-2.855023860931396484e+00,-4.993734061717987061e-01,2.190227806568145752e-01
-2.863215684890747070e+00,-6.481896042823791504e-01,2.036376744508743286e-01
-2.873009681701660156e+00,-8.016481995582580566e-01,1.836809962987899780e-01
-2.879730463027954102e+00,-9.593652486801147461e-01,1.614708602428436279e-01
-2.878123283386230469e+00,-1.119810223579406738e+00,1.447830796241760254e-01
-2.865357160568237305e+00,-1.281405806541442871e+00,1.352734118700027466e-01
-2.841094017028808594e+00,-1.443186163902282715e+00,1.333715617656707764e-01
-2.804576158523559570e+00,-1.603842616081237793e+00,1.395039707422256470e-01
-2.754966974258422852e+00,-1.761767745018005371e+00,1.542760431766510010e-01
-2.691093444824218750e+00,-1.914799451828002930e+00,1.795338541269302368e-01
-2.612934827804565430e+00,-2.061182498931884766e+00,2.140325456857681274e-01
-2.523766994476318359e+00,-2.201805591583251953e+00,2.518540322780609131e-01
-2.433044195175170898e+00,-2.344399929046630859e+00,2.713449001312255859e-01
-2.347308158874511719e+00,-2.497152328491210938e+00,2.559914290904998779e-01
-2.258474111557006836e+00,-2.654288291931152344e+00,2.201533466577529907e-01
-2.156926393508911133e+00,-2.804971218109130859e+00,1.871483176946640015e-01
-2.041301250457763672e+00,-2.945331573486328125e+00,1.628215312957763672e-01
-1.913199663162231445e+00,-3.074907302856445312e+00,1.467943191528320312e-01
-1.774402737617492676e+00,-3.193859100341796875e+00,1.379930824041366577e-01
-1.626074552536010742e+00,-3.301642179489135742e+00,1.361689269542694092e-01
-1.468979835510253906e+00,-3.396916866302490234e+00,1.428680717945098877e-01
-1.303702354431152344e+00,-3.477435588836669922e+00,1.593651771545410156e-01
-1.130900740623474121e+00,-3.540054321289062500e+00,1.889996677637100220e-01
-9.521082639694213867e-01,-3.582843542098999023e+00,2.317999899387359619e-01
-7.707238197326660156e-01,-3.611323595046997070e+00,2.773798704147338867e-01
-5.915843248367309570e-01,-3.647475481033325195e+00,2.892487943172454834e-01
-4.134250879287719727e-01,-3.698617935180664062e+00,2.569046914577484131e-01
-2.318034470081329346e-01,-3.743511676788330078e+00,2.154729068279266357e-01
-4.663950204849243164e-02,-3.770585775375366211e+00,1.838476657867431641e-01
1.403003185987472534e-01,-3.779376268386840820e+00,1.635216921567916870e-01
3.273281753063201904e-01,-3.771221637725830078e+00,1.522668749094009399e-01
5.129195451736450195e-01,-3.746705293655395508e+00,1.496975868940353394e-01
6.954537630081176758e-01,-3.705416917800903320e+00,1.556222587823867798e-01
8.729951977729797363e-01,-3.646217823028564453e+00,1.720904856920242310e-01
1.042992830276489258e+00,-3.566940307617187500e+00,2.020568549633026123e-01
1.202499270439147949e+00,-3.465987443923950195e+00,2.492680400609970093e-01
1.351528763771057129e+00,-3.350450992584228516e+00,3.033550977706909180e-01
1.502483010292053223e+00,-3.251201629638671875e+00,3.126811683177947998e-01
1.660997390747070312e+00,-3.172097682952880859e+00,2.700665295124053955e-01
1.815813422203063965e+00,-3.086031675338745117e+00,2.234794646501541138e-01
1.961315989494323730e+00,-2.985013246536254883e+00,1.899336129426956177e-01
2.096015453338623047e+00,-2.869961500167846680e+00,1.691408008337020874e-01
2.219554901123046875e+00,-2.743232488632202148e+00,1.589272618293762207e-01
2.331282377243041992e+00,-2.606387376785278320e+00,1.568609625101089478e-01
2.430109500885009766e+00,-2.460353612899780273e+00,1.630334556102752686e-01
2.514858722686767578e+00,-2.306034088134765625e+00,1.768598258495330811e-01
2.583368778228759766e+00,-2.143614053726196289e+00,2.006556242704391479e-01
2.634279489517211914e+00,-1.974308609962463379e+00,2.349690943956375122e-01
2.668842792510986328e+00,-1.801224946975708008e+00,2.755690515041351318e-01
2.701125144958496094e+00,-1.634641289710998535e+00,2.968739867210388184e-01
2.742095232009887695e+00,-1.479334950447082520e+00,2.813231050968170166e-01
2.784554481506347656e+00,-1.328869104385375977e+00,2.479197084903717041e-01
2.818391084671020508e+00,-1.177639484405517578e+00,2.168873697519302368e-01
2.841004610061645508e+00,-1.025206327438354492e+00,1.969812363386154175e-01
2.852120399475097656e+00,-8.724092245101928711e-01,1.901079863309860229e-01
2.854131221771240234e+00,-7.207877039909362793e-01,1.949399709701538086e-01
2.851174116134643555e+00,-5.717170238494873047e-01,2.050685584545135498e-01
2.846842765808105469e+00,-4.256631731986999512e-01,2.146500349044799805e-01
2.843441486358642578e+00,-2.822741568088531494e-01,2.220243066549301147e-01
2.840437412261962891e+00,-1.406427472829818726e-01,2.252670824527740479e-01
2.841308832168579102e+00,4.967902214048081078e-07,2.319505214691162109e-01
2.767260313034057617e+00,0.000000000000000000e+00,2.085894197225570679e-01
2.771291494369506836e+00,1.372185796499252319e-01,2.135373950004577637e-01
2.774837255477905273e+00,2.754636406898498535e-01,2.093992680311203003e-01
2.781980276107788086e+00,4.159651994705200195e-01,2.041943967342376709e-01
2.792842149734497070e+00,5.600209832191467285e-01,1.941847503185272217e-01
2.808346271514892578e+00,7.092247605323791504e-01,1.788295805454254150e-01
2.826382160186767578e+00,8.645365238189697266e-01,1.579947918653488159e-01
2.839290857315063477e+00,1.024588465690612793e+00,1.363957524299621582e-01
2.840228319168090820e+00,1.186763405799865723e+00,1.203522011637687683e-01
2.826957225799560547e+00,1.349105000495910645e+00,1.104925796389579773e-01
2.800444602966308594e+00,1.510814189910888672e+00,1.073387712240219116e-01
2.760060787200927734e+00,1.670308113098144531e+00,1.102714762091636658e-01
2.705630064010620117e+00,1.826052784919738770e+00,1.203571856021881104e-01
2.635917663574218750e+00,1.975536465644836426e+00,1.376683413982391357e-01
2.550842285156250000e+00,2.116625070571899414e+00,1.626906394958496094e-01
2.452552080154418945e+00,2.248900413513183594e+00,1.926517188549041748e-01
2.348961353302001953e+00,2.378195524215698242e+00,2.174780964851379395e-01
2.253253221511840820e+00,2.519150972366333008e+00,2.182459086179733276e-01
2.164252758026123047e+00,2.674884080886840820e+00,1.927658319473266602e-01
2.066856622695922852e+00,2.830035924911499023e+00,1.619219630956649780e-01
1.953890323638916016e+00,2.973711967468261719e+00,1.374633610248565674e-01
1.826739668846130371e+00,3.104602098464965820e+00,1.207415908575057983e-01
1.687418937683105469e+00,3.222554922103881836e+00,1.106861233711242676e-01
1.537887573242187500e+00,3.327813625335693359e+00,1.069504246115684509e-01
1.379054188728332520e+00,3.418689012527465820e+00,1.100276857614517212e-01
1.212017416954040527e+00,3.493419647216796875e+00,1.204941645264625549e-01
1.037649035453796387e+00,3.548664331436157227e+00,1.399767398834228516e-01
8.576090335845947266e-01,3.581955671310424805e+00,1.689740568399429321e-01
6.748391389846801758e-01,3.595584630966186523e+00,2.045151293277740479e-01
4.940983653068542480e-01,3.609221220016479492e+00,2.268306761980056763e-01
3.165135979652404785e-01,3.646627187728881836e+00,2.144263833761215210e-01
1.370945423841476440e-01,3.693037271499633789e+00,1.817418187856674194e-01
-4.606831446290016174e-02,3.724463462829589844e+00,1.526917815208435059e-01
-2.313124090433120728e-01,3.735585689544677734e+00,1.322892606258392334e-01
-4.166013598442077637e-01,3.727031707763671875e+00,1.204784512519836426e-01
-6.001688241958618164e-01,3.700399637222290039e+00,1.156120076775550842e-01
-7.800819277763366699e-01,3.655173301696777344e+00,1.179092079401016235e-01
-9.543761014938354492e-01,3.591376543045043945e+00,1.272739171981811523e-01
-1.120119452476501465e+00,3.506304264068603516e+00,1.458320617675781250e-01
-1.274202942848205566e+00,3.398752450942993164e+00,1.758064031600952148e-01
-1.413304567337036133e+00,3.268172025680541992e+00,2.185995876789093018e-01
-1.546904921531677246e+00,3.140891790390014648e+00,2.493821233510971069e-01
-1.693728208541870117e+00,3.048646688461303711e+00,2.341282069683074951e-01
-1.847326993942260742e+00,2.969036817550659180e+00,1.961862593889236450e-01
-1.992982387542724609e+00,2.875614404678344727e+00,1.646647453308105469e-01
-2.127230405807495117e+00,2.766351938247680664e+00,1.432222276926040649e-01
-2.248355388641357422e+00,2.642396450042724609e+00,1.318915933370590210e-01
-2.356710433959960938e+00,2.507154941558837891e+00,1.271981894969940186e-01
-2.450776576995849609e+00,2.361485481262207031e+00,1.296274214982986450e-01
-2.529819965362548828e+00,2.207086563110351562e+00,1.374002248048782349e-01
-2.591423511505126953e+00,2.044213056564331055e+00,1.526429504156112671e-01
-2.633152246475219727e+00,1.873572826385498047e+00,1.757652312517166138e-01
-2.652699708938598633e+00,1.696369528770446777e+00,2.091705054044723511e-01
-2.659770250320434570e+00,1.521032333374023438e+00,2.411877512931823730e-01
-2.680992126464843750e+00,1.361859560012817383e+00,2.452559322118759155e-01
-2.717952251434326172e+00,1.215484738349914551e+00,2.236374318599700928e-01
-2.752521038055419922e+00,1.070941567420959473e+00,1.984502077102661133e-01
-2.775840520858764648e+00,9.247551560401916504e-01,1.819852739572525024e-01
-2.785135746002197266e+00,7.771284580230712891e-01,1.770480722188949585e-01
-2.784099102020263672e+00,6.302790045738220215e-01,1.822238862514495850e-01
-2.778240919113159180e+00,4.859427213668823242e-01,1.894651651382446289e-01
-2.772700309753417969e+00,3.447004258632659912e-01,1.967161148786544800e-01
-2.767961263656616211e+00,2.057905197143554688e-01,2.003378123044967651e-01
-2.765933752059936523e+00,6.843495368957519531e-02,2.041935175657272339e-01
-2.769371986389160156e+00,-6.851984560489654541e-02,2.124190628528594971e-01
-2.772875308990478516e+00,-2.061563581228256226e-01,2.119658291339874268e-01
-2.777853250503540039e+00,-3.453408479690551758e-01,2.069737166166305542e-01
-2.786961793899536133e+00,-4.874686300754547119e-01,2.000142633914947510e-01
-2.799943685531616211e+00,-6.338658332824707031e-01,1.870988309383392334e-01
-2.817488193511962891e+00,-7.861561775207519531e-01,1.690647900104522705e-01
-2.833966732025146484e+00,-9.441193938255310059e-01,1.466975957155227661e-01
-2.841545104980468750e+00,-1.105578541755676270e+00,1.276264339685440063e-01
-2.835286140441894531e+00,-1.267957806587219238e+00,1.145766675472259521e-01
-2.815381050109863281e+00,-1.430124878883361816e+00,1.081443205475807190e-01
-2.782007932662963867e+00,-1.590936660766601562e+00,1.079853102564811707e-01
-2.734643220901489258e+00,-1.748771071434020996e+00,1.144005581736564636e-01
-2.672763347625732422e+00,-1.901757121086120605e+00,1.280769258737564087e-01
-2.595203876495361328e+00,-2.047195911407470703e+00,1.492609679698944092e-01
-2.503094673156738281e+00,-2.183770418167114258e+00,1.774398833513259888e-01
-2.400527477264404297e+00,-2.313067674636840820e+00,2.068187743425369263e-01
-2.299650430679321289e+00,-2.446452140808105469e+00,2.218171358108520508e-01
-2.208813667297363281e+00,-2.595924377441406250e+00,2.076106220483779907e-01
-2.117388486862182617e+00,-2.753554105758666992e+00,1.768603473901748657e-01
-2.012284755706787109e+00,-2.903464555740356445e+00,1.487280428409576416e-01
-1.891965031623840332e+00,-3.040778875350952148e+00,1.281662434339523315e-01
-1.758456349372863770e+00,-3.165156126022338867e+00,1.149633750319480896e-01
-1.613860249519348145e+00,-3.276841878890991211e+00,1.079716607928276062e-01
-1.459572911262512207e+00,-3.375164031982421875e+00,1.076433658599853516e-01
-1.296500325202941895e+00,-3.458225488662719727e+00,1.142224967479705811e-01
-1.125680565834045410e+00,-3.523713827133178711e+00,1.290590167045593262e-01
-9.481866955757141113e-01,-3.568086385726928711e+00,1.532726734876632690e-01
-7.663012146949768066e-01,-3.590600728988647461e+00,1.866390109062194824e-01
-5.839412212371826172e-01,-3.600350856781005859e+00,2.192242890596389771e-01
-4.051865041255950928e-01,-3.624913215637207031e+00,2.249701917171478271e-01
-2.272941768169403076e-01,-3.670689344406127930e+00,1.986812800168991089e-01
-4.590524733066558838e-02,-3.711225032806396484e+00,1.661507934331893921e-01
1.385637670755386353e-01,-3.732597589492797852e+00,1.413879543542861938e-01
3.240638375282287598e-01,-3.733612775802612305e+00,1.254067718982696533e-01
5.087180733680725098e-01,-3.716014862060546875e+00,1.172092929482460022e-01
6.906969547271728516e-01,-3.680072546005249023e+00,1.158543080091476440e-01
8.680922985076904297e-01,-3.625740051269531250e+00,1.216525360941886902e-01
1.038506865501403809e+00,-3.551598548889160156e+00,1.352358460426330566e-01
1.198863744735717773e+00,-3.455508708953857422e+00,1.591975539922714233e-01
1.345577597618103027e+00,-3.335698127746582031e+00,1.960970759391784668e-01
1.479365110397338867e+00,-3.201177358627319336e+00,2.385132610797882080e-01
1.618344306945800781e+00,-3.090641021728515625e+00,2.473683655261993408e-01
1.770915508270263672e+00,-3.009726285934448242e+00,2.152872979640960693e-01
1.921480298042297363e+00,-2.924385547637939453e+00,1.792303025722503662e-01
2.061676263809204102e+00,-2.822942972183227539e+00,1.525447368621826172e-01
2.189418077468872070e+00,-2.705985069274902344e+00,1.365782469511032104e-01
2.304182052612304688e+00,-2.576089143753051758e+00,1.286957412958145142e-01
2.405614614486694336e+00,-2.435554027557373047e+00,1.276203840970993042e-01
2.492244482040405273e+00,-2.285297632217407227e+00,1.328125298023223877e-01
2.563014507293701172e+00,-2.126724481582641602e+00,1.439674198627471924e-01
2.614885568618774414e+00,-1.959773540496826172e+00,1.631696671247482300e-01
2.645718336105346680e+00,-1.785617947578430176e+00,1.911684572696685791e-01
2.656098604202270508e+00,-1.607392549514770508e+00,2.272448241710662842e-01
2.667554855346679688e+00,-1.439121127128601074e+00,2.474882304668426514e-01
2.698723316192626953e+00,-1.287907958030700684e+00,2.362702190876007080e-01
2.736309528350830078e+00,-1.143342494964599609e+00,2.103497385978698730e-01
2.765884399414062500e+00,-9.980984330177307129e-01,1.888932734727859497e-01
2.782137632369995117e+00,-8.510028123855590820e-01,1.779656559228897095e-01
2.785550117492675781e+00,-7.034680843353271484e-01,1.788617223501205444e-01
2.781417131423950195e+00,-5.577293634414672852e-01,1.858903616666793823e-01
2.775264501571655273e+00,-4.149606823921203613e-01,1.931618601083755493e-01
2.770306587219238281e+00,-2.750139236450195312e-01,1.992038190364837646e-01
2.766218900680541992e+00,-1.369678676128387451e-01,2.014254182577133179e-01
2.767260551452636719e+00,4.838432232645573094e-07,2.085894644260406494e-01
2.683357954025268555e+00,0.000000000000000000e+00,1.693454980850219727e-01
2.687819242477416992e+00,1.330855041742324829e-01,1.755513697862625122e-01
2.692147731781005859e+00,2.672548890113830566e-01,1.723581850528717041e-01
2.700751066207885742e+00,4.038197398185729980e-01,1.693764925003051758e-01
2.714418649673461914e+00,5.442954897880554199e-01,1.626857966184616089e-01
2.735239505767822266e+00,6.907622814178466797e-01,1.517210751771926880e-01
2.762897491455078125e+00,8.451178073883056641e-01,1.347980052232742310e-01
2.789185047149658203e+00,1.006507158279418945e+00,1.143111065030097961e-01
2.802380561828613281e+00,1.170949101448059082e+00,9.710160642862319946e-02
2.797776222229003906e+00,1.335178971290588379e+00,8.487247675657272339e-02
2.777245759963989258e+00,1.498298645019531250e+00,7.846631854772567749e-02
2.741433382034301758e+00,1.659035444259643555e+00,7.662733644247055054e-02
2.690810203552246094e+00,1.816050648689270020e+00,8.024333417415618896e-02
2.624662160873413086e+00,1.967100858688354492e+00,8.860579133033752441e-02
2.542670011520385742e+00,2.109843969345092773e+00,1.022519692778587341e-01
2.445064783096313477e+00,2.242035150527954102e+00,1.206170618534088135e-01
2.334860801696777344e+00,2.363919496536254883e+00,1.416755914688110352e-01
2.221370458602905273e+00,2.483505725860595703e+00,1.583922505378723145e-01
2.119058847427368164e+00,2.619027137756347656e+00,1.570928692817687988e-01
2.026386260986328125e+00,2.774621725082397461e+00,1.370683014392852783e-01
1.924799680709838867e+00,2.929437637329101562e+00,1.132620871067047119e-01
1.806595563888549805e+00,3.070366621017456055e+00,9.517798572778701782e-02
1.673523306846618652e+00,3.196017742156982422e+00,8.274435997009277344e-02
1.528133153915405273e+00,3.306706190109252930e+00,7.601999491453170776e-02
1.372489690780639648e+00,3.402415513992309570e+00,7.422623783349990845e-02
1.207857966423034668e+00,3.481431007385253906e+00,7.774534821510314941e-02
1.035697221755981445e+00,3.541989088058471680e+00,8.647531270980834961e-02
8.573142290115356445e-01,3.580724477767944336e+00,1.008982956409454346e-01
6.749490499496459961e-01,3.596169948577880859e+00,1.212294101715087891e-01
4.918482601642608643e-01,3.592784881591796875e+00,1.439778059720993042e-01
3.121205270290374756e-01,3.596013545989990234e+00,1.555636972188949585e-01
1.346722990274429321e-01,3.627787113189697266e+00,1.437661498785018921e-01
-4.537463560700416565e-02,3.668381929397583008e+00,1.208131685853004456e-01
-2.286415547132492065e-01,3.692452430725097656e+00,1.008838266134262085e-01
-4.130038917064666748e-01,3.694847822189331055e+00,8.744340389966964722e-02
-5.962514877319335938e-01,3.676246881484985352e+00,8.007462322711944580e-02
-7.764259576797485352e-01,3.638042688369750977e+00,7.780941575765609741e-02
-9.514290690422058105e-01,3.580286741256713867e+00,8.052505552768707275e-02
-1.119003176689147949e+00,3.502809524536132812e+00,8.757413178682327271e-02
-1.276076793670654297e+00,3.403750419616699219e+00,1.005301401019096375e-01
-1.419096708297729492e+00,3.281566143035888672e+00,1.202825456857681274e-01
-1.545166730880737305e+00,3.137362480163574219e+00,1.481403261423110962e-01
-1.666451215744018555e+00,2.999549388885498047e+00,1.673428118228912354e-01
-1.804587244987487793e+00,2.900345325469970703e+00,1.578761488199234009e-01
-1.952385187149047852e+00,2.817037820816040039e+00,1.331437379121780396e-01
-2.092406034469604492e+00,2.721064805984497070e+00,1.122366487979888916e-01
-2.219953775405883789e+00,2.609017372131347656e+00,9.828171133995056152e-02
-2.332934617996215820e+00,2.481861352920532227e+00,9.091143310070037842e-02
-2.431888580322265625e+00,2.343285560607910156e+00,8.854892849922180176e-02
-2.515036582946777344e+00,2.194189310073852539e+00,9.035795927047729492e-02
-2.582161664962768555e+00,2.036906957626342773e+00,9.599124640226364136e-02
-2.630210638046264648e+00,1.871479630470275879e+00,1.055607125163078308e-01
-2.656749010086059570e+00,1.698958992958068848e+00,1.206633225083351135e-01
-2.657219648361206055e+00,1.519573807716369629e+00,1.431814134120941162e-01
-2.639977455139160156e+00,1.341025352478027344e+00,1.684865504503250122e-01
-2.640104532241821289e+00,1.180670857429504395e+00,1.762831360101699829e-01
-2.664727926254272461e+00,1.036783218383789062e+00,1.650427430868148804e-01
-2.690458297729492188e+00,8.963105678558349609e-01,1.523893475532531738e-01
-2.703438758850097656e+00,7.543327212333679199e-01,1.463883966207504272e-01
-2.703229665756225586e+00,6.119713187217712402e-01,1.491110175848007202e-01
-2.696545124053955078e+00,4.716533124446868896e-01,1.536570787429809570e-01
-2.690092325210571289e+00,3.344306349754333496e-01,1.588729470968246460e-01
-2.684402704238891602e+00,1.995781660079956055e-01,1.610713899135589600e-01
-2.681987047195434570e+00,6.635794043540954590e-02,1.644375026226043701e-01
-2.685638904571533203e+00,-6.644812226295471191e-02,1.738780438899993896e-01
-2.689738750457763672e+00,-1.999753713607788086e-01,1.743829697370529175e-01
-2.695777416229248047e+00,-3.351372182369232178e-01,1.708575487136840820e-01
-2.706911087036132812e+00,-4.734669327735900879e-01,1.667419075965881348e-01
-2.723765850067138672e+00,-6.166203022003173828e-01,1.576766222715377808e-01
-2.748569726943969727e+00,-7.669260501861572266e-01,1.441744118928909302e-01
-2.776965379714965820e+00,-9.251297116279602051e-01,1.244259029626846313e-01
-2.797991037368774414e+00,-1.088632702827453613e+00,1.051630377769470215e-01
-2.802192926406860352e+00,-1.253158330917358398e+00,9.024529159069061279e-02
-2.789439678192138672e+00,-1.416947484016418457e+00,8.104066550731658936e-02
-2.761209726333618164e+00,-1.579042792320251465e+00,7.694237679243087769e-02
-2.717999696731567383e+00,-1.738127708435058594e+00,7.775247842073440552e-02
-2.659716129302978516e+00,-1.892473578453063965e+00,8.386182785034179688e-02
-2.585652112960815430e+00,-2.039661169052124023e+00,9.471063315868377686e-02
-2.495734453201293945e+00,-2.177349328994750977e+00,1.109838560223579407e-01
-2.391156673431396484e+00,-2.304038524627685547e+00,1.309879273176193237e-01
-2.277588367462158203e+00,-2.422981739044189453e+00,1.514632254838943481e-01
-2.168250322341918945e+00,-2.548252105712890625e+00,1.605599373579025269e-01
-2.072651624679565430e+00,-2.695376396179199219e+00,1.486314237117767334e-01
-1.977601885795593262e+00,-2.853421688079833984e+00,1.246993467211723328e-01
-1.867707610130310059e+00,-3.001792192459106445e+00,1.034475862979888916e-01
-1.741770505905151367e+00,-3.135122537612915039e+00,8.826406300067901611e-02
-1.602198362350463867e+00,-3.253163099288940430e+00,7.870030403137207031e-02
-1.451525807380676270e+00,-3.356555700302124023e+00,7.452437281608581543e-02
-1.291197657585144043e+00,-3.444081306457519531e+00,7.528653740882873535e-02
-1.122653126716613770e+00,-3.514236927032470703e+00,8.148340880870819092e-02
-9.471613168716430664e-01,-3.564227581024169922e+00,9.289543330669403076e-02
-7.664670944213867188e-01,-3.591377973556518555e+00,1.104217991232872009e-01
-5.832056999206542969e-01,-3.595815896987915039e+00,1.328295469284057617e-01
-4.014382660388946533e-01,-3.591380357742309570e+00,1.523950845003128052e-01
-2.234557420015335083e-01,-3.608700513839721680e+00,1.523234397172927856e-01
-4.513670131564140320e-02,-3.649091482162475586e+00,1.324623078107833862e-01
1.367266923189163208e-01,-3.683110952377319336e+00,1.101280003786087036e-01
3.208292424678802490e-01,-3.696346282958984375e+00,9.329959750175476074e-02
5.048919916152954102e-01,-3.688066720962524414e+00,8.312284201383590698e-02
6.868491172790527344e-01,-3.659570932388305664e+00,7.826431840658187866e-02
8.647054433822631836e-01,-3.611594200134277344e+00,7.864419370889663696e-02
1.036316871643066406e+00,-3.544109106063842773e+00,8.340608328580856323e-02
1.199059009552001953e+00,-3.456071615219116211e+00,9.328816086053848267e-02
1.349614977836608887e+00,-3.345706701278686523e+00,1.093626767396926880e-01
1.484080672264099121e+00,-3.211381196975708008e+00,1.336081922054290771e-01
1.604755997657775879e+00,-3.064690589904785156e+00,1.606634557247161865e-01
1.733028650283813477e+00,-2.945336341857910156e+00,1.660967618227005005e-01
1.878705859184265137e+00,-2.859285116195678711e+00,1.458081305027008057e-01
2.023806571960449219e+00,-2.771089792251586914e+00,1.217844411730766296e-01
2.157933235168457031e+00,-2.667071819305419922e+00,1.044180765748023987e-01
2.278229713439941406e+00,-2.547074079513549805e+00,9.383273869752883911e-02
2.384241104125976562e+00,-2.413914442062377930e+00,8.921544998884201050e-02
2.475497245788574219e+00,-2.269941091537475586e+00,8.891991525888442993e-02
2.550676107406616211e+00,-2.116486310958862305e+00,9.275279194116592407e-02
2.608821153640747070e+00,-1.955228209495544434e+00,1.001748219132423401e-01
2.646292686462402344e+00,-1.786005735397338867e+00,1.123373582959175110e-01
2.660556077957153320e+00,-1.610090017318725586e+00,1.308786720037460327e-01
2.648752450942993164e+00,-1.428977370262145996e+00,1.566096395254135132e-01
2.636191844940185547e+00,-1.258066296577453613e+00,1.755691468715667725e-01
2.650718927383422852e+00,-1.107579112052917480e+00,1.718405485153198242e-01
2.678734302520751953e+00,-9.666493535041809082e-01,1.582007557153701782e-01
2.698798894882202148e+00,-8.255110979080200195e-01,1.482237279415130615e-01
2.704669237136840820e+00,-6.830422282218933105e-01,1.470085531473159790e-01
2.700168371200561523e+00,-5.414373278617858887e-01,1.514359414577484131e-01
2.693128347396850586e+00,-4.026795923709869385e-01,1.561950296163558960e-01
2.687182903289794922e+00,-2.667620778083801270e-01,1.606295257806777954e-01
2.682384490966796875e+00,-1.328168511390686035e-01,1.616705954074859619e-01
2.683357477188110352e+00,4.691731305683788378e-07,1.693455725908279419e-01
2.591881513595581055e+00,0.000000000000000000e+00,1.042162999510765076e-01
2.595877408981323242e+00,1.285330653190612793e-01,1.117662042379379272e-01
2.600382566452026367e+00,2.581451535224914551e-01,1.096625104546546936e-01
2.608983516693115234e+00,3.900985121726989746e-01,1.091819852590560913e-01
2.622800111770629883e+00,5.259241461753845215e-01,1.066870465874671936e-01
2.645467042922973633e+00,6.680909991264343262e-01,1.020497381687164307e-01
2.679705619812011719e+00,8.196710348129272461e-01,9.301253408193588257e-02
2.721643209457397461e+00,9.821339845657348633e-01,7.869625836610794067e-02
2.753854751586914062e+00,1.150673031806945801e+00,6.427577883005142212e-02
2.763440847396850586e+00,1.318793058395385742e+00,5.262170359492301941e-02
2.752431392669677734e+00,1.484911561012268066e+00,4.543985798954963684e-02
2.723422527313232422e+00,1.648135662078857422e+00,4.141096398234367371e-02
2.678262233734130859e+00,1.807582139968872070e+00,4.139090329408645630e-02
2.616991043090820312e+00,1.961351752281188965e+00,4.429683089256286621e-02
2.539726734161376953e+00,2.107401609420776367e+00,5.033295974135398865e-02
2.446381807327270508e+00,2.243242740631103516e+00,5.884303525090217590e-02
2.337568283081054688e+00,2.366660833358764648e+00,6.946656852960586548e-02
2.217022418975830078e+00,2.478644609451293945e+00,8.109178394079208374e-02
2.095226287841796875e+00,2.589571475982666016e+00,8.908420801162719727e-02
1.987614631652832031e+00,2.721534013748168945e+00,8.684322983026504517e-02
1.890313625335693359e+00,2.876951694488525391e+00,7.390356063842773438e-02
1.783074736595153809e+00,3.030392169952392578e+00,5.990134924650192261e-02
1.658301830291748047e+00,3.166948556900024414e+00,4.907239601016044617e-02
1.518578886985778809e+00,3.286031723022460938e+00,4.224084690213203430e-02
1.366632938385009766e+00,3.387896537780761719e+00,3.897416964173316956e-02
1.204872131347656250e+00,3.472824811935424805e+00,3.902756422758102417e-02
1.034857869148254395e+00,3.539118289947509766e+00,4.216507449746131897e-02
8.583956956863403320e-01,3.585241317749023438e+00,4.767575114965438843e-02
6.772515773773193359e-01,3.608438014984130859e+00,5.586342886090278625e-02
4.939021766185760498e-01,3.607788085937500000e+00,6.597358733415603638e-02
3.116891682147979736e-01,3.591043949127197266e+00,7.647676765918731689e-02
1.331803947687149048e-01,3.587598562240600586e+00,7.932809740304946899e-02
-4.471841454505920410e-02,3.615328550338745117e+00,7.090003043413162231e-02
-2.258985787630081177e-01,3.648154735565185547e+00,5.820847302675247192e-02
-4.093993008136749268e-01,3.662600278854370117e+00,4.811916872859001160e-02
-5.926653146743774414e-01,3.654136180877685547e+00,4.186841845512390137e-02
-7.733817696571350098e-01,3.623778820037841797e+00,3.907078132033348083e-02
-9.495381116867065430e-01,3.573171138763427734e+00,3.921081498265266418e-02
-1.118930220603942871e+00,3.502581357955932617e+00,4.131591692566871643e-02
-1.279370903968811035e+00,3.412537097930908203e+00,4.537020996212959290e-02
-1.427634954452514648e+00,3.301310062408447266e+00,5.123737081885337830e-02
-1.560329556465148926e+00,3.168149709701538086e+00,6.029784679412841797e-02
-1.675444483757019043e+00,3.015736818313598633e+00,7.227274775505065918e-02
-1.787720203399658203e+00,2.873236417770385742e+00,7.986161857843399048e-02
-1.917951464653015137e+00,2.767354488372802734e+00,7.463350892066955566e-02
-2.058357477188110352e+00,2.676786422729492188e+00,6.298882514238357544e-02
-2.191480636596679688e+00,2.575554370880126953e+00,5.339878425002098083e-02
-2.311370611190795898e+00,2.458920955657958984e+00,4.723454266786575317e-02
-2.415924787521362305e+00,2.327903270721435547e+00,4.486476257443428040e-02
-2.505236625671386719e+00,2.185639381408691406e+00,4.449695721268653870e-02
-2.578276157379150391e+00,2.033841848373413086e+00,4.638549685478210449e-02
-2.634340047836303711e+00,1.874417901039123535e+00,4.896591603755950928e-02
-2.671478748321533203e+00,1.708378434181213379e+00,5.304791778326034546e-02
-2.686517238616943359e+00,1.536328077316284180e+00,5.862808972597122192e-02
-2.674342870712280273e+00,1.358481884002685547e+00,6.788299977779388428e-02
-2.637062549591064453e+00,1.179310441017150879e+00,8.081305772066116333e-02
-2.609647035598754883e+00,1.015352606773376465e+00,8.841535449028015137e-02
-2.610560894012451172e+00,8.696932196617126465e-01,8.824926614761352539e-02
-2.615657567977905273e+00,7.298393845558166504e-01,8.696293085813522339e-02
-2.613187789916992188e+00,5.915871858596801758e-01,8.951660245656967163e-02
-2.606081008911132812e+00,4.558302164077758789e-01,9.189855307340621948e-02
-2.599341869354248047e+00,3.231485784053802490e-01,9.525462239980697632e-02
-2.593776464462280273e+00,1.928403526544570923e-01,9.585051238536834717e-02
-2.590836763381958008e+00,6.410269439220428467e-02,9.878966212272644043e-02
-2.593877315521240234e+00,-6.417775899171829224e-02,1.094715595245361328e-01
-2.597820520401000977e+00,-1.931414753198623657e-01,1.110813543200492859e-01
-2.604091644287109375e+00,-3.237389326095581055e-01,1.091732233762741089e-01
-2.615078687667846680e+00,-4.574044942855834961e-01,1.084414273500442505e-01
-2.632774829864501953e+00,-5.960212349891662598e-01,1.045262739062309265e-01
-2.661110639572143555e+00,-7.425225377082824707e-01,9.843466430902481079e-02
-2.700529813766479492e+00,-8.996656537055969238e-01,8.612902462482452393e-02
-2.740231990814208984e+00,-1.066159963607788086e+00,7.132849842309951782e-02
-2.761505365371704102e+00,-1.234962582588195801e+00,5.788842961192131042e-02
-2.760293006896972656e+00,-1.402141809463500977e+00,4.857740923762321472e-02
-2.740051746368408203e+00,-1.566943287849426270e+00,4.299131780862808228e-02
-2.702807664871215820e+00,-1.728412628173828125e+00,4.092125594615936279e-02
-2.649670124053955078e+00,-1.885325431823730469e+00,4.252650588750839233e-02
-2.580324649810791016e+00,-2.035458564758300781e+00,4.689407348632812500e-02
-2.495094537734985352e+00,-2.176790952682495117e+00,5.436906963586807251e-02
-2.393744707107543945e+00,-2.306532144546508789e+00,6.385451555252075195e-02
-2.278361558914184570e+00,-2.423804283142089844e+00,7.539582252502441406e-02
-2.155201196670532227e+00,-2.532916069030761719e+00,8.591976016759872437e-02
-2.039181232452392578e+00,-2.651849985122680664e+00,8.960864692926406860e-02
-1.938968181610107422e+00,-2.797678232192993164e+00,8.115444332361221313e-02
-1.838859677314758301e+00,-2.955427646636962891e+00,6.656157225370407104e-02
-1.722753643989562988e+00,-3.100892782211303711e+00,5.405552685260772705e-02
-1.590138554573059082e+00,-3.228676557540893555e+00,4.512121528387069702e-02
-1.443956613540649414e+00,-3.339052438735961914e+00,4.023964330554008484e-02
-1.286880612373352051e+00,-3.432566165924072266e+00,3.853573650121688843e-02
-1.120784282684326172e+00,-3.508387088775634766e+00,4.031317681074142456e-02
-9.473285079002380371e-01,-3.564857006072998047e+00,4.456785693764686584e-02
-7.682755589485168457e-01,-3.599851608276367188e+00,5.150134116411209106e-02
-5.856665968894958496e-01,-3.610988855361938477e+00,6.066862493753433228e-02
-4.024116396903991699e-01,-3.600088357925415039e+00,7.155068963766098022e-02
-2.220164090394973755e-01,-3.585455894470214844e+00,7.939778268337249756e-02
-4.451110213994979858e-02,-3.598514795303344727e+00,7.622428238391876221e-02
1.348742842674255371e-01,-3.633211135864257812e+00,6.453313678503036499e-02
3.175146877765655518e-01,-3.658158302307128906e+00,5.264740809798240662e-02
5.012226700782775879e-01,-3.661263465881347656e+00,4.456411674618721008e-02
6.834595799446105957e-01,-3.641511201858520508e+00,4.003177583217620850e-02
8.621760010719299316e-01,-3.601029396057128906e+00,3.886428847908973694e-02
1.035194396972656250e+00,-3.540270566940307617e+00,4.001498967409133911e-02
1.200460314750671387e+00,-3.460110664367675781e+00,4.312698543071746826e-02
1.355217456817626953e+00,-3.359595298767089844e+00,4.802120104432106018e-02
1.496201753616333008e+00,-3.237609863281250000e+00,5.527715012431144714e-02
1.619738101959228516e+00,-3.093302726745605469e+00,6.617058068513870239e-02
1.730235934257507324e+00,-2.940590143203735352e+00,7.735533267259597778e-02
1.850339412689208984e+00,-2.816112995147705078e+00,7.882219552993774414e-02
1.988235950469970703e+00,-2.722384929656982422e+00,6.883449107408523560e-02
2.126389026641845703e+00,-2.628085136413574219e+00,5.782146006822586060e-02
2.253257989883422852e+00,-2.519155740737915039e+00,4.979391768574714661e-02
2.365586757659912109e+00,-2.395027875900268555e+00,4.571083933115005493e-02
2.462500095367431641e+00,-2.258023262023925781e+00,4.442513734102249146e-02
2.543874979019165039e+00,-2.110843181610107422e+00,4.522297531366348267e-02
2.608455896377563477e+00,-1.954954624176025391e+00,4.762821272015571594e-02
2.655517578125000000e+00,-1.792231559753417969e+00,5.073481798171997070e-02
2.681935310363769531e+00,-1.623028039932250977e+00,5.567624047398567200e-02
2.684318542480468750e+00,-1.448164939880371094e+00,6.250381469726562500e-02
2.657303571701049805e+00,-1.268141269683837891e+00,7.441883534193038940e-02
2.619607686996459961e+00,-1.094579577445983887e+00,8.570269495248794556e-02
2.607730865478515625e+00,-9.410270452499389648e-01,8.904079347848892212e-02
2.613988399505615234e+00,-7.995691895484924316e-01,8.717316389083862305e-02
2.615243673324584961e+00,-6.604585647583007812e-01,8.797311782836914062e-02
2.609930992126464844e+00,-5.233429670333862305e-01,9.079065918922424316e-02
2.602417945861816406e+00,-3.891164958477020264e-01,9.345466643571853638e-02
2.596548557281494141e+00,-2.577646076679229736e-01,9.616625308990478516e-02
2.591551303863525391e+00,-1.283192783594131470e-01,9.598655998706817627e-02
2.591882228851318359e+00,4.531790693818038562e-07,1.042163074016571045e-01
2.535722494125366211e+00,0.000000000000000000e+00,-8.054465183704451192e-08
2.537574291229248047e+00,1.256462335586547852e-01,8.460558950901031494e-03
2.541934013366699219e+00,2.523428499698638916e-01,7.255465723574161530e-03
2.548420906066894531e+00,3.810431063175201416e-01,8.739205077290534973e-03
2.557667016983032227e+00,5.128636360168457031e-01,9.679569862782955170e-03
2.571817398071289062e+00,6.494913697242736816e-01,1.114974264055490494e-02
2.593817949295043945e+00,7.933996319770812988e-01,1.198349893093109131e-02
2.632962942123413086e+00,9.501327276229858398e-01,1.079927105456590652e-02
2.684112787246704102e+00,1.121531963348388672e+00,8.486575447022914886e-03
2.717360019683837891e+00,1.296802043914794922e+00,4.628038033843040466e-03
2.722054958343505859e+00,1.468523859977722168e+00,1.688329735770821571e-03
2.704027891159057617e+00,1.636398673057556152e+00,-7.279548444785177708e-04
2.666379451751708984e+00,1.799562215805053711e+00,-1.051023951731622219e-03
2.611696004867553711e+00,1.957383155822753906e+00,-2.563326852396130562e-04
2.540186643600463867e+00,2.107783317565917969e+00,1.843908568844199181e-03
2.452742338180541992e+00,2.249074935913085938e+00,4.319590050727128983e-03
2.349261999130249023e+00,2.378500223159790039e+00,6.613328121602535248e-03
2.230769872665405273e+00,2.494014263153076172e+00,8.472973480820655823e-03
2.100858688354492188e+00,2.596532821655273438e+00,9.092822670936584473e-03
1.971038222312927246e+00,2.698836803436279297e+00,8.864392526447772980e-03
1.857741475105285645e+00,2.827378749847412109e+00,7.146706338971853256e-03
1.754757761955261230e+00,2.982266426086425781e+00,5.027810577303171158e-03
1.640299916267395020e+00,3.132569313049316406e+00,2.426080172881484032e-03
1.507984638214111328e+00,3.263107061386108398e+00,5.278627504594624043e-04
1.361005544662475586e+00,3.373946189880371094e+00,-4.918915219604969025e-04
1.202389359474182129e+00,3.465668916702270508e+00,-2.755851019173860550e-04
1.034786462783813477e+00,3.538874387741088867e+00,9.181873756460845470e-04
8.600460886955261230e-01,3.592134475708007812e+00,2.261640038341283798e-03
6.802765130996704102e-01,3.624555110931396484e+00,3.468972863629460335e-03
4.974438548088073730e-01,3.633658885955810547e+00,3.580129472538828850e-03
3.141710460186004639e-01,3.619638204574584961e+00,3.021135460585355759e-03
1.333630084991455078e-01,3.592517614364624023e+00,1.373603241518139839e-03
-4.432862624526023865e-02,3.583815574645996094e+00,-4.435396404005587101e-04
-2.232968658208847046e-01,3.606138467788696289e+00,-2.302912995219230652e-03
-4.056825935840606689e-01,3.629349470138549805e+00,-3.412534017115831375e-03
-5.890926718711853027e-01,3.632108449935913086e+00,-3.628508420661091805e-03
-7.706760764122009277e-01,3.611101150512695312e+00,-2.981103491038084030e-03
-9.481710195541381836e-01,3.568026304244995117e+00,-1.545177656225860119e-03
-1.119603872299194336e+00,3.504690170288085938e+00,-3.027901984751224518e-04
-1.282953619956970215e+00,3.422093391418457031e+00,5.935864173807203770e-04
-1.436146259307861328e+00,3.320991992950439453e+00,6.505202327389270067e-05
-1.576181292533874512e+00,3.200335502624511719e+00,-1.320247072726488113e-03
-1.699826478958129883e+00,3.059623479843139648e+00,-3.752152901142835617e-03
-1.806441545486450195e+00,2.903325557708740234e+00,-6.125729996711015701e-03
-1.911940693855285645e+00,2.758681774139404297e+00,-8.128114975988864899e-03
-2.034727811813354492e+00,2.646057367324829102e+00,-9.158221073448657990e-03
-2.166836023330688477e+00,2.546590328216552734e+00,-8.870330639183521271e-03
-2.291729688644409180e+00,2.438025951385498047e+00,-7.717012427747249603e-03
-2.403016328811645508e+00,2.315465211868286133e+00,-5.427958909422159195e-03
-2.498425245285034180e+00,2.179697275161743164e+00,-3.158543957397341728e-03
-2.578004360198974609e+00,2.033627510070800781e+00,-6.021552835591137409e-04
-2.641129732131958008e+00,1.879249095916748047e+00,7.372458931058645248e-04
-2.687446594238281250e+00,1.718589663505554199e+00,1.153976772911846638e-03
-2.715672731399536133e+00,1.553001046180725098e+00,-3.268223663326352835e-04
-2.722882032394409180e+00,1.383138298988342285e+00,-3.075991524383425713e-03
-2.704435586929321289e+00,1.209439992904663086e+00,-6.531910970807075500e-03
-2.658806085586547852e+00,1.034479260444641113e+00,-9.940716437995433807e-03
-2.610729455947875977e+00,8.697493672370910645e-01,-1.144582871347665787e-02
-2.581404924392700195e+00,7.202820181846618652e-01,-1.196066662669181824e-02
-2.564009189605712891e+00,5.804538726806640625e-01,-1.015352830290794373e-02
-2.552587985992431641e+00,4.464737474918365479e-01,-9.477424435317516327e-03
-2.544894933700561523e+00,3.163797855377197266e-01,-7.590021006762981415e-03
-2.539506673812866211e+00,1.888055354356765747e-01,-8.150305598974227905e-03
-2.536221981048583984e+00,6.275141239166259766e-02,-5.741964094340801239e-03
-2.536221981048583984e+00,-6.275124847888946533e-02,5.741744302213191986e-03
-2.539506673812866211e+00,-1.888059973716735840e-01,8.150110952556133270e-03
-2.544894933700561523e+00,-3.163796067237854004e-01,7.589875720441341400e-03
-2.552587985992431641e+00,-4.464742243289947510e-01,9.477320127189159393e-03
-2.564008951187133789e+00,-5.804536938667297363e-01,1.015340443700551987e-02
-2.581404924392700195e+00,-7.202824950218200684e-01,1.196056045591831207e-02
-2.610729217529296875e+00,-8.697491288185119629e-01,1.144571136683225632e-02
-2.658806085586547852e+00,-1.034479141235351562e+00,9.940646588802337646e-03
-2.704434871673583984e+00,-1.209440350532531738e+00,6.531815510243177414e-03
-2.722882032394409180e+00,-1.383138298988342285e+00,3.075944958254694939e-03
-2.715672492980957031e+00,-1.553001523017883301e+00,3.267347929067909718e-04
-2.687446594238281250e+00,-1.718589425086975098e+00,-1.154088997282087803e-03
-2.641129970550537109e+00,-1.879248857498168945e+00,-7.373781409114599228e-04
-2.578004360198974609e+00,-2.033627986907958984e+00,6.020235014148056507e-04
-2.498425722122192383e+00,-2.179697275161743164e+00,3.158448264002799988e-03
-2.403016090393066406e+00,-2.315465688705444336e+00,5.427903961390256882e-03
-2.291728973388671875e+00,-2.438024997711181641e+00,7.716909982264041901e-03
-2.166836023330688477e+00,-2.546589851379394531e+00,8.870224468410015106e-03
-2.034727096557617188e+00,-2.646057605743408203e+00,9.158085100352764130e-03
-1.911940813064575195e+00,-2.758681297302246094e+00,8.127978071570396423e-03
-1.806441783905029297e+00,-2.903325319290161133e+00,6.125624757260084152e-03
-1.699826002120971680e+00,-3.059623718261718750e+00,3.752071177586913109e-03
-1.576180934906005859e+00,-3.200336456298828125e+00,1.320187584497034550e-03
-1.436146616935729980e+00,-3.320992231369018555e+00,-6.512862455565482378e-05
-1.282954335212707520e+00,-3.422093391418457031e+00,-5.937005043961107731e-04
-1.119603276252746582e+00,-3.504689931869506836e+00,3.027431666851043701e-04
-9.481708407402038574e-01,-3.568026542663574219e+00,1.545078004710376263e-03
-7.706763148307800293e-01,-3.611100912094116211e+00,2.981004770845174789e-03
-5.890919566154479980e-01,-3.632108211517333984e+00,3.628416685387492180e-03
-4.056823849678039551e-01,-3.629349470138549805e+00,3.412430873140692711e-03
-2.232970893383026123e-01,-3.606138467788696289e+00,2.302798442542552948e-03
-4.432928562164306641e-02,-3.583815813064575195e+00,4.433846916072070599e-04
1.333636343479156494e-01,-3.592517614364624023e+00,-1.373772742226719856e-03
3.141712546348571777e-01,-3.619637966156005859e+00,-3.021239303052425385e-03
4.974435865879058838e-01,-3.633658647537231445e+00,-3.580247284844517708e-03
6.802771687507629395e-01,-3.624555349349975586e+00,-3.469079965725541115e-03
8.600462675094604492e-01,-3.592134237289428711e+00,-2.261742949485778809e-03
1.034786224365234375e+00,-3.538874626159667969e+00,-9.182748617604374886e-04
1.202388882637023926e+00,-3.465669393539428711e+00,2.754817251116037369e-04
1.361006259918212891e+00,-3.373945713043212891e+00,4.917783080600202084e-04
1.507984876632690430e+00,-3.263107061386108398e+00,-5.279160686768591404e-04
1.640299439430236816e+00,-3.132569789886474609e+00,-2.426122082397341728e-03
1.754758000373840332e+00,-2.982266187667846680e+00,-5.027902778238058090e-03
1.857741594314575195e+00,-2.827378749847412109e+00,-7.146837189793586731e-03
1.971038103103637695e+00,-2.698836803436279297e+00,-8.864586241543292999e-03
2.100859403610229492e+00,-2.596532106399536133e+00,-9.092897176742553711e-03
2.230770111083984375e+00,-2.494014263153076172e+00,-8.473056368529796600e-03
2.349262237548828125e+00,-2.378500223159790039e+00,-6.613433826714754105e-03
2.452742099761962891e+00,-2.249075412750244141e+00,-4.319667816162109375e-03
2.540186643600463867e+00,-2.107782602310180664e+00,-1.843958161771297455e-03
2.611696004867553711e+00,-1.957382917404174805e+00,2.563024172559380531e-04
2.666379451751708984e+00,-1.799562335014343262e+00,1.050944323651492596e-03
2.704027891159057617e+00,-1.636397838592529297e+00,7.278167759068310261e-04
2.722054958343505859e+00,-1.468523383140563965e+00,-1.688363612629473209e-03
2.717360019683837891e+00,-1.296802043914794922e+00,-4.628120921552181244e-03
2.684112071990966797e+00,-1.121532201766967773e+00,-8.486661128699779510e-03
2.632962942123413086e+00,-9.501322507858276367e-01,-1.079941075295209885e-02
2.593817234039306641e+00,-7.933992147445678711e-01,-1.198365818709135056e-02
2.571817874908447266e+00,-6.494917273521423340e-01,-1.114997733384370804e-02
2.557666540145874023e+00,-5.128629207611083984e-01,-9.679735638201236725e-03
2.548421382904052734e+00,-3.810428380966186523e-01,-8.739306591451168060e-03
2.541934013366699219e+00,-2.523429095745086670e-01,-7.255565375089645386e-03
2.537574529647827148e+00,-1.256466507911682129e-01,-8.460685610771179199e-03
2.535722494125366211e+00,4.433597950992407277e-07,8.016624519768811297e-08
