x,y,z
1.300427317619323730e+00,0.000000000000000000e+00,0.000000000000000000e+00
1.298225760459899902e+00,6.428074091672897339e-02,8.438540622591972351e-03
1.291642785072326660e+00,1.282239556312561035e-01,1.675849594175815582e-02
1.280740380287170410e+00,1.914979219436645508e-01,2.484443038702011108e-02
1.265621185302734375e+00,2.537825107574462891e-01,3.258702531456947327e-02
1.246423959732055664e+00,3.147741556167602539e-01,3.988570719957351685e-02
1.223320126533508301e+00,3.741903901100158691e-01,4.665083810687065125e-02
1.196508765220642090e+00,4.317729771137237549e-01,5.280521884560585022e-02
1.166212081909179688e+00,4.872910678386688232e-01,5.828527361154556274e-02
1.132670879364013672e+00,5.405429601669311523e-01,6.304113566875457764e-02
1.096138358116149902e+00,5.913565754890441895e-01,6.703676283359527588e-02
1.056876540184020996e+00,6.395907998085021973e-01,7.024914026260375977e-02
1.015152215957641602e+00,6.851348876953125000e-01,7.266721874475479126e-02
9.712319374084472656e-01,7.279074788093566895e-01,7.429091632366180420e-02
9.253808856010437012e-01,7.678579092025756836e-01,7.512975484132766724e-02
8.778557777404785156e-01,8.049616217613220215e-01,7.520145177841186523e-02
8.289061188697814941e-01,8.392223715782165527e-01,7.453119754791259766e-02
7.787685990333557129e-01,8.706680536270141602e-01,7.315008342266082764e-02
7.276650071144104004e-01,8.993494510650634766e-01,7.109497487545013428e-02
6.758009195327758789e-01,9.253379702568054199e-01,6.840714812278747559e-02
6.233619451522827148e-01,9.487220644950866699e-01,6.513193249702453613e-02
5.705121755599975586e-01,9.696035981178283691e-01,6.131802126765251160e-02
5.173946022987365723e-01,9.880964159965515137e-01,5.701653659343719482e-02
4.641276001930236816e-01,1.004319310188293457e+00,5.228018388152122498e-02
4.108063578605651855e-01,1.018393039703369141e+00,4.716243594884872437e-02
3.575034141540527344e-01,1.030438661575317383e+00,4.171621799468994141e-02
3.042685687541961670e-01,1.040570497512817383e+00,3.599303960800170898e-02
2.511312961578369141e-01,1.048894286155700684e+00,3.004224970936775208e-02
1.981029063463211060e-01,1.055504441261291504e+00,2.391012758016586304e-02
1.451784819364547729e-01,1.060479640960693359e+00,1.763974130153656006e-02
9.234113991260528564e-02,1.063883900642395020e+00,1.127105019986629486e-02
3.956361860036849976e-02,1.065760254859924316e+00,4.841218702495098114e-03
-1.318713184446096420e-02,1.066133856773376465e+00,-1.614455366507172585e-03
-6.594686955213546753e-02,1.065010666847229004e+00,-8.061541244387626648e-03
-1.187505125999450684e-01,1.062375068664550781e+00,-1.446532644331455231e-02
-1.716285198926925659e-01,1.058192372322082520e+00,-2.078965492546558380e-02
-2.246036231517791748e-01,1.052408933639526367e+00,-2.699610218405723572e-02
-2.776867151260375977e-01,1.044952392578125000e+00,-3.304313123226165771e-02
-3.308753371238708496e-01,1.035737276077270508e+00,-3.888610005378723145e-02
-3.841491639614105225e-01,1.024662375450134277e+00,-4.447710514068603516e-02
-4.374687373638153076e-01,1.011617183685302734e+00,-4.976567998528480530e-02
-4.907732903957366943e-01,9.964838624000549316e-01,-5.469937622547149658e-02
-5.439789295196533203e-01,9.791415333747863770e-01,-5.922492220997810364e-02
-5.969791412353515625e-01,9.594690799713134766e-01,-6.328919529914855957e-02
-6.496425271034240723e-01,9.373496174812316895e-01,-6.683996319770812988e-02
-7.018161416053771973e-01,9.126752614974975586e-01,-6.982739269733428955e-02
-7.533246278762817383e-01,8.853504657745361328e-01,-7.220430672168731689e-02
-8.039715886116027832e-01,8.552944064140319824e-01,-7.392730563879013062e-02
-8.535439968109130859e-01,8.224461078643798828e-01,-7.495725154876708984e-02
-9.018114805221557617e-01,7.867659330368041992e-01,-7.526008784770965576e-02
-9.485316276550292969e-01,7.482376694679260254e-01,-7.480747997760772705e-02
-9.934497475624084473e-01,7.068715095520019531e-01,-7.357798516750335693e-02
-1.036305427551269531e+00,6.627048254013061523e-01,-7.155770808458328247e-02
-1.076831936836242676e+00,6.158035993576049805e-01,-6.874182075262069702e-02
-1.114762187004089355e+00,5.662640929222106934e-01,-6.513572484254837036e-02
-1.149831652641296387e+00,5.142117142677307129e-01,-6.075626611709594727e-02
-1.181781411170959473e+00,4.598034918308258057e-01,-5.563299357891082764e-02
-1.210364460945129395e+00,4.032258689403533936e-01,-4.980865120887756348e-02
-1.235348582267761230e+00,3.446957468986511230e-01,-4.334007948637008667e-02
-1.256522655487060547e+00,2.844581902027130127e-01,-3.629773855209350586e-02
-1.273700237274169922e+00,2.227831929922103882e-01,-2.876516059041023254e-02
-1.286725640296936035e+00,1.599649488925933838e-01,-2.083772979676723480e-02
-1.295478940010070801e+00,9.631539136171340942e-02,-1.262065768241882324e-02
-1.299876451492309570e+00,3.216164559125900269e-02,-4.226733930408954620e-03
-1.299876451492309570e+00,-3.216156363487243652e-02,4.226723685860633850e-03
-1.295478940010070801e+00,-9.631562232971191406e-02,1.262068841606378555e-02
-1.286725878715515137e+00,-1.599648892879486084e-01,2.083772234618663788e-02
-1.273700118064880371e+00,-2.227834165096282959e-01,2.876518853008747101e-02
-1.256522536277770996e+00,-2.844581007957458496e-01,3.629773110151290894e-02
-1.235348343849182129e+00,-3.446959257125854492e-01,4.334010928869247437e-02
-1.210364580154418945e+00,-4.032258391380310059e-01,4.980865120887756348e-02
-1.181781411170959473e+00,-4.598034322261810303e-01,5.563298612833023071e-02
-1.149831533432006836e+00,-5.142118930816650391e-01,6.075628846883773804e-02
-1.114762187004089355e+00,-5.662640333175659180e-01,6.513572484254837036e-02
-1.076831817626953125e+00,-6.158038377761840820e-01,6.874183565378189087e-02
-1.036305546760559082e+00,-6.627047657966613770e-01,7.155771553516387939e-02
-9.934498071670532227e-01,-7.068714499473571777e-01,7.357800006866455078e-02
-9.485314488410949707e-01,-7.482377886772155762e-01,7.480749487876892090e-02
-9.018115401268005371e-01,-7.867658734321594238e-01,7.526009529829025269e-02
-8.535439372062683105e-01,-8.224463462829589844e-01,7.495725154876708984e-02
-8.039715886116027832e-01,-8.552943468093872070e-01,7.392730563879013062e-02
-7.533246874809265137e-01,-8.853504061698913574e-01,7.220430672168731689e-02
-7.018159627914428711e-01,-9.126753807067871094e-01,6.982738524675369263e-02
-6.496425867080688477e-01,-9.373495578765869141e-01,6.683996319770812988e-02
-5.969792008399963379e-01,-9.594690203666687012e-01,6.328919529914855957e-02
-5.439787507057189941e-01,-9.791416525840759277e-01,5.922491848468780518e-02
-4.907731413841247559e-01,-9.964839816093444824e-01,5.469936877489089966e-02
-4.374688565731048584e-01,-1.011617302894592285e+00,4.976568371057510376e-02
-3.841493427753448486e-01,-1.024662256240844727e+00,4.447710886597633362e-02
-3.308751881122589111e-01,-1.035737276077270508e+00,3.888608142733573914e-02
-2.776866555213928223e-01,-1.044952392578125000e+00,3.304312005639076233e-02
-2.246037125587463379e-01,-1.052408933639526367e+00,2.699610963463783264e-02
-1.716282963752746582e-01,-1.058192372322082520e+00,2.078963816165924072e-02
-1.187504380941390991e-01,-1.062375068664550781e+00,1.446531526744365692e-02
-6.594693660736083984e-02,-1.065010666847229004e+00,8.061547763645648956e-03
-1.318732742220163345e-02,-1.066133856773376465e+00,1.614479348063468933e-03
3.956380486488342285e-02,-1.065760254859924316e+00,-4.841242451220750809e-03
9.234119206666946411e-02,-1.063883781433105469e+00,-1.127105765044689178e-02
1.451784223318099976e-01,-1.060479640960693359e+00,-1.763973198831081390e-02
1.981030851602554321e-01,-1.055504441261291504e+00,-2.391014620661735535e-02
2.511313557624816895e-01,-1.048894286155700684e+00,-3.004226088523864746e-02
3.042685091495513916e-01,-1.040570616722106934e+00,-3.599303588271141052e-02
3.575032353401184082e-01,-1.030438661575317383e+00,-4.171618446707725525e-02
4.108066260814666748e-01,-1.018393039703369141e+00,-4.716245457530021667e-02
4.641276597976684570e-01,-1.004319310188293457e+00,-5.228019133210182190e-02
5.173944234848022461e-01,-9.880964756011962891e-01,-5.701651424169540405e-02
5.705124139785766602e-01,-9.696036577224731445e-01,-6.131802499294281006e-02
6.233620643615722656e-01,-9.487221837043762207e-01,-6.513193249702453613e-02
6.758009195327758789e-01,-9.253380298614501953e-01,-6.840714812278747559e-02
7.276653051376342773e-01,-8.993492722511291504e-01,-7.109500467777252197e-02
7.787687778472900391e-01,-8.706680536270141602e-01,-7.315009087324142456e-02
8.289061188697814941e-01,-8.392223715782165527e-01,-7.453119754791259766e-02
8.778556585311889648e-01,-8.049618005752563477e-01,-7.520145177841186523e-02
9.253809452056884766e-01,-7.678576707839965820e-01,-7.512974739074707031e-02
9.712319374084472656e-01,-7.279074192047119141e-01,-7.429091632366180420e-02
1.015151977539062500e+00,-6.851348280906677246e-01,-7.266722619533538818e-02
1.056876659393310547e+00,-6.395905613899230957e-01,-7.024912536144256592e-02
1.096138358116149902e+00,-5.913564562797546387e-01,-6.703675538301467896e-02
1.132670879364013672e+00,-5.405429601669311523e-01,-6.304112821817398071e-02
1.166212081909179688e+00,-4.872912466526031494e-01,-5.828529223799705505e-02
1.196509003639221191e+00,-4.317728281021118164e-01,-5.280520021915435791e-02
1.223320126533508301e+00,-3.741903007030487061e-01,-4.665082693099975586e-02
1.246423959732055664e+00,-3.147742748260498047e-01,-3.988572582602500916e-02
1.265621185302734375e+00,-2.537821531295776367e-01,-3.258698806166648865e-02
1.280740499496459961e+00,-1.914977729320526123e-01,-2.484441548585891724e-02
1.291642785072326660e+00,-1.282239854335784912e-01,-1.675850339233875275e-02
1.298225760459899902e+00,-6.428095698356628418e-02,-8.438568562269210815e-03
1.300427317619323730e+00,2.273739312386169331e-07,2.971255597117306024e-08
1.292029500007629395e+00,0.000000000000000000e+00,9.526939690113067627e-02
1.286462306976318359e+00,6.369828432798385620e-02,1.036692261695861816e-01
1.276648879051208496e+00,1.267354786396026611e-01,1.114872768521308899e-01
1.262740731239318848e+00,1.888065785169601440e-01,1.186244785785675049e-01
1.244918942451477051e+00,2.496312856674194336e-01,1.249979212880134583e-01
1.223389625549316406e+00,3.089570105075836182e-01,1.305420249700546265e-01
1.198375105857849121e+00,3.665601611137390137e-01,1.352093815803527832e-01
1.170109868049621582e+00,4.222466349601745605e-01,1.389710009098052979e-01
1.138833284378051758e+00,4.758510887622833252e-01,1.418152153491973877e-01
1.104786396026611328e+00,5.272356867790222168e-01,1.437468677759170532e-01
1.068205952644348145e+00,5.762873888015747070e-01,1.447852849960327148e-01
1.029324889183044434e+00,6.229172945022583008e-01,1.449619084596633911e-01
9.883660674095153809e-01,6.670566797256469727e-01,1.443180143833160400e-01
9.455471634864807129e-01,7.086575031280517578e-01,1.429021656513214111e-01
9.010751247406005859e-01,7.476896047592163086e-01,1.407678127288818359e-01
8.551487922668457031e-01,7.841401696205139160e-01,1.379707306623458862e-01
8.079581856727600098e-01,8.180136680603027344e-01,1.345676481723785400e-01
7.596841454505920410e-01,8.493314981460571289e-01,1.306143403053283691e-01
7.104964256286621094e-01,8.781300783157348633e-01,1.261651217937469482e-01
6.605545282363891602e-01,9.044619202613830566e-01,1.212719157338142395e-01
6.100041866302490234e-01,9.283922910690307617e-01,1.159843057394027710e-01
5.589767098426818848e-01,9.499986171722412109e-01,1.103497371077537537e-01
5.075882077217102051e-01,9.693685770034790039e-01,1.044135466217994690e-01
4.559368491172790527e-01,9.865954518318176270e-01,9.821935743093490601e-02
4.041032791137695312e-01,1.001775979995727539e+00,9.180958569049835205e-02
3.521496653556823730e-01,1.015007376670837402e+00,8.522522449493408203e-02
3.001206815242767334e-01,1.026385068893432617e+00,7.850633561611175537e-02
2.480434328317642212e-01,1.035997271537780762e+00,7.169184088706970215e-02
1.959294825792312622e-01,1.043924331665039062e+00,6.481945514678955078e-02
1.437762975692749023e-01,1.050237059593200684e+00,5.792605131864547729e-02
9.156925231218338013e-02,1.054990768432617188e+00,5.104778707027435303e-02
3.928396478295326233e-02,1.058227062225341797e+00,4.422044754028320312e-02
-1.311090402305126190e-02,1.059971094131469727e+00,3.748035430908203125e-02
-6.565070897340774536e-02,1.060227870941162109e+00,3.086511977016925812e-02
-1.183714270591735840e-01,1.058983802795410156e+00,2.441467344760894775e-02
-1.713059991598129272e-01,1.056203842163085938e+00,1.817218028008937836e-02
-2.244805395603179932e-01,1.051832199096679688e+00,1.218483783304691315e-02
-2.779097557067871094e-01,1.045791745185852051e+00,6.504448130726814270e-03
-3.315937221050262451e-01,1.037986040115356445e+00,1.187445595860481262e-03
-3.855126202106475830e-01,1.028299212455749512e+00,-3.705512732267379761e-03
-4.396249055862426758e-01,1.016603112220764160e+00,-8.110340684652328491e-03
-4.938632845878601074e-01,1.002757906913757324e+00,-1.196098327636718750e-02
-5.481310486793518066e-01,9.866151809692382812e-01,-1.519102603197097778e-02
-6.023038029670715332e-01,9.680269360542297363e-01,-1.773577556014060974e-02
-6.562260985374450684e-01,9.468489289283752441e-01,-1.953428611159324646e-02
-7.097128033638000488e-01,9.229444265365600586e-01,-2.053148671984672546e-02
-7.625500559806823730e-01,8.961926698684692383e-01,-2.068023383617401123e-02
-8.144974708557128906e-01,8.664922714233398438e-01,-1.994302868843078613e-02
-8.652909994125366211e-01,8.337651491165161133e-01,-1.829358562827110291e-02
-9.146465659141540527e-01,7.979636192321777344e-01,-1.571837067604064941e-02
-9.622644186019897461e-01,7.590706348419189453e-01,-1.221739873290061951e-02
-1.007833003997802734e+00,7.171056866645812988e-01,-7.805299013853073120e-03
-1.051037073135375977e+00,6.721255183219909668e-01,-2.511881291866302490e-03
-1.091560244560241699e+00,6.242262721061706543e-01,3.617487847805023193e-03
-1.129094243049621582e+00,5.735443234443664551e-01,1.052184030413627625e-02
-1.163344860076904297e+00,5.202549099922180176e-01,1.812497526407241821e-02
-1.194037556648254395e+00,4.645720720291137695e-01,2.633590996265411377e-02
-1.220924615859985352e+00,4.067439436912536621e-01,3.505033999681472778e-02
-1.243791341781616211e+00,3.470515310764312744e-01,4.415204375982284546e-02
-1.262461304664611816e+00,2.858026325702667236e-01,5.351514741778373718e-02
-1.276800751686096191e+00,2.233255058526992798e-01,6.300689280033111572e-02
-1.286720275878906250e+00,1.599642783403396606e-01,7.249039411544799805e-02
-1.292179584503173828e+00,9.607009589672088623e-02,8.182830363512039185e-02
-1.293183565139770508e+00,3.199605271220207214e-02,9.088599681854248047e-02
-1.289784431457519531e+00,-3.191186860203742981e-02,9.953531622886657715e-02
-1.282077670097351074e+00,-9.531927853822708130e-02,1.076575368642807007e-01
-1.270195722579956055e+00,-1.579098701477050781e-01,1.151465550065040588e-01
-1.254306674003601074e+00,-2.193913012742996216e-01,1.219112128019332886e-01
-1.234604358673095703e+00,-2.794961631298065186e-01,1.278770267963409424e-01
-1.211303591728210449e+00,-3.379867970943450928e-01,1.329875439405441284e-01
-1.184633851051330566e+00,-3.946537971496582031e-01,1.372045576572418213e-01
-1.154832839965820312e+00,-4.493183493614196777e-01,1.405078321695327759e-01
-1.122141122817993164e+00,-5.018285512924194336e-01,1.428942680358886719e-01
-1.086798191070556641e+00,-5.520591735839843750e-01,1.443760395050048828e-01
-1.049038767814636230e+00,-5.999099612236022949e-01,1.449788808822631836e-01
-1.009091377258300781e+00,-6.453016996383666992e-01,1.447395831346511841e-01
-9.671761989593505859e-01,-6.881769299507141113e-01,1.437033116817474365e-01
-9.235050082206726074e-01,-7.284959554672241211e-01,1.419213861227035522e-01
-8.782815337181091309e-01,-7.662376165390014648e-01,1.394485533237457275e-01
-8.316998481750488281e-01,-8.013980984687805176e-01,1.363413929939270020e-01
-7.839457392692565918e-01,-8.339901566505432129e-01,1.326563656330108643e-01
-7.351944446563720703e-01,-8.640426397323608398e-01,1.284484267234802246e-01
-6.856102347373962402e-01,-8.916007280349731445e-01,1.237708255648612976e-01
-6.353467702865600586e-01,-9.167225956916809082e-01,1.186743825674057007e-01
-5.845426321029663086e-01,-9.394808411598205566e-01,1.132075190544128418e-01
-5.333209633827209473e-01,-9.599578976631164551e-01,1.074165254831314087e-01
-4.817899167537689209e-01,-9.782441854476928711e-01,1.013459414243698120e-01
-4.300386309623718262e-01,-9.944353699684143066e-01,9.503885358572006226e-02
-3.781384527683258057e-01,-1.008629202842712402e+00,8.853672444820404053e-02
-3.261423707008361816e-01,-1.020922303199768066e+00,8.188015222549438477e-02
-2.740869522094726562e-01,-1.031406521797180176e+00,7.510866224765777588e-02
-2.219910621643066406e-01,-1.040167093276977539e+00,6.826056540012359619e-02
-1.698582619428634644e-01,-1.047279000282287598e+00,6.137306243181228638e-02
-1.176808178424835205e-01,-1.052805900573730469e+00,5.448277667164802551e-02
-6.543830782175064087e-02,-1.056796550750732422e+00,4.762550815939903259e-02
-1.310260873287916183e-02,-1.059284687042236328e+00,4.083721339702606201e-02
3.936057910323143005e-02,-1.060285925865173340e+00,3.415468335151672363e-02
9.198629856109619141e-02,-1.059794902801513672e+00,2.761669456958770752e-02
1.448100656270980835e-01,-1.057788968086242676e+00,2.126459963619709015e-02
1.978622674942016602e-01,-1.054221391677856445e+00,1.514345500618219376e-02
2.511630058288574219e-01,-1.049026489257812500e+00,9.302847087383270264e-03
3.047205209732055664e-01,-1.042116403579711914e+00,3.796819597482681274e-03
3.585255146026611328e-01,-1.033385276794433594e+00,-1.315966248512268066e-03
4.125484526157379150e-01,-1.022711038589477539e+00,-5.973059684038162231e-03
4.667336642742156982e-01,-1.009958386421203613e+00,-1.010910421609878540e-02
5.210002660751342773e-01,-9.949828386306762695e-01,-1.365768536925315857e-02
5.752386450767517090e-01,-9.776359796524047852e-01,-1.655300334095954895e-02
6.293072700500488281e-01,-9.577704668045043945e-01,-1.873190328478813171e-02
6.830366253852844238e-01,-9.352454543113708496e-01,-2.013620361685752869e-02
7.362272143363952637e-01,-9.099312424659729004e-01,-2.071454375982284546e-02
7.886511087417602539e-01,-8.817166090011596680e-01,-2.042429894208908081e-02
8.400557041168212891e-01,-8.505107164382934570e-01,-1.923353224992752075e-02
8.901666402816772461e-01,-8.162505030632019043e-01,-1.712205260992050171e-02
9.386922717094421387e-01,-7.789030671119689941e-01,-1.408303901553153992e-02
9.853244423866271973e-01,-7.384693026542663574e-01,-1.012371107935905457e-02
1.029750347137451172e+00,-6.949873566627502441e-01,-5.266275256872177124e-03
1.071653366088867188e+00,-6.485329866409301758e-01,4.517585039138793945e-04
1.110719680786132812e+00,-5.992229580879211426e-01,6.977222859859466553e-03
1.146647810935974121e+00,-5.472131371498107910e-01,1.424141973257064819e-02
1.179151892662048340e+00,-4.926980435848236084e-01,2.216064557433128357e-02
1.207970976829528809e+00,-4.359090030193328857e-01,3.063723817467689514e-02
1.232872366905212402e+00,-3.771121501922607422e-01,3.956045210361480713e-02
1.253660440444946289e+00,-3.166017532348632812e-01,4.880907014012336731e-02
1.270178914070129395e+00,-2.546960711479187012e-01,5.825347080826759338e-02
1.282316803932189941e+00,-1.917334645986557007e-01,6.775830686092376709e-02
1.290008187294006348e+00,-1.280617117881774902e-01,7.718606293201446533e-02
1.293236136436462402e+00,-6.403390318155288696e-02,8.640035986900329590e-02
1.292029500007629395e+00,2.259056088860234013e-07,9.526943415403366089e-02
1.268580436706542969e+00,0.000000000000000000e+00,1.823982596397399902e-01
1.259521365165710449e+00,6.236432865262031555e-02,1.911021471023559570e-01
1.246420025825500488e+00,1.237346008419990540e-01,1.987875849008560181e-01
1.229516863822937012e+00,1.838389188051223755e-01,2.053730636835098267e-01
1.209072589874267578e+00,2.424433678388595581e-01,2.108016610145568848e-01
1.185356736183166504e+00,2.993521094322204590e-01,2.150412201881408691e-01
1.158640742301940918e+00,3.544061779975891113e-01,2.180831730365753174e-01
1.129190325736999512e+00,4.074803590774536133e-01,2.199409902095794678e-01
1.097257852554321289e+00,4.584791660308837891e-01,2.206481248140335083e-01
1.063078999519348145e+00,5.073317289352416992e-01,2.202550321817398071e-01
1.026871085166931152e+00,5.539875626564025879e-01,2.188262194395065308e-01
9.888303875923156738e-01,5.984112620353698730e-01,2.164373844861984253e-01
9.491353034973144531e-01,6.405795216560363770e-01,2.131713479757308960e-01
9.079462885856628418e-01,6.804769039154052734e-01,2.091156095266342163e-01
8.654102683067321777e-01,7.180957794189453125e-01,2.043587565422058105e-01
8.216623067855834961e-01,7.534343004226684570e-01,1.989878118038177490e-01
7.768291831016540527e-01,7.864972949028015137e-01,1.930863559246063232e-01
7.310317158699035645e-01,8.172978758811950684e-01,1.867317706346511841e-01
6.843845844268798828e-01,8.458575010299682617e-01,1.799952089786529541e-01
6.369981765747070312e-01,8.722074627876281738e-01,1.729401648044586182e-01
5.889766216278076172e-01,8.963895440101623535e-01,1.656229197978973389e-01
5.404171943664550781e-01,9.184561371803283691e-01,1.580929160118103027e-01
4.914081394672393799e-01,9.384686350822448730e-01,1.503937840461730957e-01
4.420267343521118164e-01,9.564955234527587891e-01,1.425643265247344971e-01
3.923386037349700928e-01,9.726112484931945801e-01,1.346399933099746704e-01
3.423952460289001465e-01,9.868920445442199707e-01,1.266540288925170898e-01
2.922342121601104736e-01,9.994140267372131348e-01,1.186387687921524048e-01
2.418786436319351196e-01,1.010248899459838867e+00,1.106263175606727600e-01
1.913385391235351562e-01,1.019463539123535156e+00,1.026495769619941711e-01
1.406110823154449463e-01,1.027116298675537109e+00,9.474280476570129395e-02
8.968260139226913452e-02,1.033254265785217285e+00,8.694237470626831055e-02
3.852985799312591553e-02,1.037912964820861816e+00,7.928708195686340332e-02
-1.287762541323900223e-02,1.041111350059509277e+00,7.181900739669799805e-02
-6.457494944334030151e-02,1.042854785919189453e+00,6.458394229412078857e-02
-1.165989935398101807e-01,1.043127059936523438e+00,5.763237550854682922e-02
-1.689846962690353394e-01,1.041891694068908691e+00,5.101986974477767944e-02
-2.217613160610198975e-01,1.039090991020202637e+00,4.480751603841781616e-02
-2.749471068382263184e-01,1.034643054008483887e+00,3.906232118606567383e-02
-3.285454511642456055e-01,1.028444051742553711e+00,3.385666757822036743e-02
-3.825388550758361816e-01,1.020367145538330078e+00,2.926765382289886475e-02
-4.368840456008911133e-01,1.010265111923217773e+00,2.537577413022518158e-02
-4.915089905261993408e-01,9.979776740074157715e-01,2.226299419999122620e-02
-5.463067293167114258e-01,9.833315014839172363e-01,2.001033350825309753e-02
-6.011357903480529785e-01,9.661496281623840332e-01,1.869519241154193878e-02
-6.558152437210083008e-01,9.462560415267944336e-01,1.838823407888412476e-02
-7.101284265518188477e-01,9.234849214553833008e-01,1.915038377046585083e-02
-7.638210058212280273e-01,8.976863622665405273e-01,2.102970704436302185e-02
-8.166054487228393555e-01,8.687347769737243652e-01,2.405874431133270264e-02
-8.681645393371582031e-01,8.365339636802673340e-01,2.825188264250755310e-02
-9.181560277938842773e-01,8.010253906250000000e-01,3.360330313444137573e-02
-9.662210941314697266e-01,7.621917724609375000e-01,4.008562862873077393e-02
-1.011988759040832520e+00,7.200626134872436523e-01,4.764857515692710876e-02
-1.055086731910705566e+00,6.747152805328369141e-01,5.621901899576187134e-02
-1.095149397850036621e+00,6.262788176536560059e-01,6.570108979940414429e-02
-1.131828665733337402e+00,5.749333500862121582e-01,7.597717642784118652e-02
-1.164802670478820801e+00,5.209068655967712402e-01,8.691013604402542114e-02
-1.193785548210144043e+00,4.644739925861358643e-01,9.834548830986022949e-02
-1.218534350395202637e+00,4.059476256370544434e-01,1.101151704788208008e-01
-1.238858938217163086e+00,3.456752300262451172e-01,1.220411509275436401e-01
-1.254625558853149414e+00,2.840287387371063232e-01,1.339402645826339722e-01
-1.265759587287902832e+00,2.213942855596542358e-01,1.456291079521179199e-01
-1.272247314453125000e+00,1.581650078296661377e-01,1.569286584854125977e-01
-1.274135828018188477e+00,9.472858905792236328e-02,1.676696538925170898e-01
-1.271526455879211426e+00,3.146020695567131042e-02,1.776964515447616577e-01
-1.264570116996765137e+00,-3.128801658749580383e-02,1.868714690208435059e-01
-1.253461718559265137e+00,-9.319175034761428833e-02,1.950778663158416748e-01
-1.238427877426147461e+00,-1.539605110883712769e-01,2.022219896316528320e-01
-1.219720721244812012e+00,-2.133418470621109009e-01,2.082346230745315552e-01
-1.197606563568115234e+00,-2.711203992366790771e-01,2.130711823701858521e-01
-1.172357082366943359e+00,-3.271196782588958740e-01,2.167115807533264160e-01
-1.144241333007812500e+00,-3.811972737312316895e-01,2.191584557294845581e-01
-1.113519072532653809e+00,-4.332441687583923340e-01,2.204356640577316284e-01
-1.080435037612915039e+00,-4.831773340702056885e-01,2.205853462219238281e-01
-1.045215725898742676e+00,-5.309366583824157715e-01,2.196656018495559692e-01
-1.008068323135375977e+00,-5.764802694320678711e-01,2.177467644214630127e-01
-9.691791534423828125e-01,-6.197782754898071289e-01,2.149086296558380127e-01
-9.287179708480834961e-01,-6.608126759529113770e-01,2.112366855144500732e-01
-8.868378996849060059e-01,-6.995715498924255371e-01,2.068193107843399048e-01
-8.436795473098754883e-01,-7.360498905181884766e-01,2.017447501420974731e-01
-7.993735074996948242e-01,-7.702495455741882324e-01,1.960984021425247192e-01
-7.540436983108520508e-01,-8.021792769432067871e-01,1.899610459804534912e-01
-7.078075408935546875e-01,-8.318560123443603516e-01,1.834071278572082520e-01
-6.607769727706909180e-01,-8.593062758445739746e-01,1.765037775039672852e-01
-6.130605340003967285e-01,-8.845663666725158691e-01,1.693110466003417969e-01
-5.647584199905395508e-01,-9.076835513114929199e-01,1.618816852569580078e-01
-5.159634947776794434e-01,-9.287151694297790527e-01,1.542619466781616211e-01
-4.667594432830810547e-01,-9.477257132530212402e-01,1.464930176734924316e-01
-4.172176420688629150e-01,-9.647877216339111328e-01,1.386118680238723755e-01
-3.673963546752929688e-01,-9.799761772155761719e-01,1.306527405977249146e-01
-3.173400461673736572e-01,-9.933683276176452637e-01,1.226480156183242798e-01
-2.670796811580657959e-01,-1.005037665367126465e+00,1.146301627159118652e-01
-2.166315615177154541e-01,-1.015054464340209961e+00,1.066313609480857849e-01
-1.659985780715942383e-01,-1.023481726646423340e+00,9.868515282869338989e-02
-1.151732057332992554e-01,-1.030372142791748047e+00,9.082690626382827759e-02
-6.413611024618148804e-02,-1.035766720771789551e+00,8.309403061866760254e-02
-1.286028604954481125e-02,-1.039694070816040039e+00,7.552687823772430420e-02
3.868792206048965454e-02,-1.042165875434875488e+00,6.816928088665008545e-02
9.054387360811233521e-02,-1.043176412582397461e+00,6.106936559081077576e-02
1.427445560693740845e-01,-1.042701005935668945e+00,5.428002774715423584e-02
1.953230053186416626e-01,-1.040691971778869629e+00,4.785956442356109619e-02
2.483025193214416504e-01,-1.037079095840454102e+00,4.187209904193878174e-02
3.016952276229858398e-01,-1.031770229339599609e+00,3.638729825615882874e-02
3.554945588111877441e-01,-1.024649024009704590e+00,3.148010000586509705e-02
4.096713662147521973e-01,-1.015578746795654297e+00,2.722942456603050232e-02
4.641674160957336426e-01,-1.004405260086059570e+00,2.371685951948165894e-02
5.188941955566406250e-01,-9.909606575965881348e-01,2.102416940033435822e-02
5.737278461456298828e-01,-9.750684499740600586e-01,1.923093013465404510e-02
6.285068988800048828e-01,-9.565523266792297363e-01,1.841160096228122711e-02
6.830326914787292480e-01,-9.352400302886962891e-01,1.863230392336845398e-02
7.370696067810058594e-01,-9.109724164009094238e-01,1.994795352220535278e-02
7.903461456298828125e-01,-8.836116194725036621e-01,2.239915728569030762e-02
8.425590395927429199e-01,-8.530451655387878418e-01,2.600963041186332703e-02
8.933782577514648438e-01,-8.191954493522644043e-01,3.078397735953330994e-02
9.424528479576110840e-01,-7.820234894752502441e-01,3.670573234558105469e-02
9.894155263900756836e-01,-7.415354251861572266e-01,4.373605921864509583e-02
1.033894300460815430e+00,-6.977841258049011230e-01,5.181333422660827637e-02
1.075519680976867676e+00,-6.508727669715881348e-01,6.085298210382461548e-02
1.113932728767395020e+00,-6.009563803672790527e-01,7.074800878763198853e-02
1.148797988891601562e+00,-5.482392907142639160e-01,8.137082308530807495e-02
1.179809451103210449e+00,-4.929727911949157715e-01,9.257519245147705078e-02
1.206702351570129395e+00,-4.354511797428131104e-01,1.041995286941528320e-01
1.229259610176086426e+00,-3.760070502758026123e-01,1.160700023174285889e-01
1.247318029403686523e+00,-3.150000274181365967e-01,1.280055493116378784e-01
1.260773658752441406e+00,-2.528101503849029541e-01,1.398223787546157837e-01
1.269582271575927734e+00,-1.898293793201446533e-01,1.513384282588958740e-01
1.273761630058288574e+00,-1.264488846063613892e-01,1.623790860176086426e-01
1.273385167121887207e+00,-6.305099278688430786e-02,1.727813631296157837e-01
1.268580317497253418e+00,2.218056209812857560e-07,1.823983192443847656e-01
1.234784245491027832e+00,0.000000000000000000e+00,2.548437118530273438e-01
1.222070336341857910e+00,6.050996482372283936e-02,2.640570998191833496e-01
1.205536365509033203e+00,1.196759939193725586e-01,2.718600034713745117e-01
1.185514807701110840e+00,1.772596687078475952e-01,2.781907916069030762e-01
1.162348270416259766e+00,2.330742031335830688e-01,2.830205857753753662e-01
1.136372566223144531e+00,2.869815826416015625e-01,2.863505184650421143e-01
1.107909917831420898e+00,3.388885855674743652e-01,2.882093489170074463e-01
1.077258706092834473e+00,3.887403011322021484e-01,2.886493802070617676e-01
1.044686913490295410e+00,4.365128576755523682e-01,2.877428531646728516e-01
1.010429143905639648e+00,4.822057187557220459e-01,2.855775952339172363e-01
9.746849536895751953e-01,5.258336663246154785e-01,2.822529375553131104e-01
9.376207590103149414e-01,5.674206614494323730e-01,2.778763175010681152e-01
8.993710875511169434e-01,6.069931983947753906e-01,2.725592851638793945e-01
8.600453734397888184e-01,6.445766687393188477e-01,2.664144039154052734e-01
8.197311162948608398e-01,6.801924109458923340e-01,2.595524191856384277e-01
7.785008549690246582e-01,7.138568162918090820e-01,2.520797550678253174e-01
7.364172339439392090e-01,7.455824017524719238e-01,2.440962195396423340e-01
6.935383677482604980e-01,7.753801345825195312e-01,2.356937378644943237e-01
6.499190926551818848e-01,8.032602071762084961e-01,2.269551753997802734e-01
6.056156754493713379e-01,8.292370438575744629e-01,2.179536223411560059e-01
5.606843233108520508e-01,8.533302545547485352e-01,2.087527811527252197e-01
5.151811838150024414e-01,8.755667805671691895e-01,1.994073837995529175e-01
4.691606760025024414e-01,8.959814310073852539e-01,1.899645477533340454e-01
4.226734340190887451e-01,9.146171808242797852e-01,1.804644316434860229e-01
3.757639825344085693e-01,9.315226078033447266e-01,1.709427237510681152e-01
3.284686505794525146e-01,9.467511773109436035e-01,1.614321172237396240e-01
2.808139026165008545e-01,9.603576660156250000e-01,1.519634127616882324e-01
2.328158169984817505e-01,9.723964333534240723e-01,1.425678282976150513e-01
1.844792068004608154e-01,9.829165935516357422e-01,1.332778781652450562e-01
1.357985734939575195e-01,9.919625520706176758e-01,1.241286620497703552e-01
8.675888925790786743e-02,9.995694160461425781e-01,1.151590272784233093e-01
3.733634948730468750e-02,1.005762457847595215e+00,1.064122691750526428e-01
-1.249964721500873566e-02,1.010553121566772461e+00,9.793685376644134521e-02
-6.278443336486816406e-02,1.013938784599304199e+00,8.978760242462158203e-02
-1.135555431246757507e-01,1.015899538993835449e+00,8.202590048313140869e-02
-1.648494303226470947e-01,1.016395330429077148e+00,7.472032308578491211e-02
-2.166976779699325562e-01,1.015364646911621094e+00,6.794704496860504150e-02
-2.691215872764587402e-01,1.012721300125122070e+00,6.178949028253555298e-02
-3.221276700496673584e-01,1.008354544639587402e+00,5.633786693215370178e-02
-3.757010698318481445e-01,1.002128362655639648e+00,5.168795213103294373e-02
-4.297996163368225098e-01,9.938827753067016602e-01,4.793921858072280884e-02
-4.843483567237854004e-01,9.834384918212890625e-01,4.519234597682952881e-02
-5.392334461212158203e-01,9.705998301506042480e-01,4.354614019393920898e-02
-5.942990779876708984e-01,9.551616907119750977e-01,4.309386387467384338e-02
-6.493440866470336914e-01,9.369189739227294922e-01,4.391929134726524353e-02
-7.041215300559997559e-01,9.156732559204101562e-01,4.609255865216255188e-02
-7.583383917808532715e-01,8.912429809570312500e-01,4.966600984334945679e-02
-8.116600513458251953e-01,8.634737133979797363e-01,5.467036738991737366e-02
-8.637152910232543945e-01,8.322468400001525879e-01,6.111121177673339844e-02
-9.141007661819458008e-01,7.974874377250671387e-01,6.896592676639556885e-02
-9.623935818672180176e-01,7.591724991798400879e-01,7.818207889795303345e-02
-1.008158445358276367e+00,7.173372507095336914e-01,8.867568522691726685e-02
-1.050961732864379883e+00,6.720773577690124512e-01,1.003314927220344543e-01
-1.090383410453796387e+00,6.235532760620117188e-01,1.130037605762481689e-01
-1.126029729843139648e+00,5.719876289367675781e-01,1.265187114477157593e-01
-1.157547950744628906e+00,5.176625251770019531e-01,1.406781375408172607e-01
-1.184637188911437988e+00,4.609145820140838623e-01,1.552637219429016113e-01
-1.207058906555175781e+00,4.021246731281280518e-01,1.700433641672134399e-01
-1.224647045135498047e+00,3.417097330093383789e-01,1.847772598266601562e-01
-1.237310409545898438e+00,2.801088392734527588e-01,1.992251574993133545e-01
-1.245037674903869629e+00,2.177698165178298950e-01,2.131538093090057373e-01
-1.247894287109375000e+00,1.551374644041061401e-01,2.263437956571578979e-01
-1.246017932891845703e+00,9.263809770345687866e-02,2.385960072278976440e-01
-1.239609718322753906e+00,3.067052178084850311e-02,2.497364878654479980e-01
-1.228924870491027832e+00,-3.040608018636703491e-02,2.596215903759002686e-01
-1.214260220527648926e+00,-9.027721732854843140e-02,2.681395113468170166e-01
-1.195940017700195312e+00,-1.486784517765045166e-01,2.752119898796081543e-01
-1.174303650856018066e+00,-2.053979337215423584e-01,2.807939350605010986e-01
-1.149690985679626465e+00,-2.602730095386505127e-01,2.848717570304870605e-01
-1.122433066368103027e+00,-3.131894767284393311e-01,2.874610424041748047e-01
-1.092840433120727539e+00,-3.640733659267425537e-01,2.886025905609130859e-01
-1.061197280883789062e+00,-4.128869771957397461e-01,2.883592844009399414e-01
-1.027755260467529297e+00,-4.596185982227325439e-01,2.868115901947021484e-01
-9.927315711975097656e-01,-5.042763352394104004e-01,2.840536236763000488e-01
-9.563086032867431641e-01,-5.468806624412536621e-01,2.801892161369323730e-01
-9.186369180679321289e-01,-5.874571204185485840e-01,2.753282785415649414e-01
-8.798370361328125000e-01,-6.260322928428649902e-01,2.695833146572113037e-01
-8.400068879127502441e-01,-6.626294851303100586e-01,2.630662918090820312e-01
-7.992262840270996094e-01,-6.972675919532775879e-01,2.558860182762145996e-01
-7.575618028640747070e-01,-7.299611568450927734e-01,2.481458783149719238e-01
-7.150737047195434570e-01,-7.607215046882629395e-01,2.399419248104095459e-01
-6.718178391456604004e-01,-7.895588874816894531e-01,2.313617169857025146e-01
-6.278494000434875488e-01,-8.164856433868408203e-01,2.224830240011215210e-01
-5.832249522209167480e-01,-8.415175676345825195e-01,2.133744955062866211e-01
-5.380010008811950684e-01,-8.646788001060485840e-01,2.040950357913970947e-01
-4.922320246696472168e-01,-8.859993815422058105e-01,1.946955025196075439e-01
-4.459722936153411865e-01,-9.055187106132507324e-01,1.852192282676696777e-01
-3.992690145969390869e-01,-9.232827425003051758e-01,1.757041811943054199e-01
-3.521629273891448975e-01,-9.393431544303894043e-01,1.661841273307800293e-01
-3.046848773956298828e-01,-9.537538886070251465e-01,1.566905677318572998e-01
-2.568572163581848145e-01,-9.665698409080505371e-01,1.472544521093368530e-01
-2.086899876594543457e-01,-9.778432250022888184e-01,1.379075199365615845e-01
-1.601824313402175903e-01,-9.876216053962707520e-01,1.286832988262176514e-01
-1.113249287009239197e-01,-9.959443211555480957e-01,1.196187883615493774e-01
-6.209733337163925171e-02,-1.002841472625732422e+00,1.107548773288726807e-01
-1.247236691415309906e-02,-1.008332610130310059e+00,1.021374091506004333e-01
3.758376464247703552e-02,-1.012422442436218262e+00,9.381776303052902222e-02
8.810690045356750488e-02,-1.015099525451660156e+00,8.585420250892639160e-02
1.391349136829376221e-01,-1.016333818435668945e+00,7.831151783466339111e-02
1.907029151916503906e-01,-1.016075968742370605e+00,7.126207649707794189e-02
2.428369373083114624e-01,-1.014251112937927246e+00,6.478579342365264893e-02
2.955521643161773682e-01,-1.010761380195617676e+00,5.896952748298645020e-02
3.488451540470123291e-01,-1.005483388900756836e+00,5.390653759241104126e-02
4.026887714862823486e-01,-9.982687830924987793e-01,4.969459772109985352e-02
4.570238888263702393e-01,-9.889475107192993164e-01,4.643426463007926941e-02
5.117572546005249023e-01,-9.773308634757995605e-01,4.422564059495925903e-02
5.667553544044494629e-01,-9.632184505462646484e-01,4.316523671150207520e-02
6.218385696411132812e-01,-9.464035034179687500e-01,4.334210231900215149e-02
6.767835617065429688e-01,-9.266834855079650879e-01,4.483368992805480957e-02
7.313202023506164551e-01,-9.038664698600769043e-01,4.770179465413093567e-02
7.851338386535644531e-01,-8.777842521667480469e-01,5.198836699128150940e-02
8.378705382347106934e-01,-8.482983708381652832e-01,5.771191418170928955e-02
8.891426324844360352e-01,-8.153114914894104004e-01,6.486436724662780762e-02
9.385364055633544922e-01,-7.787737250328063965e-01,7.340836524963378906e-02
9.856193065643310547e-01,-7.386902570724487305e-01,8.327571302652359009e-02
1.029957175254821777e+00,-6.951269507408142090e-01,9.436670690774917603e-02
1.071120858192443848e+00,-6.482107639312744141e-01,1.065508723258972168e-01
1.108701944351196289e+00,-5.981344580650329590e-01,1.196678057312965393e-01
1.142325282096862793e+00,-5.451503396034240723e-01,1.335310935974121094e-01
1.171662688255310059e+00,-4.895687401294708252e-01,1.479318886995315552e-01
1.196443557739257812e+00,-4.317491948604583740e-01,1.626442521810531616e-01
1.216464281082153320e+00,-3.720932006835937500e-01,1.774311065673828125e-01
1.231596708297729492e+00,-3.110297322273254395e-01,1.920517235994338989e-01
1.241788864135742188e+00,-2.490033060312271118e-01,2.062685638666152954e-01
1.247067570686340332e+00,-1.864629536867141724e-01,2.198542058467864990e-01
1.247536420822143555e+00,-1.238454580307006836e-01,2.325986325740814209e-01
1.243365168571472168e+00,-6.156456843018531799e-02,2.443148642778396606e-01
1.234784245491027832e+00,2.158965344278840348e-07,2.548437714576721191e-01
1.196966409683227539e+00,0.000000000000000000e+00,3.085043728351593018e-01
1.180599927902221680e+00,5.845658853650093079e-02,3.183048367500305176e-01
1.160593628883361816e+00,1.152144446969032288e-01,3.263522684574127197e-01
1.137371778488159180e+00,1.700612604618072510e-01,3.326084315776824951e-01
1.111357092857360840e+00,2.228494435548782349e-01,3.370745778083801270e-01
1.082955002784729004e+00,2.734913825988769531e-01,3.397868573665618896e-01
1.052540421485900879e+00,3.219521045684814453e-01,3.408111333847045898e-01
1.020450830459594727e+00,3.682405948638916016e-01,3.402371704578399658e-01
9.869772791862487793e-01,4.123994112014770508e-01,3.381722569465637207e-01
9.523628354072570801e-01,4.544948041439056396e-01,3.347361385822296143e-01
9.168024063110351562e-01,4.946065247058868408e-01,3.300557136535644531e-01
8.804451823234558105e-01,5.328196883201599121e-01,3.242610991001129150e-01
8.433979153633117676e-01,5.692164301872253418e-01,3.174812793731689453e-01
8.057328462600708008e-01,6.038711667060852051e-01,3.098421394824981689e-01
7.674928903579711914e-01,6.368463635444641113e-01,3.014640212059020996e-01
7.286995053291320801e-01,6.681907773017883301e-01,2.924600839614868164e-01
6.893614530563354492e-01,6.979410052299499512e-01,2.829347848892211914e-01
6.494782567024230957e-01,7.261205911636352539e-01,2.729837894439697266e-01
6.090474128723144531e-01,7.527453303337097168e-01,2.626935541629791260e-01
5.680675506591796875e-01,7.778244018554687500e-01,2.521407604217529297e-01
5.265406966209411621e-01,8.013655543327331543e-01,2.413933426141738892e-01
4.844731092453002930e-01,8.233774304389953613e-01,2.305110096931457520e-01
4.418744444847106934e-01,8.438714742660522461e-01,2.195457816123962402e-01
3.987563550472259521e-01,8.628633618354797363e-01,2.085437178611755371e-01
3.551312685012817383e-01,8.803739547729492188e-01,1.975463032722473145e-01
3.110094368457794189e-01,8.964281678199768066e-01,1.865911781787872314e-01
2.663969397544860840e-01,9.110529422760009766e-01,1.757147312164306641e-01
2.212946563959121704e-01,9.242762327194213867e-01,1.649525910615921021e-01
1.756969541311264038e-01,9.361242055892944336e-01,1.543419361114501953e-01
1.295912414789199829e-01,9.466200470924377441e-01,1.439219117164611816e-01
8.295814692974090576e-02,9.557802081108093262e-01,1.337356269359588623e-01
3.577169403433799744e-02,9.636139273643493652e-01,1.238310262560844421e-01
-1.199952792376279831e-02,9.701201915740966797e-01,1.142619550228118896e-01
-6.039099022746086121e-02,9.752858281135559082e-01,1.050897687673568726e-01
-1.094402298331260681e-01,9.790827631950378418e-01,9.638351947069168091e-02
-1.591838598251342773e-01,9.814636707305908203e-01,8.822150528430938721e-02
-2.096546292304992676e-01,9.823634624481201172e-01,8.069103211164474487e-02
-2.608756422996520996e-01,9.816913008689880371e-01,7.388909906148910522e-02
-3.128563463687896729e-01,9.793325066566467285e-01,6.792132556438446045e-02
-3.655849993228912354e-01,9.751452207565307617e-01,6.290088593959808350e-02
-4.190227687358856201e-01,9.689620733261108398e-01,5.894646421074867249e-02
-4.730957150459289551e-01,9.605906605720520020e-01,5.617915838956832886e-02
-5.276881456375122070e-01,9.498187303543090820e-01,5.471887066960334778e-02
-5.826377868652343750e-01,9.364194869995117188e-01,5.467971786856651306e-02
-6.377298235893249512e-01,9.201611876487731934e-01,5.616494640707969666e-02
-6.926959156990051270e-01,9.008148312568664551e-01,5.926148593425750732e-02
-7.472113370895385742e-01,8.781657814979553223e-01,6.403423100709915161e-02
-8.009008765220642090e-01,8.520277142524719238e-01,7.052066922187805176e-02
-8.533412218093872070e-01,8.222507238388061523e-01,7.872592657804489136e-02
-9.040708541870117188e-01,7.887370586395263672e-01,8.861839771270751953e-02
-9.526000618934631348e-01,7.514470219612121582e-01,1.001270711421966553e-01
-9.984252452850341797e-01,7.104117870330810547e-01,1.131393834948539734e-01
-1.041044116020202637e+00,6.657351851463317871e-01,1.275016069412231445e-01
-1.079972743988037109e+00,6.175997853279113770e-01,1.430203914642333984e-01
-1.114763259887695312e+00,5.662646293640136719e-01,1.594663262367248535e-01
-1.145021677017211914e+00,5.120606422424316406e-01,1.765800863504409790e-01
-1.170422673225402832e+00,4.553840756416320801e-01,1.940787136554718018e-01
-1.190721869468688965e+00,3.966820836067199707e-01,2.116650342941284180e-01
-1.205769181251525879e+00,3.364422917366027832e-01,2.290366590023040771e-01
-1.215509891510009766e+00,2.751735448837280273e-01,2.458962351083755493e-01
-1.219989061355590820e+00,2.133885622024536133e-01,2.619614005088806152e-01
-1.219343900680541992e+00,1.515880823135375977e-01,2.769735753536224365e-01
-1.213800430297851562e+00,9.024281054735183716e-02,2.907061576843261719e-01
-1.203654885292053223e+00,2.978092432022094727e-02,3.029704391956329346e-01
-1.189264655113220215e+00,-2.942480519413948059e-02,3.136197030544281006e-01
-1.171025514602661133e+00,-8.706282824277877808e-02,3.225510418415069580e-01
-1.149357795715332031e+00,-1.428873836994171143e-01,3.297050595283508301e-01
-1.124687790870666504e+00,-1.967196166515350342e-01,3.350637853145599365e-01
-1.097430109977722168e+00,-2.484419196844100952e-01,3.386464416980743408e-01
-1.067976951599121094e+00,-2.979947626590728760e-01,3.405048251152038574e-01
-1.036685824394226074e+00,-3.453658223152160645e-01,3.407176136970520020e-01
-1.003870487213134766e+00,-3.905824422836303711e-01,3.393838703632354736e-01
-9.697991013526916504e-01,-4.337002933025360107e-01,3.366176784038543701e-01
-9.346903562545776367e-01,-4.747932255268096924e-01,3.325433731079101562e-01
-8.987157344818115234e-01,-5.139452219009399414e-01,3.272895216941833496e-01
-8.620025515556335449e-01,-5.512401461601257324e-01,3.209862709045410156e-01
-8.246392607688903809e-01,-5.867573618888854980e-01,3.137613534927368164e-01
-7.866826653480529785e-01,-6.205652952194213867e-01,3.057381808757781982e-01
-7.481646537780761719e-01,-6.527199745178222656e-01,2.970335781574249268e-01
-7.090984582901000977e-01,-6.832635402679443359e-01,2.877562642097473145e-01
-6.694880723953247070e-01,-7.122259140014648438e-01,2.780068516731262207e-01
-6.293315291404724121e-01,-7.396265268325805664e-01,2.678759992122650146e-01
-5.886259078979492188e-01,-7.654775381088256836e-01,2.574454843997955322e-01
-5.473722219467163086e-01,-7.897867560386657715e-01,2.467874586582183838e-01
-5.055741071701049805e-01,-8.125620484352111816e-01,2.359655946493148804e-01
-4.632391631603240967e-01,-8.338133096694946289e-01,2.250355482101440430e-01
-4.203794300556182861e-01,-8.535540103912353516e-01,2.140466570854187012e-01
-3.770065903663635254e-01,-8.718023300170898438e-01,2.030420303344726562e-01
-3.331322669982910156e-01,-8.885816931724548340e-01,1.920612007379531860e-01
-2.887642383575439453e-01,-9.039176106452941895e-01,1.811408102512359619e-01
-2.439071685075759888e-01,-9.178380370140075684e-01,1.703170239925384521e-01
-1.985584050416946411e-01,-9.303704500198364258e-01,1.596260666847229004e-01
-1.527084410190582275e-01,-9.415399432182312012e-01,1.491054594516754150e-01
-1.063420325517654419e-01,-9.513659477233886719e-01,1.387966871261596680e-01
-5.943601951003074646e-02,-9.598624706268310547e-01,1.287448704242706299e-01
-1.196152716875076294e-02,-9.670336246490478516e-01,1.190009266138076782e-01
3.611555323004722595e-02,-9.728721380233764648e-01,1.096220985054969788e-01
8.483106642961502075e-02,-9.773578643798828125e-01,1.006736978888511658e-01
1.342229843139648438e-01,-9.804539680480957031e-01,9.222928434610366821e-02
1.843267828226089478e-01,-9.821035265922546387e-01,8.437140285968780518e-02
2.351703494787216187e-01,-9.822303056716918945e-01,7.719258219003677368e-02
2.867710590362548828e-01,-9.807308912277221680e-01,7.079402357339859009e-02
3.391285538673400879e-01,-9.774770140647888184e-01,6.528536230325698853e-02
3.922191262245178223e-01,-9.723144769668579102e-01,6.078283116221427917e-02
4.459860026836395264e-01,-9.650627970695495605e-01,5.740682780742645264e-02
5.003356933593750000e-01,-9.555185437202453613e-01,5.527827516198158264e-02
5.551306009292602539e-01,-9.434618353843688965e-01,5.451483279466629028e-02
6.101815104484558105e-01,-9.286620616912841797e-01,5.522587522864341736e-02
6.652476191520690918e-01,-9.108878970146179199e-01,5.750713497400283813e-02
7.200323939323425293e-01,-8.899154067039489746e-01,6.143526732921600342e-02
7.741848826408386230e-01,-8.655432462692260742e-01,6.706207990646362305e-02
8.273053765296936035e-01,-8.376016616821289062e-01,7.440946996212005615e-02
8.789498209953308105e-01,-8.059650659561157227e-01,8.346468210220336914e-02
9.286419153213500977e-01,-7.705635428428649902e-01,9.417679905891418457e-02
9.758821725845336914e-01,-7.313926219940185547e-01,1.064539253711700439e-01
1.020166277885437012e+00,-6.885190010070800781e-01,1.201629489660263062e-01
1.060998678207397461e+00,-6.420850753784179688e-01,1.351300179958343506e-01
1.097911357879638672e+00,-5.923129916191101074e-01,1.511430740356445312e-01
1.130481600761413574e+00,-5.394982099533081055e-01,1.679569780826568604e-01
1.158346533775329590e+00,-4.840047061443328857e-01,1.852995753288269043e-01
1.181221604347229004e+00,-4.262562096118927002e-01,2.028798758983612061e-01
1.198908090591430664e+00,-3.667231202125549316e-01,2.203964889049530029e-01
1.211302518844604492e+00,-3.059046268463134766e-01,2.375485301017761230e-01
1.218400597572326660e+00,-2.443135082721710205e-01,2.540450096130371094e-01
1.220294833183288574e+00,-1.824598759412765503e-01,2.696141004562377930e-01
1.217167377471923828e+00,-1.208306625485420227e-01,2.840125560760498047e-01
1.209281921386718750e+00,-5.987694859504699707e-02,2.970319986343383789e-01
1.196966290473937988e+00,2.092842379397552577e-07,3.085044324398040771e-01
1.161498427391052246e+00,0.000000000000000000e+00,3.415935337543487549e-01
1.141813397407531738e+00,5.653609707951545715e-02,3.520444631576538086e-01
1.118573546409606934e+00,1.110430210828781128e-01,3.604456782341003418e-01
1.092287778854370117e+00,1.633202433586120605e-01,3.667820096015930176e-01
1.063454985618591309e+00,2.132440954446792603e-01,3.710846602916717529e-01
1.032546877861022949e+00,2.607612311840057373e-01,3.734244108200073242e-01
9.999938607215881348e-01,3.058791160583496094e-01,3.739031851291656494e-01
9.661757349967956543e-01,3.486548364162445068e-01,3.726462125778198242e-01
9.314163923263549805e-01,3.891838192939758301e-01,3.697944283485412598e-01
8.959795832633972168e-01,4.275871217250823975e-01,3.654970526695251465e-01
8.600717186927795410e-01,4.640008211135864258e-01,3.599051535129547119e-01
8.238434791564941406e-01,4.985660016536712646e-01,3.531681299209594727e-01
7.873961329460144043e-01,5.314203500747680664e-01,3.454283177852630615e-01
7.507877349853515625e-01,5.626915693283081055e-01,3.368200957775115967e-01
7.140407562255859375e-01,5.924931764602661133e-01,3.274671733379364014e-01
6.771482825279235840e-01,6.209202408790588379e-01,3.174829483032226562e-01
6.400842666625976562e-01,6.480505466461181641e-01,3.069700300693511963e-01
6.028074622154235840e-01,6.739423871040344238e-01,2.960203886032104492e-01
5.652690529823303223e-01,6.986380219459533691e-01,2.847163677215576172e-01
5.274176001548767090e-01,7.221646308898925781e-01,2.731320858001708984e-01
4.892018139362335205e-01,7.445378303527832031e-01,2.613331675529479980e-01
4.505738317966461182e-01,7.657645344734191895e-01,2.493789643049240112e-01
4.114902317523956299e-01,7.858451008796691895e-01,2.373231351375579834e-01
3.719127178192138672e-01,8.047767877578735352e-01,2.252146303653717041e-01
3.318075239658355713e-01,8.225541114807128906e-01,2.130994200706481934e-01
2.911448478698730469e-01,8.391720652580261230e-01,2.010205686092376709e-01
2.498967200517654419e-01,8.546237349510192871e-01,1.890206634998321533e-01
2.080370187759399414e-01,8.689033985137939453e-01,1.771410852670669556e-01
1.655392199754714966e-01,8.820031881332397461e-01,1.654249578714370728e-01
1.223758161067962646e-01,8.939138650894165039e-01,1.539167016744613647e-01
7.851798087358474731e-02,9.046239852905273438e-01,1.426645219326019287e-01
3.393425047397613525e-02,9.141170382499694824e-01,1.317206472158432007e-01
-1.140889804810285568e-02,9.223698377609252930e-01,1.211428791284561157e-01
-5.754673108458518982e-02,9.293524026870727539e-01,1.109963506460189819e-01
-1.045152172446250916e-01,9.350222349166870117e-01,1.013542488217353821e-01
-1.523492485284805298e-01,9.393241405487060547e-01,9.229957312345504761e-02
-2.010800540447235107e-01,9.421862363815307617e-01,8.392557501792907715e-02
-2.507308721542358398e-01,9.435158967971801758e-01,7.633684575557708740e-02
-3.013127446174621582e-01,9.431976675987243652e-01,6.964921206235885620e-02
-3.528180420398712158e-01,9.410911202430725098e-01,6.398859620094299316e-02
-4.052132070064544678e-01,9.370284080505371094e-01,5.948973074555397034e-02
-4.584317207336425781e-01,9.308163523674011230e-01,5.629326775670051575e-02
-5.123640894889831543e-01,9.222360253334045410e-01,5.454183742403984070e-02
-5.668531656265258789e-01,9.110503792762756348e-01,5.437488853931427002e-02
-6.216829419136047363e-01,8.970076441764831543e-01,5.592259764671325684e-02
-6.765785813331604004e-01,8.798551559448242188e-01,5.929888784885406494e-02
-7.311989068984985352e-01,8.593470454216003418e-01,6.459380686283111572e-02
-7.851402759552001953e-01,8.352609872817993164e-01,7.186582684516906738e-02
-8.379403948783874512e-01,8.074110150337219238e-01,8.113463968038558960e-02
-8.890850543975830078e-01,7.756630182266235352e-01,9.237448871135711670e-02
-9.380223751068115234e-01,7.399475574493408203e-01,1.055096685886383057e-01
-9.841789603233337402e-01,7.002750635147094727e-01,1.204109936952590942e-01
-1.026978492736816406e+00,6.567403078079223633e-01,1.368959099054336548e-01
-1.065864086151123047e+00,6.095315217971801758e-01,1.547302901744842529e-01
-1.100321412086486816e+00,5.589286088943481445e-01,1.736335158348083496e-01
-1.129900097846984863e+00,5.052981972694396973e-01,1.932865679264068604e-01
-1.154233217239379883e+00,4.490851461887359619e-01,2.133417129516601562e-01
-1.173056483268737793e+00,3.907969594001770020e-01,2.334351837635040283e-01
-1.186216115951538086e+00,3.309864699840545654e-01,2.531993091106414795e-01
-1.193678379058837891e+00,2.702311873435974121e-01,2.722770571708679199e-01
-1.195527791976928711e+00,2.091100364923477173e-01,2.903345823287963867e-01
-1.191961169242858887e+00,1.481838822364807129e-01,3.070722222328186035e-01
-1.183275222778320312e+00,8.797334134578704834e-02,3.222349286079406738e-01
-1.169850707054138184e+00,2.894453890621662140e-02,3.356181085109710693e-01
-1.152131915092468262e+00,-2.850606665015220642e-02,3.470723628997802734e-01
-1.130605936050415039e+00,-8.405773341655731201e-02,3.565034568309783936e-01
-1.105779528617858887e+00,-1.374697685241699219e-01,3.638709187507629395e-01
-1.078159451484680176e+00,-1.885813176631927490e-01,3.691838979721069336e-01
-1.048232555389404297e+00,-2.373043298721313477e-01,3.724941611289978027e-01
-1.016451120376586914e+00,-2.836176156997680664e-01,3.738889992237091064e-01
-9.832211732864379883e-01,-3.275543451309204102e-01,3.734830319881439209e-01
-9.488958120346069336e-01,-3.691930770874023438e-01,3.714104294776916504e-01
-9.137684702873229980e-01,-4.086430072784423828e-01,3.678169250488281250e-01
-8.780738711357116699e-01,-4.460338354110717773e-01,3.628534674644470215e-01
-8.419900536537170410e-01,-4.815057218074798584e-01,3.566708266735076904e-01
-8.056426644325256348e-01,-5.151986479759216309e-01,3.494149744510650635e-01
-7.691099047660827637e-01,-5.472463965415954590e-01,3.412247300148010254e-01
-7.324312925338745117e-01,-5.777697563171386719e-01,3.322293758392333984e-01
-6.956138014793395996e-01,-6.068730950355529785e-01,3.225473463535308838e-01
-6.586400866508483887e-01,-6.346435546875000000e-01,3.122865557670593262e-01
-6.214753389358520508e-01,-6.611481904983520508e-01,3.015443980693817139e-01
-5.840742588043212891e-01,-6.864375472068786621e-01,2.904078960418701172e-01
-5.463855862617492676e-01,-7.105462551116943359e-01,2.789549827575683594e-01
-5.083584189414978027e-01,-7.334949374198913574e-01,2.672555744647979736e-01
-4.699423611164093018e-01,-7.552945017814636230e-01,2.553719580173492432e-01
-4.310912787914276123e-01,-7.759482860565185547e-01,2.433604449033737183e-01
-3.917653858661651611e-01,-7.954549789428710938e-01,2.312724143266677856e-01
-3.519281446933746338e-01,-8.138101100921630859e-01,2.191550880670547485e-01
-3.115479350090026855e-01,-8.310086727142333984e-01,2.070529460906982422e-01
-2.705955803394317627e-01,-8.470442891120910645e-01,1.950081139802932739e-01
-2.290449142456054688e-01,-8.619104623794555664e-01,1.830631196498870850e-01
-1.868696361780166626e-01,-8.756012320518493652e-01,1.712598800659179688e-01
-1.440422832965850830e-01,-8.881078362464904785e-01,1.596418321132659912e-01
-1.005356013774871826e-01,-8.994199037551879883e-01,1.482554674148559570e-01
-5.631898343563079834e-02,-9.095239043235778809e-01,1.371505856513977051e-01
-1.135996542870998383e-02,-9.184002280235290527e-01,1.263821274042129517e-01
3.437635675072669983e-02,-9.260220527648925781e-01,1.160112544894218445e-01
8.092493563890457153e-02,-9.323545098304748535e-01,1.061073020100593567e-01
1.283218860626220703e-01,-9.373483061790466309e-01,9.674794971942901611e-02
1.766010522842407227e-01,-9.409404397010803223e-01,8.802118897438049316e-02
2.257894575595855713e-01,-9.430493116378784180e-01,8.002613484859466553e-02
2.759051620960235596e-01,-9.435704946517944336e-01,7.287283241748809814e-02
3.269511461257934570e-01,-9.423778653144836426e-01,6.668232381343841553e-02
3.789080381393432617e-01,-9.393161535263061523e-01,6.158520281314849854e-02
4.317254722118377686e-01,-9.342046380043029785e-01,5.771973356604576111e-02
4.853171110153198242e-01,-9.268366694450378418e-01,5.522805452346801758e-02
5.395513772964477539e-01,-9.169843792915344238e-01,5.425190925598144531e-02
5.942412614822387695e-01,-9.044018983840942383e-01,5.492687225341796875e-02
6.491423249244689941e-01,-8.888357877731323242e-01,5.737591162323951721e-02
7.039470076560974121e-01,-8.700349330902099609e-01,6.170202046632766724e-02
7.582824230194091797e-01,-8.477642536163330078e-01,6.798043847084045410e-02
8.117139339447021484e-01,-8.218162059783935547e-01,7.625104486942291260e-02
8.637530207633972168e-01,-7.920301556587219238e-01,8.651162683963775635e-02
9.138652682304382324e-01,-7.583022713661193848e-01,9.871203452348709106e-02
9.614844322204589844e-01,-7.206019759178161621e-01,1.127497628331184387e-01
1.006033301353454590e+00,-6.789805293083190918e-01,1.284689605236053467e-01
1.046944260597229004e+00,-6.335797905921936035e-01,1.456609666347503662e-01
1.083676099777221680e+00,-5.846332311630249023e-01,1.640674620866775513e-01
1.115745663642883301e+00,-5.324657559394836426e-01,1.833874732255935669e-01
1.142741084098815918e+00,-4.774841368198394775e-01,2.032863348722457886e-01
1.164345979690551758e+00,-4.201664626598358154e-01,2.234068214893341064e-01
1.180348873138427734e+00,-3.610461950302124023e-01,2.433810979127883911e-01
1.190656423568725586e+00,-3.006905913352966309e-01,2.628455162048339844e-01
1.195294737815856934e+00,-2.396803200244903564e-01,2.814531028270721436e-01
1.194405436515808105e+00,-1.785888522863388062e-01,2.988855242729187012e-01
1.188236117362976074e+00,-1.179585978388786316e-01,3.148645162582397461e-01
1.177128911018371582e+00,-5.828491225838661194e-02,3.291596174240112305e-01
1.161498427391052246e+00,2.030828341048618313e-07,3.415935635566711426e-01
1.133536934852600098e+00,0.000000000000000000e+00,3.538981676101684570e-01
1.111255168914794922e+00,5.502302572131156921e-02,3.652064800262451172e-01
1.085370421409606934e+00,1.077468842267990112e-01,3.742110133171081543e-01
1.056463360786437988e+00,1.579637378454208374e-01,3.809114694595336914e-01
1.025101423263549805e+00,2.055534422397613525e-01,3.853617906570434570e-01
9.918180108070373535e-01,2.504754960536956787e-01,3.876599669456481934e-01
9.570983052253723145e-01,2.927581667900085449e-01,3.879385292530059814e-01
9.213702678680419922e-01,3.324863016605377197e-01,3.863539397716522217e-01
8.849958777427673340e-01,3.697874248027801514e-01,3.830775916576385498e-01
8.482726812362670898e-01,4.048200249671936035e-01,3.782864809036254883e-01
8.114326596260070801e-01,4.377605020999908447e-01,3.721566498279571533e-01
7.746477723121643066e-01,4.687941968441009521e-01,3.648572862148284912e-01
7.380334734916687012e-01,4.981050789356231689e-01,3.565473556518554688e-01
7.016581892967224121e-01,5.258705019950866699e-01,3.473723530769348145e-01
6.655471324920654297e-01,5.522543787956237793e-01,3.374635875225067139e-01
6.296917796134948730e-01,5.774043798446655273e-01,3.269376158714294434e-01
5.940561294555664062e-01,6.014495491981506348e-01,3.158969581127166748e-01
5.585818886756896973e-01,6.244980096817016602e-01,3.044310808181762695e-01
5.231953263282775879e-01,6.466374397277832031e-01,2.926177680492401123e-01
4.878119230270385742e-01,6.679346561431884766e-01,2.805252373218536377e-01
4.523403942584991455e-01,6.884368658065795898e-01,2.682130932807922363e-01
4.166869521141052246e-01,7.081726789474487305e-01,2.557343840599060059e-01
3.807578086853027344e-01,7.271537780761718750e-01,2.431370764970779419e-01
3.444623053073883057e-01,7.453772425651550293e-01,2.304659783840179443e-01
3.077147006988525391e-01,7.628277540206909180e-01,2.177631855010986328e-01
2.704346776008605957e-01,7.794787883758544922e-01,2.050696909427642822e-01
2.325489968061447144e-01,7.952961325645446777e-01,1.924268901348114014e-01
1.939913928508758545e-01,8.102393150329589844e-01,1.798765808343887329e-01
1.547020971775054932e-01,8.242623209953308105e-01,1.674621850252151489e-01
1.146276965737342834e-01,8.373164534568786621e-01,1.552301645278930664e-01
7.372049987316131592e-02,8.493511080741882324e-01,1.432298719882965088e-01
3.193690255284309387e-02,8.603126406669616699e-01,1.315154433250427246e-01
-1.076292339712381363e-02,8.701450228691101074e-01,1.201463192701339722e-01
-5.441582947969436646e-02,8.787897825241088867e-01,1.091886162757873535e-01
-9.905608743429183960e-02,8.861833810806274414e-01,9.871668368577957153e-02
-1.447149813175201416e-01,8.922544121742248535e-01,8.881414681673049927e-02
-1.914200335741043091e-01,8.969229459762573242e-01,7.957596331834793091e-02
-2.391921877861022949e-01,9.000951051712036133e-01,7.110878825187683105e-02
-2.880430221557617188e-01,9.016595482826232910e-01,6.353282928466796875e-02
-3.379691839218139648e-01,9.014839529991149902e-01,5.698134005069732666e-02
-3.889461159706115723e-01,8.994118571281433105e-01,5.160032212734222412e-02
-4.409206509590148926e-01,8.952612280845642090e-01,4.754639416933059692e-02
-4.938005208969116211e-01,8.888223171234130859e-01,4.498381167650222778e-02
-5.474462509155273438e-01,8.798595070838928223e-01,4.407899081707000732e-02
-6.016598343849182129e-01,8.681168556213378906e-01,4.499425366520881653e-02
-6.561787724494934082e-01,8.533262014389038086e-01,4.787924140691757202e-02
-7.106667757034301758e-01,8.352165222167968750e-01,5.286163836717605591e-02
-7.647141218185424805e-01,8.135309219360351562e-01,6.003675237298011780e-02
-8.178374171257019043e-01,7.880405187606811523e-01,6.945738196372985840e-02
-8.694879412651062012e-01,7.585659623146057129e-01,8.112405240535736084e-02
-9.190632700920104980e-01,7.249919176101684570e-01,9.497736394405364990e-02
-9.659255146980285645e-01,6.872872114181518555e-01,1.108924299478530884e-01
-1.009426593780517578e+00,6.455161571502685547e-01,1.286769807338714600e-01
-1.048929214477539062e+00,5.998470187187194824e-01,1.480728089809417725e-01
-1.083840727806091309e+00,5.505569577217102051e-01,1.687614619731903076e-01
-1.113636970520019531e+00,4.980252087116241455e-01,1.903743594884872437e-01
-1.137890100479125977e+00,4.427264332771301270e-01,2.125047147274017334e-01
-1.156288981437683105e+00,3.852109611034393311e-01,2.347243726253509521e-01
-1.168652772903442383e+00,3.260858058929443359e-01,2.565999031066894531e-01
-1.174939990043640137e+00,2.659890949726104736e-01,2.777104079723358154e-01
-1.175248503684997559e+00,2.055629789829254150e-01,2.976647019386291504e-01
-1.169806361198425293e+00,1.454296112060546875e-01,3.161148130893707275e-01
-1.158959150314331055e+00,8.616551011800765991e-02,3.327685296535491943e-01
-1.143146753311157227e+00,2.828382886946201324e-02,3.473967313766479492e-01
-1.122882604598999023e+00,-2.778238058090209961e-02,3.598379790782928467e-01
-1.098726749420166016e+00,-8.168759196996688843e-02,3.699980676174163818e-01
-1.071258664131164551e+00,-1.331781446933746338e-01,3.778470158576965332e-01
-1.041055202484130859e+00,-1.820914000272750854e-01,3.834128379821777344e-01
-1.008668422698974609e+00,-2.283476144075393677e-01,3.867723643779754639e-01
-9.746097326278686523e-01,-2.719427347183227539e-01,3.880423903465270996e-01
-9.393362998962402344e-01,-3.129343688488006592e-01,3.873686194419860840e-01
-9.032436013221740723e-01,-3.514308929443359375e-01,3.849162459373474121e-01
-8.666618466377258301e-01,-3.875766396522521973e-01,3.808602690696716309e-01
-8.298551440238952637e-01,-4.215402305126190186e-01,3.753779232501983643e-01
-7.930248379707336426e-01,-4.535041749477386475e-01,3.686428368091583252e-01
-7.563139796257019043e-01,-4.836536049842834473e-01,3.608192205429077148e-01
-7.198135256767272949e-01,-5.121704339981079102e-01,3.520593941211700439e-01
-6.835692524909973145e-01,-5.392255187034606934e-01,3.425019681453704834e-01
-6.475890278816223145e-01,-5.649749636650085449e-01,3.322710692882537842e-01
-6.118497252464294434e-01,-5.895578861236572266e-01,3.214756548404693604e-01
-5.763031244277954102e-01,-6.130923032760620117e-01,3.102120161056518555e-01
-5.408829450607299805e-01,-6.356766819953918457e-01,2.985634803771972656e-01
-5.055087804794311523e-01,-6.573880314826965332e-01,2.866024971008300781e-01
-4.700931012630462646e-01,-6.782830357551574707e-01,2.743932008743286133e-01
-4.345423877239227295e-01,-6.983994841575622559e-01,2.619913816452026367e-01
-3.987623751163482666e-01,-7.177575230598449707e-01,2.494476437568664551e-01
-3.626613616943359375e-01,-7.363610863685607910e-01,2.368081212043762207e-01
-3.261502981185913086e-01,-7.542005777359008789e-01,2.241159677505493164e-01
-2.891461849212646484e-01,-7.712552547454833984e-01,2.114126831293106079e-01
-2.515718638896942139e-01,-7.874944210052490234e-01,1.987394094467163086e-01
-2.133580595254898071e-01,-8.028798699378967285e-01,1.861375868320465088e-01
-1.744417250156402588e-01,-8.173686861991882324e-01,1.736494898796081543e-01
-1.347659379243850708e-01,-8.309135437011718750e-01,1.613203138113021851e-01
-9.428100287914276123e-02,-8.434645533561706543e-01,1.491977274417877197e-01
-5.294088274240493774e-02,-8.549692630767822266e-01,1.373334228992462158e-01
-1.070406194776296616e-02,-8.653734922409057617e-01,1.257837712764739990e-01
3.246817737817764282e-02,-8.746199607849121094e-01,1.146115139126777649e-01
7.661052793264389038e-02,-8.826471567153930664e-01,1.038869321346282959e-01
1.217563301324844360e-01,-8.893891572952270508e-01,9.368859231472015381e-02
1.679355502128601074e-01,-8.947700858116149902e-01,8.410558849573135376e-02
2.151718288660049438e-01,-8.987029194831848145e-01,7.523877918720245361e-02
2.634825408458709717e-01,-9.010862112045288086e-01,6.720142066478729248e-02
3.128722608089447021e-01,-9.017979502677917480e-01,6.012019515037536621e-02
3.633290231227874756e-01,-9.006956815719604492e-01,5.413486808538436890e-02
4.148134291172027588e-01,-8.976088762283325195e-01,4.939728975296020508e-02
4.672547280788421631e-01,-8.923419713973999023e-01,4.606825113296508789e-02
5.205387473106384277e-01,-8.846718072891235352e-01,4.431385919451713562e-02
5.744969844818115234e-01,-8.743522167205810547e-01,4.429941624402999878e-02
6.289004087448120117e-01,-8.611196875572204590e-01,4.618196934461593628e-02
6.834504604339599609e-01,-8.447024226188659668e-01,5.010142549872398376e-02
7.377743721008300781e-01,-8.248360753059387207e-01,5.617069453001022339e-02
7.914240360260009766e-01,-8.012738227844238281e-01,6.446497887372970581e-02
8.438830971717834473e-01,-7.738101482391357422e-01,7.501213252544403076e-02
8.945744037628173828e-01,-7.422951459884643555e-01,8.778369426727294922e-02
9.428743720054626465e-01,-7.066543102264404297e-01,1.026876643300056458e-01
9.881369471549987793e-01,-6.669021248817443848e-01,1.195656731724739075e-01
1.029716610908508301e+00,-6.231541037559509277e-01,1.381921023130416870e-01
1.066993594169616699e+00,-5.756331086158752441e-01,1.582775413990020752e-01
1.099407196044921875e+00,-5.246686339378356934e-01,1.794770807027816772e-01
1.126478195190429688e+00,-4.706888496875762939e-01,2.014011740684509277e-01
1.147835731506347656e+00,-4.142085611820220947e-01,2.236307114362716675e-01
1.163230895996093750e+00,-3.558101356029510498e-01,2.457319498062133789e-01
1.172552704811096191e+00,-2.961186468601226807e-01,2.672761082649230957e-01
1.175830125808715820e+00,-2.357772737741470337e-01,2.878551483154296875e-01
1.173227190971374512e+00,-1.754222512245178223e-01,3.070975244045257568e-01
1.165032863616943359e+00,-1.156551614403724670e-01,3.246820867061614990e-01
1.151642799377441406e+00,-5.702298134565353394e-02,3.403474986553192139e-01
1.133536815643310547e+00,1.981938737571908860e-07,3.538981974124908447e-01
1.116299986839294434e+00,0.000000000000000000e+00,3.459620177745819092e-01
1.092497348785400391e+00,5.409424379467964172e-02,3.585757613182067871e-01
1.064878821372985840e+00,1.057126373052597046e-01,3.686857223510742188e-01
1.034084558486938477e+00,1.546176373958587646e-01,3.762862086296081543e-01
1.000742077827453613e+00,2.006689012050628662e-01,3.814340531826019287e-01
9.654434323310852051e-01,2.438148111104965210e-01,3.842386603355407715e-01
9.287311434745788574e-01,2.840811908245086670e-01,3.848496675491333008e-01
8.910855650901794434e-01,3.215577304363250732e-01,3.834446668624877930e-01
8.529176115989685059e-01,3.563838303089141846e-01,3.802185952663421631e-01
8.145683407783508301e-01,3.887353241443634033e-01,3.753733038902282715e-01
7.763096690177917480e-01,4.188119471073150635e-01,3.691093027591705322e-01
7.383476495742797852e-01,4.468264281749725342e-01,3.616196215152740479e-01
7.008294463157653809e-01,4.729957878589630127e-01,3.530845940113067627e-01
6.638494133949279785e-01,4.975340366363525391e-01,3.436689376831054688e-01
6.274557113647460938e-01,5.206470489501953125e-01,3.335205614566802979e-01
5.916571617126464844e-01,5.425279736518859863e-01,3.227691650390625000e-01
5.564291477203369141e-01,5.633542537689208984e-01,3.115270733833312988e-01
5.217191576957702637e-01,5.832852125167846680e-01,2.998900711536407471e-01
4.874514341354370117e-01,6.024601459503173828e-01,2.879385054111480713e-01
4.535317122936248779e-01,6.209966540336608887e-01,2.757394909858703613e-01
4.198505878448486328e-01,6.389891505241394043e-01,2.633487582206726074e-01
3.862878382205963135e-01,6.565084457397460938e-01,2.508124411106109619e-01
3.527160584926605225e-01,6.736009120941162109e-01,2.381697297096252441e-01
3.190041482448577881e-01,6.902886629104614258e-01,2.254541516304016113e-01
2.850213050842285156e-01,7.065706253051757812e-01,2.126964330673217773e-01
2.506397962570190430e-01,7.224236726760864258e-01,1.999258995056152344e-01
2.157384157180786133e-01,7.378054857254028320e-01,1.871719509363174438e-01
1.802046447992324829e-01,7.526565790176391602e-01,1.744658797979354858e-01
1.439365893602371216e-01,7.669029831886291504e-01,1.618420481681823730e-01
1.068442985415458679e-01,7.804613709449768066e-01,1.493384093046188354e-01
6.885036081075668335e-02,7.932410836219787598e-01,1.369982361793518066e-01
2.988903783261775970e-02,8.051475286483764648e-01,1.248702928423881531e-01
-1.009424310177564621e-02,8.160845637321472168e-01,1.130099445581436157e-01
-5.114435777068138123e-02,8.259570598602294922e-01,1.014799475669860840e-01
-9.329809248447418213e-02,8.346707224845886230e-01,9.035179018974304199e-02
-1.365855634212493896e-01,8.421316742897033691e-01,7.970649749040603638e-02
-1.810315251350402832e-01,8.482462763786315918e-01,6.963692605495452881e-02
-2.266547679901123047e-01,8.529159426689147949e-01,6.024850904941558838e-02
-2.734678685665130615e-01,8.560349941253662109e-01,5.166149139404296875e-02
-3.214730024337768555e-01,8.574827909469604492e-01,4.401179403066635132e-02
-3.706582486629486084e-01,8.571223616600036621e-01,3.745158016681671143e-02
-4.209890067577362061e-01,8.547912836074829102e-01,3.214861452579498291e-02
-4.723989367485046387e-01,8.503002524375915527e-01,2.828415483236312866e-02
-5.247797369956970215e-01,8.434296846389770508e-01,2.604872733354568481e-02
-5.779674649238586426e-01,8.339318633079528809e-01,2.563581615686416626e-02
-6.317319869995117188e-01,8.215343952178955078e-01,2.723320573568344116e-02
-6.857663989067077637e-01,8.059521317481994629e-01,3.101239353418350220e-02
-7.396795153617858887e-01,7.868981361389160156e-01,3.711640834808349609e-02
-7.929954528808593750e-01,7.641035914421081543e-01,4.564661160111427307e-02
-8.451557159423828125e-01,7.373378872871398926e-01,5.665000155568122864e-02
-8.955315351486206055e-01,7.064291834831237793e-01,7.010802626609802246e-02
-9.434391260147094727e-01,6.712874174118041992e-01,8.592736721038818359e-02
-9.881681799888610840e-01,6.319216489791870117e-01,1.039355099201202393e-01
-1.029007196426391602e+00,5.884543657302856445e-01,1.238796114921569824e-01
-1.065279603004455566e+00,5.411284565925598145e-01,1.454315632581710815e-01
-1.096374392509460449e+00,4.903053045272827148e-01,1.681976169347763062e-01
-1.121779680252075195e+00,4.364582300186157227e-01,1.917323917150497437e-01
-1.141107082366943359e+00,3.801532089710235596e-01,2.155575603246688843e-01
-1.154112815856933594e+00,3.220287859439849854e-01,2.391813248395919800e-01
-1.160710453987121582e+00,2.627677321434020996e-01,2.621203660964965820e-01
-1.160970091819763184e+00,2.030655443668365479e-01,2.839206159114837646e-01
-1.155110955238342285e+00,1.436026841402053833e-01,3.041747808456420898e-01
-1.143489480018615723e+00,8.501537889242172241e-02,3.225380182266235352e-01
-1.126573324203491211e+00,2.787376567721366882e-02,3.387375175952911377e-01
-1.104915142059326172e+00,-2.733783051371574402e-02,3.525786995887756348e-01
-1.079125046730041504e+00,-8.023025095462799072e-02,3.639457225799560547e-01
-1.049838900566101074e+00,-1.305152624845504761e-01,3.727975487709045410e-01
-1.017693877220153809e+00,-1.780052632093429565e-01,3.791608512401580811e-01
-9.833019971847534180e-01,-2.226050198078155518e-01,3.831207454204559326e-01
-9.472324848175048828e-01,-2.643037438392639160e-01,3.848077654838562012e-01
-9.099975824356079102e-01,-3.031603395938873291e-01,3.843872547149658203e-01
-8.720437884330749512e-01,-3.392917811870574951e-01,3.820466995239257812e-01
-8.337470889091491699e-01,-3.728569746017456055e-01,3.779857456684112549e-01
-7.954133749008178711e-01,-4.040449261665344238e-01,3.724064826965332031e-01
-7.572809457778930664e-01,-4.330634474754333496e-01,3.655060827732086182e-01
-7.195260524749755859e-01,-4.601281583309173584e-01,3.574720621109008789e-01
-6.822680830955505371e-01,-4.854556620121002197e-01,3.484770655632019043e-01
-6.455777287483215332e-01,-5.092563033103942871e-01,3.386777937412261963e-01
-6.094827651977539062e-01,-5.317299962043762207e-01,3.282128274440765381e-01
-5.739744305610656738e-01,-5.530624985694885254e-01,3.172031342983245850e-01
-5.390135645866394043e-01,-5.734223127365112305e-01,3.057525157928466797e-01
-5.045357346534729004e-01,-5.929592847824096680e-01,2.939491569995880127e-01
-4.704546034336090088e-01,-6.118019223213195801e-01,2.818660736083984375e-01
-4.366685450077056885e-01,-6.300557851791381836e-01,2.695649862289428711e-01
-4.030623733997344971e-01,-6.478045582771301270e-01,2.570962905883789062e-01
-3.695110678672790527e-01,-6.651062369346618652e-01,2.445021271705627441e-01
-3.358857631683349609e-01,-6.819949746131896973e-01,2.318190634250640869e-01
-3.020547330379486084e-01,-6.984812021255493164e-01,2.190786898136138916e-01
-2.678883373737335205e-01,-7.145530581474304199e-01,2.063110023736953735e-01
-2.332613170146942139e-01,-7.301770448684692383e-01,1.935448944568634033e-01
-1.980572193861007690e-01,-7.453017830848693848e-01,1.808108389377593994e-01
-1.621683835983276367e-01,-7.598603963851928711e-01,1.681413501501083374e-01
-1.254984140396118164e-01,-7.737736701965332031e-01,1.555724591016769409e-01
-8.796438574790954590e-02,-7.869542837142944336e-01,1.431449949741363525e-01
-4.949433729052543640e-02,-7.993091940879821777e-01,1.309044510126113892e-01
-1.002831943333148956e-02,-8.107428550720214844e-01,1.189029589295387268e-01
3.048360720276832581e-02,-8.211601376533508301e-01,1.071993559598922729e-01
7.208123058080673218e-02,-8.304641246795654297e-01,9.586080908775329590e-02
1.147984042763710022e-01,-8.385638594627380371e-01,8.496329188346862793e-02
1.586627513170242310e-01,-8.453640937805175781e-01,7.459342479705810547e-02
2.036951631307601929e-01,-8.507686257362365723e-01,6.485043466091156006e-02
2.499121874570846558e-01,-8.546769022941589355e-01,5.584672838449478149e-02
2.973215878009796143e-01,-8.569759726524353027e-01,4.771041870117187500e-02
3.459197878837585449e-01,-8.575380444526672363e-01,4.058538377285003662e-02
3.956836760044097900e-01,-8.562142848968505859e-01,3.463190048933029175e-02
4.465647339820861816e-01,-8.528291583061218262e-01,3.002484142780303955e-02
4.984769821166992188e-01,-8.471772074699401855e-01,2.695071697235107422e-02
5.512856841087341309e-01,-8.390259742736816406e-01,2.560250088572502136e-02
6.047949194908142090e-01,-8.281132578849792480e-01,2.617199346423149109e-02
6.587379574775695801e-01,-8.141593337059020996e-01,2.884035930037498474e-02
7.127659320831298828e-01,-7.968765497207641602e-01,3.376638144254684448e-02
7.664451003074645996e-01,-7.759839892387390137e-01,4.107388854026794434e-02
8.192579746246337891e-01,-7.512298226356506348e-01,5.083865672349929810e-02
8.706085681915283203e-01,-7.224089503288269043e-01,6.307628005743026733e-02
9.198378920555114746e-01,-6.893892288208007812e-01,7.773148268461227417e-02
9.662458300590515137e-01,-6.521276235580444336e-01,9.467180818319320679e-02
1.009117603302001953e+00,-6.106882095336914062e-01,1.136845201253890991e-01
1.047754645347595215e+00,-5.652539134025573730e-01,1.344778835773468018e-01
1.081509113311767578e+00,-5.161271095275878906e-01,1.566896438598632812e-01
1.109815955162048340e+00,-4.637266695499420166e-01,1.798982322216033936e-01
1.132221460342407227e+00,-4.085740149021148682e-01,2.036395072937011719e-01
1.148409128189086914e+00,-3.512764275074005127e-01,2.274252474308013916e-01
1.158212184906005859e+00,-2.924970686435699463e-01,2.507656216621398926e-01
1.161622166633605957e+00,-2.329283058643341064e-01,2.731896638870239258e-01
1.158786058425903320e+00,-1.732630133628845215e-01,2.942641377449035645e-01
1.149993658065795898e+00,-1.141621917486190796e-01,3.136115670204162598e-01
1.135660648345947266e+00,-5.623163655400276184e-02,3.309221863746643066e-01
1.116299986839294434e+00,1.951800925326097058e-07,3.459620475769042969e-01
1.110723972320556641e+00,0.000000000000000000e+00,3.185583353042602539e-01
1.086779832839965820e+00,5.381114408373832703e-02,3.331180214881896973e-01
1.058621644973754883e+00,1.050914749503135681e-01,3.450648784637451172e-01
1.026930451393127441e+00,1.535479426383972168e-01,3.543536067008972168e-01
9.923858046531677246e-01,1.989932954311370850e-01,3.610134124755859375e-01
9.556396007537841797e-01,2.413389384746551514e-01,3.651369214057922363e-01
9.172958135604858398e-01,2.805833518505096436e-01,3.668673932552337646e-01
8.778981566429138184e-01,3.167989253997802734e-01,3.663856387138366699e-01
8.379186987876892090e-01,3.501166701316833496e-01,3.638971447944641113e-01
7.977568507194519043e-01,3.807123899459838867e-01,3.596201241016387939e-01
7.577372193336486816e-01,4.087922871112823486e-01,3.537760674953460693e-01
7.181150317192077637e-01,4.345822334289550781e-01,3.465819358825683594e-01
6.790810227394104004e-01,4.583175480365753174e-01,3.382431864738464355e-01
6.407684087753295898e-01,4.802355468273162842e-01,3.289504051208496094e-01
6.032592058181762695e-01,5.005694031715393066e-01,3.188764750957489014e-01
5.665918588638305664e-01,5.195440649986267090e-01,3.081743121147155762e-01
5.307672023773193359e-01,5.373728871345520020e-01,2.969775795936584473e-01
4.957538247108459473e-01,5.542557835578918457e-01,2.853996753692626953e-01
4.614917039871215820e-01,5.703755021095275879e-01,2.735351026058197021e-01
4.278970360755920410e-01,5.858964323997497559e-01,2.614609301090240479e-01
3.948646783828735352e-01,6.009619832038879395e-01,2.492376267910003662e-01
3.622719943523406982e-01,6.156927347183227539e-01,2.369118183851242065e-01
3.299814760684967041e-01,6.301834583282470703e-01,2.245179712772369385e-01
2.978440523147583008e-01,6.445006132125854492e-01,2.120810151100158691e-01
2.657036185264587402e-01,6.586819291114807129e-01,1.996192336082458496e-01
2.334005236625671387e-01,6.727346181869506836e-01,1.871463060379028320e-01
2.007764726877212524e-01,6.866370439529418945e-01,1.746743023395538330e-01
1.676782816648483276e-01,7.003380060195922852e-01,1.622160673141479492e-01
1.339627653360366821e-01,7.137618660926818848e-01,1.497871279716491699e-01
9.949983656406402588e-02,7.268125414848327637e-01,1.374077796936035156e-01
6.417506188154220581e-02,7.393758296966552734e-01,1.251046955585479736e-01
2.789114601910114288e-02,7.513285875320434570e-01,1.129120364785194397e-01
-9.431950747966766357e-03,7.625405192375183105e-01,1.008723899722099304e-01
-4.785789921879768372e-02,7.728824019432067871e-01,8.903789520263671875e-02
-8.743628859519958496e-02,7.822293639183044434e-01,7.747120410203933716e-02
-1.282049715518951416e-01,7.904603481292724609e-01,6.624616682529449463e-02
-1.701934337615966797e-01,7.974629998207092285e-01,5.544971674680709839e-02
-2.134244889020919800e-01,8.031296133995056152e-01,4.518254846334457397e-02
-2.579159438610076904e-01,8.073529005050659180e-01,3.556156158447265625e-02
-3.036795854568481445e-01,8.100214004516601562e-01,2.672100812196731567e-02
-3.507183790206909180e-01,8.110127449035644531e-01,1.881385594606399536e-02
-3.990202844142913818e-01,8.101851940155029297e-01,1.201210916042327881e-02
-4.485496878623962402e-01,8.073725104331970215e-01,6.506122648715972900e-03
-4.992353916168212891e-01,8.023746013641357422e-01,2.501502633094787598e-03
-5.509573221206665039e-01,7.949597239494323730e-01,2.141259610652923584e-04
-6.035334467887878418e-01,7.848637104034423828e-01,-1.375712454319000244e-04
-6.567046046257019043e-01,7.717970609664916992e-01,1.657217741012573242e-03
-7.101237177848815918e-01,7.554556727409362793e-01,5.788840353488922119e-03
-7.633512020111083984e-01,7.355393767356872559e-01,1.241314783692359924e-02
-8.158516287803649902e-01,7.117720842361450195e-01,2.163639292120933533e-02
-8.670024871826171875e-01,6.839243769645690918e-01,3.350120782852172852e-02
-9.161087274551391602e-01,6.518409252166748047e-01,4.797384887933731079e-02
-9.624258875846862793e-01,6.154597401618957520e-01,6.493584066629409790e-02
-1.005187392234802246e+00,5.748325586318969727e-01,8.417925238609313965e-02
-1.043643116950988770e+00,5.301377773284912109e-01,1.054079160094261169e-01
-1.077092289924621582e+00,4.816822409629821777e-01,1.282447874546051025e-01
-1.104923248291015625e+00,4.298997819423675537e-01,1.522441357374191284e-01
-1.126643896102905273e+00,3.753348588943481445e-01,1.769099533557891846e-01
-1.141909122467041016e+00,3.186236023902893066e-01,2.017164826393127441e-01
-1.150536060333251953e+00,2.604644000530242920e-01,2.261323183774948120e-01
-1.152516365051269531e+00,2.015868872404098511e-01,2.496442794799804688e-01
-1.148007392883300781e+00,1.427195817232131958e-01,2.717791199684143066e-01
-1.137322545051574707e+00,8.455689251422882080e-02,2.921230196952819824e-01
-1.120909214019775391e+00,2.773362584412097931e-02,3.103352487087249756e-01
-1.099320173263549805e+00,-2.719939686357975006e-02,3.261588215827941895e-01
-1.073185086250305176e+00,-7.978864014148712158e-02,3.394227623939514160e-01
-1.043174743652343750e+00,-1.296867728233337402e-01,3.500413000583648682e-01
-1.009973526000976562e+00,-1.766548901796340942e-01,3.580076694488525391e-01
-9.742491841316223145e-01,-2.205556035041809082e-01,3.633842170238494873e-01
-9.366320371627807617e-01,-2.613459229469299316e-01,3.662907779216766357e-01
-8.976975083351135254e-01,-2.990626692771911621e-01,3.668905794620513916e-01
-8.579544425010681152e-01,-3.338099420070648193e-01,3.653787374496459961e-01
-8.178384304046630859e-01,-3.657425045967102051e-01,3.619682490825653076e-01
-7.777114510536193848e-01,-3.950529098510742188e-01,3.568802475929260254e-01
-7.378630042076110840e-01,-4.219589531421661377e-01,3.503345549106597900e-01
-6.985150575637817383e-01,-4.466918706893920898e-01,3.425433337688446045e-01
-6.598282456398010254e-01,-4.694890081882476807e-01,3.337047994136810303e-01
-6.219098567962646484e-01,-4.905862212181091309e-01,3.240009546279907227e-01
-5.848193168640136719e-01,-5.102128982543945312e-01,3.135951757431030273e-01
-5.485754013061523438e-01,-5.285888910293579102e-01,3.026302456855773926e-01
-5.131623148918151855e-01,-5.459207892417907715e-01,2.912298738956451416e-01
-4.785336852073669434e-01,-5.624002218246459961e-01,2.794980704784393311e-01
-4.446168541908264160e-01,-5.782012343406677246e-01,2.675200998783111572e-01
-4.113178253173828125e-01,-5.934780240058898926e-01,2.553647160530090332e-01
-3.785218596458435059e-01,-6.083628535270690918e-01,2.430851310491561890e-01
-3.460978865623474121e-01,-6.229633688926696777e-01,2.307215929031372070e-01
-3.139031827449798584e-01,-6.373606920242309570e-01,2.183035463094711304e-01
-2.817841172218322754e-01,-6.516067981719970703e-01,2.058523893356323242e-01
-2.495825886726379395e-01,-6.657251119613647461e-01,1.933833956718444824e-01
-2.171382904052734375e-01,-6.797071695327758789e-01,1.809094250202178955e-01
-1.842958182096481323e-01,-6.935167908668518066e-01,1.684426069259643555e-01
-1.509061902761459351e-01,-7.070899605751037598e-01,1.559968441724777222e-01
-1.168321445584297180e-01,-7.203408479690551758e-01,1.435897052288055420e-01
-8.195161819458007812e-02,-7.331624031066894531e-01,1.312447190284729004e-01
-4.615845531225204468e-02,-7.454364299774169922e-01,1.189921125769615173e-01
-9.363992139697074890e-03,-7.570350766181945801e-01,1.068700328469276428e-01
2.850378490984439850e-02,-7.678281068801879883e-01,9.492576122283935547e-02
6.750047206878662109e-02,-7.776882052421569824e-01,8.321667462587356567e-02
1.076697409152984619e-01,-7.864913344383239746e-01,7.181084901094436646e-02
1.490453928709030151e-01,-7.941223382949829102e-01,6.078839302062988281e-02
1.916525661945343018e-01,-8.004705905914306641e-01,5.024302005767822266e-02
2.355117499828338623e-01,-8.054286837577819824e-01,4.028332233428955078e-02
2.806380391120910645e-01,-8.088886737823486328e-01,3.103470802307128906e-02
3.270399868488311768e-01,-8.107348680496215820e-01,2.264042198657989502e-02
3.747131824493408203e-01,-8.108366131782531738e-01,1.526334136724472046e-02
4.236346185207366943e-01,-8.090382814407348633e-01,9.084664285182952881e-03
4.737543463706970215e-01,-8.051602840423583984e-01,4.302829504013061523e-03
5.249767899513244629e-01,-7.989852428436279297e-01,1.129440963268280029e-03
5.771532058715820312e-01,-7.902649641036987305e-01,-2.171583473682403564e-04
6.300644874572753906e-01,-7.787207365036010742e-01,4.789903759956359863e-04
6.834086179733276367e-01,-7.640548348426818848e-01,3.420226275920867920e-03
7.367926239967346191e-01,-7.459624409675598145e-01,8.781440556049346924e-03
7.897291183471679688e-01,-7.241529226303100586e-01,1.669560559093952179e-02
8.416379690170288086e-01,-6.983698606491088867e-01,2.723887376487255096e-02
8.918572068214416504e-01,-6.684185862541198730e-01,4.041692987084388733e-02
9.396638274192810059e-01,-6.341871619224548340e-01,5.615457147359848022e-02
9.842987060546875000e-01,-5.956685543060302734e-01,7.428897172212600708e-02
1.024998784065246582e+00,-5.529773831367492676e-01,9.456726908683776855e-02
1.061034083366394043e+00,-5.063558816909790039e-01,1.166517585515975952e-01
1.091743946075439453e+00,-4.561754465103149414e-01,1.401291489601135254e-01
1.116572618484497070e+00,-4.029269516468048096e-01,1.645262837409973145e-01
1.135098099708557129e+00,-3.472048640251159668e-01,1.893289536237716675e-01
1.147056818008422852e+00,-2.896798849105834961e-01,2.140059471130371094e-01
1.152351379394531250e+00,-2.310693264007568359e-01,2.380321919918060303e-01
1.151057004928588867e+00,-1.721073538064956665e-01,2.609114050865173340e-01
1.143411874771118164e+00,-1.135088056325912476e-01,2.821980416774749756e-01
1.129799485206604004e+00,-5.594141781330108643e-02,3.015135228633880615e-01
1.110723853111267090e+00,1.942051284231638419e-07,3.185583949089050293e-01
1.115312337875366211e+00,0.000000000000000000e+00,2.726143896579742432e-01
1.092881679534912109e+00,5.411327630281448364e-02,2.897414267063140869e-01
1.065655827522277832e+00,1.057897731661796570e-01,3.043004274368286133e-01
1.034329056739807129e+00,1.546541899442672729e-01,3.161662220954895020e-01
9.996173381805419922e-01,2.004433721303939819e-01,3.252994418144226074e-01
9.622250199317932129e-01,2.430020272731781006e-01,3.317378461360931396e-01
9.228236675262451172e-01,2.822742164134979248e-01,3.355842828750610352e-01
8.820304274559020996e-01,3.182900846004486084e-01,3.369938135147094727e-01
8.403952717781066895e-01,3.511514961719512939e-01,3.361595273017883301e-01
7.983925938606262207e-01,3.810157775878906250e-01,3.333001136779785156e-01
7.564198970794677734e-01,4.080816209316253662e-01,3.286461532115936279e-01
7.147987484931945801e-01,4.325753152370452881e-01,3.224320113658905029e-01
6.737784743309020996e-01,4.547388255596160889e-01,3.148857653141021729e-01
6.335449814796447754e-01,4.748218357563018799e-01,3.062248229980468750e-01
5.942255258560180664e-01,4.930734932422637939e-01,2.966500818729400635e-01
5.558977127075195312e-01,5.097379088401794434e-01,2.863436639308929443e-01
5.185972452163696289e-01,5.250515341758728027e-01,2.754675149917602539e-01
4.823222458362579346e-01,5.392391681671142578e-01,2.641618847846984863e-01
4.470395445823669434e-01,5.525135397911071777e-01,2.525456845760345459e-01
4.126890301704406738e-01,5.650729537010192871e-01,2.407165467739105225e-01
3.791857361793518066e-01,5.770995020866394043e-01,2.287524044513702393e-01
3.464227616786956787e-01,5.887565016746520996e-01,2.167120277881622314e-01
3.142737150192260742e-01,6.001855134963989258e-01,2.046369314193725586e-01
2.825947701930999756e-01,6.115028858184814453e-01,1.925539672374725342e-01
2.512280344963073730e-01,6.227967739105224609e-01,1.804777979850769043e-01
2.200045436620712280e-01,6.341230869293212891e-01,1.684133410453796387e-01
1.887489855289459229e-01,6.455041170120239258e-01,1.563594043254852295e-01
1.572847217321395874e-01,6.569274663925170898e-01,1.443117707967758179e-01
1.254389137029647827e-01,6.683462858200073242e-01,1.322663128376007080e-01
9.304782748222351074e-02,6.796827912330627441e-01,1.202220767736434937e-01
5.996165797114372253e-02,6.908322572708129883e-01,1.081837117671966553e-01
2.604766935110092163e-02,7.016692161560058594e-01,9.616412222385406494e-02
-8.807489648461341858e-03,7.120549678802490234e-01,8.418581634759902954e-02
-4.469757527112960815e-02,7.218446135520935059e-01,7.228312641382217407e-02
-8.169795572757720947e-02,7.308926582336425781e-01,6.050268560647964478e-02
-1.198681965470314026e-01,7.390590906143188477e-01,4.890505969524383545e-02
-1.592557281255722046e-01,7.462130188941955566e-01,3.756543993949890137e-02
-1.998988091945648193e-01,7.522316575050354004e-01,2.657496184110641479e-02
-2.418299764394760132e-01,7.569991350173950195e-01,1.604183018207550049e-02
-2.850767374038696289e-01,7.604010105133056641e-01,6.092876195907592773e-03
-3.296609818935394287e-01,7.623189091682434082e-01,-3.125451505184173584e-03
-3.755940198898315430e-01,7.626197338104248047e-01,-1.144610345363616943e-02
-4.228697717189788818e-01,7.611496448516845703e-01,-1.868130266666412354e-02
-4.714546501636505127e-01,7.577252388000488281e-01,-2.462436258792877197e-02
-5.212741494178771973e-01,7.521308064460754395e-01,-2.905268967151641846e-02
-5.721983909606933594e-01,7.441141605377197266e-01,-3.173357993364334106e-02
-6.240266561508178711e-01,7.333920598030090332e-01,-3.243247419595718384e-02
-6.764734387397766113e-01,7.196572422981262207e-01,-3.092404641211032867e-02
-7.291612029075622559e-01,7.025950551033020020e-01,-2.700539492070674896e-02
-7.816095352172851562e-01,6.818983554840087891e-01,-2.051108330488204956e-02
-8.332432508468627930e-01,6.572937965393066406e-01,-1.132830232381820679e-02
-8.833956122398376465e-01,6.285644769668579102e-01,5.878042429685592651e-04
-9.313315749168395996e-01,5.955753326416015625e-01,1.520212180912494659e-02
-9.762678742408752441e-01,5.582944750785827637e-01,3.239016979932785034e-02
-1.017410397529602051e+00,5.168124437332153320e-01,5.193400010466575623e-02
-1.053987026214599609e+00,4.713493883609771729e-01,7.352416217327117920e-02
-1.085288643836975098e+00,4.222604036331176758e-01,9.676672518253326416e-02
-1.110705375671386719e+00,3.700250685214996338e-01,1.211976557970046997e-01
-1.129760622978210449e+00,3.152338564395904541e-01,1.463008224964141846e-01
-1.142132878303527832e+00,2.585620582103729248e-01,1.715306490659713745e-01
-1.147677421569824219e+00,2.007405161857604980e-01,1.963374018669128418e-01
-1.146426916122436523e+00,1.425230950117111206e-01,2.201905846595764160e-01
-1.138588547706604004e+00,8.465101569890975952e-02,2.426034957170486450e-01
-1.124526381492614746e+00,2.782312221825122833e-02,2.631513774394989014e-01
-1.104737758636474609e+00,-2.733344025909900665e-02,2.814876139163970947e-01
-1.079825639724731445e+00,-8.028233796358108521e-02,2.973519563674926758e-01
-1.050460457801818848e+00,-1.305925250053405762e-01,3.105743825435638428e-01
-1.017352223396301270e+00,-1.779454946517944336e-01,3.210737705230712891e-01
-9.812131524085998535e-01,-2.221321314573287964e-01,3.288504481315612793e-01
-9.427354931831359863e-01,-2.630489766597747803e-01,3.339763879776000977e-01
-9.025653004646301270e-01,-3.006843328475952148e-01,3.365821838378906250e-01
-8.612867593765258789e-01,-3.351064622402191162e-01,3.368438780307769775e-01
-8.194132447242736816e-01,-3.664467632770538330e-01,3.349688053131103516e-01
-7.773808836936950684e-01,-3.948849737644195557e-01,3.311827778816223145e-01
-7.355480790138244629e-01,-4.206351339817047119e-01,3.257196247577667236e-01
-6.942005157470703125e-01,-4.439327716827392578e-01,3.188115358352661133e-01
-6.535543203353881836e-01,-4.650249183177947998e-01,3.106817007064819336e-01
-6.137650609016418457e-01,-4.841612875461578369e-01,3.015396893024444580e-01
-5.749346613883972168e-01,-5.015892386436462402e-01,2.915777862071990967e-01
-5.371184349060058594e-01,-5.175493359565734863e-01,2.809674441814422607e-01
-5.003329515457153320e-01,-5.322725176811218262e-01,2.698603570461273193e-01
-4.645602107048034668e-01,-5.459778308868408203e-01,2.583859562873840332e-01
-4.297524690628051758e-01,-5.588709115982055664e-01,2.466523647308349609e-01
-3.958377838134765625e-01,-5.711423158645629883e-01,2.347472459077835083e-01
-3.627192676067352295e-01,-5.829648375511169434e-01,2.227388173341751099e-01
-3.302799463272094727e-01,-5.944916605949401855e-01,2.106766849756240845e-01
-2.983849048614501953e-01,-6.058517694473266602e-01,1.985952705144882202e-01
-2.668828070163726807e-01,-6.171485185623168945e-01,1.865145266056060791e-01
-2.356093823909759521e-01,-6.284536123275756836e-01,1.744440644979476929e-01
-2.043917775154113770e-01,-6.398068070411682129e-01,1.623851954936981201e-01
-1.730539351701736450e-01,-6.512128710746765137e-01,1.503350436687469482e-01
-1.414200514554977417e-01,-6.626414656639099121e-01,1.382889151573181152e-01
-1.093211174011230469e-01,-6.740308403968811035e-01,1.262438595294952393e-01
-7.660033553838729858e-02,-6.852883100509643555e-01,1.142014861106872559e-01
-4.311575368046760559e-02,-6.962982416152954102e-01,1.021703556180000305e-01
-8.744198828935623169e-03,-7.069276571273803711e-01,9.016792476177215576e-02
2.661816962063312531e-02,-7.170338630676269531e-01,7.822234928607940674e-02
6.305495649576187134e-02,-7.264704704284667969e-01,6.637408584356307983e-02
1.006335988640785217e-01,-7.350946664810180664e-01,5.467671155929565430e-02
1.394074261188507080e-01,-7.427706122398376465e-01,4.319760948419570923e-02
1.794181615114212036e-01,-7.493714690208435059e-01,3.202016651630401611e-02
2.207015454769134521e-01,-7.547791600227355957e-01,2.124375104904174805e-02
2.632872164249420166e-01,-7.588780522346496582e-01,1.098570227622985840e-02
3.072008788585662842e-01,-7.615535259246826172e-01,1.382388174533843994e-03
3.524586856365203857e-01,-7.626803517341613770e-01,-7.409244775772094727e-03
3.990650773048400879e-01,-7.621164321899414062e-01,-1.521183550357818604e-02
4.470025002956390381e-01,-7.596946954727172852e-01,-2.182796970009803772e-02
4.962170422077178955e-01,-7.552145123481750488e-01,-2.704226970672607422e-02
5.466091036796569824e-01,-7.484425306320190430e-01,-3.062628954648971558e-02
5.980157256126403809e-01,-7.391104102134704590e-01,-3.234522417187690735e-02
6.501941680908203125e-01,-7.269209623336791992e-01,-3.196752816438674927e-02
7.028149366378784180e-01,-7.115618586540222168e-01,-2.927741035819053650e-02
7.554489970207214355e-01,-6.927192807197570801e-01,-2.408866211771965027e-02
8.075683116912841797e-01,-6.700997352600097656e-01,-1.626022346317768097e-02
8.585490584373474121e-01,-6.434552073478698730e-01,-5.711685866117477417e-03
9.076889753341674805e-01,-6.126071214675903320e-01,7.563304156064987183e-03
9.542245864868164062e-01,-5.774685740470886230e-01,2.348595298826694489e-02
9.973625540733337402e-01,-5.380678772926330566e-01,4.188491031527519226e-02
1.036315917968750000e+00,-4.945596158504486084e-01,6.249606981873512268e-02
1.070338129997253418e+00,-4.472312033176422119e-01,8.496636897325515747e-02
1.098766088485717773e+00,-3.965012729167938232e-01,1.088650524616241455e-01
1.121052384376525879e+00,-3.429085612297058105e-01,1.336988806724548340e-01
1.136794924736022949e+00,-2.870883345603942871e-01,1.589343547821044922e-01
1.145760655403137207e+00,-2.297477424144744873e-01,1.840209364891052246e-01
1.147892594337463379e+00,-1.716341972351074219e-01,2.084148973226547241e-01
1.143312096595764160e+00,-1.134988889098167419e-01,2.316052913665771484e-01
1.132307171821594238e+00,-5.606558546423912048e-02,2.531341314315795898e-01
1.115312218666076660e+00,1.950073880152558559e-07,2.726144790649414062e-01
1.126261472702026367e+00,0.000000000000000000e+00,2.096133232116699219e-01
1.107203125953674316e+00,5.482239276170730591e-02,2.296147048473358154e-01
1.082645893096923828e+00,1.074764207005500793e-01,2.473172247409820557e-01
1.053246855735778809e+00,1.574828028678894043e-01,2.624813914299011230e-01
1.019721865653991699e+00,2.044747173786163330e-01,2.749589085578918457e-01
9.828068614006042480e-01,2.481998056173324585e-01,2.846894562244415283e-01
9.432295560836791992e-01,2.885159850120544434e-01,2.916934490203857422e-01
9.016836881637573242e-01,3.253821730613708496e-01,2.960607707500457764e-01
8.588064312934875488e-01,3.588443994522094727e-01,2.979381680488586426e-01
8.151663541793823242e-01,3.890207111835479736e-01,2.975146770477294922e-01
7.712537050247192383e-01,4.160843491554260254e-01,2.950084507465362549e-01
7.274787425994873047e-01,4.402488768100738525e-01,2.906539142131805420e-01
6.841723918914794922e-01,4.617537558078765869e-01,2.846908569335937500e-01
6.415919065475463867e-01,4.808527529239654541e-01,2.773555219173431396e-01
5.999282002449035645e-01,4.978054165840148926e-01,2.688740789890289307e-01
5.593117475509643555e-01,5.128684043884277344e-01,2.594569325447082520e-01
5.198235511779785156e-01,5.262930989265441895e-01,2.492962330579757690e-01
4.815014600753784180e-01,5.383215546607971191e-01,2.385628670454025269e-01
4.443461596965789795e-01,5.491846799850463867e-01,2.274059653282165527e-01
4.083283245563507080e-01,5.591020584106445312e-01,2.159520983695983887e-01
3.733911514282226562e-01,5.682805180549621582e-01,2.043055146932601929e-01
3.394537866115570068e-01,5.769124627113342285e-01,1.925487965345382690e-01
3.064136207103729248e-01,5.851746201515197754e-01,1.807436645030975342e-01
2.741475105285644531e-01,5.932240486145019531e-01,1.689326763153076172e-01
2.425139099359512329e-01,6.011943817138671875e-01,1.571411788463592529e-01
2.113551646471023560e-01,6.091928482055664062e-01,1.453799307346343994e-01
1.805006116628646851e-01,6.172954440116882324e-01,1.336476355791091919e-01
1.497706472873687744e-01,6.255435943603515625e-01,1.219347268342971802e-01
1.189820319414138794e-01,6.339436173439025879e-01,1.102269366383552551e-01
8.795280009508132935e-02,6.424653530120849609e-01,9.850861877202987671e-02
5.650832504034042358e-02,6.510456204414367676e-01,8.676676452159881592e-02
2.448565885424613953e-02,6.595919132232666016e-01,7.499422132968902588e-02
-8.262428455054759979e-03,6.679887175559997559e-01,6.319242715835571289e-02
-4.186524078249931335e-02,6.761037111282348633e-01,5.137426406145095825e-02
-7.643374055624008179e-02,6.837975382804870605e-01,3.956593573093414307e-02
-1.120614632964134216e-01,6.909258961677551270e-01,2.780829370021820068e-02
-1.488273441791534424e-01,6.973494887351989746e-01,1.615841686725616455e-02
-1.867979466915130615e-01,7.029322981834411621e-01,4.690296947956085205e-03
-2.260315269231796265e-01,7.075452804565429688e-01,-6.504140794277191162e-03
-2.665790319442749023e-01,7.110610604286193848e-01,-1.731417700648307800e-02
-3.084847927093505859e-01,7.133503556251525879e-01,-2.760930731892585754e-02
-3.517843484878540039e-01,7.142756581306457520e-01,-3.723871707916259766e-02
-3.964979052543640137e-01,7.136812210083007812e-01,-4.603057354688644409e-02
-4.426258206367492676e-01,7.113913297653198242e-01,-5.379266291856765747e-02
-4.901323318481445312e-01,7.071971893310546875e-01,-6.031369790434837341e-02
-5.389379858970642090e-01,7.008607387542724609e-01,-6.536676734685897827e-02
-5.889018774032592773e-01,6.921113729476928711e-01,-6.871458142995834351e-02
-6.398081779479980469e-01,6.806514263153076172e-01,-7.011733204126358032e-02
-6.913558244705200195e-01,6.661670804023742676e-01,-6.934328377246856689e-02
-7.431473135948181152e-01,6.483428478240966797e-01,-6.618122756481170654e-02
-7.946859598159790039e-01,6.268783807754516602e-01,-6.045503169298171997e-02
-8.453783988952636719e-01,6.015139818191528320e-01,-5.203878879547119141e-02
-8.945447206497192383e-01,5.720505714416503906e-01,-4.087149351835250854e-02
-9.414353966712951660e-01,5.383749604225158691e-01,-2.697015367448329926e-02
-9.852585792541503906e-01,5.004802942276000977e-01,-1.043947599828243256e-02
-1.025211215019226074e+00,4.584806561470031738e-01,8.523270487785339355e-03
-1.060513973236083984e+00,4.126211702823638916e-01,2.962787263095378876e-02
-1.090453743934631348e+00,3.632782995700836182e-01,5.249807983636856079e-02
-1.114414572715759277e+00,3.109518885612487793e-01,7.668319344520568848e-02
-1.131915688514709473e+00,2.562490403652191162e-01,1.016756147146224976e-01
-1.142635703086853027e+00,1.998586654663085938e-01,1.269330382347106934e-01
-1.146427750587463379e+00,1.425231993198394775e-01,1.519014835357666016e-01
-1.143327355384826660e+00,8.500333130359649658e-02,1.760412901639938354e-01
-1.133546471595764160e+00,2.804629690945148468e-02,1.988497972488403320e-01
-1.117457628250122070e+00,-2.764815650880336761e-02,2.198828458786010742e-01
-1.095572471618652344e+00,-8.145307749509811401e-02,2.387704551219940186e-01
-1.068507790565490723e+00,-1.328361630439758301e-01,2.552279829978942871e-01
-1.036954283714294434e+00,-1.813741177320480347e-01,2.690618038177490234e-01
-1.001642107963562012e+00,-2.267569452524185181e-01,2.801680862903594971e-01
-9.633066654205322266e-01,-2.687888741493225098e-01,2.885281443595886230e-01
-9.226616024971008301e-01,-3.073793053627014160e-01,2.941986918449401855e-01
-8.803744316101074219e-01,-3.425330221652984619e-01,2.972997426986694336e-01
-8.370490670204162598e-01,-3.743336200714111328e-01,2.980009317398071289e-01
-7.932165861129760742e-01,-4.029290080070495605e-01,2.965075373649597168e-01
-7.493264079093933105e-01,-4.285145103931427002e-01,2.930472493171691895e-01
-7.057492733001708984e-01,-4.513180851936340332e-01,2.878584861755371094e-01
-6.627778410911560059e-01,-4.715877473354339600e-01,2.811803221702575684e-01
-6.206360459327697754e-01,-4.895813763141632080e-01,2.732444405555725098e-01
-5.794827342033386230e-01,-5.055571198463439941e-01,2.642699480056762695e-01
-5.394233465194702148e-01,-5.197702050209045410e-01,2.544583380222320557e-01
-5.005157589912414551e-01,-5.324670076370239258e-01,2.439912557601928711e-01
-4.627791941165924072e-01,-5.438846349716186523e-01,2.330289632081985474e-01
-4.261978864669799805e-01,-5.542483329772949219e-01,2.217090278863906860e-01
-3.907290399074554443e-01,-5.637710690498352051e-01,2.101472318172454834e-01
-3.563034534454345703e-01,-5.726532936096191406e-01,1.984366178512573242e-01
-3.228286504745483398e-01,-5.810796022415161133e-01,1.866490691900253296e-01
-2.901921570301055908e-01,-5.892169475555419922e-01,1.748368740081787109e-01
-2.582612633705139160e-01,-5.972117781639099121e-01,1.630334854125976562e-01
-2.268857806921005249e-01,-6.051846742630004883e-01,1.512566804885864258e-01
-1.959008425474166870e-01,-6.132276654243469238e-01,1.395105421543121338e-01
-1.651314347982406616e-01,-6.213999986648559570e-01,1.277895867824554443e-01
-1.343951523303985596e-01,-6.297253966331481934e-01,1.160812452435493469e-01
-1.035084798932075500e-01,-6.381924152374267578e-01,1.043699607253074646e-01
-7.229296118021011353e-02,-6.467533111572265625e-01,9.264133125543594360e-02
-4.057892411947250366e-02,-6.553297042846679688e-01,8.088451623916625977e-02
-8.210949599742889404e-03,-6.638169288635253906e-01,6.909651309251785278e-02
2.494974061846733093e-02,-6.720901131629943848e-01,5.728401988744735718e-02
5.902258306741714478e-02,-6.800125241279602051e-01,4.546667635440826416e-02
9.410990774631500244e-02,-6.874412894248962402e-01,3.367763757705688477e-02
1.302978843450546265e-01,-6.942344903945922852e-01,2.196564525365829468e-02
1.676582992076873779e-01,-7.002543210983276367e-01,1.039631664752960205e-02
2.062534838914871216e-01,-7.053681015968322754e-01,-9.475797414779663086e-04
2.461379766464233398e-01,-7.094483971595764160e-01,-1.196484267711639404e-02
2.873598635196685791e-01,-7.123674750328063965e-01,-2.253504097461700439e-02
3.299585878849029541e-01,-7.139927148818969727e-01,-3.251744061708450317e-02
3.739636838436126709e-01,-7.141789197921752930e-01,-4.175081849098205566e-02
4.193864464759826660e-01,-7.127603888511657715e-01,-5.005314573645591736e-02
4.662105739116668701e-01,-7.095463871955871582e-01,-5.722222477197647095e-02
5.143801569938659668e-01,-7.043132185935974121e-01,-6.303843110799789429e-02
5.637866854667663574e-01,-6.968054175376892090e-01,-6.726889312267303467e-02
6.142538189888000488e-01,-6.867393851280212402e-01,-6.967388838529586792e-02
6.655239462852478027e-01,-6.738068461418151855e-01,-7.001625746488571167e-02
7.172498106956481934e-01,-6.576920747756958008e-01,-6.807275116443634033e-02
7.689833641052246094e-01,-6.380829215049743652e-01,-6.364786624908447266e-02
8.201786875724792480e-01,-6.146978139877319336e-01,-5.658864602446556091e-02
8.701975345611572266e-01,-5.873038172721862793e-01,-4.679992049932479858e-02
9.183236360549926758e-01,-5.557423830032348633e-01,-3.425811976194381714e-02
9.637807011604309082e-01,-5.199507474899291992e-01,-1.902331598103046417e-02
1.005768299102783203e+00,-4.799814224243164062e-01,-1.246102154254913330e-03
1.043490290641784668e+00,-4.360130727291107178e-01,1.882938295602798462e-02
1.076195836067199707e+00,-3.883565366268157959e-01,4.086898267269134521e-02
1.103214383125305176e+00,-3.374522328376770020e-01,6.445688009262084961e-02
1.123996734619140625e+00,-2.838562428951263428e-01,8.911176770925521851e-02
1.138136863708496094e+00,-2.282190173864364624e-01,1.143059432506561279e-01
1.145399808883666992e+00,-1.712614893913269043e-01,1.394877284765243530e-01
1.145729660987854004e+00,-1.137388944625854492e-01,1.641074568033218384e-01
1.139252185821533203e+00,-5.640946701169013977e-02,1.876411885023117065e-01
1.126261472702026367e+00,1.969218033082142938e-07,2.096134126186370850e-01
1.138222694396972656e+00,0.000000000000000000e+00,1.323042064905166626e-01
1.124386429786682129e+00,5.567321181297302246e-02,1.549308151006698608e-01
1.104347467422485352e+00,1.096307784318923950e-01,1.757939606904983521e-01
1.078658819198608398e+00,1.612824201583862305e-01,1.945261061191558838e-01
1.047973990440368652e+00,2.101398557424545288e-01,2.108440846204757690e-01
1.013011932373046875e+00,2.558278441429138184e-01,2.245547324419021606e-01
9.745233654975891113e-01,2.980881631374359131e-01,2.355545908212661743e-01
9.332567453384399414e-01,3.367756605148315430e-01,2.438247352838516235e-01
8.899316787719726562e-01,3.718498349189758301e-01,2.494217753410339355e-01
8.452140092849731445e-01,4.033603072166442871e-01,2.524656653404235840e-01
7.997024655342102051e-01,4.314321577548980713e-01,2.531263232231140137e-01
7.539162635803222656e-01,4.562480747699737549e-01,2.516095042228698730e-01
7.082923054695129395e-01,4.780324995517730713e-01,2.481434345245361328e-01
6.631847023963928223e-01,4.970358610153198242e-01,2.429670691490173340e-01
6.188701391220092773e-01,5.135229229927062988e-01,2.363200038671493530e-01
5.755541920661926270e-01,5.277621150016784668e-01,2.284341603517532349e-01
5.333806276321411133e-01,5.400188565254211426e-01,2.195281535387039185e-01
4.924397170543670654e-01,5.505505800247192383e-01,2.098029255867004395e-01
4.527765810489654541e-01,5.596041679382324219e-01,1.994392275810241699e-01
4.143984913825988770e-01,5.674136281013488770e-01,1.885958164930343628e-01
3.772818148136138916e-01,5.742018222808837891e-01,1.774087846279144287e-01
3.413755595684051514e-01,5.801786184310913086e-01,1.659917831420898438e-01
3.066050708293914795e-01,5.855402350425720215e-01,1.544360816478729248e-01
2.728744149208068848e-01,5.904691815376281738e-01,1.428115218877792358e-01
2.400679439306259155e-01,5.951308012008666992e-01,1.311679035425186157e-01
2.080516666173934937e-01,5.996710658073425293e-01,1.195367276668548584e-01
1.766749322414398193e-01,6.042119860649108887e-01,1.079331040382385254e-01
1.457734555006027222e-01,6.088485717773437500e-01,9.635896980762481689e-02
1.151723414659500122e-01,6.136453151702880859e-01,8.480583131313323975e-02
8.469031006097793579e-02,6.186340451240539551e-01,7.325853407382965088e-02
5.414465814828872681e-02,6.238132715225219727e-01,6.169898435473442078e-02
2.335551753640174866e-02,6.291483044624328613e-01,5.010981857776641846e-02
-7.849139161407947540e-03,6.345756649971008301e-01,3.847800940275192261e-02
-3.963001444935798645e-02,6.400058865547180176e-01,2.679837122559547424e-02
-7.213399559259414673e-02,6.453307867050170898e-01,1.507628709077835083e-02
-1.054930388927459717e-01,6.504276394844055176e-01,3.330145031213760376e-03
-1.398244649171829224e-01,6.551653742790222168e-01,-8.406873792409896851e-03
-1.752314716577529907e-01,6.594069600105285645e-01,-2.008511871099472046e-02
-2.118057757616043091e-01,6.630145311355590820e-01,-3.163772448897361755e-02
-2.496282607316970825e-01,6.658473014831542969e-01,-4.297950118780136108e-02
-2.887699007987976074e-01,6.677610278129577637e-01,-5.400620773434638977e-02
-3.292904198169708252e-01,6.686031818389892578e-01,-6.459400057792663574e-02
-3.712357282638549805e-01,6.682102680206298828e-01,-7.459855079650878906e-02
-4.146327972412109375e-01,6.664007306098937988e-01,-8.385509252548217773e-02
-4.594811499118804932e-01,6.629714965820312500e-01,-9.217830747365951538e-02
-5.057435035705566406e-01,6.576929688453674316e-01,-9.936384856700897217e-02
-5.533346533775329590e-01,6.503107547760009766e-01,-1.051907539367675781e-01
-6.021075844764709473e-01,6.405441164970397949e-01,-1.094258874654769897e-01
-6.518428921699523926e-01,6.280937790870666504e-01,-1.118309795856475830e-01
-7.022365331649780273e-01,6.126510500907897949e-01,-1.121713966131210327e-01
-7.528941631317138672e-01,5.939114093780517578e-01,-1.102276146411895752e-01
-8.033244013786315918e-01,5.715911984443664551e-01,-1.058086603879928589e-01
-8.529436588287353516e-01,5.454471707344055176e-01,-9.876649826765060425e-02
-9.010843038558959961e-01,5.152995586395263672e-01,-8.901071548461914062e-02
-9.470089673995971680e-01,4.810507297515869141e-01,-7.652208209037780762e-02
-9.899368286132812500e-01,4.427057802677154541e-01,-6.136335432529449463e-02
-1.029070973396301270e+00,4.003874361515045166e-01,-4.368689283728599548e-02
-1.063633799552917480e+00,3.543434143066406250e-01,-2.373655140399932861e-02
-1.092902064323425293e+00,3.049493134021759033e-01,-1.844967715442180634e-03
-1.116244912147521973e+00,2.527013719081878662e-01,2.157570607960224152e-02
-1.133158326148986816e+00,1.982009708881378174e-01,4.604881256818771362e-02
-1.143291115760803223e+00,1.421332508325576782e-01,7.105150818824768066e-02
-1.146463274955749512e+00,8.523647487163543701e-02,9.603839367628097534e-02
-1.142675876617431641e+00,2.827217988669872284e-02,1.204648613929748535e-01
-1.132109761238098145e+00,-2.801067754626274109e-02,1.438119411468505859e-01
-1.115111112594604492e+00,-8.290572464466094971e-02,1.656077355146408081e-01
-1.092170476913452148e+00,-1.357778906822204590e-01,1.854461431503295898e-01
-1.063897013664245605e+00,-1.860866695642471313e-01,2.030010819435119629e-01
-1.030980944633483887e+00,-2.333988249301910400e-01,2.180338650941848755e-01
-9.941616058349609375e-01,-2.773982584476470947e-01,2.303966134786605835e-01
-9.541918635368347168e-01,-3.178834021091461182e-01,2.400289773941040039e-01
-9.118082523345947266e-01,-3.547632098197937012e-01,2.469512224197387695e-01
-8.677075505256652832e-01,-3.880442976951599121e-01,2.512532770633697510e-01
-8.225230574607849121e-01,-4.178157746791839600e-01,2.530816793441772461e-01
-7.768144011497497559e-01,-4.442339539527893066e-01,2.526262402534484863e-01
-7.310601472854614258e-01,-4.675040543079376221e-01,2.501053214073181152e-01
-6.856548190116882324e-01,-4.878654181957244873e-01,2.457540035247802734e-01
-6.409139037132263184e-01,-5.055773258209228516e-01,2.398126274347305298e-01
-5.970769524574279785e-01,-5.209068059921264648e-01,2.325178682804107666e-01
-5.543176531791687012e-01,-5.341219305992126465e-01,2.240955978631973267e-01
-5.127524137496948242e-01,-5.454847812652587891e-01,2.147561311721801758e-01
-4.724473059177398682e-01,-5.552471876144409180e-01,2.046904712915420532e-01
-4.334276020526885986e-01,-5.636501908302307129e-01,1.940684020519256592e-01
-3.956851065158843994e-01,-5.709220170974731445e-01,1.830376088619232178e-01
-3.591816127300262451e-01,-5.772790908813476562e-01,1.717228591442108154e-01
-3.238536417484283447e-01,-5.829245448112487793e-01,1.602263897657394409e-01
-2.896164953708648682e-01,-5.880480408668518066e-01,1.486288011074066162e-01
-2.563636898994445801e-01,-5.928237438201904297e-01,1.369897574186325073e-01
-2.239703088998794556e-01,-5.974081158638000488e-01,1.253495067358016968e-01
-1.922932416200637817e-01,-6.019347906112670898e-01,1.137310639023780823e-01
-1.611754596233367920e-01,-6.065134406089782715e-01,1.021426841616630554e-01
-1.304466575384140015e-01,-6.112241744995117188e-01,9.058059751987457275e-02
-9.992776811122894287e-02,-6.161151528358459473e-01,7.903251051902770996e-02
-6.943680346012115479e-02,-6.212012767791748047e-01,6.748144328594207764e-02
-3.879155218601226807e-02,-6.264645457267761230e-01,5.590907856822013855e-02
-7.815605960786342621e-03,-6.318552494049072266e-01,4.429984837770462036e-02
2.365812472999095917e-02,-6.372968554496765137e-01,3.264404833316802979e-02
5.578304827213287354e-02,-6.426891088485717773e-01,2.094177901744842529e-02
8.869891613721847534e-02,-6.479158401489257812e-01,9.204521775245666504e-03
1.225305795669555664e-01,-6.528498530387878418e-01,-2.542242407798767090e-03
1.573875099420547485e-01,-6.573565602302551270e-01,-1.425709947943687439e-02
1.933673620223999023e-01,-6.612987518310546875e-01,-2.588198892772197723e-02
2.305561453104019165e-01,-6.645365953445434570e-01,-3.734096139669418335e-02
2.690303027629852295e-01,-6.669283509254455566e-01,-4.853953421115875244e-02
3.088544607162475586e-01,-6.683257818222045898e-01,-5.936349555850028992e-02
3.500826060771942139e-01,-6.685719490051269531e-01,-6.967894732952117920e-02
3.927523493766784668e-01,-6.674948930740356445e-01,-7.933150231838226318e-02
4.368769824504852295e-01,-6.649022698402404785e-01,-8.814574778079986572e-02
4.824396967887878418e-01,-6.605788469314575195e-01,-9.592679888010025024e-02
5.293808579444885254e-01,-6.542819142341613770e-01,-1.024614870548248291e-01
5.775852799415588379e-01,-6.457437872886657715e-01,-1.075221300125122070e-01
6.268716454505920410e-01,-6.346734166145324707e-01,-1.108720749616622925e-01
6.769797801971435547e-01,-6.207658648490905762e-01,-1.122734844684600830e-01
7.275612950325012207e-01,-6.037119626998901367e-01,-1.114978194236755371e-01
7.781723141670227051e-01,-5.832153558731079102e-01,-1.083379685878753662e-01
8.282754421234130859e-01,-5.590102076530456543e-01,-1.026226580142974854e-01
8.772439956665039062e-01,-5.308821797370910645e-01,-9.423078596591949463e-02
9.243716001510620117e-01,-4.986898899078369141e-01,-8.310608565807342529e-02
9.688974022865295410e-01,-4.623855650424957275e-01,-6.926912069320678711e-02
1.010027527809143066e+00,-4.220309555530548096e-01,-5.282679945230484009e-02
1.046970963478088379e+00,-3.778104782104492188e-01,-3.397705778479576111e-02
1.078971624374389648e+00,-3.300368487834930420e-01,-1.300937496125698090e-02
1.105348944664001465e+00,-2.791469097137451172e-01,9.702656418085098267e-03
1.125531435012817383e+00,-2.256913781166076660e-01,3.371265903115272522e-02
1.139088034629821777e+00,-1.703177392482757568e-01,5.851778388023376465e-02
1.145751595497131348e+00,-1.137410700321197510e-01,8.358122408390045166e-02
1.145432591438293457e+00,-5.671548470854759216e-02,1.083548888564109802e-01
1.138222575187683105e+00,1.990131579532317119e-07,1.323043107986450195e-01
1.145875334739685059e+00,0.000000000000000000e+00,4.525991529226303101e-02
1.138722300529479980e+00,5.638303980231285095e-02,6.964980065822601318e-02
1.124824404716491699e+00,1.116635575890541077e-01,9.305232763290405273e-02
1.104557394981384277e+00,1.651548147201538086e-01,1.149902790784835815e-01
1.078440189361572266e+00,2.162489295005798340e-01,1.350486278533935547e-01
1.047103404998779297e+00,2.644373774528503418e-01,1.528891026973724365e-01
1.011260628700256348e+00,3.093253970146179199e-01,1.682594120502471924e-01
9.716674089431762695e-01,3.506365418434143066e-01,1.809971779584884644e-01
9.290915727615356445e-01,3.882124125957489014e-01,1.910279244184494019e-01
8.842795491218566895e-01,4.220035076141357422e-01,1.983590126037597656e-01
8.379324674606323242e-01,4.520568847656250000e-01,2.030691504478454590e-01
7.906864881515502930e-01,4.785003662109375000e-01,2.052961587905883789e-01
7.430987954139709473e-01,5.015237331390380859e-01,2.052227407693862915e-01
6.956426501274108887e-01,5.213620662689208984e-01,2.030627131462097168e-01
6.487039923667907715e-01,5.382783412933349609e-01,1.990480422973632812e-01
6.025868058204650879e-01,5.525500774383544922e-01,1.934168934822082520e-01
5.575195550918579102e-01,5.644582509994506836e-01,1.864049285650253296e-01
5.136628150939941406e-01,5.742781162261962891e-01,1.782371550798416138e-01
4.711190164089202881e-01,5.822742581367492676e-01,1.691235452890396118e-01
4.299428462982177734e-01,5.886976718902587891e-01,1.592548787593841553e-01
3.901480436325073242e-01,5.937835574150085449e-01,1.488008797168731689e-01
3.517164289951324463e-01,5.977532267570495605e-01,1.379094868898391724e-01
3.146020770072937012e-01,6.008126139640808105e-01,1.267064213752746582e-01
2.787370383739471436e-01,6.031551957130432129e-01,1.152956858277320862e-01
2.440330535173416138e-01,6.049603223800659180e-01,1.037603095173835754e-01
2.103842347860336304e-01,6.063943505287170410e-01,9.216342121362686157e-02
1.776675879955291748e-01,6.076067686080932617e-01,8.054965734481811523e-02
1.457452774047851562e-01,6.087309122085571289e-01,6.894691288471221924e-02
1.144651621580123901e-01,6.098774671554565430e-01,5.736850947141647339e-02
8.366363495588302612e-02,6.111344695091247559e-01,4.581579566001892090e-02
5.316818878054618835e-02,6.125631332397460938e-01,3.428113460540771484e-02
2.280042320489883423e-02,6.141952276229858398e-01,2.275100164115428925e-02
-7.619789335876703262e-03,6.160335540771484375e-01,1.120963320136070251e-02
-3.827052563428878784e-02,6.180508136749267578e-01,-3.575589507818222046e-04
-6.932418793439865112e-02,6.201934814453125000e-01,-1.196057070046663284e-02
-1.009443774819374084e-01,6.223824024200439453e-01,-2.360165677964687347e-02
-1.332837790250778198e-01,6.245180964469909668e-01,-3.527247160673141479e-02
-1.664823293685913086e-01,6.264833807945251465e-01,-4.695163667201995850e-02
-2.006670683622360229e-01,6.281470656394958496e-01,-5.860292911529541016e-02
-2.359519302845001221e-01,6.293677091598510742e-01,-7.017353177070617676e-02
-2.724370658397674561e-01,6.299924254417419434e-01,-8.159275352954864502e-02
-3.102088570594787598e-01,6.298592686653137207e-01,-9.277100861072540283e-02
-3.493380248546600342e-01,6.287952661514282227e-01,-1.035987287759780884e-01
-3.898771703243255615e-01,6.266133189201354980e-01,-1.139460355043411255e-01
-4.318550825119018555e-01,6.231107115745544434e-01,-1.236616522073745728e-01
-4.752721190452575684e-01,6.180665493011474609e-01,-1.325735449790954590e-01
-5.200904011726379395e-01,6.112402081489562988e-01,-1.404891908168792725e-01
-5.662248134613037109e-01,6.023706793785095215e-01,-1.471977531909942627e-01
-6.135333180427551270e-01,5.911799669265747070e-01,-1.524736583232879639e-01
-6.618038415908813477e-01,5.773764252662658691e-01,-1.560817211866378784e-01
-7.107480168342590332e-01,5.606649518013000488e-01,-1.577852368354797363e-01
-7.599900960922241211e-01,5.407574772834777832e-01,-1.573554277420043945e-01
-8.090659379959106445e-01,5.173879265785217285e-01,-1.545837819576263428e-01
-8.574211001396179199e-01,4.903300404548645020e-01,-1.492955237627029419e-01
-9.044175148010253906e-01,4.594156146049499512e-01,-1.413638442754745483e-01
-9.493490457534790039e-01,4.245546460151672363e-01,-1.307238191366195679e-01
-9.914571046829223633e-01,3.857527673244476318e-01,-1.173849552869796753e-01
-1.029961466789245605e+00,3.431257009506225586e-01,-1.014406159520149231e-01
-1.064087510108947754e+00,2.969092726707458496e-01,-8.307355642318725586e-02
-1.093102574348449707e+00,2.474623173475265503e-01,-6.255652010440826416e-02
-1.116354584693908691e+00,1.952618360519409180e-01,-4.024659469723701477e-02
-1.133301615715026855e+00,1.408913731575012207e-01,-1.657531037926673889e-02
-1.143544793128967285e+00,8.501949906349182129e-02,7.968126796185970306e-03
-1.146849393844604492e+00,2.837543934583663940e-02,3.285615146160125732e-02
-1.143159151077270508e+00,-2.828406356275081635e-02,5.754653364419937134e-02
-1.132596731185913086e+00,-8.420573920011520386e-02,8.150562644004821777e-02
-1.115457653999328613e+00,-1.386729478836059570e-01,1.042319685220718384e-01
-1.092192888259887695e+00,-1.910359263420104980e-01,1.252775192260742188e-01
-1.063381314277648926e+00,-2.407338023185729980e-01,1.442639529705047607e-01
-1.029698967933654785e+00,-2.873141467571258545e-01,1.608953177928924561e-01
-9.918850660324096680e-01,-3.304406702518463135e-01,1.749640107154846191e-01
-9.507048726081848145e-01,-3.698969483375549316e-01,1.863523125648498535e-01
-9.069197773933410645e-01,-4.055802524089813232e-01,1.950275450944900513e-01
-8.612562417984008789e-01,-4.374910295009613037e-01,2.010342776775360107e-01
-8.143852353096008301e-01,-4.657194614410400391e-01,2.044825106859207153e-01
-7.669039964675903320e-01,-4.904257655143737793e-01,2.055342197418212891e-01
-7.193281054496765137e-01,-5.118250846862792969e-01,2.043894082307815552e-01
-6.720874309539794922e-01,-5.301682353019714355e-01,2.012723237276077271e-01
-6.255267262458801270e-01,-5.457271933555603027e-01,1.964196264743804932e-01
-5.799103975296020508e-01,-5.587822198867797852e-01,1.900690943002700806e-01
-5.354321599006652832e-01,-5.696123242378234863e-01,1.824519336223602295e-01
-4.922224879264831543e-01,-5.784881114959716797e-01,1.737862378358840942e-01
-4.503582417964935303e-01,-5.856676101684570312e-01,1.642724722623825073e-01
-4.098732173442840576e-01,-5.913935899734497070e-01,1.540912985801696777e-01
-3.707642257213592529e-01,-5.958947539329528809e-01,1.434015333652496338e-01
-3.329981863498687744e-01,-5.993843674659729004e-01,1.323398351669311523e-01
-2.965184450149536133e-01,-6.020620465278625488e-01,1.210213005542755127e-01
-2.612462937831878662e-01,-6.041144728660583496e-01,1.095391958951950073e-01
-2.270843535661697388e-01,-6.057143211364746094e-01,9.796638786792755127e-02
-1.939176619052886963e-01,-6.070197224617004395e-01,8.635648339986801147e-02
-1.616163551807403564e-01,-6.081725358963012695e-01,7.474575191736221313e-02
-1.300349235534667969e-01,-6.092950105667114258e-01,6.315433233976364136e-02
-9.901504963636398315e-02,-6.104876995086669922e-01,5.158922448754310608e-02
-6.838867813348770142e-02,-6.118245124816894531e-01,4.004696756601333618e-02
-3.797965124249458313e-02,-6.133527159690856934e-01,2.851652354001998901e-02
-7.608227897435426712e-03,-6.150897145271301270e-01,1.698276400566101074e-02
2.290549315512180328e-02,-6.170226931571960449e-01,5.430007353425025940e-03
5.373655259609222412e-02,-6.191110014915466309e-01,-6.154260598123073578e-03
8.505363017320632935e-02,-6.212882399559020996e-01,-1.777659915387630463e-02
1.170152425765991211e-01,-6.234638094902038574e-01,-2.943438664078712463e-02
1.497674137353897095e-01,-6.255298852920532227e-01,-4.111289232969284058e-02
1.834439039230346680e-01,-6.273614168167114258e-01,-5.278366059064865112e-02
2.181652933359146118e-01,-6.288222074508666992e-01,-6.440225243568420410e-02
2.540388107299804688e-01,-6.297643780708312988e-01,-7.590726017951965332e-02
2.911574244499206543e-01,-6.300314664840698242e-01,-8.721835911273956299e-02
3.295999467372894287e-01,-6.294550895690917969e-01,-9.823627769947052002e-02
3.694290220737457275e-01,-6.278561353683471680e-01,-1.088414937257766724e-01
4.106853902339935303e-01,-6.250401735305786133e-01,-1.188931018114089966e-01
4.533850848674774170e-01,-6.207959055900573730e-01,-1.282296776771545410e-01
4.975103735923767090e-01,-6.148920059204101562e-01,-1.366686969995498657e-01
5.430005788803100586e-01,-6.070778369903564453e-01,-1.440081596374511719e-01
5.897436738014221191e-01,-5.970834493637084961e-01,-1.500293314456939697e-01
6.375643610954284668e-01,-5.846233963966369629e-01,-1.545009911060333252e-01
6.862134337425231934e-01,-5.694025158882141113e-01,-1.571861803531646729e-01
7.353587746620178223e-01,-5.511279702186584473e-01,-1.578506529331207275e-01
7.845816016197204590e-01,-5.295208692550659180e-01,-1.562742143869400024e-01
8.333716988563537598e-01,-5.043319463729858398e-01,-1.522634327411651611e-01
8.811319470405578613e-01,-4.753625094890594482e-01,-1.456657797098159790e-01
9.271878004074096680e-01,-4.424805641174316406e-01,-1.363836526870727539e-01
9.708046317100524902e-01,-4.056420326232910156e-01,-1.243879795074462891e-01
1.011209011077880859e+00,-3.649053871631622314e-01,-1.097291111946105957e-01
1.047619104385375977e+00,-3.204466998577117920e-01,-9.254497289657592773e-02
1.079276800155639648e+00,-2.725625932216644287e-01,-7.306340336799621582e-02
1.105485916137695312e+00,-2.216718643903732300e-01,-5.160019546747207642e-02
1.125644683837890625e+00,-1.683076620101928711e-01,-2.855168655514717102e-02
1.139279961585998535e+00,-1.130986139178276062e-01,-4.380325786769390106e-03
1.146072030067443848e+00,-5.674714967608451843e-02,2.040278539061546326e-02
1.145875334739685059e+00,2.003512094006509869e-07,4.526002332568168640e-02
1.145875334739685059e+00,0.000000000000000000e+00,-4.526006430387496948e-02
1.146072030067443848e+00,5.674695968627929688e-02,-2.040304429829120636e-02
1.139279961585998535e+00,1.130985915660858154e-01,4.380135331302881241e-03
1.125644683837890625e+00,1.683078110218048096e-01,2.855156362056732178e-02
1.105485916137695312e+00,2.216721624135971069e-01,5.160015821456909180e-02
1.079276919364929199e+00,2.725625038146972656e-01,7.306323945522308350e-02
1.047618985176086426e+00,3.204467296600341797e-01,9.254487603902816772e-02
1.011209130287170410e+00,3.649055957794189453e-01,1.097290515899658203e-01
9.708048105239868164e-01,4.056419134140014648e-01,1.243878155946731567e-01
9.271879196166992188e-01,4.424806237220764160e-01,1.363835632801055908e-01
8.811319470405578613e-01,4.753626585006713867e-01,1.456656903028488159e-01
8.333715200424194336e-01,5.043321251869201660e-01,1.522633880376815796e-01
7.845817208290100098e-01,5.295208692550659180e-01,1.562741398811340332e-01
7.353587746620178223e-01,5.511280298233032227e-01,1.578505337238311768e-01
6.862133741378784180e-01,5.694026947021484375e-01,1.571860909461975098e-01
6.375644803047180176e-01,5.846232771873474121e-01,1.545009613037109375e-01
5.897436738014221191e-01,5.970834493637084961e-01,1.500292867422103882e-01
5.430006384849548340e-01,6.070779561996459961e-01,1.440081000328063965e-01
4.975101947784423828e-01,6.148921847343444824e-01,1.366686075925827026e-01
4.533851444721221924e-01,6.207959055900573730e-01,1.282296031713485718e-01
4.106854200363159180e-01,6.250402927398681641e-01,1.188930273056030273e-01
3.694289028644561768e-01,6.278561353683471680e-01,1.088413968682289124e-01
3.296001255512237549e-01,6.294551491737365723e-01,9.823627769947052002e-02
2.911573946475982666e-01,6.300314664840698242e-01,8.721831440925598145e-02
2.540387809276580811e-01,6.297646164894104004e-01,7.590717077255249023e-02
2.181654572486877441e-01,6.288222670555114746e-01,6.440225988626480103e-02
1.834439784288406372e-01,6.273614764213562012e-01,5.278362333774566650e-02
1.497673690319061279e-01,6.255298852920532227e-01,4.111284762620925903e-02
1.170151382684707642e-01,6.234638690948486328e-01,2.943433076143264771e-02
8.505366742610931396e-02,6.212881803512573242e-01,1.777654141187667847e-02
5.373651534318923950e-02,6.191109418869018555e-01,6.154182367026805878e-03
2.290538512170314789e-02,6.170226931571960449e-01,-5.430089309811592102e-03
-7.608115207403898239e-03,6.150897145271301270e-01,-1.698275096714496613e-02
-3.797961398959159851e-02,6.133527159690856934e-01,-2.851653657853603363e-02
-6.838871538639068604e-02,6.118244528770446777e-01,-4.004701599478721619e-02
-9.901513904333114624e-02,6.104875206947326660e-01,-5.158929526805877686e-02
-1.300348937511444092e-01,6.092950701713562012e-01,-6.315437704324722290e-02
-1.616163998842239380e-01,6.081725955009460449e-01,-7.474581152200698853e-02
-1.939176917076110840e-01,6.070195436477661133e-01,-8.635657280683517456e-02
-2.270842194557189941e-01,6.057143211364746094e-01,-9.796639531850814819e-02
-2.612462341785430908e-01,6.041144132614135742e-01,-1.095392405986785889e-01
-2.965185046195983887e-01,6.020619273185729980e-01,-1.210213825106620789e-01
-3.329983353614807129e-01,5.993844270706176758e-01,-1.323399245738983154e-01
-3.707641959190368652e-01,5.958948135375976562e-01,-1.434015780687332153e-01
-4.098731577396392822e-01,5.913936495780944824e-01,-1.540913432836532593e-01
-4.503583610057830811e-01,5.856675505638122559e-01,-1.642725467681884766e-01
-4.922223985195159912e-01,5.784881114959716797e-01,-1.737862825393676758e-01
-5.354321599006652832e-01,5.696123838424682617e-01,-1.824519932270050049e-01
-5.799104571342468262e-01,5.587821006774902344e-01,-1.900691986083984375e-01
-6.255266070365905762e-01,5.457271337509155273e-01,-1.964197158813476562e-01
-6.720876097679138184e-01,5.301681756973266602e-01,-2.012724131345748901e-01
-7.193279266357421875e-01,5.118250250816345215e-01,-2.043894678354263306e-01
-7.669039368629455566e-01,4.904258251190185547e-01,-2.055343091487884521e-01
-8.143853545188903809e-01,4.657193422317504883e-01,-2.044825702905654907e-01
-8.612562417984008789e-01,4.374910593032836914e-01,-2.010343670845031738e-01
-9.069198966026306152e-01,4.055801033973693848e-01,-1.950276494026184082e-01
-9.507047533988952637e-01,3.698969781398773193e-01,-1.863524615764617920e-01
-9.918849468231201172e-01,3.304407000541687012e-01,-1.749641299247741699e-01
-1.029698967933654785e+00,2.873139381408691406e-01,-1.608954071998596191e-01
-1.063381314277648926e+00,2.407338619232177734e-01,-1.442641168832778931e-01
-1.092193007469177246e+00,1.910357177257537842e-01,-1.252775788307189941e-01
-1.115457653999328613e+00,1.386730223894119263e-01,-1.042321249842643738e-01
-1.132596731185913086e+00,8.420553803443908691e-02,-8.150569349527359009e-02
-1.143159031867980957e+00,2.828413248062133789e-02,-5.754673480987548828e-02
-1.146849393844604492e+00,-2.837536670267581940e-02,-3.285633027553558350e-02
-1.143544793128967285e+00,-8.501970767974853516e-02,-7.968185469508171082e-03
-1.133301615715026855e+00,-1.408912986516952515e-01,1.657514274120330811e-02
-1.116354465484619141e+00,-1.952620297670364380e-01,4.024654626846313477e-02
-1.093102574348449707e+00,-2.474622428417205811e-01,6.255636364221572876e-02
-1.064087510108947754e+00,-2.969094812870025635e-01,8.307350426912307739e-02
-1.029961705207824707e+00,-3.431257009506225586e-01,1.014404594898223877e-01
-9.914574623107910156e-01,-3.857528269290924072e-01,1.173848211765289307e-01
-9.493488669395446777e-01,-4.245547950267791748e-01,1.307237595319747925e-01
-9.044175148010253906e-01,-4.594155848026275635e-01,1.413637101650238037e-01
-8.574209213256835938e-01,-4.903301298618316650e-01,1.492954790592193604e-01
-8.090661764144897461e-01,-5.173879861831665039e-01,1.545837223529815674e-01
-7.599903345108032227e-01,-5.407575368881225586e-01,1.573553085327148438e-01
-7.107478380203247070e-01,-5.606650114059448242e-01,1.577851772308349609e-01
-6.618040204048156738e-01,-5.773765444755554199e-01,1.560816615819931030e-01
-6.135331988334655762e-01,-5.911800265312194824e-01,1.524735689163208008e-01
-5.662249326705932617e-01,-6.023707389831542969e-01,1.471977084875106812e-01
-5.200905203819274902e-01,-6.112402677536010742e-01,1.404891610145568848e-01
-4.752720296382904053e-01,-6.180667281150817871e-01,1.325734704732894897e-01
-4.318552017211914062e-01,-6.231107711791992188e-01,1.236616224050521851e-01
-3.898773193359375000e-01,-6.266134381294250488e-01,1.139460057020187378e-01
-3.493379652500152588e-01,-6.287953853607177734e-01,1.035986691713333130e-01
-3.102087974548339844e-01,-6.298594474792480469e-01,9.277093410491943359e-02
-2.724371254444122314e-01,-6.299924850463867188e-01,8.159275352954864502e-02
-2.359521090984344482e-01,-6.293678283691406250e-01,7.017355412244796753e-02
-2.006669938564300537e-01,-6.281471252441406250e-01,5.860286951065063477e-02
-1.664823144674301147e-01,-6.264834403991699219e-01,4.695161059498786926e-02
-1.332838237285614014e-01,-6.245181560516357422e-01,3.527246415615081787e-02
-1.009442731738090515e-01,-6.223825216293334961e-01,2.360159531235694885e-02
-6.932415068149566650e-02,-6.201934814453125000e-01,1.196054741740226746e-02
-3.827057033777236938e-02,-6.180509328842163086e-01,3.575552254915237427e-04
-7.619902491569519043e-03,-6.160335540771484375e-01,-1.120962202548980713e-02
2.280053310096263885e-02,-6.141952872276306152e-01,-2.275106869637966156e-02
5.316822603344917297e-02,-6.125631928443908691e-01,-3.428116440773010254e-02
8.366358280181884766e-02,-6.111344099044799805e-01,-4.581578820943832397e-02
1.144652590155601501e-01,-6.098773479461669922e-01,-5.736856907606124878e-02
1.457453221082687378e-01,-6.087309122085571289e-01,-6.894692778587341309e-02
1.776675432920455933e-01,-6.076067686080932617e-01,-8.054966479539871216e-02
2.103841304779052734e-01,-6.063943505287170410e-01,-9.216341376304626465e-02
2.440331429243087769e-01,-6.049602031707763672e-01,-1.037603765726089478e-01
2.787370085716247559e-01,-6.031550765037536621e-01,-1.152957156300544739e-01
3.146019279956817627e-01,-6.008125543594360352e-01,-1.267064213752746582e-01
3.517165184020996094e-01,-5.977532267570495605e-01,-1.379095762968063354e-01
3.901480734348297119e-01,-5.937834978103637695e-01,-1.488009691238403320e-01
4.299427568912506104e-01,-5.886975526809692383e-01,-1.592549234628677368e-01
4.711191952228546143e-01,-5.822741389274597168e-01,-1.691236495971679688e-01
5.136628150939941406e-01,-5.742780566215515137e-01,-1.782372444868087769e-01
5.575194358825683594e-01,-5.644580721855163574e-01,-1.864050030708312988e-01
6.025866270065307617e-01,-5.525500774383544922e-01,-1.934169530868530273e-01
6.487039923667907715e-01,-5.382781624794006348e-01,-1.990481615066528320e-01
6.956426501274108887e-01,-5.213620066642761230e-01,-2.030628472566604614e-01
7.430987358093261719e-01,-5.015237331390380859e-01,-2.052228450775146484e-01
7.906866669654846191e-01,-4.785002171993255615e-01,-2.052963078022003174e-01
8.379325270652770996e-01,-4.520568251609802246e-01,-2.030692994594573975e-01
8.842795491218566895e-01,-4.220035076141357422e-01,-1.983591318130493164e-01
9.290911555290222168e-01,-3.882124423980712891e-01,-1.910280883312225342e-01
9.716674685478210449e-01,-3.506363928318023682e-01,-1.809972673654556274e-01
1.011260509490966797e+00,-3.093253076076507568e-01,-1.682595461606979370e-01
1.047103404998779297e+00,-2.644374668598175049e-01,-1.528892666101455688e-01
1.078440308570861816e+00,-2.162486910820007324e-01,-1.350486576557159424e-01
1.104557394981384277e+00,-1.651546806097030640e-01,-1.149903535842895508e-01
1.124824404716491699e+00,-1.116635873913764954e-01,-9.305249154567718506e-02
1.138722300529479980e+00,-5.638322979211807251e-02,-6.965003907680511475e-02
1.145875334739685059e+00,2.003512094006509869e-07,-4.525998979806900024e-02
1.138222694396972656e+00,0.000000000000000000e+00,-1.323043406009674072e-01
1.145432472229003906e+00,5.671529099345207214e-02,-1.083551347255706787e-01
1.145751595497131348e+00,1.137410476803779602e-01,-8.358141034841537476e-02
1.139088034629821777e+00,1.703178882598876953e-01,-5.851789563894271851e-02
1.125531435012817383e+00,2.256916761398315430e-01,-3.371268883347511292e-02
1.105348944664001465e+00,2.791467905044555664e-01,-9.702810086309909821e-03
1.078971624374389648e+00,3.300369083881378174e-01,1.300928927958011627e-02
1.046970963478088379e+00,3.778106272220611572e-01,3.397702425718307495e-02
1.010027766227722168e+00,4.220308363437652588e-01,5.282661318778991699e-02
9.688975811004638672e-01,4.623856842517852783e-01,6.926902383565902710e-02
9.243715405464172363e-01,4.986899793148040771e-01,8.310600370168685913e-02
8.772439956665039062e-01,5.308824181556701660e-01,9.423074871301651001e-02
8.282755017280578613e-01,5.590102076530456543e-01,1.026225537061691284e-01
7.781723737716674805e-01,5.832154750823974609e-01,1.083378642797470093e-01
7.275611162185668945e-01,6.037120223045349121e-01,1.114977225661277771e-01
6.769800186157226562e-01,6.207659244537353516e-01,1.122734248638153076e-01
6.268715858459472656e-01,6.346734166145324707e-01,1.108720377087593079e-01
5.775852799415588379e-01,6.457438468933105469e-01,1.075220629572868347e-01
5.293806791305541992e-01,6.542820930480957031e-01,1.024613976478576660e-01
4.824397265911102295e-01,6.605788469314575195e-01,9.592670947313308716e-02
4.368769526481628418e-01,6.649023294448852539e-01,8.814566582441329956e-02
3.927522599697113037e-01,6.674949526786804199e-01,7.933139801025390625e-02
3.500828444957733154e-01,6.685720682144165039e-01,6.967895478010177612e-02
3.088544607162475586e-01,6.683259010314941406e-01,5.936345458030700684e-02
2.690301835536956787e-01,6.669284701347351074e-01,4.853945970535278320e-02
2.305563092231750488e-01,6.645366549491882324e-01,3.734096884727478027e-02
1.933674514293670654e-01,6.612988710403442383e-01,2.588194049894809723e-02
1.573874652385711670e-01,6.573565602302551270e-01,1.425705105066299438e-02
1.225304678082466125e-01,6.528498530387878418e-01,2.542167901992797852e-03
8.869894593954086304e-02,6.479157805442810059e-01,-9.204577654600143433e-03
5.578300729393959045e-02,6.426890492439270020e-01,-2.094185724854469299e-02
2.365801297128200531e-02,6.372968554496765137e-01,-3.264414519071578979e-02
-7.815491408109664917e-03,6.318553686141967773e-01,-4.429982230067253113e-02
-3.879151493310928345e-02,6.264646053314208984e-01,-5.590910091996192932e-02
-6.943683326244354248e-02,6.212012171745300293e-01,-6.748148798942565918e-02
-9.992787241935729980e-02,6.161150336265563965e-01,-7.903258502483367920e-02
-1.304465979337692261e-01,6.112241744995117188e-01,-9.058064222335815430e-02
-1.611754745244979858e-01,6.065133213996887207e-01,-1.021427214145660400e-01
-1.922933012247085571e-01,6.019346714019775391e-01,-1.137311458587646484e-01
-2.239701598882675171e-01,5.974080562591552734e-01,-1.253495365381240845e-01
-2.563636302947998047e-01,5.928237438201904297e-01,-1.369897723197937012e-01
-2.896165847778320312e-01,5.880479812622070312e-01,-1.486288756132125854e-01
-3.238536715507507324e-01,5.829243659973144531e-01,-1.602264791727066040e-01
-3.591815233230590820e-01,5.772790312767028809e-01,-1.717228889465332031e-01
-3.956850767135620117e-01,5.709220767021179199e-01,-1.830376237630844116e-01
-4.334276914596557617e-01,5.636500716209411621e-01,-1.940684914588928223e-01
-4.724472165107727051e-01,5.552471876144409180e-01,-2.046905159950256348e-01
-5.127523541450500488e-01,5.454847216606140137e-01,-2.147561609745025635e-01
-5.543177723884582520e-01,5.341218709945678711e-01,-2.240956872701644897e-01
-5.970767736434936523e-01,5.209067463874816895e-01,-2.325179278850555420e-01
-6.409139633178710938e-01,5.055772066116333008e-01,-2.398127168416976929e-01
-6.856546401977539062e-01,4.878654181957244873e-01,-2.457540482282638550e-01
-7.310599684715270996e-01,4.675040543079376221e-01,-2.501053512096405029e-01
-7.768144607543945312e-01,4.442338347434997559e-01,-2.526262700557708740e-01
-8.225229978561401367e-01,4.178157746791839600e-01,-2.530817389488220215e-01
-8.677077293395996094e-01,3.880441784858703613e-01,-2.512533366680145264e-01
-9.118082523345947266e-01,3.547632694244384766e-01,-2.469513118267059326e-01
-9.541915059089660645e-01,3.178833723068237305e-01,-2.400290668010711670e-01
-9.941616654396057129e-01,2.773980796337127686e-01,-2.303966879844665527e-01
-1.030980944633483887e+00,2.333988845348358154e-01,-2.180339694023132324e-01
-1.063897132873535156e+00,1.860864758491516113e-01,-2.030011266469955444e-01
-1.092170476913452148e+00,1.357779651880264282e-01,-1.854462921619415283e-01
-1.115111231803894043e+00,8.290553838014602661e-02,-1.656077951192855835e-01
-1.132109761238098145e+00,2.801074832677841187e-02,-1.438121497631072998e-01
-1.142675876617431641e+00,-2.827210724353790283e-02,-1.204650402069091797e-01
-1.146463274955749512e+00,-8.523668348789215088e-02,-9.603846073150634766e-02
-1.143291115760803223e+00,-1.421331763267517090e-01,-7.105167210102081299e-02
-1.133158326148986816e+00,-1.982012093067169189e-01,-4.604884982109069824e-02
-1.116244912147521973e+00,-2.527013123035430908e-01,-2.157587930560112000e-02
-1.092902064323425293e+00,-3.049495518207550049e-01,1.844907179474830627e-03
-1.063634037971496582e+00,-3.543434143066406250e-01,2.373638935387134552e-02
-1.029071092605590820e+00,-4.003874063491821289e-01,4.368674755096435547e-02
-9.899368286132812500e-01,-4.427059888839721680e-01,6.136328354477882385e-02
-9.470090866088867188e-01,-4.810507595539093018e-01,7.652195543050765991e-02
-9.010842442512512207e-01,-5.152996778488159180e-01,8.901065587997436523e-02
-8.529437780380249023e-01,-5.454471707344055176e-01,9.876638650894165039e-02
-8.033245205879211426e-01,-5.715911984443664551e-01,1.058085486292839050e-01
-7.528939247131347656e-01,-5.939114093780517578e-01,1.102275401353836060e-01
-7.022366523742675781e-01,-6.126511096954345703e-01,1.121713221073150635e-01
-6.518429517745971680e-01,-6.280940175056457520e-01,1.118308901786804199e-01
-6.021076440811157227e-01,-6.405441164970397949e-01,1.094258278608322144e-01
-5.533348321914672852e-01,-6.503108143806457520e-01,1.051906868815422058e-01
-5.057433247566223145e-01,-6.576930880546569824e-01,9.936378896236419678e-02
-4.594812989234924316e-01,-6.629716157913208008e-01,9.217827767133712769e-02
-4.146329462528228760e-01,-6.664008498191833496e-01,8.385506272315979004e-02
-3.712356090545654297e-01,-6.682103276252746582e-01,7.459849119186401367e-02
-3.292903006076812744e-01,-6.686032414436340332e-01,6.459393352270126343e-02
-2.887699306011199951e-01,-6.677609682083129883e-01,5.400620028376579285e-02
-2.496284693479537964e-01,-6.658474802970886230e-01,4.297950491309165955e-02
-2.118056863546371460e-01,-6.630145907402038574e-01,3.163766488432884216e-02
-1.752314120531082153e-01,-6.594069004058837891e-01,2.008509263396263123e-02
-1.398245245218276978e-01,-6.551653742790222168e-01,8.406870067119598389e-03
-1.054929196834564209e-01,-6.504276990890502930e-01,-3.330212086439132690e-03
-7.213395088911056519e-02,-6.453307271003723145e-01,-1.507630944252014160e-02
-3.963005915284156799e-02,-6.400059461593627930e-01,-2.679836750030517578e-02
-7.849256508052349091e-03,-6.345757246017456055e-01,-3.847799822688102722e-02
2.335562556982040405e-02,-6.291482448577880859e-01,-5.010986700654029846e-02
5.414469912648200989e-02,-6.238133311271667480e-01,-6.169901043176651001e-02
8.469026535749435425e-02,-6.186339855194091797e-01,-7.325853407382965088e-02
1.151724159717559814e-01,-6.136451363563537598e-01,-8.480587601661682129e-02
1.457734555006027222e-01,-6.088484525680541992e-01,-9.635898470878601074e-02
1.766748726367950439e-01,-6.042119264602661133e-01,-1.079331040382385254e-01
2.080515027046203613e-01,-5.996710062026977539e-01,-1.195366978645324707e-01
2.400680631399154663e-01,-5.951307415962219238e-01,-1.311679631471633911e-01
2.728744149208068848e-01,-5.904690623283386230e-01,-1.428115516901016235e-01
3.066049218177795410e-01,-5.855402350425720215e-01,-1.544360667467117310e-01
3.413756191730499268e-01,-5.801784992218017578e-01,-1.659918725490570068e-01
3.772818148136138916e-01,-5.742017626762390137e-01,-1.774088293313980103e-01
4.143984317779541016e-01,-5.674135684967041016e-01,-1.885958462953567505e-01
4.527767002582550049e-01,-5.596039891242980957e-01,-1.994393318891525269e-01
4.924397170543670654e-01,-5.505505204200744629e-01,-2.098030149936676025e-01
5.333805084228515625e-01,-5.400187373161315918e-01,-2.195281982421875000e-01
5.755539536476135254e-01,-5.277620553970336914e-01,-2.284341901540756226e-01
6.188701987266540527e-01,-5.135228037834167480e-01,-2.363200932741165161e-01
6.631846427917480469e-01,-4.970357418060302734e-01,-2.429671585559844971e-01
7.082921266555786133e-01,-4.780324697494506836e-01,-2.481434941291809082e-01
7.539163827896118164e-01,-4.562479555606842041e-01,-2.516095936298370361e-01
7.997024655342102051e-01,-4.314320385456085205e-01,-2.531264126300811768e-01
8.452140092849731445e-01,-4.033603370189666748e-01,-2.524657547473907471e-01
8.899313807487487793e-01,-3.718498647212982178e-01,-2.494218796491622925e-01
9.332567453384399414e-01,-3.367754817008972168e-01,-2.438247948884963989e-01
9.745234847068786621e-01,-2.980881333351135254e-01,-2.355546951293945312e-01
1.013011932373046875e+00,-2.558279335498809814e-01,-2.245548665523529053e-01
1.047974228858947754e+00,-2.101396173238754272e-01,-2.108441293239593506e-01
1.078658819198608398e+00,-1.612823009490966797e-01,-1.945261955261230469e-01
1.104347467422485352e+00,-1.096308007836341858e-01,-1.757941097021102905e-01
1.124386429786682129e+00,-5.567339807748794556e-02,-1.549310386180877686e-01
1.138222694396972656e+00,1.990131721640864271e-07,-1.323042809963226318e-01
1.126261472702026367e+00,0.000000000000000000e+00,-2.096133679151535034e-01
1.139252066612243652e+00,5.640927702188491821e-02,-1.876413375139236450e-01
1.145729660987854004e+00,1.137388646602630615e-01,-1.641075760126113892e-01
1.145399808883666992e+00,1.712616235017776489e-01,-1.394877433776855469e-01
1.138136863708496094e+00,2.282193303108215332e-01,-1.143058836460113525e-01
1.123996734619140625e+00,2.838561236858367920e-01,-8.911186456680297852e-02
1.103214383125305176e+00,3.374522924423217773e-01,-6.445688754320144653e-02
1.076195716857910156e+00,3.883567154407501221e-01,-4.086893796920776367e-02
1.043490409851074219e+00,4.360129535198211670e-01,-1.882951892912387848e-02
1.005768299102783203e+00,4.799814224243164062e-01,1.246046274900436401e-03
9.637807011604309082e-01,5.199508666992187500e-01,1.902331039309501648e-02
9.183234572410583496e-01,5.557425022125244141e-01,3.425813466310501099e-02
8.701975345611572266e-01,5.873037576675415039e-01,4.679986089468002319e-02
8.201786875724792480e-01,6.146978735923767090e-01,5.658859014511108398e-02
7.689831852912902832e-01,6.380829811096191406e-01,6.364782899618148804e-02
7.172499299049377441e-01,6.576919555664062500e-01,6.807273626327514648e-02
6.655241250991821289e-01,6.738069653511047363e-01,7.001625746488571167e-02
6.142538785934448242e-01,6.867395639419555664e-01,6.967386603355407715e-02
5.637864470481872559e-01,6.968055367469787598e-01,6.726884841918945312e-02
5.143802762031555176e-01,7.043133378028869629e-01,6.303839385509490967e-02
4.662105143070220947e-01,7.095463871955871582e-01,5.722216144204139709e-02
4.193863570690155029e-01,7.127604484558105469e-01,5.005306005477905273e-02
3.739638626575469971e-01,7.141789793968200684e-01,4.175084829330444336e-02
3.299584984779357910e-01,7.139926552772521973e-01,3.251742199063301086e-02
2.873596847057342529e-01,7.123674750328063965e-01,2.253499627113342285e-02
2.461382001638412476e-01,7.094485759735107422e-01,1.196486502885818481e-02
2.062535732984542847e-01,7.053681612014770508e-01,9.475573897361755371e-04
1.676582545042037964e-01,7.002543210983276367e-01,-1.039633899927139282e-02
1.302977651357650757e-01,6.942344903945922852e-01,-2.196569740772247314e-02
9.410994499921798706e-02,6.874412298202514648e-01,-3.367766737937927246e-02
5.902254208922386169e-02,6.800125241279602051e-01,-4.546674340963363647e-02
2.494962513446807861e-02,6.720901727676391602e-01,-5.728410184383392334e-02
-8.210828527808189392e-03,6.638169884681701660e-01,-6.909646838903427124e-02
-4.057888314127922058e-02,6.553297042846679688e-01,-8.088449388742446899e-02
-7.229299843311309814e-02,6.467533111572265625e-01,-9.264136105775833130e-02
-1.035086065530776978e-01,6.381924152374267578e-01,-1.043700128793716431e-01
-1.343951225280761719e-01,6.297255158424377441e-01,-1.160812675952911377e-01
-1.651314795017242432e-01,6.213999986648559570e-01,-1.277896463871002197e-01
-1.959008872509002686e-01,6.132275462150573730e-01,-1.395106017589569092e-01
-2.268856614828109741e-01,6.051847338676452637e-01,-1.512566655874252319e-01
-2.582612335681915283e-01,5.972117781639099121e-01,-1.630334705114364624e-01
-2.901923060417175293e-01,5.892170071601867676e-01,-1.748369634151458740e-01
-3.228287696838378906e-01,5.810796022415161133e-01,-1.866491585969924927e-01
-3.563033938407897949e-01,5.726532936096191406e-01,-1.984366178512573242e-01
-3.907289803028106689e-01,5.637710690498352051e-01,-2.101472467184066772e-01
-4.261980056762695312e-01,5.542482137680053711e-01,-2.217091023921966553e-01
-4.627791345119476318e-01,5.438846945762634277e-01,-2.330289781093597412e-01
-5.005157589912414551e-01,5.324670076370239258e-01,-2.439912855625152588e-01
-5.394234657287597656e-01,5.197702050209045410e-01,-2.544583976268768311e-01
-5.794827938079833984e-01,5.055572390556335449e-01,-2.642699480056762695e-01
-6.206361055374145508e-01,4.895812869071960449e-01,-2.732445299625396729e-01
-6.627777814865112305e-01,4.715877771377563477e-01,-2.811803221702575684e-01
-7.057492136955261230e-01,4.513181149959564209e-01,-2.878585159778594971e-01
-7.493265867233276367e-01,4.285144507884979248e-01,-2.930472791194915771e-01
-7.932165265083312988e-01,4.029290080070495605e-01,-2.965075373649597168e-01
-8.370493054389953613e-01,3.743335306644439697e-01,-2.980009615421295166e-01
-8.803743720054626465e-01,3.425330519676208496e-01,-2.972998023033142090e-01
-9.226615428924560547e-01,3.073793351650238037e-01,-2.941987216472625732e-01
-9.633067250251770020e-01,2.687886953353881836e-01,-2.885281741619110107e-01
-1.001641988754272461e+00,2.267569750547409058e-01,-2.801681160926818848e-01
-1.036954402923583984e+00,1.813739240169525146e-01,-2.690617740154266357e-01
-1.068507790565490723e+00,1.328362375497817993e-01,-2.552280426025390625e-01
-1.095572471618652344e+00,8.145288378000259399e-02,-2.387704104185104370e-01
-1.117457509040832520e+00,2.764822356402873993e-02,-2.198829203844070435e-01
-1.133546352386474609e+00,-2.804622240364551544e-02,-1.988498866558074951e-01
-1.143327593803405762e+00,-8.500355482101440430e-02,-1.760412603616714478e-01
-1.146427750587463379e+00,-1.425231099128723145e-01,-1.519015580415725708e-01
-1.142635583877563477e+00,-1.998588740825653076e-01,-1.269330084323883057e-01
-1.131915688514709473e+00,-2.562489509582519531e-01,-1.016757115721702576e-01
-1.114414453506469727e+00,-3.109520971775054932e-01,-7.668314129114151001e-02
-1.090453743934631348e+00,-3.632782399654388428e-01,-5.249815061688423157e-02
-1.060514092445373535e+00,-4.126211404800415039e-01,-2.962796203792095184e-02
-1.025210976600646973e+00,-4.584808349609375000e-01,-8.523256517946720123e-03
-9.852585792541503906e-01,-5.004802942276000977e-01,1.043938938528299332e-02
-9.414352774620056152e-01,-5.383751392364501953e-01,2.697015739977359772e-02
-8.945447802543640137e-01,-5.720505118370056152e-01,4.087143018841743469e-02
-8.453784584999084473e-01,-6.015139222145080566e-01,5.203871428966522217e-02
-7.946858406066894531e-01,-6.268784999847412109e-01,6.045501679182052612e-02
-7.431474328041076660e-01,-6.483427882194519043e-01,6.618119031190872192e-02
-6.913556456565856934e-01,-6.661671400070190430e-01,6.934323906898498535e-02
-6.398081779479980469e-01,-6.806513667106628418e-01,7.011730223894119263e-02
-5.889019966125488281e-01,-6.921113729476928711e-01,6.871455907821655273e-02
-5.389378070831298828e-01,-7.008607983589172363e-01,6.536670774221420288e-02
-4.901323616504669189e-01,-7.071970701217651367e-01,6.031365692615509033e-02
-4.426258504390716553e-01,-7.113912701606750488e-01,5.379261448979377747e-02
-3.964977562427520752e-01,-7.136812806129455566e-01,4.603051394224166870e-02
-3.517841696739196777e-01,-7.142756581306457520e-01,3.723867237567901611e-02
-3.084848821163177490e-01,-7.133504748344421387e-01,2.760930359363555908e-02
-2.665791809558868408e-01,-7.110610604286193848e-01,1.731419563293457031e-02
-2.260314822196960449e-01,-7.075455188751220703e-01,6.504066288471221924e-03
-1.867979168891906738e-01,-7.029322981834411621e-01,-4.690341651439666748e-03
-1.488274186849594116e-01,-6.973496079444885254e-01,-1.615844666957855225e-02
-1.120613440871238708e-01,-6.909260153770446777e-01,-2.780833840370178223e-02
-7.643370330333709717e-02,-6.837975978851318359e-01,-3.956593573093414307e-02
-4.186529293656349182e-02,-6.761038899421691895e-01,-5.137424916028976440e-02
-8.262550458312034607e-03,-6.679885983467102051e-01,-6.319241225719451904e-02
2.448577433824539185e-02,-6.595919132232666016e-01,-7.499428093433380127e-02
5.650836229324340820e-02,-6.510456204414367676e-01,-8.676680922508239746e-02
8.795277774333953857e-02,-6.424655318260192871e-01,-9.850864857435226440e-02
1.189821511507034302e-01,-6.339436173439025879e-01,-1.102270111441612244e-01
1.497707217931747437e-01,-6.255437135696411133e-01,-1.219347789883613586e-01
1.805005818605422974e-01,-6.172955036163330078e-01,-1.336476504802703857e-01
2.113550603389739990e-01,-6.091929078102111816e-01,-1.453799307346343994e-01
2.425140589475631714e-01,-6.011943817138671875e-01,-1.571412384510040283e-01
2.741475701332092285e-01,-5.932240486145019531e-01,-1.689326912164688110e-01
3.064134716987609863e-01,-5.851746201515197754e-01,-1.807436347007751465e-01
3.394538760185241699e-01,-5.769124627113342285e-01,-1.925488412380218506e-01
3.733911812305450439e-01,-5.682804584503173828e-01,-2.043055593967437744e-01
4.083282947540283203e-01,-5.591020584106445312e-01,-2.159521132707595825e-01
4.443463385105133057e-01,-5.491845607757568359e-01,-2.274060398340225220e-01
4.815015494823455811e-01,-5.383215546607971191e-01,-2.385629266500473022e-01
5.198236107826232910e-01,-5.262931585311889648e-01,-2.492962777614593506e-01
5.593116283416748047e-01,-5.128684639930725098e-01,-2.594569325447082520e-01
5.999283790588378906e-01,-4.978053569793701172e-01,-2.688741683959960938e-01
6.415920257568359375e-01,-4.808527827262878418e-01,-2.773555815219879150e-01
6.841723322868347168e-01,-4.617537856101989746e-01,-2.846908867359161377e-01
7.274788618087768555e-01,-4.402487576007843018e-01,-2.906539440155029297e-01
7.712538242340087891e-01,-4.160842895507812500e-01,-2.950084805488586426e-01
8.151664137840270996e-01,-3.890207409858703613e-01,-2.975146770477294922e-01
8.588063716888427734e-01,-3.588445484638214111e-01,-2.979381978511810303e-01
9.016836881637573242e-01,-3.253820240497589111e-01,-2.960608303546905518e-01
9.432294964790344238e-01,-2.885159254074096680e-01,-2.916935086250305176e-01
9.828068614006042480e-01,-2.481998950242996216e-01,-2.846895456314086914e-01
1.019721984863281250e+00,-2.044744938611984253e-01,-2.749588489532470703e-01
1.053247094154357910e+00,-1.574826985597610474e-01,-2.624813616275787354e-01
1.082645893096923828e+00,-1.074764430522918701e-01,-2.473172247409820557e-01
1.107203006744384766e+00,-5.482256785035133362e-02,-2.296147942543029785e-01
1.126261472702026367e+00,1.969218033082142938e-07,-2.096133530139923096e-01
1.115312337875366211e+00,0.000000000000000000e+00,-2.726144790649414062e-01
1.132307171821594238e+00,5.606539919972419739e-02,-2.531343102455139160e-01
1.143311977386474609e+00,1.134988516569137573e-01,-2.316053807735443115e-01
1.147892475128173828e+00,1.716343462467193604e-01,-2.084148973226547241e-01
1.145760655403137207e+00,2.297480404376983643e-01,-1.840208768844604492e-01
1.136794924736022949e+00,2.870882153511047363e-01,-1.589345037937164307e-01
1.121052384376525879e+00,3.429086208343505859e-01,-1.336989253759384155e-01
1.098766088485717773e+00,3.965014517307281494e-01,-1.088650450110435486e-01
1.070338249206542969e+00,4.472310245037078857e-01,-8.496652543544769287e-02
1.036315917968750000e+00,4.945596158504486084e-01,-6.249614804983139038e-02
9.973624944686889648e-01,5.380679368972778320e-01,-4.188493266701698303e-02
9.542243480682373047e-01,5.774686932563781738e-01,-2.348593994975090027e-02
9.076890945434570312e-01,6.126071214675903320e-01,-7.563374936580657959e-03
8.585490584373474121e-01,6.434552669525146484e-01,5.711633712053298950e-03
8.075683116912841797e-01,6.700999736785888672e-01,1.626020856201648712e-02
7.554491162300109863e-01,6.927192211151123047e-01,2.408861555159091949e-02
7.028149962425231934e-01,7.115619778633117676e-01,2.927737124264240265e-02
6.501942276954650879e-01,7.269210815429687500e-01,3.196749836206436157e-02
5.980154871940612793e-01,7.391105890274047852e-01,3.234517574310302734e-02
5.466091036796569824e-01,7.484425306320190430e-01,3.062626719474792480e-02
4.962170124053955078e-01,7.552145719528198242e-01,2.704223617911338806e-02
4.470023810863494873e-01,7.596947550773620605e-01,2.182791009545326233e-02
3.990653753280639648e-01,7.621166706085205078e-01,1.521185040473937988e-02
3.524586558341979980e-01,7.626804113388061523e-01,7.409185171127319336e-03
3.072007298469543457e-01,7.615536451339721680e-01,-1.382455229759216309e-03
2.632873952388763428e-01,7.588780522346496582e-01,-1.098567247390747070e-02
2.207015901803970337e-01,7.547791004180908203e-01,-2.124378830194473267e-02
1.794181168079376221e-01,7.493714690208435059e-01,-3.202024847269058228e-02
1.394073069095611572e-01,7.427706718444824219e-01,-4.319768399000167847e-02
1.006336584687232971e-01,7.350947260856628418e-01,-5.467672646045684814e-02
6.305491924285888672e-02,7.264704704284667969e-01,-6.637414544820785522e-02
2.661804296076297760e-02,7.170338630676269531e-01,-7.822243124246597290e-02
-8.744071237742900848e-03,7.069278359413146973e-01,-9.016791731119155884e-02
-4.311570897698402405e-02,6.962982416152954102e-01,-1.021704077720642090e-01
-7.660038024187088013e-02,6.852883100509643555e-01,-1.142015755176544189e-01
-1.093212589621543884e-01,6.740309000015258789e-01,-1.262439489364624023e-01
-1.414200365543365479e-01,6.626415848731994629e-01,-1.382889747619628906e-01
-1.730540096759796143e-01,6.512129902839660645e-01,-1.503351032733917236e-01
-2.043918371200561523e-01,6.398066878318786621e-01,-1.623852550983428955e-01
-2.356092631816864014e-01,6.284536719322204590e-01,-1.744440793991088867e-01
-2.668828070163726807e-01,6.171485781669616699e-01,-1.865145415067672729e-01
-2.983850836753845215e-01,6.058518886566162109e-01,-1.985953450202941895e-01
-3.302800655364990234e-01,5.944916605949401855e-01,-2.106767594814300537e-01
-3.627192974090576172e-01,5.829650163650512695e-01,-2.227388322353363037e-01
-3.958377838134765625e-01,5.711424350738525391e-01,-2.347473204135894775e-01
-4.297526478767395020e-01,5.588708519935607910e-01,-2.466524243354797363e-01
-4.645602107048034668e-01,5.459778904914855957e-01,-2.583859860897064209e-01
-5.003329515457153320e-01,5.322725176811218262e-01,-2.698604166507720947e-01
-5.371186137199401855e-01,5.175493359565734863e-01,-2.809675335884094238e-01
-5.749346017837524414e-01,5.015892386436462402e-01,-2.915777862071990967e-01
-6.137651801109313965e-01,4.841612279415130615e-01,-3.015398085117340088e-01
-6.535543203353881836e-01,4.650249779224395752e-01,-3.106817305088043213e-01
-6.942003965377807617e-01,4.439327716827392578e-01,-3.188115656375885010e-01
-7.355481386184692383e-01,4.206350445747375488e-01,-3.257197439670562744e-01
-7.773808240890502930e-01,3.948849737644195557e-01,-3.311828374862670898e-01
-8.194134235382080078e-01,3.664466738700866699e-01,-3.349688053131103516e-01
-8.612866401672363281e-01,3.351064920425415039e-01,-3.368439376354217529e-01
-9.025652408599853516e-01,3.006843626499176025e-01,-3.365822434425354004e-01
-9.427356719970703125e-01,2.630488276481628418e-01,-3.339764475822448730e-01
-9.812131524085998535e-01,2.221321910619735718e-01,-3.288505375385284424e-01
-1.017352342605590820e+00,1.779453307390213013e-01,-3.210738003253936768e-01
-1.050460457801818848e+00,1.305925995111465454e-01,-3.105744719505310059e-01
-1.079825639724731445e+00,8.028214424848556519e-02,-2.973519265651702881e-01
-1.104737758636474609e+00,2.733350917696952820e-02,-2.814877033233642578e-01
-1.124526381492614746e+00,-2.782304957509040833e-02,-2.631515264511108398e-01
-1.138588666915893555e+00,-8.465122431516647339e-02,-2.426034957170486450e-01
-1.146426916122436523e+00,-1.425230056047439575e-01,-2.201907187700271606e-01
-1.147677421569824219e+00,-2.007407397031784058e-01,-1.963374167680740356e-01
-1.142132878303527832e+00,-2.585619986057281494e-01,-1.715307831764221191e-01
-1.129760622978210449e+00,-3.152340650558471680e-01,-1.463008075952529907e-01
-1.110705494880676270e+00,-3.700250089168548584e-01,-1.211977750062942505e-01
-1.085288763046264648e+00,-4.222603738307952881e-01,-9.676685929298400879e-02
-1.053986907005310059e+00,-4.713495671749114990e-01,-7.352416962385177612e-02
-1.017410516738891602e+00,-5.168124437332153320e-01,-5.193411186337471008e-02
-9.762679338455200195e-01,-5.582947134971618652e-01,-3.239019587635993958e-02
-9.313317537307739258e-01,-5.955753326416015625e-01,-1.520224288105964661e-02
-8.833957910537719727e-01,-6.285644769668579102e-01,-5.879029631614685059e-04
-8.332431912422180176e-01,-6.572940349578857422e-01,1.132826507091522217e-02
-7.816096544265747070e-01,-6.818983554840087891e-01,2.051099017262458801e-02
-7.291610836982727051e-01,-7.025951743125915527e-01,2.700533904135227203e-02
-6.764736175537109375e-01,-7.196573615074157715e-01,3.092398494482040405e-02
-6.240268349647521973e-01,-7.333921790122985840e-01,3.243242204189300537e-02
-5.721982717514038086e-01,-7.441142797470092773e-01,3.173348307609558105e-02
-5.212743878364562988e-01,-7.521309852600097656e-01,2.905263006687164307e-02
-4.714548289775848389e-01,-7.577253580093383789e-01,2.462430670857429504e-02
-4.228697419166564941e-01,-7.611498236656188965e-01,1.868124678730964661e-02
-3.755939006805419922e-01,-7.626198530197143555e-01,1.144603639841079712e-02
-3.296611011028289795e-01,-7.623190879821777344e-01,3.125458955764770508e-03
-2.850769758224487305e-01,-7.604011893272399902e-01,-6.092868745326995850e-03
-2.418299168348312378e-01,-7.569993138313293457e-01,-1.604191958904266357e-02
-1.998988240957260132e-01,-7.522318959236145020e-01,-2.657502144575119019e-02
-1.592557877302169800e-01,-7.462130188941955566e-01,-3.756544739007949829e-02
-1.198680773377418518e-01,-7.390592098236083984e-01,-4.890511929988861084e-02
-8.169793337583541870e-02,-7.308928370475769043e-01,-6.050270050764083862e-02
-4.469763115048408508e-02,-7.218447923660278320e-01,-7.228311896324157715e-02
-8.807622827589511871e-03,-7.120551466941833496e-01,-8.418577909469604492e-02
2.604780159890651703e-02,-7.016694545745849609e-01,-9.616419672966003418e-02
5.996169522404670715e-02,-6.908321976661682129e-01,-1.081837415695190430e-01
9.304779767990112305e-02,-6.796829700469970703e-01,-1.202220693230628967e-01
1.254390478134155273e-01,-6.683462858200073242e-01,-1.322663873434066772e-01
1.572847813367843628e-01,-6.569275259971618652e-01,-1.443118155002593994e-01
1.887489855289459229e-01,-6.455042958259582520e-01,-1.563594043254852295e-01
2.200044691562652588e-01,-6.341232657432556152e-01,-1.684133410453796387e-01
2.512281835079193115e-01,-6.227967143058776855e-01,-1.804778277873992920e-01
2.825948297977447510e-01,-6.115029454231262207e-01,-1.925540417432785034e-01
3.142736256122589111e-01,-6.001855731010437012e-01,-2.046369165182113647e-01
3.464228808879852295e-01,-5.887565016746520996e-01,-2.167121022939682007e-01
3.791857957839965820e-01,-5.770995616912841797e-01,-2.287524491548538208e-01
4.126890599727630615e-01,-5.650730133056640625e-01,-2.407166063785552979e-01
4.470398724079132080e-01,-5.525135993957519531e-01,-2.525457739830017090e-01
4.823223650455474854e-01,-5.392392277717590332e-01,-2.641619443893432617e-01
5.185973048210144043e-01,-5.250515341758728027e-01,-2.754675447940826416e-01
5.558977127075195312e-01,-5.097380280494689941e-01,-2.863436639308929443e-01
5.942257046699523926e-01,-4.930734336376190186e-01,-2.966501712799072266e-01
6.335450410842895508e-01,-4.748218357563018799e-01,-3.062248528003692627e-01
6.737784743309020996e-01,-4.547388851642608643e-01,-3.148858249187469482e-01
7.147989273071289062e-01,-4.325752258300781250e-01,-3.224321007728576660e-01
7.564199566841125488e-01,-4.080815613269805908e-01,-3.286462128162384033e-01
7.983925938606262207e-01,-3.810158073902130127e-01,-3.333001136779785156e-01
8.403951525688171387e-01,-3.511515855789184570e-01,-3.361595869064331055e-01
8.820306062698364258e-01,-3.182899951934814453e-01,-3.369938731193542480e-01
9.228236675262451172e-01,-2.822741568088531494e-01,-3.355843722820281982e-01
9.622249603271484375e-01,-2.430020868778228760e-01,-3.317379355430603027e-01
9.996175169944763184e-01,-2.004431486129760742e-01,-3.252994418144226074e-01
1.034329295158386230e+00,-1.546540856361389160e-01,-3.161662220954895020e-01
1.065655708312988281e+00,-1.057897880673408508e-01,-3.043004870414733887e-01
1.092881679534912109e+00,-5.411345511674880981e-02,-2.897415161132812500e-01
1.115312337875366211e+00,1.950074022261105711e-07,-2.726144194602966309e-01
1.110723972320556641e+00,0.000000000000000000e+00,-3.185583949089050293e-01
1.129799485206604004e+00,5.594123154878616333e-02,-3.015136718750000000e-01
1.143411874771118164e+00,1.135087832808494568e-01,-2.821981310844421387e-01
1.151056885719299316e+00,1.721074879169464111e-01,-2.609114050865173340e-01
1.152351379394531250e+00,2.310696095228195190e-01,-2.380321621894836426e-01
1.147056818008422852e+00,2.896797657012939453e-01,-2.140060663223266602e-01
1.135098099708557129e+00,3.472049534320831299e-01,-1.893289834260940552e-01
1.116572499275207520e+00,4.029271304607391357e-01,-1.645262837409973145e-01
1.091744065284729004e+00,4.561752676963806152e-01,-1.401292979717254639e-01
1.061034083366394043e+00,5.063558816909790039e-01,-1.166518479585647583e-01
1.024998784065246582e+00,5.529774427413940430e-01,-9.456728398799896240e-02
9.842984676361083984e-01,5.956686735153198242e-01,-7.428894937038421631e-02
9.396638274192810059e-01,6.341871023178100586e-01,-5.615463852882385254e-02
8.918573260307312012e-01,6.684187054634094238e-01,-4.041697084903717041e-02
8.416379094123840332e-01,6.983700394630432129e-01,-2.723887562751770020e-02
7.897292971611022949e-01,7.241528630256652832e-01,-1.669563911855220795e-02
7.367926836013793945e-01,7.459625601768493652e-01,-8.781488984823226929e-03
6.834085583686828613e-01,7.640548944473266602e-01,-3.420248627662658691e-03
6.300641298294067383e-01,7.787206768989562988e-01,-4.790127277374267578e-04
5.771532654762268066e-01,7.902649641036987305e-01,2.171434462070465088e-04
5.249767303466796875e-01,7.989853024482727051e-01,-1.129478216171264648e-03
4.737542271614074707e-01,8.051603436470031738e-01,-4.302881658077239990e-03
4.236348867416381836e-01,8.090384006500244141e-01,-9.084671735763549805e-03
3.747131526470184326e-01,8.108366131782531738e-01,-1.526337862014770508e-02
3.270398378372192383e-01,8.107349872589111328e-01,-2.264049649238586426e-02
2.806382179260253906e-01,8.088886737823486328e-01,-3.103469312191009521e-02
2.355118095874786377e-01,8.054286837577819824e-01,-4.028337448835372925e-02
1.916525214910507202e-01,8.004706501960754395e-01,-5.024307221174240112e-02
1.490452289581298828e-01,7.941221594810485840e-01,-6.078848242759704590e-02
1.076698079705238342e-01,7.864914536476135254e-01,-7.181090116500854492e-02
6.750043481588363647e-02,7.776883244514465332e-01,-8.321674168109893799e-02
2.850364893674850464e-02,7.678281068801879883e-01,-9.492585808038711548e-02
-9.363853372633457184e-03,7.570350766181945801e-01,-1.068700328469276428e-01
-4.615841060876846313e-02,7.454364299774169922e-01,-1.189921572804450989e-01
-8.195165544748306274e-02,7.331623435020446777e-01,-1.312447786331176758e-01
-1.168322861194610596e-01,7.203408479690551758e-01,-1.435897797346115112e-01
-1.509061604738235474e-01,7.070900797843933105e-01,-1.559968441724777222e-01
-1.842958778142929077e-01,6.935168504714965820e-01,-1.684426069259643555e-01
-2.171383798122406006e-01,6.797071099281311035e-01,-1.809094846248626709e-01
-2.495824545621871948e-01,6.657251715660095215e-01,-1.933833509683609009e-01
-2.817840874195098877e-01,6.516067981719970703e-01,-2.058523446321487427e-01
-3.139033317565917969e-01,6.373606920242309570e-01,-2.183036208152770996e-01
-3.460980057716369629e-01,6.229633092880249023e-01,-2.307216525077819824e-01
-3.785218596458435059e-01,6.083629727363586426e-01,-2.430851161479949951e-01
-4.113178551197052002e-01,5.934781432151794434e-01,-2.553646862506866455e-01
-4.446170330047607422e-01,5.782012343406677246e-01,-2.675201594829559326e-01
-4.785336256027221680e-01,5.624002814292907715e-01,-2.794980704784393311e-01
-5.131622552871704102e-01,5.459207892417907715e-01,-2.912298738956451416e-01
-5.485755801200866699e-01,5.285888910293579102e-01,-3.026303052902221680e-01
-5.848191976547241211e-01,5.102128982543945312e-01,-3.135951161384582520e-01
-6.219099164009094238e-01,4.905861020088195801e-01,-3.240010142326354980e-01
-6.598281860351562500e-01,4.694890379905700684e-01,-3.337047994136810303e-01
-6.985149383544921875e-01,4.466919004917144775e-01,-3.425433039665222168e-01
-7.378630042076110840e-01,4.219588041305541992e-01,-3.503345549106597900e-01
-7.777113914489746094e-01,3.950529098510742188e-01,-3.568802773952484131e-01
-8.178386092185974121e-01,3.657423853874206543e-01,-3.619682788848876953e-01
-8.579543232917785645e-01,3.338099420070648193e-01,-3.653787374496459961e-01
-8.976974487304687500e-01,2.990626990795135498e-01,-3.668906092643737793e-01
-9.366320967674255371e-01,2.613457441329956055e-01,-3.662907779216766357e-01
-9.742490053176879883e-01,2.205556184053421021e-01,-3.633842766284942627e-01
-1.009973645210266113e+00,1.766547113656997681e-01,-3.580076694488525391e-01
-1.043174743652343750e+00,1.296868473291397095e-01,-3.500413894653320312e-01
-1.073185086250305176e+00,7.978844642639160156e-02,-3.394227623939514160e-01
-1.099320292472839355e+00,2.719946950674057007e-02,-3.261589109897613525e-01
-1.120909094810485840e+00,-2.773355320096015930e-02,-3.103353679180145264e-01
-1.137322783470153809e+00,-8.455711603164672852e-02,-2.921229600906372070e-01
-1.148007273674011230e+00,-1.427194923162460327e-01,-2.717792093753814697e-01
-1.152516365051269531e+00,-2.015871256589889526e-01,-2.496442794799804688e-01
-1.150536060333251953e+00,-2.604643106460571289e-01,-2.261324226856231689e-01
-1.141909122467041016e+00,-3.186238408088684082e-01,-2.017164528369903564e-01
-1.126643776893615723e+00,-3.753347694873809814e-01,-1.769100427627563477e-01
-1.104923248291015625e+00,-4.298997223377227783e-01,-1.522442549467086792e-01
-1.077092170715332031e+00,-4.816824197769165039e-01,-1.282447576522827148e-01
-1.043643116950988770e+00,-5.301377773284912109e-01,-1.054080128669738770e-01
-1.005187273025512695e+00,-5.748327374458312988e-01,-8.417925238609313965e-02
-9.624260663986206055e-01,-6.154597401618957520e-01,-6.493594497442245483e-02
-9.161087870597839355e-01,-6.518408656120300293e-01,-4.797393083572387695e-02
-8.670023679733276367e-01,-6.839245557785034180e-01,-3.350121900439262390e-02
-8.158517479896545410e-01,-7.117721438407897949e-01,-2.163647487759590149e-02
-7.633510828018188477e-01,-7.355394959449768066e-01,-1.241318881511688232e-02
-7.101238965988159180e-01,-7.554557323455810547e-01,-5.788896232843399048e-03
-6.567048430442810059e-01,-7.717971801757812500e-01,-1.657262444496154785e-03
-6.035332083702087402e-01,-7.848637700080871582e-01,1.374855637550354004e-04
-5.509575009346008301e-01,-7.949598431587219238e-01,-2.141892910003662109e-04
-4.992354810237884521e-01,-8.023746013641357422e-01,-2.501562237739562988e-03
-4.485495388507843018e-01,-8.073725104331970215e-01,-6.506204605102539062e-03
-3.990201354026794434e-01,-8.101853132247924805e-01,-1.201217621564865112e-02
-3.507184386253356934e-01,-8.110128045082092285e-01,-1.881386339664459229e-02
-3.036797642707824707e-01,-8.100214004516601562e-01,-2.672101557254791260e-02
-2.579158842563629150e-01,-8.073530793190002441e-01,-3.556167334318161011e-02
-2.134244590997695923e-01,-8.031296730041503906e-01,-4.518261551856994629e-02
-1.701935231685638428e-01,-7.974631190299987793e-01,-5.544971674680709839e-02
-1.282048374414443970e-01,-7.904604673385620117e-01,-6.624623388051986694e-02
-8.743625879287719727e-02,-7.822295427322387695e-01,-7.747122645378112793e-02
-4.785796254873275757e-02,-7.728825807571411133e-01,-8.903791010379791260e-02
-9.432089515030384064e-03,-7.625404596328735352e-01,-1.008723601698875427e-01
2.789127826690673828e-02,-7.513285875320434570e-01,-1.129121258854866028e-01
6.417509913444519043e-02,-7.393757700920104980e-01,-1.251047551631927490e-01
9.949979931116104126e-02,-7.268126606941223145e-01,-1.374077796936035156e-01
1.339628845453262329e-01,-7.137618064880371094e-01,-1.497871577739715576e-01
1.676782965660095215e-01,-7.003378868103027344e-01,-1.622160971164703369e-01
2.007763981819152832e-01,-6.866369247436523438e-01,-1.746743023395538330e-01
2.334004044532775879e-01,-6.727346181869506836e-01,-1.871462613344192505e-01
2.657037675380706787e-01,-6.586818695068359375e-01,-1.996192783117294312e-01
2.978441417217254639e-01,-6.445006728172302246e-01,-2.120810449123382568e-01
3.299813568592071533e-01,-6.301834583282470703e-01,-2.245178818702697754e-01
3.622720837593078613e-01,-6.156927347183227539e-01,-2.369118928909301758e-01
3.948647081851959229e-01,-6.009619832038879395e-01,-2.492377012968063354e-01
4.278970062732696533e-01,-5.858964323997497559e-01,-2.614609599113464355e-01
4.614918828010559082e-01,-5.703753829002380371e-01,-2.735351920127868652e-01
4.957538545131683350e-01,-5.542557239532470703e-01,-2.853996753692626953e-01
5.307672023773193359e-01,-5.373728871345520020e-01,-2.969775795936584473e-01
5.665917396545410156e-01,-5.195440649986267090e-01,-3.081743121147155762e-01
6.032592654228210449e-01,-5.005692839622497559e-01,-3.188765645027160645e-01
6.407683491706848145e-01,-4.802354872226715088e-01,-3.289504349231719971e-01
6.790810227394104004e-01,-4.583176076412200928e-01,-3.382431864738464355e-01
7.181152105331420898e-01,-4.345821142196655273e-01,-3.465819358825683594e-01
7.577372193336486816e-01,-4.087921977043151855e-01,-3.537760972976684570e-01
7.977567911148071289e-01,-3.807123899459838867e-01,-3.596200942993164062e-01
8.379184603691101074e-01,-3.501167297363281250e-01,-3.638970851898193359e-01
8.778982162475585938e-01,-3.167987763881683350e-01,-3.663856685161590576e-01
9.172958135604858398e-01,-2.805832922458648682e-01,-3.668674230575561523e-01
9.556394815444946289e-01,-2.413389980792999268e-01,-3.651369810104370117e-01
9.923859834671020508e-01,-1.989930868148803711e-01,-3.610134422779083252e-01
1.026930689811706543e+00,-1.535478383302688599e-01,-3.543536365032196045e-01
1.058621764183044434e+00,-1.050915122032165527e-01,-3.450649380683898926e-01
1.086779713630676270e+00,-5.381131917238235474e-02,-3.331181108951568604e-01
1.110723972320556641e+00,1.942051426340185571e-07,-3.185583651065826416e-01
1.116300106048583984e+00,0.000000000000000000e+00,-3.459620475769042969e-01
1.135660648345947266e+00,5.623145028948783875e-02,-3.309222757816314697e-01
1.149993658065795898e+00,1.141621619462966919e-01,-3.136116266250610352e-01
1.158786177635192871e+00,1.732631623744964600e-01,-2.942641377449035645e-01
1.161622166633605957e+00,2.329285889863967896e-01,-2.731896042823791504e-01
1.158212065696716309e+00,2.924969196319580078e-01,-2.507657408714294434e-01
1.148409128189086914e+00,3.512765467166900635e-01,-2.274252772331237793e-01
1.132221460342407227e+00,4.085741937160491943e-01,-2.036394774913787842e-01
1.109816074371337891e+00,4.637264907360076904e-01,-1.798983663320541382e-01
1.081509113311767578e+00,5.161271095275878906e-01,-1.566897183656692505e-01
1.047754645347595215e+00,5.652540326118469238e-01,-1.344778835773468018e-01
1.009117484092712402e+00,6.106884479522705078e-01,-1.136844903230667114e-01
9.662458300590515137e-01,6.521275639533996582e-01,-9.467186778783798218e-02
9.198380112648010254e-01,6.893893480300903320e-01,-7.773152738809585571e-02
8.706084489822387695e-01,7.224091291427612305e-01,-6.307627260684967041e-02
8.192581534385681152e-01,7.512297630310058594e-01,-5.083871260285377502e-02
7.664452195167541504e-01,7.759841084480285645e-01,-4.107391834259033203e-02
7.127658724784851074e-01,7.968766093254089355e-01,-3.376640379428863525e-02
6.587375998497009277e-01,8.141593933105468750e-01,-2.884037420153617859e-02
6.047949790954589844e-01,8.281133174896240234e-01,-2.617201209068298340e-02
5.512856245040893555e-01,8.390259742736816406e-01,-2.560253813862800598e-02
4.984768629074096680e-01,8.471772670745849609e-01,-2.695074677467346191e-02
4.465649724006652832e-01,8.528292179107666016e-01,-3.002485632896423340e-02
3.956836462020874023e-01,8.562143445014953613e-01,-3.463193029165267944e-02
3.459196686744689941e-01,8.575382232666015625e-01,-4.058541357517242432e-02
2.973218262195587158e-01,8.569761514663696289e-01,-4.771041125059127808e-02
2.499122619628906250e-01,8.546769022941589355e-01,-5.584675073623657227e-02
2.036951184272766113e-01,8.507686853408813477e-01,-6.485045701265335083e-02
1.586626023054122925e-01,8.453641533851623535e-01,-7.459347695112228394e-02
1.147984713315963745e-01,8.385639190673828125e-01,-8.496329933404922485e-02
7.208120077848434448e-02,8.304644227027893066e-01,-9.586083889007568359e-02
3.048346377909183502e-02,8.211601376533508301e-01,-1.071994230151176453e-01
-1.002817414700984955e-02,8.107430934906005859e-01,-1.189029589295387268e-01
-4.949429258704185486e-02,7.993093132972717285e-01,-1.309044510126113892e-01
-8.796443790197372437e-02,7.869544029235839844e-01,-1.431450545787811279e-01
-1.254985779523849487e-01,7.737737298011779785e-01,-1.555725634098052979e-01
-1.621683835983276367e-01,7.598605751991271973e-01,-1.681413650512695312e-01
-1.980573087930679321e-01,7.453019618988037109e-01,-1.808108389377593994e-01
-2.332614362239837646e-01,7.301770448684692383e-01,-1.935448944568634033e-01
-2.678882777690887451e-01,7.145532369613647461e-01,-2.063109874725341797e-01
-3.020547628402709961e-01,6.984813809394836426e-01,-2.190786600112915039e-01
-3.358859419822692871e-01,6.819949746131896973e-01,-2.318191230297088623e-01
-3.695112764835357666e-01,6.651062965393066406e-01,-2.445022016763687134e-01
-4.030623733997344971e-01,6.478046774864196777e-01,-2.570962905883789062e-01
-4.366685748100280762e-01,6.300559639930725098e-01,-2.695649564266204834e-01
-4.704548120498657227e-01,6.118019223213195801e-01,-2.818661630153656006e-01
-5.045357346534729004e-01,5.929594635963439941e-01,-2.939491569995880127e-01
-5.390136241912841797e-01,5.734224319458007812e-01,-3.057525455951690674e-01
-5.739746093750000000e-01,5.530624985694885254e-01,-3.172031641006469727e-01
-6.094828248023986816e-01,5.317301154136657715e-01,-3.282128572463989258e-01
-6.455779671669006348e-01,5.092563629150390625e-01,-3.386778533458709717e-01
-6.822680830955505371e-01,4.854557514190673828e-01,-3.484770655632019043e-01
-7.195261120796203613e-01,4.601282775402069092e-01,-3.574720621109008789e-01
-7.572811841964721680e-01,4.330634176731109619e-01,-3.655061125755310059e-01
-7.954133749008178711e-01,4.040449559688568115e-01,-3.724064826965332031e-01
-8.337472081184387207e-01,3.728568255901336670e-01,-3.779857754707336426e-01
-8.720438480377197266e-01,3.392918407917022705e-01,-3.820467293262481689e-01
-9.099975228309631348e-01,3.031603991985321045e-01,-3.843872249126434326e-01
-9.472326636314392090e-01,2.643035948276519775e-01,-3.848077654838562012e-01
-9.833021163940429688e-01,2.226051092147827148e-01,-3.831207752227783203e-01
-1.017693996429443359e+00,1.780050843954086304e-01,-3.791608810424804688e-01
-1.049838900566101074e+00,1.305153220891952515e-01,-3.727976083755493164e-01
-1.079125165939331055e+00,8.023007214069366455e-02,-3.639457821846008301e-01
-1.104915142059326172e+00,2.733789943158626556e-02,-3.525787591934204102e-01
-1.126573324203491211e+00,-2.787369489669799805e-02,-3.387375473976135254e-01
-1.143489599227905273e+00,-8.501559495925903320e-02,-3.225379884243011475e-01
-1.155110836029052734e+00,-1.436025947332382202e-01,-3.041748404502868652e-01
-1.160970330238342285e+00,-2.030657976865768433e-01,-2.839205861091613770e-01
-1.160710453987121582e+00,-2.627676725387573242e-01,-2.621204853057861328e-01
-1.154112815856933594e+00,-3.220290243625640869e-01,-2.391812801361083984e-01
-1.141107082366943359e+00,-3.801531493663787842e-01,-2.155576348304748535e-01
-1.121779561042785645e+00,-4.364581108093261719e-01,-1.917324960231781006e-01
-1.096374511718750000e+00,-4.903056025505065918e-01,-1.681975722312927246e-01
-1.065279603004455566e+00,-5.411284565925598145e-01,-1.454316526651382446e-01
-1.029007315635681152e+00,-5.884546041488647461e-01,-1.238796114921569824e-01
-9.881682395935058594e-01,-6.319215893745422363e-01,-1.039356142282485962e-01
-9.434392452239990234e-01,-6.712872982025146484e-01,-8.592747151851654053e-02
-8.955313563346862793e-01,-7.064293026924133301e-01,-7.010805606842041016e-02
-8.451558947563171387e-01,-7.373378872871398926e-01,-5.665009096264839172e-02
-7.929952740669250488e-01,-7.641037106513977051e-01,-4.564663767814636230e-02
-7.396795749664306641e-01,-7.868981957435607910e-01,-3.711646050214767456e-02
-6.857664585113525391e-01,-8.059520721435546875e-01,-3.101244941353797913e-02
-6.317317485809326172e-01,-8.215345144271850586e-01,-2.723328396677970886e-02
-5.779675841331481934e-01,-8.339319229125976562e-01,-2.563590183854103088e-02
-5.247799158096313477e-01,-8.434298038482666016e-01,-2.604880928993225098e-02
-4.723988473415374756e-01,-8.503004312515258789e-01,-2.828420698642730713e-02
-4.209887981414794922e-01,-8.547912836074829102e-01,-3.214868158102035522e-02
-3.706583082675933838e-01,-8.571224212646484375e-01,-3.745158761739730835e-02
-3.214732408523559570e-01,-8.574829101562500000e-01,-4.401180893182754517e-02
-2.734677791595458984e-01,-8.560351729393005371e-01,-5.166155844926834106e-02
-2.266547530889511108e-01,-8.529161214828491211e-01,-6.024855375289916992e-02
-1.810315996408462524e-01,-8.482463359832763672e-01,-6.963693350553512573e-02
-1.365854442119598389e-01,-8.421319127082824707e-01,-7.970652729272842407e-02
-9.329804033041000366e-02,-8.346707224845886230e-01,-9.035180509090423584e-02
-5.114440992474555969e-02,-8.259570598602294922e-01,-1.014799475669860840e-01
-1.009439490735530853e-02,-8.160847425460815430e-01,-1.130099222064018250e-01
2.988918311893939972e-02,-8.051476478576660156e-01,-1.248703226447105408e-01
6.885041296482086182e-02,-7.932412028312683105e-01,-1.369982361793518066e-01
1.068442761898040771e-01,-7.804616093635559082e-01,-1.493383646011352539e-01
1.439367383718490601e-01,-7.669030427932739258e-01,-1.618421375751495361e-01
1.802047342061996460e-01,-7.526567578315734863e-01,-1.744659245014190674e-01
2.157384008169174194e-01,-7.378056645393371582e-01,-1.871719211339950562e-01
2.506397068500518799e-01,-7.224238514900207520e-01,-1.999258995056152344e-01
2.850214540958404541e-01,-7.065706253051757812e-01,-2.126965224742889404e-01
3.190042376518249512e-01,-6.902887821197509766e-01,-2.254541814327239990e-01
3.527159690856933594e-01,-6.736009716987609863e-01,-2.381696701049804688e-01
3.862879872322082520e-01,-6.565085053443908691e-01,-2.508125305175781250e-01
4.198507070541381836e-01,-6.389892697334289551e-01,-2.633487880229949951e-01
4.535317122936248779e-01,-6.209967136383056641e-01,-2.757394909858703613e-01
4.874517321586608887e-01,-6.024601459503173828e-01,-2.879385650157928467e-01
5.217193365097045898e-01,-5.832852721214294434e-01,-2.998901009559631348e-01
5.564292073249816895e-01,-5.633543133735656738e-01,-3.115271031856536865e-01
5.916571617126464844e-01,-5.425281524658203125e-01,-3.227691650390625000e-01
6.274558901786804199e-01,-5.206469893455505371e-01,-3.335206806659698486e-01
6.638494729995727539e-01,-4.975340366363525391e-01,-3.436690270900726318e-01
7.008295655250549316e-01,-4.729959070682525635e-01,-3.530845940113067627e-01
7.383478879928588867e-01,-4.468263387680053711e-01,-3.616196811199188232e-01
7.763097286224365234e-01,-4.188119173049926758e-01,-3.691093325614929199e-01
8.145684003829956055e-01,-3.887353539466857910e-01,-3.753733038902282715e-01
8.529174923896789551e-01,-3.563839197158813477e-01,-3.802186250686645508e-01
8.910857439041137695e-01,-3.215576410293579102e-01,-3.834447264671325684e-01
9.287312030792236328e-01,-2.840811610221862793e-01,-3.848496675491333008e-01
9.654434323310852051e-01,-2.438149005174636841e-01,-3.842387497425079346e-01
1.000742197036743164e+00,-2.006686776876449585e-01,-3.814340531826019287e-01
1.034084796905517578e+00,-1.546175330877304077e-01,-3.762862086296081543e-01
1.064878940582275391e+00,-1.057126745581626892e-01,-3.686857819557189941e-01
1.092497110366821289e+00,-5.409441143274307251e-02,-3.585757613182067871e-01
1.116300106048583984e+00,1.951801067434644210e-07,-3.459619879722595215e-01
1.133537054061889648e+00,0.000000000000000000e+00,-3.538981676101684570e-01
1.151642799377441406e+00,5.702279135584831238e-02,-3.403475880622863770e-01
1.165032982826232910e+00,1.156551465392112732e-01,-3.246820867061614990e-01
1.173227071762084961e+00,1.754224002361297607e-01,-3.070974647998809814e-01
1.175830006599426270e+00,2.357775568962097168e-01,-2.878550291061401367e-01
1.172552824020385742e+00,2.961185872554779053e-01,-2.672761380672454834e-01
1.163231015205383301e+00,3.558102548122406006e-01,-2.457319200038909912e-01
1.147835731506347656e+00,4.142087996006011963e-01,-2.236306369304656982e-01
1.126478552818298340e+00,4.706887602806091309e-01,-2.014012932777404785e-01
1.099407196044921875e+00,5.246686339378356934e-01,-1.794771254062652588e-01
1.066993474960327148e+00,5.756332278251647949e-01,-1.582775264978408813e-01
1.029716253280639648e+00,6.231542229652404785e-01,-1.381920576095581055e-01
9.881369471549987793e-01,6.669020652770996094e-01,-1.195656731724739075e-01
9.428743720054626465e-01,7.066543698310852051e-01,-1.026876419782638550e-01
8.945742845535278320e-01,7.422953844070434570e-01,-8.778363466262817383e-02
8.438832163810729980e-01,7.738100886344909668e-01,-7.501218467950820923e-02
7.914240360260009766e-01,8.012738227844238281e-01,-6.446503847837448120e-02
7.377743124961853027e-01,8.248361349105834961e-01,-5.617071315646171570e-02
6.834501028060913086e-01,8.447024822235107422e-01,-5.010143667459487915e-02
6.289005279541015625e-01,8.611196875572204590e-01,-4.618194699287414551e-02
5.744969844818115234e-01,8.743523359298706055e-01,-4.429939389228820801e-02
5.205386281013488770e-01,8.846718668937683105e-01,-4.431385174393653870e-02
4.672549068927764893e-01,8.923419117927551270e-01,-4.606828466057777405e-02
4.148133695125579834e-01,8.976088762283325195e-01,-4.939731955528259277e-02
3.633288443088531494e-01,9.006958007812500000e-01,-5.413492769002914429e-02
3.128724396228790283e-01,9.017978906631469727e-01,-6.012013554573059082e-02
2.634826004505157471e-01,9.010861515998840332e-01,-6.720141321420669556e-02
2.151717841625213623e-01,8.987029790878295898e-01,-7.523878663778305054e-02
1.679353713989257812e-01,8.947700262069702148e-01,-8.410559594631195068e-02
1.217563822865486145e-01,8.893890976905822754e-01,-9.368857741355895996e-02
7.661047577857971191e-02,8.826472163200378418e-01,-1.038869395852088928e-01
3.246802464127540588e-02,8.746200203895568848e-01,-1.146115437150001526e-01
-1.070390455424785614e-02,8.653735518455505371e-01,-1.257837116718292236e-01
-5.294083431363105774e-02,8.549693226814270020e-01,-1.373334228992462158e-01
-9.428106248378753662e-02,8.434646129608154297e-01,-1.491977572441101074e-01
-1.347661018371582031e-01,8.309135437011718750e-01,-1.613203436136245728e-01
-1.744416952133178711e-01,8.173688054084777832e-01,-1.736494898796081543e-01
-2.133581191301345825e-01,8.028798699378967285e-01,-1.861375868320465088e-01
-2.515719234943389893e-01,7.874942421913146973e-01,-1.987394690513610840e-01
-2.891460657119750977e-01,7.712553739547729492e-01,-2.114126682281494141e-01
-3.261502683162689209e-01,7.542006373405456543e-01,-2.241159826517105103e-01
-3.626615107059478760e-01,7.363610863685607910e-01,-2.368081510066986084e-01
-3.987625241279602051e-01,7.177575230598449707e-01,-2.494476884603500366e-01
-4.345423877239227295e-01,6.983995437622070312e-01,-2.619913220405578613e-01
-4.700930714607238770e-01,6.782831549644470215e-01,-2.743931710720062256e-01
-5.055089592933654785e-01,6.573880314826965332e-01,-2.866025567054748535e-01
-5.408829450607299805e-01,6.356767416000366211e-01,-2.985634505748748779e-01
-5.763031244277954102e-01,6.130923628807067871e-01,-3.102120161056518555e-01
-6.118498444557189941e-01,5.895578265190124512e-01,-3.214757144451141357e-01
-6.475890278816223145e-01,5.649750232696533203e-01,-3.322710394859313965e-01
-6.835694313049316406e-01,5.392254590988159180e-01,-3.425019979476928711e-01
-7.198135852813720703e-01,5.121705532073974609e-01,-3.520593941211700439e-01
-7.563139200210571289e-01,4.836536347866058350e-01,-3.608192205429077148e-01
-7.930248975753784180e-01,4.535040557384490967e-01,-3.686428964138031006e-01
-8.298552036285400391e-01,4.215402901172637939e-01,-3.753778934478759766e-01
-8.666620254516601562e-01,3.875765204429626465e-01,-3.808602690696716309e-01
-9.032436013221740723e-01,3.514309525489807129e-01,-3.849162459373474121e-01
-9.393362998962402344e-01,3.129344284534454346e-01,-3.873685896396636963e-01
-9.746097922325134277e-01,2.719425559043884277e-01,-3.880423903465270996e-01
-1.008668422698974609e+00,2.283476740121841431e-01,-3.867723941802978516e-01
-1.041055321693420410e+00,1.820912063121795654e-01,-3.834128379821777344e-01
-1.071258664131164551e+00,1.331782191991806030e-01,-3.778469860553741455e-01
-1.098726868629455566e+00,8.168740570545196533e-02,-3.699980378150939941e-01
-1.122882485389709473e+00,2.778244949877262115e-02,-3.598380088806152344e-01
-1.143146753311157227e+00,-2.828375622630119324e-02,-3.473967611789703369e-01
-1.158959388732910156e+00,-8.616573363542556763e-02,-3.327684700489044189e-01
-1.169806361198425293e+00,-1.454295367002487183e-01,-3.161148130893707275e-01
-1.175248384475708008e+00,-2.055631875991821289e-01,-2.976646423339843750e-01
-1.174939870834350586e+00,-2.659890055656433105e-01,-2.777104377746582031e-01
-1.168652653694152832e+00,-3.260860443115234375e-01,-2.565998435020446777e-01
-1.156289100646972656e+00,-3.852109313011169434e-01,-2.347244024276733398e-01
-1.137890100479125977e+00,-4.427263140678405762e-01,-2.125047743320465088e-01
-1.113636732101440430e+00,-4.980253875255584717e-01,-1.903742849826812744e-01
-1.083840608596801758e+00,-5.505568385124206543e-01,-1.687615066766738892e-01
-1.048928976058959961e+00,-5.998471379280090332e-01,-1.480727493762969971e-01
-1.009426712989807129e+00,-6.455160379409790039e-01,-1.286770105361938477e-01
-9.659256935119628906e-01,-6.872872114181518555e-01,-1.108924522995948792e-01
-9.190631508827209473e-01,-7.249920368194580078e-01,-9.497734904289245605e-02
-8.694879412651062012e-01,-7.585658431053161621e-01,-8.112411201000213623e-02
-8.178372979164123535e-01,-7.880406379699707031e-01,-6.945736706256866455e-02
-7.647141218185424805e-01,-8.135308623313903809e-01,-6.003677845001220703e-02
-7.106669545173645020e-01,-8.352165222167968750e-01,-5.286166071891784668e-02
-6.561784744262695312e-01,-8.533262014389038086e-01,-4.787924885749816895e-02
-6.016599535942077637e-01,-8.681169152259826660e-01,-4.499427229166030884e-02
-5.474463701248168945e-01,-8.798594474792480469e-01,-4.407900199294090271e-02
-4.938003718852996826e-01,-8.888223767280578613e-01,-4.498382657766342163e-02
-4.409204721450805664e-01,-8.952613472938537598e-01,-4.754643887281417847e-02
-3.889462053775787354e-01,-8.994119167327880859e-01,-5.160032212734222412e-02
-3.379693925380706787e-01,-9.014840126037597656e-01,-5.698129534721374512e-02
-2.880429327487945557e-01,-9.016596674919128418e-01,-6.353285163640975952e-02
-2.391921430826187134e-01,-9.000951647758483887e-01,-7.110880315303802490e-02
-1.914201229810714722e-01,-8.969230651855468750e-01,-7.957595586776733398e-02
-1.447148174047470093e-01,-8.922544717788696289e-01,-8.881420642137527466e-02
-9.905602782964706421e-02,-8.861832618713378906e-01,-9.871666878461837769e-02
-5.441589653491973877e-02,-8.787899613380432129e-01,-1.091886088252067566e-01
-1.076308451592922211e-02,-8.701451420783996582e-01,-1.201462745666503906e-01
3.193705528974533081e-02,-8.603127002716064453e-01,-1.315154731273651123e-01
7.372054457664489746e-02,-8.493510484695434570e-01,-1.432298719882965088e-01
1.146276518702507019e-01,-8.373165726661682129e-01,-1.552301347255706787e-01
1.547022461891174316e-01,-8.242623209953308105e-01,-1.674622595310211182e-01
1.939914673566818237e-01,-8.102394342422485352e-01,-1.798765957355499268e-01
2.325489521026611328e-01,-7.952961921691894531e-01,-1.924268752336502075e-01
2.704345583915710449e-01,-7.794789075851440430e-01,-2.050696611404418945e-01
3.077148497104644775e-01,-7.628276348114013672e-01,-2.177632153034210205e-01
3.444623947143554688e-01,-7.453773021697998047e-01,-2.304659783840179443e-01
3.807576596736907959e-01,-7.271537780761718750e-01,-2.431369721889495850e-01
4.166870415210723877e-01,-7.081726193428039551e-01,-2.557344436645507812e-01
4.523404836654663086e-01,-6.884368658065795898e-01,-2.682130932807922363e-01
4.878119230270385742e-01,-6.679347157478332520e-01,-2.805252373218536377e-01
5.231955647468566895e-01,-6.466373205184936523e-01,-2.926178574562072754e-01
5.585820674896240234e-01,-6.244980096817016602e-01,-3.044311106204986572e-01
5.940561890602111816e-01,-6.014495491981506348e-01,-3.158969581127166748e-01
6.296917200088500977e-01,-5.774044394493103027e-01,-3.269375860691070557e-01
6.655473113059997559e-01,-5.522543191909790039e-01,-3.374636173248291016e-01
7.016581892967224121e-01,-5.258705019950866699e-01,-3.473723828792572021e-01
7.380335330963134766e-01,-4.981051683425903320e-01,-3.565473258495330811e-01
7.746480107307434082e-01,-4.687941074371337891e-01,-3.648573160171508789e-01
8.114327788352966309e-01,-4.377604424953460693e-01,-3.721566498279571533e-01
8.482727408409118652e-01,-4.048200547695159912e-01,-3.782864212989807129e-01
8.849956989288330078e-01,-3.697875142097473145e-01,-3.830775618553161621e-01
9.213703274726867676e-01,-3.324861526489257812e-01,-3.863539397716522217e-01
9.570984244346618652e-01,-2.927581667900085449e-01,-3.879385292530059814e-01
9.918178915977478027e-01,-2.504755556583404541e-01,-3.876599371433258057e-01
1.025101780891418457e+00,-2.055532485246658325e-01,-3.853617608547210693e-01
1.056463479995727539e+00,-1.579636186361312866e-01,-3.809114992618560791e-01
1.085370302200317383e+00,-1.077468916773796082e-01,-3.742110133171081543e-01
1.111255168914794922e+00,-5.502320826053619385e-02,-3.652065098285675049e-01
1.133537054061889648e+00,1.981939163897550316e-07,-3.538981378078460693e-01
1.161498546600341797e+00,0.000000000000000000e+00,-3.415935039520263672e-01
1.177128791809082031e+00,5.828471481800079346e-02,-3.291596174240112305e-01
1.188236117362976074e+00,1.179585680365562439e-01,-3.148644566535949707e-01
1.194405198097229004e+00,1.785889714956283569e-01,-2.988854348659515381e-01
1.195294857025146484e+00,2.396806329488754272e-01,-2.814529836177825928e-01
1.190656542778015137e+00,3.006905317306518555e-01,-2.628455460071563721e-01
1.180348992347717285e+00,3.610463142395019531e-01,-2.433810681104660034e-01
1.164346098899841309e+00,4.201667010784149170e-01,-2.234067618846893311e-01
1.142741322517395020e+00,4.774839878082275391e-01,-2.032864093780517578e-01
1.115745663642883301e+00,5.324657559394836426e-01,-1.833874881267547607e-01
1.083676099777221680e+00,5.846333503723144531e-01,-1.640674173831939697e-01
1.046944141387939453e+00,6.335799694061279297e-01,-1.456609070301055908e-01
1.006033420562744141e+00,6.789805293083190918e-01,-1.284689605236053467e-01
9.614844322204589844e-01,7.206020355224609375e-01,-1.127497404813766479e-01
9.138652086257934570e-01,7.583024501800537109e-01,-9.871196746826171875e-02
8.637530803680419922e-01,7.920300364494323730e-01,-8.651167154312133789e-02
8.117139339447021484e-01,8.218162059783935547e-01,-7.625109702348709106e-02
7.582823634147644043e-01,8.477643132209777832e-01,-6.798045337200164795e-02
7.039467692375183105e-01,8.700351119041442871e-01,-6.170202419161796570e-02
6.491423845291137695e-01,8.888358473777770996e-01,-5.737588554620742798e-02
5.942412614822387695e-01,9.044020175933837891e-01,-5.492682382464408875e-02
5.395511984825134277e-01,9.169844388961791992e-01,-5.425187200307846069e-02
4.853173494338989258e-01,9.268367290496826172e-01,-5.522806942462921143e-02
4.317254126071929932e-01,9.342046380043029785e-01,-5.771975964307785034e-02
3.789077997207641602e-01,9.393162131309509277e-01,-6.158523634076118469e-02
3.269513547420501709e-01,9.423778057098388672e-01,-6.668227165937423706e-02
2.759052217006683350e-01,9.435704350471496582e-01,-7.287281006574630737e-02
2.257893979549407959e-01,9.430493116378784180e-01,-8.002611994743347168e-02
1.766008883714675903e-01,9.409404397010803223e-01,-8.802118897438049316e-02
1.283219456672668457e-01,9.373483657836914062e-01,-9.674794226884841919e-02
8.092489093542098999e-02,9.323545694351196289e-01,-1.061073243618011475e-01
3.437618911266326904e-02,9.260219335556030273e-01,-1.160113066434860229e-01
-1.135979685932397842e-02,9.184001684188842773e-01,-1.263820827007293701e-01
-5.631892383098602295e-02,9.095239043235778809e-01,-1.371505856513977051e-01
-1.005356460809707642e-01,8.994198441505432129e-01,-1.482554823160171509e-01
-1.440424472093582153e-01,8.881078362464904785e-01,-1.596418619155883789e-01
-1.868695914745330811e-01,8.756012916564941406e-01,-1.712598502635955811e-01
-2.290449887514114380e-01,8.619105219841003418e-01,-1.830631494522094727e-01
-2.705956697463989258e-01,8.470441699028015137e-01,-1.950081884860992432e-01
-3.115478157997131348e-01,8.310087919235229492e-01,-2.070529162883758545e-01
-3.519281148910522461e-01,8.138101696968078613e-01,-2.191550582647323608e-01
-3.917655348777770996e-01,7.954549193382263184e-01,-2.312724590301513672e-01
-4.310913980007171631e-01,7.759482264518737793e-01,-2.433604598045349121e-01
-4.699423313140869141e-01,7.552946209907531738e-01,-2.553719282150268555e-01
-5.083584189414978027e-01,7.334950566291809082e-01,-2.672555446624755859e-01
-5.463858246803283691e-01,7.105462551116943359e-01,-2.789550423622131348e-01
-5.840741991996765137e-01,6.864376068115234375e-01,-2.904078960418701172e-01
-6.214753389358520508e-01,6.611482501029968262e-01,-3.015443980693817139e-01
-6.586402654647827148e-01,6.346434950828552246e-01,-3.122865557670593262e-01
-6.956137418746948242e-01,6.068731546401977539e-01,-3.225473463535308838e-01
-7.324314713478088379e-01,5.777696967124938965e-01,-3.322293758392333984e-01
-7.691099047660827637e-01,5.472465157508850098e-01,-3.412247300148010254e-01
-8.056426048278808594e-01,5.151987075805664062e-01,-3.494149744510650635e-01
-8.419901728630065918e-01,4.815056324005126953e-01,-3.566708862781524658e-01
-8.780738711357116699e-01,4.460338652133941650e-01,-3.628534078598022461e-01
-9.137687087059020996e-01,4.086429178714752197e-01,-3.678168952465057373e-01
-9.488958716392517090e-01,3.691931962966918945e-01,-3.714104294776916504e-01
-9.832212924957275391e-01,3.275544345378875732e-01,-3.734830319881439209e-01
-1.016451120376586914e+00,2.836174368858337402e-01,-3.738889992237091064e-01
-1.048232555389404297e+00,2.373044043779373169e-01,-3.724941611289978027e-01
-1.078159570693969727e+00,1.885811388492584229e-01,-3.691838383674621582e-01
-1.105779528617858887e+00,1.374698430299758911e-01,-3.638709187507629395e-01
-1.130606055259704590e+00,8.405753225088119507e-02,-3.565033674240112305e-01
-1.152131915092468262e+00,2.850614115595817566e-02,-3.470723628997802734e-01
-1.169850587844848633e+00,-2.894446253776550293e-02,-3.356181383132934570e-01
-1.183275341987609863e+00,-8.797356486320495605e-02,-3.222348690032958984e-01
-1.191961050033569336e+00,-1.481837928295135498e-01,-3.070722520351409912e-01
-1.195527791976928711e+00,-2.091102600097656250e-01,-2.903345227241516113e-01
-1.193678498268127441e+00,-2.702311277389526367e-01,-2.722770869731903076e-01
-1.186216115951538086e+00,-3.309866786003112793e-01,-2.531992197036743164e-01
-1.173056483268737793e+00,-3.907968699932098389e-01,-2.334351837635040283e-01
-1.154233217239379883e+00,-4.490850567817687988e-01,-2.133417427539825439e-01
-1.129899978637695312e+00,-5.052983760833740234e-01,-1.932864785194396973e-01
-1.100321412086486816e+00,-5.589286088943481445e-01,-1.736335456371307373e-01
-1.065864086151123047e+00,-6.095317006111145020e-01,-1.547302007675170898e-01
-1.026978492736816406e+00,-6.567402482032775879e-01,-1.368959248065948486e-01
-9.841790199279785156e-01,-7.002750039100646973e-01,-1.204109936952590942e-01
-9.380222558975219727e-01,-7.399477362632751465e-01,-1.055096238851547241e-01
-8.890849947929382324e-01,-7.756628394126892090e-01,-9.237453341484069824e-02
-8.379402756690979004e-01,-8.074111938476562500e-01,-8.113460987806320190e-02
-7.851402759552001953e-01,-8.352609276771545410e-01,-7.186583429574966431e-02
-7.311990261077880859e-01,-8.593470454216003418e-01,-6.459382176399230957e-02
-6.765784025192260742e-01,-8.798552751541137695e-01,-5.929887294769287109e-02
-6.216830611228942871e-01,-8.970075845718383789e-01,-5.592259764671325684e-02
-5.668532252311706543e-01,-9.110503196716308594e-01,-5.437488481402397156e-02
-5.123638510704040527e-01,-9.222359657287597656e-01,-5.454184114933013916e-02
-4.584315419197082520e-01,-9.308164715766906738e-01,-5.629328265786170959e-02
-4.052133262157440186e-01,-9.370285272598266602e-01,-5.948972329497337341e-02
-3.528182208538055420e-01,-9.410910606384277344e-01,-6.398858129978179932e-02
-3.013126254081726074e-01,-9.431977868080139160e-01,-6.964924186468124390e-02
-2.507308125495910645e-01,-9.435158371925354004e-01,-7.633686810731887817e-02
-2.010801136493682861e-01,-9.421861767768859863e-01,-8.392554521560668945e-02
-1.523490697145462036e-01,-9.393242001533508301e-01,-9.229960292577743530e-02
-1.045151650905609131e-01,-9.350222349166870117e-01,-1.013542562723159790e-01
-5.754679068922996521e-02,-9.293524026870727539e-01,-1.109963208436965942e-01
-1.140906848013401031e-02,-9.223699569702148438e-01,-1.211428493261337280e-01
3.393441066145896912e-02,-9.141170382499694824e-01,-1.317207068204879761e-01
7.851803302764892578e-02,-9.046239852905273438e-01,-1.426645368337631226e-01
1.223757639527320862e-01,-8.939139246940612793e-01,-1.539166867733001709e-01
1.655393838882446289e-01,-8.820031881332397461e-01,-1.654250025749206543e-01
2.080370932817459106e-01,-8.689034581184387207e-01,-1.771411001682281494e-01
2.498966902494430542e-01,-8.546238541603088379e-01,-1.890206336975097656e-01
2.911446988582611084e-01,-8.391721844673156738e-01,-2.010205388069152832e-01
3.318077027797698975e-01,-8.225541114807128906e-01,-2.130994498729705811e-01
3.719127774238586426e-01,-8.047767877578735352e-01,-2.252146452665328979e-01
4.114900529384613037e-01,-7.858451604843139648e-01,-2.373230755329132080e-01
4.505739510059356689e-01,-7.657645344734191895e-01,-2.493789792060852051e-01
4.892019033432006836e-01,-7.445378899574279785e-01,-2.613331675529479980e-01
5.274176597595214844e-01,-7.221646904945373535e-01,-2.731320261955261230e-01
5.652693510055541992e-01,-6.986379027366638184e-01,-2.847163975238800049e-01
6.028075814247131348e-01,-6.739423871040344238e-01,-2.960204184055328369e-01
6.400843262672424316e-01,-6.480506062507629395e-01,-3.069700002670288086e-01
6.771482229232788086e-01,-6.209203600883483887e-01,-3.174829781055450439e-01
7.140408158302307129e-01,-5.924929976463317871e-01,-3.274671435356140137e-01
7.507877349853515625e-01,-5.626915097236633301e-01,-3.368201255798339844e-01
7.873960733413696289e-01,-5.314204096794128418e-01,-3.454282879829406738e-01
8.238437175750732422e-01,-4.985659122467041016e-01,-3.531681299209594727e-01
8.600717782974243164e-01,-4.640007317066192627e-01,-3.599052131175994873e-01
8.959795832633972168e-01,-4.275871217250823975e-01,-3.654969930648803711e-01
9.314162135124206543e-01,-3.891839385032653809e-01,-3.697943985462188721e-01
9.661759138107299805e-01,-3.486547172069549561e-01,-3.726461827754974365e-01
9.999939799308776855e-01,-3.058790862560272217e-01,-3.739031553268432617e-01
1.032546877861022949e+00,-2.607613205909729004e-01,-3.734243810176849365e-01
1.063455104827880859e+00,-2.132438570261001587e-01,-3.710846304893493652e-01
1.092287898063659668e+00,-1.633201241493225098e-01,-3.667819797992706299e-01
1.118573546409606934e+00,-1.110430434346199036e-01,-3.604456782341003418e-01
1.141813397407531738e+00,-5.653628334403038025e-02,-3.520444631576538086e-01
1.161498427391052246e+00,2.030828341048618313e-07,-3.415934741497039795e-01
1.196966409683227539e+00,0.000000000000000000e+00,-3.085043430328369141e-01
1.209281921386718750e+00,5.987675115466117859e-02,-2.970319688320159912e-01
1.217167258262634277e+00,1.208306252956390381e-01,-2.840124964714050293e-01
1.220294833183288574e+00,1.824600249528884888e-01,-2.696139812469482422e-01
1.218400478363037109e+00,2.443137913942337036e-01,-2.540448904037475586e-01
1.211302280426025391e+00,3.059044480323791504e-01,-2.375484853982925415e-01
1.198908090591430664e+00,3.667232096195220947e-01,-2.203964293003082275e-01
1.181221485137939453e+00,4.262563884258270264e-01,-2.028797864913940430e-01
1.158346652984619141e+00,4.840045869350433350e-01,-1.852995902299880981e-01
1.130481600761413574e+00,5.394982099533081055e-01,-1.679569482803344727e-01
1.097911238670349121e+00,5.923131108283996582e-01,-1.511430144309997559e-01
1.060998558998107910e+00,6.420853137969970703e-01,-1.351299434900283813e-01
1.020166277885437012e+00,6.885189414024353027e-01,-1.201629489660263062e-01
9.758821725845336914e-01,7.313926815986633301e-01,-1.064539179205894470e-01
9.286416769027709961e-01,7.705636024475097656e-01,-9.417675435543060303e-02
8.789499998092651367e-01,8.059650063514709473e-01,-8.346471190452575684e-02
8.273053765296936035e-01,8.376016616821289062e-01,-7.440949976444244385e-02
7.741848230361938477e-01,8.655433058738708496e-01,-6.706207990646362305e-02
7.200320959091186523e-01,8.899156451225280762e-01,-6.143525242805480957e-02
6.652476787567138672e-01,9.108879566192626953e-01,-5.750716850161552429e-02
6.101814508438110352e-01,9.286620616912841797e-01,-5.522590875625610352e-02
5.551304817199707031e-01,9.434618949890136719e-01,-5.451486632227897644e-02
5.003359913825988770e-01,9.555186033248901367e-01,-5.527830496430397034e-02
4.459859430789947510e-01,9.650627970695495605e-01,-5.740685015916824341e-02
3.922189474105834961e-01,9.723146557807922363e-01,-6.078286468982696533e-02
3.391288220882415771e-01,9.774771332740783691e-01,-6.528536230325698853e-02
2.867711186408996582e-01,9.807308316230773926e-01,-7.079404592514038086e-02
2.351703196763992310e-01,9.822304248809814453e-01,-7.719260454177856445e-02
1.843266189098358154e-01,9.821035861968994141e-01,-8.437143266201019287e-02
1.342230439186096191e-01,9.804539084434509277e-01,-9.222926944494247437e-02
8.483102172613143921e-02,9.773580431938171387e-01,-1.006737127900123596e-01
3.611538931727409363e-02,9.728723168373107910e-01,-1.096221432089805603e-01
-1.196135021746158600e-02,9.670336842536926270e-01,-1.190008893609046936e-01
-5.943596363067626953e-02,9.598625898361206055e-01,-1.287448704242706299e-01
-1.063420996069908142e-01,9.513660669326782227e-01,-1.387966871261596680e-01
-1.527086347341537476e-01,9.415400028228759766e-01,-1.491054892539978027e-01
-1.985583752393722534e-01,9.303705096244812012e-01,-1.596260070800781250e-01
-2.439072430133819580e-01,9.178380966186523438e-01,-1.703170537948608398e-01
-2.887643575668334961e-01,9.039175510406494141e-01,-1.811408400535583496e-01
-3.331321179866790771e-01,8.885818123817443848e-01,-1.920611560344696045e-01
-3.770065605640411377e-01,8.718023896217346191e-01,-2.030419856309890747e-01
-4.203796088695526123e-01,8.535539507865905762e-01,-2.140467166900634766e-01
-4.632393717765808105e-01,8.338133692741394043e-01,-2.250356078147888184e-01
-5.055741071701049805e-01,8.125622868537902832e-01,-2.359655797481536865e-01
-5.473722219467163086e-01,7.897868752479553223e-01,-2.467874139547348022e-01
-5.886261463165283203e-01,7.654775381088256836e-01,-2.574454843997955322e-01
-6.293315887451171875e-01,7.396267056465148926e-01,-2.678759992122650146e-01
-6.694881319999694824e-01,7.122259736061096191e-01,-2.780068516731262207e-01
-7.090986967086791992e-01,6.832634806632995605e-01,-2.877562940120697021e-01
-7.481646537780761719e-01,6.527200937271118164e-01,-2.970334887504577637e-01
-7.866829037666320801e-01,6.205652952194213867e-01,-3.057381510734558105e-01
-8.246392011642456055e-01,5.867574214935302734e-01,-3.137612938880920410e-01
-8.620026111602783203e-01,5.512402653694152832e-01,-3.209862112998962402e-01
-8.987158536911010742e-01,5.139451026916503906e-01,-3.272895216941833496e-01
-9.346904754638671875e-01,4.747933149337768555e-01,-3.325433433055877686e-01
-9.697993397712707520e-01,4.337001740932464600e-01,-3.366176486015319824e-01
-1.003870487213134766e+00,3.905825018882751465e-01,-3.393838107585906982e-01
-1.036685705184936523e+00,3.453658223152160645e-01,-3.407175838947296143e-01
-1.067977190017700195e+00,2.979945838451385498e-01,-3.405048251152038574e-01
-1.097430109977722168e+00,2.484419941902160645e-01,-3.386464118957519531e-01
-1.124688029289245605e+00,1.967194229364395142e-01,-3.350637257099151611e-01
-1.149357795715332031e+00,1.428874582052230835e-01,-3.297049999237060547e-01
-1.171025633811950684e+00,8.706262707710266113e-02,-3.225509524345397949e-01
-1.189264655113220215e+00,2.942488156259059906e-02,-3.136196732521057129e-01
-1.203654885292053223e+00,-2.978084795176982880e-02,-3.029704093933105469e-01
-1.213800430297851562e+00,-9.024303406476974487e-02,-2.907060384750366211e-01
-1.219344019889831543e+00,-1.515880227088928223e-01,-2.769735455513000488e-01
-1.219988942146301270e+00,-2.133887857198715210e-01,-2.619613111019134521e-01
-1.215509891510009766e+00,-2.751734554767608643e-01,-2.458962053060531616e-01
-1.205769300460815430e+00,-3.364425897598266602e-01,-2.290365695953369141e-01
-1.190721988677978516e+00,-3.966820240020751953e-01,-2.116650342941284180e-01
-1.170422673225402832e+00,-4.553840160369873047e-01,-1.940787136554718018e-01
-1.145021557807922363e+00,-5.120608806610107422e-01,-1.765799969434738159e-01
-1.114763259887695312e+00,-5.662645697593688965e-01,-1.594663262367248535e-01
-1.079972863197326660e+00,-6.176000833511352539e-01,-1.430203020572662354e-01
-1.041044354438781738e+00,-6.657351851463317871e-01,-1.275016069412231445e-01
-9.984254240989685059e-01,-7.104117870330810547e-01,-1.131393909454345703e-01
-9.525998830795288086e-01,-7.514471411705017090e-01,-1.001270562410354614e-01
-9.040710330009460449e-01,-7.887370586395263672e-01,-8.861843496561050415e-02
-8.533410429954528809e-01,-8.222507834434509277e-01,-7.872589677572250366e-02
-8.009008169174194336e-01,-8.520275950431823730e-01,-7.052066922187805176e-02
-7.472115159034729004e-01,-8.781658411026000977e-01,-6.403423100709915161e-02
-6.926955580711364746e-01,-9.008147716522216797e-01,-5.926146358251571655e-02
-6.377298831939697266e-01,-9.201611280441284180e-01,-5.616495013236999512e-02
-5.826378464698791504e-01,-9.364194273948669434e-01,-5.467972159385681152e-02
-5.276879668235778809e-01,-9.498187899589538574e-01,-5.471887066960334778e-02
-4.730955064296722412e-01,-9.605907201766967773e-01,-5.617916956543922424e-02
-4.190228879451751709e-01,-9.689621925354003906e-01,-5.894646048545837402e-02
-3.655852377414703369e-01,-9.751452207565307617e-01,-6.290088593959808350e-02
-3.128562271595001221e-01,-9.793326258659362793e-01,-6.792135536670684814e-02
-2.608755826950073242e-01,-9.816913008689880371e-01,-7.388913631439208984e-02
-2.096546888351440430e-01,-9.823634028434753418e-01,-8.069098740816116333e-02
-1.591836959123611450e-01,-9.814637899398803711e-01,-8.822152018547058105e-02
-1.094401776790618896e-01,-9.790828227996826172e-01,-9.638352692127227783e-02
-6.039105728268623352e-02,-9.752859473228454590e-01,-1.050897538661956787e-01
-1.199970766901969910e-02,-9.701203107833862305e-01,-1.142619550228118896e-01
3.577186539769172668e-02,-9.636139869689941406e-01,-1.238310262560844421e-01
8.295819163322448730e-02,-9.557800889015197754e-01,-1.337356269359588623e-01
1.295911818742752075e-01,-9.466201066970825195e-01,-1.439218670129776001e-01
1.756971329450607300e-01,-9.361242651939392090e-01,-1.543419659137725830e-01
2.212947309017181396e-01,-9.242762923240661621e-01,-1.649526059627532959e-01
2.663969099521636963e-01,-9.110530614852905273e-01,-1.757146865129470825e-01
3.110092878341674805e-01,-8.964282870292663574e-01,-1.865911185741424561e-01
3.551315069198608398e-01,-8.803739547729492188e-01,-1.975463032722473145e-01
3.987564444541931152e-01,-8.628634214401245117e-01,-2.085437029600143433e-01
4.418742954730987549e-01,-8.438715934753417969e-01,-2.195457220077514648e-01
4.844732582569122314e-01,-8.233774304389953613e-01,-2.305110394954681396e-01
5.265408158302307129e-01,-8.013656139373779297e-01,-2.413933277130126953e-01
5.680675506591796875e-01,-7.778244614601135254e-01,-2.521406710147857666e-01
6.090477108955383301e-01,-7.527452111244201660e-01,-2.626935839653015137e-01
6.494783759117126465e-01,-7.261206507682800293e-01,-2.729837894439697266e-01
6.893615126609802246e-01,-6.979410052299499512e-01,-2.829347550868988037e-01
7.286995053291320801e-01,-6.681909561157226562e-01,-2.924599945545196533e-01
7.674929499626159668e-01,-6.368462443351745605e-01,-3.014639914035797119e-01
8.057329058647155762e-01,-6.038711667060852051e-01,-3.098421096801757812e-01
8.433979153633117676e-01,-5.692164897918701172e-01,-3.174811899662017822e-01
8.804454207420349121e-01,-5.328195691108703613e-01,-3.242610991001129150e-01
9.168025851249694824e-01,-4.946064949035644531e-01,-3.300557136535644531e-01
9.523628354072570801e-01,-4.544948041439056396e-01,-3.347361087799072266e-01
9.869772195816040039e-01,-4.123995900154113770e-01,-3.381721973419189453e-01
1.020450949668884277e+00,-3.682404160499572754e-01,-3.402371108531951904e-01
1.052540540695190430e+00,-3.219520747661590576e-01,-3.408110737800598145e-01
1.082955002784729004e+00,-2.734915018081665039e-01,-3.397867977619171143e-01
1.111357331275939941e+00,-2.228491902351379395e-01,-3.370744884014129639e-01
1.137371897697448730e+00,-1.700611412525177002e-01,-3.326083421707153320e-01
1.160593628883361816e+00,-1.152144670486450195e-01,-3.263521790504455566e-01
1.180600047111511230e+00,-5.845678597688674927e-02,-3.183048069477081299e-01
1.196966409683227539e+00,2.092842521506099729e-07,-3.085043132305145264e-01
1.234784483909606934e+00,0.000000000000000000e+00,-2.548435926437377930e-01
1.243365287780761719e+00,6.156437098979949951e-02,-2.443147897720336914e-01
1.247536420822143555e+00,1.238454282283782959e-01,-2.325984984636306763e-01
1.247067570686340332e+00,1.864631175994873047e-01,-2.198540270328521729e-01
1.241788744926452637e+00,2.490036040544509888e-01,-2.062683850526809692e-01
1.231596708297729492e+00,3.110296130180358887e-01,-1.920516341924667358e-01
1.216464281082153320e+00,3.720932900905609131e-01,-1.774309873580932617e-01
1.196443557739257812e+00,4.317494034767150879e-01,-1.626440882682800293e-01
1.171662807464599609e+00,4.895685911178588867e-01,-1.479318141937255859e-01
1.142325282096862793e+00,5.451503396034240723e-01,-1.335310190916061401e-01
1.108701944351196289e+00,5.981345176696777344e-01,-1.196676865220069885e-01
1.071120738983154297e+00,6.482109427452087402e-01,-1.065507233142852783e-01
1.029957175254821777e+00,6.951268911361694336e-01,-9.436665475368499756e-02
9.856193065643310547e-01,7.386903762817382812e-01,-8.327563107013702393e-02
9.385361075401306152e-01,7.787737846374511719e-01,-7.340829074382781982e-02
8.891427516937255859e-01,8.153114318847656250e-01,-6.486432254314422607e-02
8.378705978393554688e-01,8.482984304428100586e-01,-5.771187320351600647e-02
7.851337790489196777e-01,8.777843117713928223e-01,-5.198831111192703247e-02
7.313198447227478027e-01,9.038665890693664551e-01,-4.770174995064735413e-02
6.767835021018981934e-01,9.266833066940307617e-01,-4.483366757631301880e-02
6.218384504318237305e-01,9.464034438133239746e-01,-4.334207251667976379e-02
5.667552351951599121e-01,9.632185101509094238e-01,-4.316519945859909058e-02
5.117574930191040039e-01,9.773309230804443359e-01,-4.422560706734657288e-02
4.570238292217254639e-01,9.889475107192993164e-01,-4.643424600362777710e-02
4.026885628700256348e-01,9.982689619064331055e-01,-4.969458654522895813e-02
3.488453328609466553e-01,1.005483269691467285e+00,-5.390650033950805664e-02
2.955522239208221436e-01,1.010761380195617676e+00,-5.896952003240585327e-02
2.428369075059890747e-01,1.014251232147216797e+00,-6.478578597307205200e-02
1.907027512788772583e-01,1.016075968742370605e+00,-7.126209139823913574e-02
1.391349732875823975e-01,1.016333818435668945e+00,-7.831150293350219727e-02
8.810684829950332642e-02,1.015099525451660156e+00,-8.585419505834579468e-02
3.758358955383300781e-02,1.012422442436218262e+00,-9.381777048110961914e-02
-1.247218344360589981e-02,1.008332729339599609e+00,-1.021373346447944641e-01
-6.209727004170417786e-02,1.002841472625732422e+00,-1.107548549771308899e-01
-1.113249957561492920e-01,9.959443807601928711e-01,-1.196187660098075867e-01
-1.601826250553131104e-01,9.876216650009155273e-01,-1.286832988262176514e-01
-2.086899578571319580e-01,9.778434038162231445e-01,-1.379074603319168091e-01
-2.568572759628295898e-01,9.665698409080505371e-01,-1.472544074058532715e-01
-3.046850562095642090e-01,9.537540078163146973e-01,-1.566905677318572998e-01
-3.521628081798553467e-01,9.393434524536132812e-01,-1.661840379238128662e-01
-3.992690145969390869e-01,9.232828617095947266e-01,-1.757041513919830322e-01
-4.459725022315979004e-01,9.055187106132507324e-01,-1.852191984653472900e-01
-4.922322928905487061e-01,8.859995603561401367e-01,-1.946954727172851562e-01
-5.380010008811950684e-01,8.646789193153381348e-01,-2.040949612855911255e-01
-5.832249522209167480e-01,8.415177464485168457e-01,-2.133744359016418457e-01
-6.278496980667114258e-01,8.164857625961303711e-01,-2.224829196929931641e-01
-6.718179583549499512e-01,7.895591259002685547e-01,-2.313616424798965454e-01
-7.150738239288330078e-01,7.607217431068420410e-01,-2.399418354034423828e-01
-7.575621008872985840e-01,7.299612164497375488e-01,-2.481458187103271484e-01
-7.992264032363891602e-01,6.972678303718566895e-01,-2.558858990669250488e-01
-8.400071263313293457e-01,6.626294255256652832e-01,-2.630662620067596436e-01
-8.798371553421020508e-01,6.260325312614440918e-01,-2.695831358432769775e-01
-9.186368584632873535e-01,5.874571800231933594e-01,-2.753281891345977783e-01
-9.563089013099670410e-01,5.468806028366088867e-01,-2.801891267299652100e-01
-9.927316308021545410e-01,5.042763948440551758e-01,-2.840535044670104980e-01
-1.027755498886108398e+00,4.596185386180877686e-01,-2.868114709854125977e-01
-1.061197400093078613e+00,4.128870964050292969e-01,-2.883591651916503906e-01
-1.092840552330017090e+00,3.640734553337097168e-01,-2.886024713516235352e-01
-1.122433185577392578e+00,3.131892979145050049e-01,-2.874608933925628662e-01
-1.149691104888916016e+00,2.602731287479400635e-01,-2.848716676235198975e-01
-1.174303889274597168e+00,2.053977549076080322e-01,-2.807938158512115479e-01
-1.195940017700195312e+00,1.486785411834716797e-01,-2.752118706703186035e-01
-1.214260458946228027e+00,9.027701616287231445e-02,-2.681393325328826904e-01
-1.228924870491027832e+00,3.040615655481815338e-02,-2.596215009689331055e-01
-1.239609718322753906e+00,-3.067044354975223541e-02,-2.497363686561584473e-01
-1.246018052101135254e+00,-9.263832867145538330e-02,-2.385958433151245117e-01
-1.247894287109375000e+00,-1.551373749971389771e-01,-2.263437062501907349e-01
-1.245037794113159180e+00,-2.177700847387313843e-01,-2.131536602973937988e-01
-1.237310290336608887e+00,-2.801087200641632080e-01,-1.992250382900238037e-01
-1.224646925926208496e+00,-3.417099416255950928e-01,-1.847771108150482178e-01
-1.207058906555175781e+00,-4.021245837211608887e-01,-1.700432896614074707e-01
-1.184637069702148438e+00,-4.609144628047943115e-01,-1.552636623382568359e-01
-1.157547950744628906e+00,-5.176627635955810547e-01,-1.406779885292053223e-01
-1.126029849052429199e+00,-5.719876289367675781e-01,-1.265186667442321777e-01
-1.090383291244506836e+00,-6.235534548759460449e-01,-1.130036339163780212e-01
-1.050961732864379883e+00,-6.720772385597229004e-01,-1.003314331173896790e-01
-1.008158564567565918e+00,-7.173371911048889160e-01,-8.867563307285308838e-02
-9.623934030532836914e-01,-7.591726183891296387e-01,-7.818202674388885498e-02
-9.141007065773010254e-01,-7.974872589111328125e-01,-6.896591186523437500e-02
-8.637151122093200684e-01,-8.322469592094421387e-01,-6.111112982034683228e-02
-8.116601109504699707e-01,-8.634737133979797363e-01,-5.467033758759498596e-02
-7.583385705947875977e-01,-8.912429809570312500e-01,-4.966597631573677063e-02
-7.041213512420654297e-01,-9.156734347343444824e-01,-4.609251022338867188e-02
-6.493442058563232422e-01,-9.369190335273742676e-01,-4.391925409436225891e-02
-5.942991971969604492e-01,-9.551616311073303223e-01,-4.309383034706115723e-02
-5.392332077026367188e-01,-9.705997705459594727e-01,-4.354611039161682129e-02
-4.843482077121734619e-01,-9.834386110305786133e-01,-4.519230872392654419e-02
-4.297997057437896729e-01,-9.938828945159912109e-01,-4.793917015194892883e-02
-3.757012486457824707e-01,-1.002128243446350098e+00,-5.168790742754936218e-02
-3.221275508403778076e-01,-1.008354663848876953e+00,-5.633784458041191101e-02
-2.691214978694915771e-01,-1.012721180915832520e+00,-6.178946048021316528e-02
-2.166977673768997192e-01,-1.015364646911621094e+00,-6.794700026512145996e-02
-1.648492664098739624e-01,-1.016395449638366699e+00,-7.472030073404312134e-02
-1.135554984211921692e-01,-1.015899658203125000e+00,-8.202585577964782715e-02
-6.278450042009353638e-02,-1.013938784599304199e+00,-8.978752046823501587e-02
-1.249983254820108414e-02,-1.010553121566772461e+00,-9.793677926063537598e-02
3.733652830123901367e-02,-1.005762457847595215e+00,-1.064122393727302551e-01
8.675894886255264282e-02,-9.995694756507873535e-01,-1.151589676737785339e-01
1.357985138893127441e-01,-9.919626116752624512e-01,-1.241286024451255798e-01
1.844793707132339478e-01,-9.829165339469909668e-01,-1.332778632640838623e-01
2.328159213066101074e-01,-9.723966121673583984e-01,-1.425677835941314697e-01
2.808138728141784668e-01,-9.603578448295593262e-01,-1.519633233547210693e-01
3.284685611724853516e-01,-9.467514753341674805e-01,-1.614319831132888794e-01
3.757642507553100586e-01,-9.315227270126342773e-01,-1.709426939487457275e-01
4.226735830307006836e-01,-9.146173596382141113e-01,-1.804643869400024414e-01
4.691605567932128906e-01,-8.959816098213195801e-01,-1.899644136428833008e-01
5.151813626289367676e-01,-8.755668401718139648e-01,-1.994073539972305298e-01
5.606844425201416016e-01,-8.533303141593933105e-01,-2.087527513504028320e-01
6.056157946586608887e-01,-8.292372822761535645e-01,-2.179534882307052612e-01
6.499194502830505371e-01,-8.032602071762084961e-01,-2.269551903009414673e-01
6.935384869575500488e-01,-7.753801345825195312e-01,-2.356936633586883545e-01
7.364172339439392090e-01,-7.455824017524719238e-01,-2.440961450338363647e-01
7.785007953643798828e-01,-7.138569355010986328e-01,-2.520795464515686035e-01
8.197314143180847168e-01,-6.801923513412475586e-01,-2.595523595809936523e-01
8.600454926490783691e-01,-6.445766687393188477e-01,-2.664142847061157227e-01
8.993712663650512695e-01,-6.069934368133544922e-01,-2.725591361522674561e-01
9.376209378242492676e-01,-5.674205422401428223e-01,-2.778762578964233398e-01
9.746851325035095215e-01,-5.258336067199707031e-01,-2.822528481483459473e-01
1.010429263114929199e+00,-4.822057485580444336e-01,-2.855774760246276855e-01
1.044686913490295410e+00,-4.365130662918090820e-01,-2.877427935600280762e-01
1.077258944511413574e+00,-3.887401819229125977e-01,-2.886493206024169922e-01
1.107910156250000000e+00,-3.388885855674743652e-01,-2.882092297077178955e-01
1.136372566223144531e+00,-2.869816720485687256e-01,-2.863503992557525635e-01
1.162348628044128418e+00,-2.330739647150039673e-01,-2.830204367637634277e-01
1.185515046119689941e+00,-1.772595494985580444e-01,-2.781906425952911377e-01
1.205536484718322754e+00,-1.196760386228561401e-01,-2.718599140644073486e-01
1.222070455551147461e+00,-6.051016971468925476e-02,-2.640570104122161865e-01
1.234784364700317383e+00,2.158965486387387500e-07,-2.548435926437377930e-01
1.268580675125122070e+00,0.000000000000000000e+00,-1.823981106281280518e-01
1.273385167121887207e+00,6.305078417062759399e-02,-1.727812290191650391e-01
1.273761510848999023e+00,1.264488399028778076e-01,-1.623789221048355103e-01
1.269582509994506836e+00,1.898295730352401733e-01,-1.513382345438003540e-01
1.260773539543151855e+00,2.528104484081268311e-01,-1.398221552371978760e-01
1.247318148612976074e+00,3.149999678134918213e-01,-1.280054301023483276e-01
1.229259610176086426e+00,3.760071694850921631e-01,-1.160698309540748596e-01
1.206702232360839844e+00,4.354513883590698242e-01,-1.041993647813796997e-01
1.179809451103210449e+00,4.929726123809814453e-01,-9.257511049509048462e-02
1.148797869682312012e+00,5.482392311096191406e-01,-8.137069642543792725e-02
1.113932609558105469e+00,6.009564995765686035e-01,-7.074788957834243774e-02
1.075519442558288574e+00,6.508729457855224609e-01,-6.085283309221267700e-02
1.033894300460815430e+00,6.977840662002563477e-01,-5.181323736906051636e-02
9.894155263900756836e-01,7.415354847908020020e-01,-4.373597353696823120e-02
9.424526691436767578e-01,7.820236682891845703e-01,-3.670563548803329468e-02
8.933783769607543945e-01,8.191952705383300781e-01,-3.078391961753368378e-02
8.425588607788085938e-01,8.530449867248535156e-01,-2.600957080721855164e-02
7.903459668159484863e-01,8.836116194725036621e-01,-2.239909768104553223e-02
7.370693087577819824e-01,9.109725356101989746e-01,-1.994789391756057739e-02
6.830326914787292480e-01,9.352399706840515137e-01,-1.863224618136882782e-02
6.285067796707153320e-01,9.565522074699401855e-01,-1.841156557202339172e-02
5.737277269363403320e-01,9.750685095787048340e-01,-1.923089288175106049e-02
5.188944339752197266e-01,9.909607172012329102e-01,-2.102411165833473206e-02
4.641673862934112549e-01,1.004405379295349121e+00,-2.371682971715927124e-02
4.096711575984954834e-01,1.015578866004943848e+00,-2.722940407693386078e-02
3.554947376251220703e-01,1.024649024009704590e+00,-3.148004040122032166e-02
3.016953468322753906e-01,1.031770229339599609e+00,-3.638726845383644104e-02
2.483024597167968750e-01,1.037079095840454102e+00,-4.187207296490669250e-02
1.953228265047073364e-01,1.040692090988159180e+00,-4.785954952239990234e-02
1.427446156740188599e-01,1.042701005935668945e+00,-5.427996814250946045e-02
9.054382145404815674e-02,1.043176531791687012e+00,-6.106934323906898499e-02
3.868773952126502991e-02,1.042165875434875488e+00,-6.816925853490829468e-02
-1.286009512841701508e-02,1.039694070816040039e+00,-7.552678883075714111e-02
-6.413604319095611572e-02,1.035766720771789551e+00,-8.309399336576461792e-02
-1.151732653379440308e-01,1.030372023582458496e+00,-9.082684665918350220e-02
-1.659987568855285645e-01,1.023481607437133789e+00,-9.868512302637100220e-02
-2.166315317153930664e-01,1.015054583549499512e+00,-1.066312566399574280e-01
-2.670797407627105713e-01,1.005037665367126465e+00,-1.146301105618476868e-01
-3.173401951789855957e-01,9.933683276176452637e-01,-1.226479783654212952e-01
-3.673962354660034180e-01,9.799763560295104980e-01,-1.306526213884353638e-01
-4.172175824642181396e-01,9.647877216339111328e-01,-1.386117935180664062e-01
-4.667596518993377686e-01,9.477257132530212402e-01,-1.464929133653640747e-01
-5.159637331962585449e-01,9.287151694297790527e-01,-1.542618870735168457e-01
-5.647584795951843262e-01,9.076838493347167969e-01,-1.618815958499908447e-01
-6.130605340003967285e-01,8.845665454864501953e-01,-1.693109273910522461e-01
-6.607772707939147949e-01,8.593063354492187500e-01,-1.765037178993225098e-01
-7.078075408935546875e-01,8.318561315536499023e-01,-1.834070384502410889e-01
-7.540438175201416016e-01,8.021794557571411133e-01,-1.899609267711639404e-01
-7.993738055229187012e-01,7.702495455741882324e-01,-1.960983276367187500e-01
-8.436796069145202637e-01,7.360500097274780273e-01,-2.017446011304855347e-01
-8.868381381034851074e-01,6.995714902877807617e-01,-2.068192213773727417e-01
-9.287180900573730469e-01,6.608128547668457031e-01,-2.112365365028381348e-01
-9.691793322563171387e-01,6.197784543037414551e-01,-2.149084955453872681e-01
-1.008068442344665527e+00,5.764801502227783203e-01,-2.177466303110122681e-01
-1.045215964317321777e+00,5.309367775917053223e-01,-2.196654379367828369e-01
-1.080435276031494141e+00,4.831772148609161377e-01,-2.205851823091506958e-01
-1.113519191741943359e+00,4.332442879676818848e-01,-2.204355001449584961e-01
-1.144241452217102051e+00,3.811973929405212402e-01,-2.191583067178726196e-01
-1.172357201576232910e+00,3.271194398403167725e-01,-2.167114019393920898e-01
-1.197606563568115234e+00,2.711204588413238525e-01,-2.130710333585739136e-01
-1.219720959663391113e+00,2.133416682481765747e-01,-2.082344293594360352e-01
-1.238427996635437012e+00,1.539606004953384399e-01,-2.022218257188796997e-01
-1.253461837768554688e+00,9.319153428077697754e-02,-1.950776576995849609e-01
-1.264570236206054688e+00,3.128809854388237000e-02,-1.868713200092315674e-01
-1.271526575088500977e+00,-3.146012872457504272e-02,-1.776963025331497192e-01
-1.274136066436767578e+00,-9.472883492708206177e-02,-1.676694452762603760e-01
-1.272247433662414551e+00,-1.581649333238601685e-01,-1.569285094738006592e-01
-1.265759706497192383e+00,-2.213945686817169189e-01,-1.456288993358612061e-01
-1.254625558853149414e+00,-2.840286493301391602e-01,-1.339401155710220337e-01
-1.238858938217163086e+00,-3.456754982471466064e-01,-1.220409795641899109e-01
-1.218534231185913086e+00,-4.059475064277648926e-01,-1.101150363683700562e-01
-1.193785548210144043e+00,-4.644739329814910889e-01,-9.834539145231246948e-02
-1.164802551269531250e+00,-5.209070444107055664e-01,-8.690996468067169189e-02
-1.131828665733337402e+00,-5.749332308769226074e-01,-7.597706466913223267e-02
-1.095149159431457520e+00,-6.262788772583007812e-01,-6.570092588663101196e-02
-1.055086851119995117e+00,-6.747151613235473633e-01,-5.621892586350440979e-02
-1.011988639831542969e+00,-7.200624942779541016e-01,-4.764848947525024414e-02
-9.662209749221801758e-01,-7.621919512748718262e-01,-4.008553922176361084e-02
-9.181561470031738281e-01,-8.010253310203552246e-01,-3.360326215624809265e-02
-8.681643605232238770e-01,-8.365340828895568848e-01,-2.825179696083068848e-02
-8.166055083274841309e-01,-8.687347769737243652e-01,-2.405868098139762878e-02
-7.638211250305175781e-01,-8.976864218711853027e-01,-2.102966234087944031e-02
-7.101282477378845215e-01,-9.234851002693176270e-01,-1.915031671524047852e-02
-6.558153629302978516e-01,-9.462560415267944336e-01,-1.838816888630390167e-02
-6.011358499526977539e-01,-9.661495685577392578e-01,-1.869513839483261108e-02
-5.463066101074218750e-01,-9.833315610885620117e-01,-2.001028321683406830e-02
-4.915088713169097900e-01,-9.979779124259948730e-01,-2.226294204592704773e-02
-4.368841052055358887e-01,-1.010265111923217773e+00,-2.537570334970951080e-02
-3.825390338897705078e-01,-1.020367026329040527e+00,-2.926758676767349243e-02
-3.285453319549560547e-01,-1.028444170951843262e+00,-3.385662660002708435e-02
-2.749470770359039307e-01,-1.034643173217773438e+00,-3.906227275729179382e-02
-2.217613905668258667e-01,-1.039090871810913086e+00,-4.480744153261184692e-02
-1.689845174551010132e-01,-1.041891694068908691e+00,-5.101983249187469482e-02
-1.165989637374877930e-01,-1.043127417564392090e+00,-5.763231217861175537e-02
-6.457502394914627075e-02,-1.042854905128479004e+00,-6.458386778831481934e-02
-1.287781633436679840e-02,-1.041111350059509277e+00,-7.181891798973083496e-02
3.853004425764083862e-02,-1.037913084030151367e+00,-7.928703725337982178e-02
8.968265354633331299e-02,-1.033254146575927734e+00,-8.694231510162353516e-02
1.406110376119613647e-01,-1.027116537094116211e+00,-9.474271535873413086e-02
1.913387179374694824e-01,-1.019463539123535156e+00,-1.026495397090911865e-01
2.418787032365798950e-01,-1.010248899459838867e+00,-1.106262654066085815e-01
2.922341823577880859e-01,-9.994142055511474609e-01,-1.186386793851852417e-01
3.423950970172882080e-01,-9.868922233581542969e-01,-1.266539394855499268e-01
3.923388421535491943e-01,-9.726112484931945801e-01,-1.346399486064910889e-01
4.420267939567565918e-01,-9.564955234527587891e-01,-1.425642669200897217e-01
4.914079308509826660e-01,-9.384686946868896484e-01,-1.503936648368835449e-01
5.404173731803894043e-01,-9.184561967849731445e-01,-1.580928117036819458e-01
5.889767408370971680e-01,-8.963896036148071289e-01,-1.656228601932525635e-01
6.369981765747070312e-01,-8.722075223922729492e-01,-1.729400455951690674e-01
6.843850016593933105e-01,-8.458575010299682617e-01,-1.799951493740081787e-01
7.310319542884826660e-01,-8.172979950904846191e-01,-1.867316663265228271e-01
7.768292427062988281e-01,-7.864974141120910645e-01,-1.930862367153167725e-01
8.216622471809387207e-01,-7.534344792366027832e-01,-1.989876776933670044e-01
8.654105067253112793e-01,-7.180957198143005371e-01,-2.043586671352386475e-01
9.079464673995971680e-01,-6.804769635200500488e-01,-2.091155201196670532e-01
9.491354227066040039e-01,-6.405796408653259277e-01,-2.131712138652801514e-01
9.888306260108947754e-01,-5.984111428260803223e-01,-2.164372503757476807e-01
1.026871204376220703e+00,-5.539875030517578125e-01,-2.188260853290557861e-01
1.063079237937927246e+00,-5.073318481445312500e-01,-2.202548682689666748e-01
1.097257971763610840e+00,-4.584794044494628906e-01,-2.206479907035827637e-01
1.129190444946289062e+00,-4.074802100658416748e-01,-2.199408560991287231e-01
1.158641099929809570e+00,-3.544062077999114990e-01,-2.180830091238021851e-01
1.185356855392456055e+00,-2.993522286415100098e-01,-2.150411009788513184e-01
1.209072828292846680e+00,-2.424430847167968750e-01,-2.108014971017837524e-01
1.229517102241516113e+00,-1.838387995958328247e-01,-2.053728997707366943e-01
1.246420145034790039e+00,-1.237346455454826355e-01,-1.987874358892440796e-01
1.259521365165710449e+00,-6.236453354358673096e-02,-1.911020278930664062e-01
1.268580675125122070e+00,2.218056920355593320e-07,-1.823981106281280518e-01
1.292029500007629395e+00,0.000000000000000000e+00,-9.526918083429336548e-02
1.293236255645751953e+00,6.403369456529617310e-02,-8.640016615390777588e-02
1.290008187294006348e+00,1.280616819858551025e-01,-7.718585431575775146e-02
1.282316684722900391e+00,1.917336136102676392e-01,-6.775806844234466553e-02
1.270178914070129395e+00,2.546963989734649658e-01,-5.825322121381759644e-02
1.253660559654235840e+00,3.166016638278961182e-01,-4.880888760089874268e-02
1.232872247695922852e+00,3.771122097969055176e-01,-3.956025093793869019e-02
1.207970857620239258e+00,4.359091818332672119e-01,-3.063702397048473358e-02
1.179152011871337891e+00,4.926978647708892822e-01,-2.216050401329994202e-02
1.146647810935974121e+00,5.472131371498107910e-01,-1.424123160541057587e-02
1.110719680786132812e+00,5.992230772972106934e-01,-6.977044045925140381e-03
1.071653008460998535e+00,6.485331058502197266e-01,-4.515796899795532227e-04
1.029750227928161621e+00,6.949872374534606934e-01,5.266424268484115601e-03
9.853243827819824219e-01,7.384693026542663574e-01,1.012385264039039612e-02
9.386919736862182617e-01,7.789031267166137695e-01,1.408317312598228455e-02
8.901665210723876953e-01,8.162502050399780273e-01,1.712216809391975403e-02
8.400557637214660645e-01,8.505107760429382324e-01,1.923363655805587769e-02
7.886509895324707031e-01,8.817166090011596680e-01,2.042439952492713928e-02
7.362267971038818359e-01,9.099312424659729004e-01,2.071464434266090393e-02
6.830364465713500977e-01,9.352451562881469727e-01,2.013630792498588562e-02
6.293072104454040527e-01,9.577704668045043945e-01,1.873200014233589172e-02
5.752384662628173828e-01,9.776360392570495605e-01,1.655310764908790588e-02
5.210005044937133789e-01,9.949827790260314941e-01,1.365779340267181396e-02
4.667335450649261475e-01,1.009958267211914062e+00,1.010918244719505310e-02
4.125482738018035889e-01,1.022711157798767090e+00,5.973123013973236084e-03
3.585257232189178467e-01,1.033385157585144043e+00,1.316066831350326538e-03
3.047206103801727295e-01,1.042116403579711914e+00,-3.796752542257308960e-03
2.511629462242126465e-01,1.049026489257812500e+00,-9.302785620093345642e-03
1.978620886802673340e-01,1.054221391677856445e+00,-1.514340564608573914e-02
1.448101252317428589e-01,1.057788848876953125e+00,-2.126450836658477783e-02
9.198623895645141602e-02,1.059795022010803223e+00,-2.761662565171718597e-02
3.936039656400680542e-02,1.060285925865173340e+00,-3.415463492274284363e-02
-1.310241594910621643e-02,1.059284806251525879e+00,-4.083711653947830200e-02
-6.543824076652526855e-02,1.056796550750732422e+00,-4.762542247772216797e-02
-1.176808848977088928e-01,1.052805900573730469e+00,-5.448270961642265320e-02
-1.698584556579589844e-01,1.047278881072998047e+00,-6.137302517890930176e-02
-2.219910025596618652e-01,1.040167093276977539e+00,-6.826044619083404541e-02
-2.740870118141174316e-01,1.031406521797180176e+00,-7.510857284069061279e-02
-3.261425495147705078e-01,1.020922303199768066e+00,-8.188008517026901245e-02
-3.781382739543914795e-01,1.008629202842712402e+00,-8.853662014007568359e-02
-4.300385713577270508e-01,9.944353699684143066e-01,-9.503877162933349609e-02
-4.817900955677032471e-01,9.782440662384033203e-01,-1.013458818197250366e-01
-5.333211421966552734e-01,9.599579572677612305e-01,-1.074164584279060364e-01
-5.845425724983215332e-01,9.394809007644653320e-01,-1.132073998451232910e-01
-6.353467702865600586e-01,9.167227149009704590e-01,-1.186742559075355530e-01
-6.856104731559753418e-01,8.916005492210388184e-01,-1.237707287073135376e-01
-7.351943254470825195e-01,8.640426993370056152e-01,-1.284483075141906738e-01
-7.839457392692565918e-01,8.339902162551879883e-01,-1.326562166213989258e-01
-8.317000269889831543e-01,8.013980388641357422e-01,-1.363412737846374512e-01
-8.782815337181091309e-01,7.662377357482910156e-01,-1.394484043121337891e-01
-9.235052466392517090e-01,7.284958958625793457e-01,-1.419212371110916138e-01
-9.671760797500610352e-01,6.881769895553588867e-01,-1.437031626701354980e-01
-1.009091377258300781e+00,6.453017592430114746e-01,-1.447394341230392456e-01
-1.049039006233215332e+00,5.999098420143127441e-01,-1.449787169694900513e-01
-1.086798191070556641e+00,5.520592331886291504e-01,-1.443758606910705566e-01
-1.122141480445861816e+00,5.018284916877746582e-01,-1.428940594196319580e-01
-1.154832959175109863e+00,4.493184685707092285e-01,-1.405076533555984497e-01
-1.184633851051330566e+00,3.946538567543029785e-01,-1.372043639421463013e-01
-1.211303591728210449e+00,3.379865586757659912e-01,-1.329873204231262207e-01
-1.234604358673095703e+00,2.794962227344512939e-01,-1.278768181800842285e-01
-1.254306912422180176e+00,2.193910926580429077e-01,-1.219109669327735901e-01
-1.270195722579956055e+00,1.579099595546722412e-01,-1.151463240385055542e-01
-1.282077670097351074e+00,9.531904757022857666e-02,-1.076572835445404053e-01
-1.289784431457519531e+00,3.191195055842399597e-02,-9.953510016202926636e-02
-1.293183565139770508e+00,-3.199597075581550598e-02,-9.088580310344696045e-02
-1.292179465293884277e+00,-9.607031941413879395e-02,-8.182805031538009644e-02
-1.286720275878906250e+00,-1.599641889333724976e-01,-7.249019294977188110e-02
-1.276800632476806641e+00,-2.233257293701171875e-01,-6.300663948059082031e-02
-1.262461304664611816e+00,-2.858025431632995605e-01,-5.351494997739791870e-02
-1.243791222572326660e+00,-3.470517098903656006e-01,-4.415181279182434082e-02
-1.220924615859985352e+00,-4.067438840866088867e-01,-3.505016490817070007e-02
-1.194037437438964844e+00,-4.645719528198242188e-01,-2.633574232459068298e-02
-1.163344740867614746e+00,-5.202550888061523438e-01,-1.812476851046085358e-02
-1.129094243049621582e+00,-5.735442638397216797e-01,-1.052168011665344238e-02
-1.091560125350952148e+00,-6.242264509201049805e-01,-3.617301583290100098e-03
-1.051037073135375977e+00,-6.721253991127014160e-01,2.512037754058837891e-03
-1.007833003997802734e+00,-7.171056270599365234e-01,7.805444300174713135e-03
-9.622642397880554199e-01,-7.590707540512084961e-01,1.221753284335136414e-02
-9.146465063095092773e-01,-7.979634404182434082e-01,1.571847498416900635e-02
-8.652907609939575195e-01,-8.337652087211608887e-01,1.829371973872184753e-02
-8.144973516464233398e-01,-8.664920926094055176e-01,1.994314044713973999e-02
-7.625501155853271484e-01,-8.961926102638244629e-01,2.068035677075386047e-02
-7.097125053405761719e-01,-9.229444265365600586e-01,2.053159475326538086e-02
-6.562261581420898438e-01,-9.468488097190856934e-01,1.953439041972160339e-02
-6.023038625717163086e-01,-9.680268764495849609e-01,1.773586124181747437e-02
-5.481308698654174805e-01,-9.866152405738830566e-01,1.519110798835754395e-02
-4.938630461692810059e-01,-1.002757906913757324e+00,1.196104288101196289e-02
-4.396249651908874512e-01,-1.016603112220764160e+00,8.110441267490386963e-03
-3.855128586292266846e-01,-1.028299331665039062e+00,3.705605864524841309e-03
-3.315936028957366943e-01,-1.037986159324645996e+00,-1.187393441796302795e-03
-2.779096961021423340e-01,-1.045791745185852051e+00,-6.504383869469165802e-03
-2.244805991649627686e-01,-1.051832079887390137e+00,-1.218475028872489929e-02
-1.713058054447174072e-01,-1.056203961372375488e+00,-1.817212440073490143e-02
-1.183713749051094055e-01,-1.058983802795410156e+00,-2.441461011767387390e-02
-6.565079092979431152e-02,-1.060228109359741211e+00,-3.086503967642784119e-02
-1.311109866946935654e-02,-1.059971094131469727e+00,-3.748024627566337585e-02
3.928415104746818542e-02,-1.058227062225341797e+00,-4.422039538621902466e-02
9.156929701566696167e-02,-1.054990649223327637e+00,-5.104769393801689148e-02
1.437762528657913208e-01,-1.050237298011779785e+00,-5.792596936225891113e-02
1.959296911954879761e-01,-1.043924450874328613e+00,-6.481938064098358154e-02
2.480434924364089966e-01,-1.035997271537780762e+00,-7.169175148010253906e-02
3.001206219196319580e-01,-1.026385068893432617e+00,-7.850620895624160767e-02
3.521495163440704346e-01,-1.015007615089416504e+00,-8.522513508796691895e-02
4.041034877300262451e-01,-1.001775860786437988e+00,-9.180951118469238281e-02
4.559369683265686035e-01,-9.865955114364624023e-01,-9.821926802396774292e-02
5.075879693031311035e-01,-9.693686366081237793e-01,-1.044134050607681274e-01
5.589768886566162109e-01,-9.499986767768859863e-01,-1.103496327996253967e-01
6.100043058395385742e-01,-9.283924102783203125e-01,-1.159841939806938171e-01
6.605545282363891602e-01,-9.044619798660278320e-01,-1.212717592716217041e-01
7.104968428611755371e-01,-8.781300783157348633e-01,-1.261650025844573975e-01
7.596842646598815918e-01,-8.493314981460571289e-01,-1.306142210960388184e-01
8.079582452774047852e-01,-8.180137872695922852e-01,-1.345675140619277954e-01
8.551487922668457031e-01,-7.841404080390930176e-01,-1.379705965518951416e-01
9.010752439498901367e-01,-7.476894259452819824e-01,-1.407676786184310913e-01
9.455473423004150391e-01,-7.086576223373413086e-01,-1.429020166397094727e-01
9.883660674095153809e-01,-6.670567989349365234e-01,-1.443178504705429077e-01
1.029325008392333984e+00,-6.229171156883239746e-01,-1.449617147445678711e-01
1.068206191062927246e+00,-5.762873291969299316e-01,-1.447851210832595825e-01
1.104786515235900879e+00,-5.272357463836669922e-01,-1.437466889619827271e-01
1.138833284378051758e+00,-4.758512675762176514e-01,-1.418150365352630615e-01
1.170109868049621582e+00,-4.222464263439178467e-01,-1.389708220958709717e-01
1.198375105857849121e+00,-3.665600717067718506e-01,-1.352091580629348755e-01
1.223389625549316406e+00,-3.089570999145507812e-01,-1.305418461561203003e-01
1.244919180870056152e+00,-2.496310025453567505e-01,-1.249976754188537598e-01
1.262740731239318848e+00,-1.888064295053482056e-01,-1.186242401599884033e-01
1.276648879051208496e+00,-1.267355084419250488e-01,-1.114870607852935791e-01
1.286462306976318359e+00,-6.369849294424057007e-02,-1.036690473556518555e-01
1.292029500007629395e+00,2.259056088860234013e-07,-9.526917338371276855e-02
1.300427317619323730e+00,0.000000000000000000e+00,6.504024696596388821e-08
1.298225760459899902e+00,6.428074091672897339e-02,8.438603021204471588e-03
1.291642785072326660e+00,1.282239556312561035e-01,1.675856672227382660e-02
1.280740380287170410e+00,1.914979219436645508e-01,2.484449930489063263e-02
1.265621185302734375e+00,2.537825107574462891e-01,3.258709609508514404e-02
1.246423959732055664e+00,3.147741556167602539e-01,3.988576307892799377e-02
1.223320007324218750e+00,3.741903305053710938e-01,4.665090888738632202e-02
1.196508765220642090e+00,4.317729771137237549e-01,5.280528590083122253e-02
1.166212081909179688e+00,4.872910678386688232e-01,5.828532576560974121e-02
1.132670879364013672e+00,5.405429601669311523e-01,6.304120272397994995e-02
1.096138358116149902e+00,5.913565754890441895e-01,6.703680753707885742e-02
1.056876540184020996e+00,6.395907998085021973e-01,7.024918496608734131e-02
1.015151977539062500e+00,6.851347088813781738e-01,7.266727834939956665e-02
9.712319374084472656e-01,7.279074788093566895e-01,7.429096102714538574e-02
9.253808856010437012e-01,7.678579092025756836e-01,7.512980699539184570e-02
8.778556585311889648e-01,8.049615621566772461e-01,7.520149648189544678e-02
8.289061188697814941e-01,8.392223715782165527e-01,7.453122735023498535e-02
7.787685990333557129e-01,8.706680536270141602e-01,7.315012812614440918e-02
7.276650071144104004e-01,8.993494510650634766e-01,7.109501212835311890e-02
6.758009195327758789e-01,9.253379702568054199e-01,6.840719282627105713e-02
6.233618855476379395e-01,9.487219452857971191e-01,6.513196229934692383e-02
5.705121755599975586e-01,9.696035981178283691e-01,6.131803989410400391e-02
5.173946619033813477e-01,9.880965352058410645e-01,5.701656639575958252e-02
4.641275405883789062e-01,1.004319190979003906e+00,5.228020995855331421e-02
4.108063876628875732e-01,1.018393039703369141e+00,4.716248065233230591e-02
3.575034141540527344e-01,1.030438661575317383e+00,4.171624034643173218e-02
3.042685687541961670e-01,1.040570497512817383e+00,3.599306568503379822e-02
2.511312961578369141e-01,1.048894286155700684e+00,3.004228323698043823e-02
1.981029063463211060e-01,1.055504441261291504e+00,2.391014248132705688e-02
1.451784968376159668e-01,1.060479760169982910e+00,1.763976365327835083e-02
9.234113991260528564e-02,1.063883900642395020e+00,1.127108000218868256e-02
3.956361860036849976e-02,1.065760254859924316e+00,4.841265268623828888e-03
-1.318713184446096420e-02,1.066133856773376465e+00,-1.614436972886323929e-03
-6.594686955213546753e-02,1.065010666847229004e+00,-8.061514236032962799e-03
-1.187505125999450684e-01,1.062375068664550781e+00,-1.446529291570186615e-02
-1.716285198926925659e-01,1.058192372322082520e+00,-2.078964747488498688e-02
-2.246036231517791748e-01,1.052408933639526367e+00,-2.699607238173484802e-02
-2.776867151260375977e-01,1.044952392578125000e+00,-3.304310142993927002e-02
-3.308753073215484619e-01,1.035737156867980957e+00,-3.888606652617454529e-02
-3.841491937637329102e-01,1.024662494659423828e+00,-4.447707906365394592e-02
-4.374687373638153076e-01,1.011617183685302734e+00,-4.976564273238182068e-02
-4.907732903957366943e-01,9.964838624000549316e-01,-5.469935387372970581e-02
-5.439789295196533203e-01,9.791415333747863770e-01,-5.922489613294601440e-02
-5.969792008399963379e-01,9.594691395759582520e-01,-6.328916549682617188e-02
-6.496425271034240723e-01,9.373496174812316895e-01,-6.683993339538574219e-02
-7.018161416053771973e-01,9.126752614974975586e-01,-6.982736289501190186e-02
-7.533246874809265137e-01,8.853505253791809082e-01,-7.220427691936492920e-02
-8.039715886116027832e-01,8.552944064140319824e-01,-7.392726838588714600e-02
-8.535441756248474121e-01,8.224462866783142090e-01,-7.495720684528350830e-02
-9.018114805221557617e-01,7.867659330368041992e-01,-7.526004314422607422e-02
-9.485315084457397461e-01,7.482375502586364746e-01,-7.480745017528533936e-02
-9.934497475624084473e-01,7.068715095520019531e-01,-7.357794046401977539e-02
-1.036305427551269531e+00,6.627048254013061523e-01,-7.155767083168029785e-02
-1.076831936836242676e+00,6.158035993576049805e-01,-6.874176859855651855e-02
-1.114762067794799805e+00,5.662640333175659180e-01,-6.513567268848419189e-02
-1.149831652641296387e+00,5.142117142677307129e-01,-6.075619906187057495e-02
-1.181781530380249023e+00,4.598035514354705811e-01,-5.563291907310485840e-02
-1.210364580154418945e+00,4.032259285449981689e-01,-4.980859160423278809e-02
-1.235348582267761230e+00,3.446957468986511230e-01,-4.334003478288650513e-02
-1.256522536277770996e+00,2.844581604003906250e-01,-3.629769384860992432e-02
-1.273700237274169922e+00,2.227831929922103882e-01,-2.876510471105575562e-02
-1.286725640296936035e+00,1.599649488925933838e-01,-2.083766832947731018e-02
-1.295478940010070801e+00,9.631539136171340942e-02,-1.262057106941938400e-02
-1.299876570701599121e+00,3.216164931654930115e-02,-4.226649645715951920e-03
-1.299876451492309570e+00,-3.216156363487243652e-02,4.226786084473133087e-03
-1.295478940010070801e+00,-9.631562232971191406e-02,1.262074057012796402e-02
-1.286725759506225586e+00,-1.599648743867874146e-01,2.083776891231536865e-02
-1.273700118064880371e+00,-2.227834165096282959e-01,2.876524627208709717e-02
-1.256522536277770996e+00,-2.844581007957458496e-01,3.629779443144798279e-02
-1.235348463058471680e+00,-3.446959853172302246e-01,4.334018006920814514e-02
-1.210364460945129395e+00,-4.032258093357086182e-01,4.980872571468353271e-02
-1.181781291961669922e+00,-4.598033726215362549e-01,5.563304573297500610e-02
-1.149831533432006836e+00,-5.142118930816650391e-01,6.075633317232131958e-02
-1.114762067794799805e+00,-5.662639737129211426e-01,6.513575464487075806e-02
-1.076831817626953125e+00,-6.158038377761840820e-01,6.874188780784606934e-02
-1.036305546760559082e+00,-6.627047657966613770e-01,7.155776023864746094e-02
-9.934496879577636719e-01,-7.068713903427124023e-01,7.357802987098693848e-02
-9.485313892364501953e-01,-7.482377290725708008e-01,7.480755448341369629e-02
-9.018115401268005371e-01,-7.867658734321594238e-01,7.526014745235443115e-02
-8.535439372062683105e-01,-8.224463462829589844e-01,7.495728135108947754e-02
-8.039716482162475586e-01,-8.552944064140319824e-01,7.392732799053192139e-02
-7.533247470855712891e-01,-8.853504657745361328e-01,7.220432907342910767e-02
-7.018159627914428711e-01,-9.126753807067871094e-01,6.982740014791488647e-02
-6.496425271034240723e-01,-9.373494386672973633e-01,6.683997809886932373e-02
-5.969792008399963379e-01,-9.594690203666687012e-01,6.328922510147094727e-02
-5.439787507057189941e-01,-9.791416525840759277e-01,5.922495573759078979e-02
-4.907731413841247559e-01,-9.964839816093444824e-01,5.469940602779388428e-02
-4.374688565731048584e-01,-1.011617302894592285e+00,4.976571351289749146e-02
-3.841493427753448486e-01,-1.024662256240844727e+00,4.447715356945991516e-02
-3.308751881122589111e-01,-1.035737276077270508e+00,3.888610377907752991e-02
-2.776866555213928223e-01,-1.044952392578125000e+00,3.304313495755195618e-02
-2.246037125587463379e-01,-1.052408933639526367e+00,2.699613198637962341e-02
-1.716283261775970459e-01,-1.058192491531372070e+00,2.078968845307826996e-02
-1.187504529953002930e-01,-1.062375187873840332e+00,1.446536742150783539e-02
-6.594693660736083984e-02,-1.065010666847229004e+00,8.061600849032402039e-03
-1.318732742220163345e-02,-1.066133856773376465e+00,1.614531967788934708e-03
3.956380486488342285e-02,-1.065760254859924316e+00,-4.841218236833810806e-03
9.234119206666946411e-02,-1.063883781433105469e+00,-1.127103902399539948e-02
1.451784223318099976e-01,-1.060479640960693359e+00,-1.763971708714962006e-02
1.981030851602554321e-01,-1.055504441261291504e+00,-2.391009405255317688e-02
2.511313557624816895e-01,-1.048894286155700684e+00,-3.004221618175506592e-02
3.042685389518737793e-01,-1.040570735931396484e+00,-3.599299117922782898e-02
3.575032055377960205e-01,-1.030438542366027832e+00,-4.171614721417427063e-02
4.108066260814666748e-01,-1.018393039703369141e+00,-4.716243967413902283e-02
4.641276597976684570e-01,-1.004319310188293457e+00,-5.228018015623092651e-02
5.173944830894470215e-01,-9.880965948104858398e-01,-5.701650306582450867e-02
5.705123543739318848e-01,-9.696035385131835938e-01,-6.131799519062042236e-02
6.233620047569274902e-01,-9.487220644950866699e-01,-6.513190269470214844e-02
6.758010387420654297e-01,-9.253381490707397461e-01,-6.840711086988449097e-02
7.276653647422790527e-01,-8.993493318557739258e-01,-7.109498977661132812e-02
7.787687778472900391e-01,-8.706680536270141602e-01,-7.315006852149963379e-02
8.289061188697814941e-01,-8.392223715782165527e-01,-7.453115284442901611e-02
8.778556585311889648e-01,-8.049618005752563477e-01,-7.520142197608947754e-02
9.253809452056884766e-01,-7.678576707839965820e-01,-7.512972503900527954e-02
9.712319374084472656e-01,-7.279074192047119141e-01,-7.429088652133941650e-02
1.015152096748352051e+00,-6.851348876953125000e-01,-7.266719639301300049e-02
1.056876778602600098e+00,-6.395906209945678711e-01,-7.024905830621719360e-02
1.096138358116149902e+00,-5.913564562797546387e-01,-6.703670322895050049e-02
1.132670998573303223e+00,-5.405430197715759277e-01,-6.304106116294860840e-02
1.166212081909179688e+00,-4.872912466526031494e-01,-5.828521773219108582e-02
1.196508884429931641e+00,-4.317727684974670410e-01,-5.280515924096107483e-02
1.223320126533508301e+00,-3.741903007030487061e-01,-4.665077105164527893e-02
1.246423959732055664e+00,-3.147742748260498047e-01,-3.988567739725112915e-02
1.265621185302734375e+00,-2.537821531295776367e-01,-3.258690610527992249e-02
1.280740499496459961e+00,-1.914977729320526123e-01,-2.484432607889175415e-02
1.291642785072326660e+00,-1.282239854335784912e-01,-1.675841212272644043e-02
1.298225760459899902e+00,-6.428095698356628418e-02,-8.438480086624622345e-03
1.300427317619323730e+00,2.273739312386169331e-07,8.808521556602499913e-08
